row_id,src_en,hyp_bn,tier,fluency,acceptable,tags,note
R0001,"A 65-year-old woman with COPD comes to the emergency department with 2-day history of worsening shortness of breath and cough. She often has a mild productive cough, but she noticed that her sputum is more yellow than usual. She has not had any recent fevers, chills, sore throat, or a runny nose. Her only medication is a salmeterol inhaler that she uses twice daily. Her temperature is 36.7°C (98°F), pulse is 104/min, blood pressure is 134/73 mm Hg, respiratory rate is 22/min, and oxygen saturation is 85%. She appears uncomfortable and shows labored breathing. Lung auscultation reveals coarse bibasilar inspiratory crackles. A plain film of the chest shows mild hyperinflation and flattening of the diaphragm but no consolidation. She is started on supplemental oxygen via nasal cannula. Which of the following is the most appropriate initial pharmacotherapy?
A. Roflumilast and prednisone
B. Albuterol and montelukast
C. Prednisone and salmeterol
D. Albuterol and theophylline
E. Prednisone and albuterol
F. Prednisone and tiotropium","৬৫ বছর বয়সী COPD রোগী নারী জরুরি বিভাগে দুই দিনের শ্বাসকষ্ট ও কাশের বৃদ্ধি নিয়ে আসেন। তিনি সাধারণত হালকা উৎপাদনশীল কাশি করেন, তবে এখন তার কফি বেশি হলুদ রঙের হয়েছে। সাম্প্রতিক কোনো জ্বর, কম্পন, গলা ব্যথা বা নাক দিয়ে পানি পড়া নেই। তাঁর একমাত্র ওষুধ হলো স্যালমেটারল ইনহেলার যা তিনি দিনে দুবার ব্যবহার করেন। তাপমাত্রা ৩৬.৭°C (৯৮°F), পালস ১০৪/মিনিট, রক্তচাপ ১৩৪/৭৩ mm Hg, শ্বাসের হার ২২/মিনিট, এবং অক্সিজেন স্যাচুরেশন ৮৫%। তিনি অস্বস্তিকর দেখায় ও শ্রমসাধ্য শ্বাস নিচ্ছেন। ফুসফুসে কুঁচকানো বেসিলার ইনস্পিরেটরি ক্র্যাকল শোনা যায়। চেস্টের প্লেইন রেডিওগ্রাফিতে হালকা হাইপারইনফ্লেশন এবং ডায়াফ্রাম সমতল দেখা যায়, তবে কোনো সংহতি নেই। তাকে নাসিকানাল ক্যানুলা দিয়ে সম্পূরক অক্সিজেন দেওয়া হয়। নিম্নের কোনটি সবচেয়ে উপযুক্ত প্রাথমিক ফার্মাকোথেরাপি?
A. রোফ্লুমিলাস্ট এবং প্রেডনিসোন
B. আলবিউটেরল এবং মন্টেলুকাস্ট
C. প্রেডনিসোন এবং স্যালমেটারল
D. আলবিউটেরল এবং থিওফাইলিন
E. প্রেডনিসোন এবং আলবিউটেরল
F. প্রেডনিসোন এবং টায়োট্রোপিয়াম",,,,,
R0002,"A 28-year-old woman comes to the emergency department for a 1-week history of jaundice and nausea. She recalls eating some seafood last weekend at a cookout. She lives at home with her 2-year-old son who attends a daycare center. The child's immunizations are up-to-date. The woman's temperature is 37.5°C (99.5°F), pulse is 82/min, and blood pressure is 134/84 mm Hg. Examination shows scleral icterus. The liver is palpated 2-cm below the right costal margin and is tender. Her serum studies show:
Total bilirubin 3.4 mg/dL
Alkaline phosphatase 89 U/L
AST 185 U/L
ALT 723 U/L
Hepatitis A IgM antibody positive
Hepatitis B surface antibody positive
Hepatitis B surface antigen negative
Hepatitis B core IgM antibody negative
Hepatitis C antibody negative
Which of the following health maintenance recommendations is most appropriate for the child at this time?""
A. Administer hepatitis B vaccine only
B. Administer hepatitis B immunoglobulin and hepatitis B vaccine
C. Administer hepatitis A immunoglobulin only
D. Isolate the child
E. No additional steps are needed
F. Administer hepatitis A vaccine only
G. Administer hepatitis B immunoglobulin only
H. Administer hepatitis A vaccine and hepatitis A immunoglobulin","একজন ২৮ বছর বয়সী নারী জরুরি বিভাগে এক সপ্তাহের পিলিয়ার এবং বমিভাবের ইতিহাস নিয়ে আসেন। তিনি গত সপ্তাহান্তে একটি কুকআউটে কিছু সি-ফুড খাওয়ার কথা স্মরণ করেন। তিনি তার দুই বছরের ছেলেটির সঙ্গে বাড়িতে থাকেন, যে ডে-কেয়ার কেন্দ্রে যায়। শিশুর টিকাদান আপডেটেড আছে। নারীর তাপমাত্রা ৩৭.৫°C (৯৯.৫°F), পালস ৮২/মিনিট, এবং রক্তচাপ ১৩৪/৮৪ mm Hg। পরীক্ষায় স্ক্লেরাল ইক্টেরাস দেখা যায়। লিভার ডান দিকের কস্টাল মার্জিন থেকে ২ সেমি নিচে স্পর্শযোগ্য ও সংবেদনশীল। তার সিরাম স্টাডিজ দেখায়:
মোট বিলিরুবিন ৩.৪ mg/dL
অ্যালকালাইন ফসফাটেস ৮৯ U/L
AST ১৮৫ U/L
ALT ৭২৩ U/L
হেপাটাইটিস A IgM অ্যান্টিবডি পজিটিভ
হেপাটাইটিস B সারফেস অ্যান্টিবডি পজিটিভ
হেপাটাইটিস B সারফেস অ্যান্টিজেন নেগেটিভ
হেপাটাইটিস B কোর IgM অ্যান্টিবডি নেগেটিভ
হেপাটাইটিস C অ্যান্টিবডি নেগেটিভ
এই সময়ে শিশুর জন্য কোন স্বাস্থ্য রক্ষণাবেক্ষণ সুপারিশটি সবচেয়ে উপযুক্ত?
A. কেবল হেপাটাইটিস B টিকাদান দিন
B. হেপাটাইটিস B ইমিউনোগ্লোবুলিন এবং হেপাটাইটিস B টিকাদান উভয়ই দিন
C. কেবল হেপাটাইটিস A ইমিউনোগ্লোবুলিন দিন
D. শিশুকে আলাদা করুন
E. অতিরিক্ত কোনো পদক্ষেপের প্রয়োজন নেই
F. কেবল হেপাটাইটিস A টিকাদান দিন
G. কেবল হেপাটাইটিস B ইমিউনোগ্লোবুলিন দিন
H. হেপাটাইটিস A টিকাদান এবং হেপাটাইটিস A ইমিউনোগ্লোবুলিন উভয়ই দিন",,,,,
R0003,"A 63-year-old woman is brought to the emergency department 1 hour after the onset of right-sided weakness. She was eating breakfast when suddenly she could not lift her spoon. She cried out to her husband but her speech was slurred. For the past 4 months, she has been more anxious than usual and felt fatigued. She used to exercise regularly but had to give up her exercise routine 3 months ago because of lightheadedness and shortness of breath with exertion. She has a history of hypertension. She is a tax accountant and has had increased stress at work recently. She takes lisinopril daily and alprazolam as needed. Her temperature is 37.2°C (99.0°F), pulse is 138/min, respirations are 14/min, and blood pressure is 146/86 mm Hg. Her lungs are clear to auscultation bilaterally and she has an S1 with variable intensity. On neurologic examination, she has a right facial droop and 2/5 strength in the right shoulder, elbow, wrist, and fingers. Sensation is diminished in the right face and arm. Further evaluation is most likely to show which of the following?
A. Irregularly irregular rhythm without P waves on ECG
B. Yellow cerebrospinal fluid on lumbar puncture
C. Enhancing periventricular lesions on brain MRI
D. Left-sided carotid stenosis on duplex ultrasound
E. Crescent-shaped hyperdense lesion on head CT
F. Ring-enhancing lesion on brain MRI
G. Intraparenchymal hyperdensity on head CT
H. Biconvex hyperdense lesion on head CT
I. Spikes and sharp waves in temporal region on EEG
""","৬৩ বছর বয়সী এক নারীকে জরুরি বিভাগে ডাকা হয় ডান দিকের দুর্বলতা শুরু হওয়ার এক ঘণ্টা পর। তিনি নাস্তা করছিলেন, হঠাৎ করে চামচ তুলতে পারলেন না এবং স্বামীকে ডাকলেও তার কথা গলায় আটকে গেল। গত ৪ মাস ধরে তিনি সাধারণের চেয়ে বেশি উদ্বিগ্ন ও ক্লান্তি অনুভব করছেন। আগে নিয়মিত ব্যায়াম করতেন, তবে তিন মাস আগে হালকা মাথা ঘোরা ও শারীরিক পরিশ্রমে শ্বাসকষ্টের কারণে তা বন্ধ করতে হয়েছিল। তার রক্তচাপের ইতিহাস আছে। তিনি একজন ট্যাক্স অ্যাকাউন্ট্যান্ট এবং সম্প্রতি কাজে বাড়তি চাপের মুখে আছেন। তিনি দৈনিক লিসিনোপ্রিল এবং প্রয়োজনে আল্প্রাজোলাম গ্রহণ করেন। তাপমাত্রা ৩৭.২°C (৯৯.০°F), পালস ১৩৮/মিনিট, শ্বাস ১৪/মিনিট, রক্তচাপ ১৪৬/৮৬ mm Hg। দু'পাশের ফুসফুস পরিষ্কার এবং S1 এর তীব্রতা পরিবর্তনশীল। স্নায়ু পরীক্ষা দেখায় ডান মুখে ঝুলে থাকা ও ডান কাঁধ, কোহনি, কব্জি ও আঙুলে ২/৫ শক্তি। ডান মুখ ও বাহুর সংবেদন কমে আছে। আরও মূল্যায়নে নিম্নলিখিত কোনটি সবচেয়ে সম্ভাব্যভাবে দেখা যাবে?
A. ইসিজিতে পি-ওয়েভ ছাড়া অনিয়মিত-অনিয়মিত রিদম
B. লাম্বার পাংচার থেকে হলুদ সিএসএফ পাওয়া যায়
C. মস্তিষ্কের এমআরআইতে পারিভেন্ট্রিকুলার ক্ষতগুলো এনহ্যান্সিং দেখা যায়
D. ডুপ্লেক্স আল্ট্রাসাউন্ডে বাম দিকের ক্যারোটিড স্টেনোসিস
E. হেড সিটিতে ক্রেসেন্ট-আকৃতির হাইপারডেন্স লেশন
F. মস্তিষ্কের এমআরআইতে রিং-এনহ্যান্সিং লেশন
G. হেড সিটিতে ইনট্রাপ্যারেঞ্চিমাল হাইপারডেনসিটি
H. হেড সিটিতে বিকনভেক্স হাইপারডেন্স লেশন
I. ইইজি তে টেম্পোরাল অঞ্চলে স্পাইক ও শার্প ওয়েভ দেখা যায়",,,,,
R0004,"A 28-year-old research assistant is brought to the emergency department for severe chemical burns 30 minutes after accidentally spilling hydrochloric acid on himself. The burns cover both hands and forearms. His temperature is 37°C (98.6°F), pulse is 112/min, respirations are 20/min, and blood pressure is 108/82 mm Hg. Initial stabilization and resuscitation is begun, including respiratory support, fluid resuscitation, and cardiovascular stabilization. The burned skin is irrigated with saline water to remove the chemical agent. Which of the following is the most appropriate method to verify adequate fluid infusion in this patient?
A. Heart rate
B. The Parkland formula
C. The Holliday-Segar formula
D. Blood pressure
E. Pulmonary capillary wedge pressure
F. Central venous pressure
G. Urinary output
""","একজন ২৮ বছর বয়সী গবেষণা সহকারী দুর্ঘটনাবশত হাইড্রোক্লোরিক অ্যাসিড নিজের ওপর ছিটিয়ে নেওয়ার ৩০ মিনিট পরই তীব্র রাসায়নিক পুড়ে যাওয়ার জন্য জরুরি বিভাগে আনা হয়। পোড়া উভয় হাত ও কনুই পর্যন্ত বিস্তৃত। তার শারীরিক তাপমাত্রা ৩৭°C (৯৮.৬°F), পালস ১১২/মিনিট, শ্বাসপ্রশ্বাস ২০/মিনিট এবং রক্তচাপ ১০৮/৮২ mm Hg। প্রাথমিক স্থিতিশীলতা ও পুনরুজ্জীবন শুরু করা হয়েছে, যার মধ্যে শ্বাসযন্ত্রের সহায়তা, তরল পুনরুজ্জীবন এবং হৃদ্‌যন্ত্রের স্থিতিশীলতা অন্তর্ভুক্ত। পোড়া ত্বককে লবণাক্ত পানিতে ধুয়ে রাসায়নিক এজেন্টটি সরানো হয়। নিম্নলিখিতগুলির মধ্যে কোনটি রোগীর পর্যাপ্ত তরল সঞ্চালন নিশ্চিত করার সর্বোত্তম পদ্ধতি?
A. হৃদস্পন্দনের হার
B. পার্কল্যান্ড সূত্র
C. হলি-ডে-সেগার সূত্র
D. রক্তচাপ
E. ফুসফুসের ক্যাপিলারি উইজ চাপ
F. কেন্দ্রীয় শিরা চাপ
G. মূত্র নিঃসরণ",,,,,
R0005,"A 30-year-old woman comes to the physician because of increased urinary frequency over the past month. She also reports having dry mouth and feeling thirsty all the time despite drinking several liters of water per day. She has not had any weight changes and her appetite is normal. She has a history of obsessive compulsive disorder treated with citalopram. She drinks 1-2 cans of beer per day. Her vital signs are within normal limits. Physical examination shows no abnormalities. Laboratory studies show:
Serum
Na+ 130 mEq/L
Glucose 110 mg/dL
Osmolality 265 mOsmol/kg
Urine
Osmolality 230 mOsmol/kg
The patient is asked to stop drinking water for 3 hours. Following water restriction, urine osmolality is measured every hour, whereas serum osmolality is measured every 2 hours. Repeated laboratory measurements show a serum osmolality of 280 mOsmol/kg and a urine osmolality of 650 mOsmol/kg. Which of the following is the most likely diagnosis?""
A. Cerebral salt wasting
B. Central diabetes insipidus
C. Urinary tract infection
D. Syndrome of inappropriate ADH secretion
E. Diabetes mellitus
F. Beer potomania
G. Primary polydipsia
H. Nephrogenic diabetes insipidus","একজন ৩০ বছর বয়সী নারী গত এক মাসে বাড়তি মূত্রত্যাগের কারণে ডাক্তারের কাছে আসছেন। তিনি অতিরিক্ত মুখ শুকিয়ে যাওয়া এবং দিনে কয়েক লিটার পানি পান করেও সব সময় তৃষ্ণা অনুভব করার কথা জানান। ওজন পরিবর্তন হয়নি এবং ক্ষুধা স্বাভাবিক। তার অশান্তি-আকাঙ্ক্ষা ব্যাধির ইতিহাস আছে, যা সিটালোপ্রাম দিয়ে চিকিৎসা করা হয়েছে। তিনি দিনে ১-২ ক্যান বিয়ার পান করেন। তাঁর গুরুত্বপূর্ণ চিহ্নগুলো স্বাভাবিক সীমার মধ্যে। শারীরিক পরীক্ষায় কোনো অসঙ্গতি দেখা যায় না। ল্যাবরেটরি ফলাফল:
সিরাম
Na+ 130 mEq/L
গ্লুকোজ 110 mg/dL
অসমোলালিটি 265 mOsmol/kg
মূত্র
অসমোলালিটি 230 mOsmol/kg
রোগীকে ৩ ঘণ্টা পানি না পান করতে বলা হয়। জল সীমাবদ্ধতার পরে, প্রতি ঘন্টায় মূত্র অসমোলালিটি এবং প্রতি দুই ঘন্টায় সিরাম অসমোলালিটি পরিমাপ করা হয়। পুনরাবৃত্ত ল্যাব মাপে দেখা যায় সিরামের অসমোলালিটি 280 mOsmol/kg এবং মূত্রের অসমোলালিটি 650 mOsmol/kg। নিম্নলিখিতগুলোর মধ্যে কোনটি সবচেয়ে সম্ভাব্য নির্ণয়?
A. সেরিব্রাল লবণ ক্ষতি
B. কেন্দ্রীয় ডায়াবেটিস ইনসিপিডাস
C. মূত্রনালী সংক্রমণ
D. অনুপযুক্ত এডিএইচ সিক্রিশনের সিন্ড্রোম
E. ডায়াবেটিস মেলিটাস
F. বিয়ার পোটোমিয়া
G. প্রাথমিক অতিরিক্ত তৃষ্ণা
H. নেফ্রোজেনিক ডায়াবেটিস ইনসিপিডাস",,,,,
R0006,"A 50-year-old man comes to the emergency department because of severe lower chest pain for the past hour. The pain radiates to the back and is associated with nausea. He has had two episodes of non-bloody vomiting since the pain started. He has a history of hypertension and type 2 diabetes mellitus. He has smoked one pack of cigarettes daily for 30 years. He drinks five to six beers per day. His medications include enalapril and metformin. His temperature is 38.5°C (101.3°F), pulse is 110/min, and blood pressure is 90/60 mm Hg. The lungs are clear to auscultation. Examination shows a distended abdomen with epigastric tenderness and guarding but no rebound; bowel sounds are decreased. Laboratory studies show:
Hemoglobin 14.5 g/dL
Leukocyte count 5,100/mm3
Platelet count 280,000/mm3
Serum
Na+ 133 mEq/L
K+ 3.5 mEq/L
Cl- 98 mEq/L
Total bilirubin 1.0 mg/dL
Amylase 160 U/L
Lipase 880 U/L (N = 14-280)
An ECG shows sinus tachycardia. Which of the following is the most likely diagnosis?""
A. Acute mesenteric ischemia
B. Boerhaave syndrome
C. Aortic dissection
D. Peptic ulcer disease
E. Pericarditis
F. Myocardial infarction
G. Acute pancreatitis","৫০ বছর বয়সী একজন পুরুষ জরুরি বিভাগে আসেন গত এক ঘন্টা থেকে তীব্র নিম্ন স্তনের ব্যথার জন্য। ব্যথা পিঠের দিকে ছড়িয়ে পড়ছে এবং বমিভাবের সঙ্গে যুক্ত। ব্যথা শুরু হওয়ার পর থেকে তিনি দু'বার রক্তবিহীন বমি করেছেন। তার উচ্চ রক্তচাপ ও টাইপ ২ ডায়াবেটিস মেলিটাসের ইতিহাস আছে। তিনি ৩০ বছর ধরে প্রতিদিন এক প্যাক সিগারেট ধূমপান করেন। দিনে পাঁচ-ছয়টি বিয়ার পান করেন। তার বর্তমান ঔষধে এনালাপ্রিল এবং মেটফরমিন রয়েছে। তাপমাত্রা ৩৮.৫°C, পালস ১১০/মিনিট, রক্তচাপ ৯০/৬০ mmHg। শ্বাসযন্ত্রের শব্দ স্বাভাবিক। পরীক্ষায় পেটে ফোলাভাব, এপিগ্যাস্ট্রিক সংবেদনশীলতা ও গার্ডিং দেখা যায় কিন্তু রিবাউন্ড নেই; অন্ত্রের শব্দ কমে আছে। ল্যাব ফলাফল:
হিমোগ্লোবিন ১৪.৫ g/dL
লিউকোসাইট সংখ্যা ৫১০০/mm3
প্লেটলেট সংখ্যা ২৮০,০০০/mm3
সিরাম
Na+ ১৩৩ mEq/L
K+ ৩.৫ mEq/L
Cl- ৯৮ mEq/L
মোট বিলিরুবিন ১.০ mg/dL
অ্যামাইলেজ ১৬০ U/L
লিপেজ ৮৮০ U/L (N = ১৪-২৮০)
ইসিজি তে সাইনাস ট্যাকিকার্ডিয়া দেখা যায়। নিম্নের কোনটি সবচেয়ে সম্ভাব্য নির্ণয়?
A. তীব্র মেসেন্টেরিক ইস্কেমিয়া
B. বুয়ারহাভ সিনড্রোম
C. অর্টিক ডিসেকশন
D. পেপটিক আলসার রোগ
E. পারিকার্ডাইটিস
F. মায়োকার্ডিয়াল ইনফার্কশন
G. তীব্র অগ্ন্যাশয় প্রদাহ",,,,,
R0007,"A 36-year-old woman with HIV comes to the physician because of a 3-day history of pain and watery discharge in her left eye. She also has blurry vision and noticed that she is more sensitive to light. Her right eye is asymptomatic. She had an episode of shingles 7 years ago. She was diagnosed with HIV 5 years ago. She admits that she takes her medication inconsistently. She wears contact lenses. Current medications include abacavir, lamivudine, efavirenz, and a nutritional supplement. Her temperature is 37°C (98.6°F), pulse is 89/min, and blood pressure is 110/70 mm Hg. Examination shows conjunctival injection of the left eye. Visual acuity is 20/20 in the right eye and 20/80 in the left eye. Extraocular movements are normal. Her CD4+ T-lymphocyte count is 90/mm3. A photograph of the left eye after fluorescein administration is shown. Which of the following is the most likely diagnosis?
A. Neurotrophic keratopathy
B. Pseudomonas keratitis
C. Herpes zoster keratitis
D. Fusarium keratitis
E. Herpes simplex keratitis
F. Acanthamoeba keratitis
""","একজন ৩৬ বছর বয়সী HIV আক্রান্ত নারী ডাক্তারের কাছে আসেন কারণ তার বাম চোখে ৩ দিনের ব্যথা ও জলীয় নিঃসরণ হয়েছে। তিনি ঝাপসা দৃষ্টিও অনুভব করছেন এবং আলোতে বেশি সংবেদনশীলতা লক্ষ্য করেছেন। তার ডান চোখে কোনো উপসর্গ নেই। তিনি ৭ বছর আগে শিংলস (হের্পেস জোস্টার) রোগে আক্রান্ত ছিলেন। ৫ বছর আগে তাকে HIV নির্ণয় করা হয়েছিল। তিনি স্বীকার করেন যে ওষুধগুলো অনিয়মিতভাবে নেন। তিনি কন্টাক্ট লেন্স ব্যবহার করেন। বর্তমান ওষুধগুলোর মধ্যে আছে এবাসাভির, ল্যামিভুডিন, ইফাভারেঞ্জ এবং একটি পুষ্টি সম্পূরক। তার তাপমাত্রা ৩৭°C (৯৮.৬°F), পালস ৮৯/মিনিট, রক্তচাপ ১১০/৭০ mm Hg। পরীক্ষায় বাম চোখের কনজাংটিভাল ইনজেকশন দেখা যায়। ভিজ্যুয়াল একিউটি ডান চোখে ২০/২০ এবং বামে ২০/৮০। অতিরিক্ত চোখের গতি স্বাভাবিক। তার CD4+ টি-লিম্ফোসাইট গণনা ৯০/mm3। ফ্লুরেসিন প্রয়োগের পর বাম চোখের একটি ছবি দেখানো হয়েছে। নিম্নলিখিতগুলোর মধ্যে কোনটি সবচেয়ে সম্ভাব্য নির্ণয়?
A. নিউরোট্রফিক কেরাটোপ্যাথি
B. পসুডোমোনাস কেরাটাইটিস
C. হার্পেস জোস্টার কেরাটাইটিস
D. ফুসারিয়াম কেরাটাইটিস
E. হার্পেস সিমপ্লেক্স কেরাটাইটিস
F. অ্যাক্যান্থামোইবা কেরাটাইটিস",,,,,
R0008,"A 72-year-old man is brought to the physician by his wife for forgetfulness, confusion, and mood changes for the past 4 months. His symptoms started with misplacing items such as his wallet and keys around the house. Two months ago, he became unable to manage their finances as it became too difficult for him. Last week, he became lost while returning home from the grocery store. His wife reports that he shows “no emotion” and that he is seemingly not concerned by his recent symptoms. He has hypertension, type 2 diabetes mellitus, and coronary artery disease. Current medications include aspirin, metoprolol, lisinopril, metformin, and rosuvastatin. His pulse is 56/min and blood pressure is 158/76 mm Hg. Neurologic examination shows loss of sensation on his right leg and an unsteady gait. When asked to stand with his eyes closed and palms facing upward, his right arm rotates inward. An MRI of the brain shows multiple deep white matter lesions. Which of the following is the most likely diagnosis?
A. Vascular dementia
B. Frontotemporal dementia
C. Alzheimer disease
D. Major depressive disorder
E. Lewy body dementia
F. Hypothyroidism
G. Vitamin B12 deficiency","একজন ৭২ বছর বয়সী পুরুষকে তার স্ত্রী ডাক্তারের কাছে নিয়ে এসেছে, যিনি গত ৪ মাস ধরে স্মৃতিভ্রংশ, বিভ্রান্তি এবং মেজাজের পরিবর্তন দেখাচ্ছেন। তাঁর লক্ষণগুলি শুরু হয় বাড়িতে ওয়ালেট ও চাবির মতো জিনিসগুলো ভুলে রাখার মাধ্যমে। দুই মাস আগে তিনি আর্থিক বিষয়গুলো পরিচালনা করতে অক্ষম হয়ে পড়েন কারণ এটি তার জন্য খুব কঠিন হয়ে গিয়েছিল। গত সপ্তাহে, মুদি দোকান থেকে বাড়ি ফেরার পথে তিনি পথ হারিয়ে ফেলেছিলেন। তাঁর স্ত্রী জানান যে তিনি “কোনো অনুভূতি প্রকাশ করছেন না” এবং সাম্প্রতিক লক্ষণগুলো নিয়ে তিনি কোনো উদ্বেগ দেখাচ্ছেন না। তার উচ্চ রক্তচাপ, টাইপ ২ ডায়াবেটিস মেলিটাস ও করোনারি আর্টেরি ডিজিজ রয়েছে। বর্তমান ঔষধগুলোর মধ্যে আছে অ্যাসপিরিন, মেটোপ্রোলল, লিসিনোপ্রিল, মেটফরমিন এবং রোসুভাস্টাটিন। তার পালস ৫৬/মিনিট এবং রক্তচাপ ১৫৮/৭৬ mm Hg। স্নায়ু পরীক্ষা দেখায় ডান পায়ে সংবেদনশীলতার হ্রাস ও অস্থির গতি। যখন তাকে চোখ বন্ধ করে, তালু উপরের দিকে রেখে দাঁড়াতে বলা হয়, তার ডান বাহু ভিতরের দিকে ঘুরে যায়। মস্তিষ্কের MRI তে একাধিক গভীর সাদা পদার্থের ক্ষত দেখা যায়। নিম্নলিখিতগুলোর মধ্যে কোনটি সবচেয়ে সম্ভাব্য নির্ণয়?
A. ভাস্কুলার ডিমেনশিয়া
B. ফ্রন্টোটেম্পোরাল ডিমেনশিয়া
C. অ্যালঝেইমার রোগ
D. মেজর ডিপ্রেসিভ ডিসঅর্ডার
E. লুই বডি ডিমেনশিয়া
F. হাইপোথাইরয়েডিজম
G. ভিটামিন বি১২ ঘাটতি",,,,,
R0009,"A 5-year-old African-American boy is brought to the physician because of fatigue and night sweats for the past month. During this time, he has also lost 3 kg (6.6 lbs). Before the onset of symptoms, he had been healthy except for a febrile seizure as an infant. His brother had chickenpox 2 months ago. He is at the 75th percentile for height and 50th percentile for weight. He appears markedly fatigued. His temperature is 38°C (100.4°F), pulse is 95/min, respirations are 19/min, and blood pressure is 100/60 mm Hg. Lung and cardiac examination is normal. There are enlarged, nontender lymph nodes bilaterally in the neck. The abdomen is soft and nontender. A complete blood count shows:
Leukocyte count 8,000/mm3
Hemoglobin 9.1 g/dL
Hematocrit 26.9%
Platelet count 34,000/mm3
Serum
Na+ 135 mEq/L
K+ 4.5 mEq/L
Cl- 101 mEq/L
HCO3- 27 mEq/L
Urea nitrogen 9 g/dL
Creatinine 0.7 g/dL
Ca2+ 8.8 mg/dL
PCR testing demonstrates a 9:22 chromosomal translocation. Which of the following is the most appropriate pharmacotherapy?""
A. Hydroxyurea
B. All-trans retinoic acid
C. Lenalidomide
D. Transfuse platelets
E. Cladribine
F. Imatinib
G. Transfuse packed red blood cells","একটি ৫ বছর বয়সী আফ্রিকান-আমেরিকান ছেলে ক্লান্তি ও রাতের ঘাম নিয়ে এক মাস ধরে ডাক্তারের কাছে আনা হয়েছে। এই সময়ে সে প্রায় ৩ কেজি (৬.৬ পাউন্ড) ওজন কমিয়েছে। লক্ষণ শুরু হওয়ার আগে, শৈশবে একটি জ্বরজনিত সিজার ছাড়া তার কোনো রোগ ছিল না। তার ভাই দুই মাস আগে চিকেনপক্সে আক্রান্ত হয়েছিল। উচ্চতা ৭৫তম পার্সেন্টাইলে এবং ওজন ৫০তম পার্সেন্টাইলে রয়েছে। সে স্পষ্টভাবে ক্লান্ত দেখাচ্ছে। তাপমাত্রা ৩৮°C (১০০.৪°F), পালস ৯৫/মিনিট, শ্বাসপ্রশ্বাস ১৯/মিনিট, রক্তচাপ ১০০/৬০ mm Hg। ফুসফুস ও হৃদযন্ত্রের পরীক্ষা স্বাভাবিক। গলায় উভয় পাশে বড়, অ-সংবেদনশীল লিম্ফ নোড রয়েছে। পেট নরম এবং অ-সংবেদনশীল। সম্পূর্ণ রক্ত গণনা দেখায়:
লিউকোসাইট সংখ্যা ৮,০০০/mm3
হেমোগ্লোবিন ৯.১ g/dL
হেমাটোক্রিট ২৬.৯%
প্লেটলেট সংখ্যা ৩৪,০০০/mm3
সিরাম
Na+ ১৩৫ mEq/L
K+ ৪.৫ mEq/L
Cl- ১০১ mEq/L
HCO3- ২৭ mEq/L
ইউরিয়া নাইট্রোজেন ৯ g/dL
ক্রিয়াটিনিন ০.৭ g/dL
Ca2+ ৮.৮ mg/dL
PCR পরীক্ষায় ৯:২২ ক্রোমোসোমাল ট্রান্সলোকেশন দেখা গেছে। নিম্নলিখিতগুলির মধ্যে কোনটি সবচেয়ে উপযুক্ত ফার্মাকোথেরাপি?
A. হাইড্রোক্সিউরিয়া
B. অল-ট্রান্স রেটিনয়িক অ্যাসিড
C. লেনালিডোমাইড
D. প্লেটলেট ট্রান্সফিউশন
E. ক্লাড্রিবিন
F. ইমাটিনিব
G. প্যাকড লাল রক্তকণিকা ট্রান্সফিউশন",,,,,
R0010,"A 4670-g (10-lb 5-oz) male newborn is delivered at term to a 26-year-old woman after prolonged labor. Apgar scores are 9 and 9 at 1 and 5 minutes. Examination in the delivery room shows swelling, tenderness, and crepitus over the left clavicle. There is decreased movement of the left upper extremity. Movement of the hands and wrists are normal. A grasping reflex is normal in both hands. An asymmetric Moro reflex is present. The remainder of the examination shows no abnormalities and an anteroposterior x-ray confirms the diagnosis. Which of the following is the most appropriate next step in management?
A. Nerve conduction study
B. Surgical fixation
C. Physical therapy
D. Pin sleeve to the shirt
E. Splinting of the arm
F. MRI of the clavicle","একটি ৪৬৭০ গ্রাম (১০ পাউন্ড ৫ আউন্স) ওজনের পুরুষ নবজাতককে দীর্ঘ সময়ের প্রসবের পর ২৬ বছর বয়সী এক মহিলার গর্ভধারণে পূর্ণমেয়াদে জন্ম দেওয়া হয়। অ্যাপগার স্কোর ১ এবং ৫ মিনিটে উভয়ই ৯। ডেলিভারি রুমে পরীক্ষায় বাম ক্ল্যাভিকল এলাকায় ফোলাভাব, সংবেদনশীলতা ও ক্রেপিটাস দেখা যায়। বাম উপরের অঙ্গের গতিবিধি কমে গেছে। হাত ও কব্জির গতি স্বাভাবিক। উভয় হাতে গ্রাস প্রতিফলন স্বাভাবিক। একটি অসমমিত মোরো রিফ্লেক্স উপস্থিত। পরীক্ষার বাকী অংশে কোনো অসাধারণতা নেই এবং এন্টেরোপোস্টেরিয়র এক্স-রে নির্ণয় নিশ্চিত করে। নিম্নলিখিতগুলির মধ্যে ব্যবস্থাপনার সর্বাধিক উপযুক্ত পরবর্তী ধাপ কোনটি?
A. স্নায়ু পরিবাহিতা পরীক্ষা
B. শল্যচিকিৎসা দ্বারা স্থিতিশীলকরণ
C. শারীরিক থেরাপি
D. পিন স্লিভটি শার্টে যুক্ত করা
E. হাতের স্প্লিন্টিং
F. ক্ল্যাভিকলের এমআরআই",,,,,
R0011,"Three days after undergoing coronary artery bypass surgery, a 72-year-old man has severe right upper quadrant pain, fever, nausea, and vomiting. He has type 2 diabetes mellitus, benign prostatic hyperplasia, peripheral vascular disease, and chronic mesenteric ischemia. He had smoked one pack of cigarettes daily for 30 years but quit 10 years ago. He drinks 8 cans of beer a week. His preoperative medications include metformin, aspirin, simvastatin, and finasteride. His temperature is 38.9°C (102°F), pulse is 102/min, respirations are 18/min, and blood pressure is 110/60 mmHg. Auscultation of the lungs shows bilateral inspiratory crackles. Cardiac examination shows no murmurs, rubs or gallops. Abdominal examination shows soft abdomen with tenderness and sudden inspiratory arrest upon palpation in the right upper quadrant. There is no rebound tenderness or guarding. Laboratory studies show the following:
Hemoglobin 13.1 g/dL
Hematocrit 42%
Leukocyte count 15,700/mm3
Segmented neutrophils 65%
Bands 10%
Lymphocytes 20%
Monocytes 3%
Eosinophils 1%
Basophils 0.5%
AST 40 U/L
ALT 100 U/L
Alkaline phosphatase 85 U/L
Total bilirubin 1.5 mg/dL
Direct 0.9 mg/dL
Amylase 90 U/L
Abdominal ultrasonography shows a distended gallbladder, thickened gallbladder wall with pericholecystic fluid, and no stones. Which of the following is the most appropriate next step in management?""
A. Intravenous heparin therapy followed by embolectomy
B. Careful observation with serial abdominal examinations
C. Immediate cholecystectomy
D. Intravenous piperacillin-tazobactam therapy and percutaneous cholecystostomy
E. Endoscopic retrograde cholangiopancreatography with papillotomy","করোনারি আর্টেরি বাইপাস শল্যচিকিৎসার তিন দিন পর, ৭২ বছর বয়সী একজন পুরুষে তীব্র ডান উপরের কোয়ার্ড্যান্ট ব্যথা, জ্বর, বমিভাব এবং বমি দেখা দেয়। তার টাইপ ২ ডায়াবেটিস মেলিটাস, বিনাইন প্রোস্ট্যাটিক হাইপারট্রফি, পারিফেরাল ভাসকুলার ডিজিজ এবং ক্রনিক মেসেন্টেরিক ইস্কেমিয়া রয়েছে। তিনি ৩০ বছর ধরে প্রতিদিন এক প্যাক সিগারেট ধূমপান করতেন কিন্তু ১০ বছর আগে ছেড়ে দিয়েছেন। তিনি সপ্তাহে ৮ ক্যান বিয়ার পান করেন। তার পূর্ব-শল্যচিকিৎসা ওষুধের মধ্যে মেটফরমিন, অ্যাস্পিরিন, সিমভাস্টাটিন এবং ফিনাস্টেরাইড রয়েছে। তার তাপমাত্রা ৩৮.৯ °C (১০২ °F), পালস ১০২/মিনিট, শ্বাসপ্রশ্বাস ১৮/মিনিট, রক্তচাপ ১১০/৬০ mmHg। ফুসফুসে অডিওস্কোপিক পরীক্ষা দ্বিপাক্ষিক ইনস্পিরেটরি ক্র্যাকল দেখায়। হৃদযন্ত্রের পরীক্ষায় কোনো মর্মর, রাব বা গ্যালপ নেই। পেটের পরীক্ষা সফট পেটে ডান উপরের কোয়ার্ড্যান্টে টেন্ডারনেস এবং হঠাৎ ইনস্পিরেটরি আরেস্ট দেখা যায়। রিবাউন্ড টেন্ডারনেস বা গার্ডিং নেই। ল্যাবরেটরি ফলাফল: হিমোগ্লোবিন ১৩.১ g/dL, হেমাটোক্রিট ৪২%, লিউকোসাইট কাউন্ট ১৫,৭০০/mm3 (সেগমেন্টেড নিউট্রোফিল ৬৫%, ব্যান্ডস ১০%, লিম্ফোসাইট ২০%, মনোসাইটোস ৩%, ইওসিনোফিল ১%, বেসোফিল ০.৫%), AST ৪০ U/L, ALT ১০০ U/L, অ্যালকালাইন ফসফেটেজ ৮৫ U/L, টোটাল বিলিরুবিন ১.৫ mg/dL (ডাইরেক্ট ০.৯ mg/dL), আমাইলেস ৯০ U/L। পেটের আল্ট্রাসাউন্ডে গলব্লাডার ফুলে আছে, প্রাচীর পুরু এবং পারিকোলেস্টিক তরল রয়েছে, কোনো পাথর নেই। নিম্নলিখিতগুলির মধ্যে কোনটি সর্বোত্তম পরবর্তী ব্যবস্থাপনা পদক্ষেপ?
A. ইন্ট্রাভেনাস হেপারিন থেরাপি, এরপর এমবোলেকটোমি
B. সিরিয়াল পেট পরীক্ষাসহ সতর্ক পর্যবেক্ষণ
C. তাৎক্ষণিক কোলেসিস্টেক্টমি
D. ইন্ট্রাভেনাস পাইপারাসিলিন-টাজোব্যাক্টাম থেরাপি এবং পারকুটেনিয়াস কোলেসিস্টস্টোমি
E. এন্ডোস্কোপিক রেট্রোগ্রেড কোয়ালাঞ্জিওপ্যানক্রিয়াটোগ্রাফি প্যাপিলোটমি সহ",,,,,
R0012,"A 42-year-old woman is brought to the physician by her husband because of a 1-year history of abnormal behavior. During this time she has been irritable, restless, and has had multiple episodes of hearing voices. Over the past month, she has also had difficulty swallowing. She has a 2-year history of depression. She was let go by her employer 6 months ago because she could no longer handle all her tasks and often forgot about assignments. Her father committed suicide at the age of 50. The patient has smoked one pack of cigarettes daily over the past 20 years. She has a history of smoking cocaine for 8 years but stopped 1 year ago. Vital signs are within normal limits. On mental status examination, she is confused and oriented to person and place only. Neurologic examination shows a delayed return to neutral ankle position after triggering the plantar reflex. Physical examination shows irregular, nonrepetitive, and arrhythmic movements of the neck and head. The patient has poor articulation. Which of the following is the most likely diagnosis?
A. Wilson disease
B. Sydenham chorea
C. Creutzfeldt-Jakob disease
D. Parkinson disease
E. Multiple sclerosis
F. Drug-induced chorea
G. Huntington disease","৪২ বছর বয়সী এক নারীকে তার স্বামী তাকে ডাক্তারের কাছে নিয়ে এসেছে কারণ গত এক বছরের অস্বাভাবিক আচরণের ইতিহাস রয়েছে। এই সময়ে তিনি বিরক্তি, অস্থিরতা অনুভব করেছেন এবং বহুবার কণ্ঠ শোনার অভিজ্ঞতা পেয়েছেন। গত মাসে গিলতে অসুবিধা হয়েছে। তার দু'বছরের ডিপ্রেশন ইতিহাস আছে। ছয় মাস আগে তিনি কাজ থেকে বরখাস্ত হন কারণ আর সব কাজ সামলাতে পারছিলেন না এবং প্রায়শই দায়িত্ব ভুলে যেতেন। তাঁর পিতা ৫০ বছর বয়সে আত্মহত্যা করেন। রোগী গত ২০ বছর ধরে প্রতিদিন এক প্যাকেট সিগারেট ধূমপান করছেন। তিনি ৮ বছর কোকেইন ধূমপানের ইতিহাস আছে কিন্তু এক বছর আগে বন্ধ করেছেন। গুরুত্বপূর্ণ চিহ্নগুলো স্বাভাবিক সীমার মধ্যে। মানসিক অবস্থা পরীক্ষায় তিনি বিভ্রান্ত এবং শুধুমাত্র ব্যক্তি ও স্থানের দিকে দিশা জানেন। স্নায়বিক পরীক্ষা দেখায় প্ল্যান্টার রিফ্লেক্স উদ্দীপনা করার পর পায়ের গোড়ালির অবস্থানে ফিরে আসতে বিলম্ব। শারীরিক পরীক্ষায় ঘাড় ও মাথার অনিয়মিত, অপ্রতিবর্তনীয় এবং অনিয়মিত ছন্দের নড়াচড়া দেখা যায়। রোগীর উচ্চারণ দুর্বল। নিম্নলিখিতগুলোর মধ্যে কোনটি সবচেয়ে সম্ভাব্য নির্ণয়?
A. উইলসন রোগ
B. সাইডেনহ্যাম কোরিয়া
C. ক্রয়টজফেল্ড-যাকব রোগ
D. পারকিনসন রোগ
E. মাল্টিপল স্ক্লেরোসিস
F. ওষুধ-জনিত কোরিয়া
G. হানটিংটন রোগ",,,,,
R0013,"An 81-year-old man is brought to the physician by his daughter after being found wandering on the street. His daughter says that over the past several months he has been more aggressive towards friends and family. She also reports several episodes in which he claimed to see two strangers in her apartment. He sometimes stares blankly for several minutes and does not react when addressed. He has hypertension, hyperlipidemia, and was diagnosed with Parkinson disease 10 months ago. His current medications include carbidopa-levodopa, hydrochlorothiazide, and atorvastatin. His temperature is 37°C (98.6°F), pulse is 99/min, and blood pressure is 150/85 mm Hg. He is confused and oriented to person and place but not to time. There is a resting tremor in his right upper extremities. There is muscle rigidity in the upper and lower extremities. He is able to walk without assistance but has a slow gait with short steps. Mental status examination shows short-term memory deficits. Which of the following is the most likely underlying cause of this patient's condition?
A. Lewy body deposition
B. Vascular infarcts
C. Frontotemporal lobe atrophy
D. Prion formation
E. Thiamine deficiency
F. Impaired CSF absorption","একজন ৮১ বছর বয়সী পুরুষকে তার মেয়ে ডাক্তারকের কাছে নিয়ে এসেছে, যাকে রাস্তায় ঘুরে বেড়াতে পাওয়া গিয়েছিল। তার মেয়ে বলেন যে গত কয়েক মাসে তিনি বন্ধু ও পরিবারের প্রতি বেশি আগ্রাসী হয়ে উঠেছেন। তিনি আরও জানান যে কিছু সময়ে রোগী দাবি করেছেন যে তিনি তাঁর অ্যাপার্টমেন্টে দুই অচেনা ব্যক্তিকে দেখছেন। কখনও কখনও তিনি কয়েক মিনিটের জন্য খালি চোখে তাকিয়ে থাকেন এবং সম্বোধন করলে প্রতিক্রিয়া দেন না। তার উচ্চ রক্তচাপ, হাইপারলিপিডেমিয়া আছে এবং ১০ মাস আগে পার্কিনসন রোগ নির্ণয় হয়েছে। বর্তমানে তিনি কারবিডোपा-লেভডোপা, হাইড্রোক্লোরথায়াজাইড ও অ্যাটরভাস্টেটিন গ্রহণ করছেন। তার তাপমাত্রা ৩৭°C (৯৮.৬°F), পাল্স ৯৯/মিনিট এবং রক্তচাপ ১৫০/৮৫ mmHg। তিনি বিভ্রান্ত এবং ব্যক্তি ও স্থানের প্রতি সচেতন তবে সময়ের প্রতি নয়। ডান উপরের অঙ্গে বিশ্রামকালে কম্পন রয়েছে। উপরে ও নিচে পেশীর কঠোরতা আছে। তিনি সহায়তা ছাড়াই হাঁটতে পারেন, তবে ধীর গতি ও ছোট পদক্ষেপ নেন। মানসিক পরীক্ষা দেখায় স্বল্পমেয়াদী স্মৃতির ঘাটতি। নিম্নলিখিতগুলির মধ্যে কোনটি এই রোগীর অবস্থার সবচেয়ে সম্ভাব্য অন্তর্নিহিত কারণ?
A. লুই বডি সঞ্চয়
B. রক্তনালি সংক্রান্ত ইনফার্কট
C. ফ্রন্টোটেম্পোরাল লোবের অ্যাট্রোফি
D. প্রায়ন গঠন
E. থিয়ামিন ঘাটতি
F. সিএসএফ শোষণে ব্যাঘাত",,,,,
R0014,"A 38-year-old man is brought to the emergency department after losing consciousness upon rising from his chair at work. The patient has had progressive cough, shortness of breath, fever, and chills for 6 days but did not seek medical attention for these symptoms. He appears distressed, flushed, and diaphoretic. He is 170 cm (5 ft 7 in) tall and weighs 120 kg (265 lbs); BMI is 41.5 kg/m2. His temperature is 39.4°C (102.9°F), pulse is 129/min, respirations are 22/min, and blood pressure is 91/50 mm Hg when supine. Crackles and bronchial breath sounds are heard over the right posterior hemithorax. A 2/6 midsystolic blowing murmur is heard along the left upper sternal border. Examination shows diffuse diaphoresis, flushed extremities, and dullness to percussion over the right posterior hemithorax. The abdomen is soft and nontender. Multiple nurses and physicians have been unable to attain intravenous access. A large-bore central venous catheter is inserted into the right internal jugular vein by standard sterile procedure. Which of the following is the most appropriate next step in the management of this patient?
A. Administer intravenous levofloxacin
B. Echocardiogram
C. Bronchoscopy
D. CT scan of the chest
E. Chest X-ray
F. Administer intravenous norepinephrine","একজন ৩৮ বছর বয়সী পুরুষকে জরুরি বিভাগে নিয়ে আসা হয়েছে, যিনি কাজের চেয়ার থেকে উঠে দাঁড়ানোর সময় অচেতন হয়ে যান। রোগীর শ্বাসকষ্ট, কাশি, জ্বর এবং ঠাণ্ডা লাগা সহ ৬ দিনের ক্রমবর্ধমান উপসর্গ রয়েছে, তবে তিনি এই লক্ষণগুলোর জন্য কোনো চিকিৎসা সেবা গ্রহণ করেননি। তিনি উদ্বিগ্ন, লালাচ্ছন্ন ও ঘামিয়ে আছেন। তার উচ্চতা ১৭০ সে.মি (৫ ফুট ৭ ইঞ্চি) এবং ওজন ১২০ কেজি (২৬৫ পাউন্ড); BMI ৪১.৫ কেজি/মি2। তাপমাত্রা ৩৯.৪°C (১০২.৯°F), পালস ১২৯/মিনিট, শ্বাসপ্রশ্বাস ২২/মিনিট, এবং supine অবস্থায় রক্তচাপ ৯১/৫০ mm Hg। ডান পেছনের হেমিথোর্যাক্সে ক্র্যাকল ও ব্রঙ্কিয়াল শ্বাসের শব্দ শোনা যায়। বাম উপরের স্টার্নাল সীমানা বরাবর একটি ২/৬ মাঝ-সিস্টোলিক ব্লোয়িং মর্মর শোনা যায়। পরীক্ষায় বিস্তৃত ঘাম, লালাচ্ছন্ন অঙ্গপ্রত্যঙ্গ এবং ডান পেছনের হেমিথোর্যাক্সে ট্যাপ করা হলে ধূসরতা দেখা যায়। পেট নরম ও অ-সংবেদনশীল। বহু নার্স ও ডাক্তারই শিরা প্রবেশের চেষ্টা ব্যর্থ হয়েছে। স্ট্যান্ডার্ড স্টেরাইল প্রক্রিয়ায় ডান অভ্যন্তরীণ জাগুলার ভেইনে একটি বড়-বোর সেন্ট্রাল ভেনাস ক্যাথেটার স্থাপন করা হয়। নিম্নলিখিতগুলির মধ্যে কোনটি এই রোগীর ব্যবস্থাপনার সর্বোত্তম পরবর্তী ধাপ?
A. ইন্ট্রাভেনাস লেভোফ্লোক্সাসিন প্রদান করুন
B. ইকোকার্ডিওগ্রাম
C. ব্রঙ্কোস্কপি
D. ছাতির সিটি স্ক্যান
E. ছাতির এক্স-রে
F. ইন্ট্রাভেনাস নোরএপিনেফ্রিন প্রদান করুন",,,,,
R0015,"A 71-year old man is brought to the emergency department because of progressively worsening shortness of breath and fatigue for 3 days. During the last month, he has also noticed dark colored urine. He had an upper respiratory infection 6 weeks ago. He underwent a cholecystectomy at the age of 30 years. He has hypertension, hyperlipidemia, and type 2 diabetes mellitus. He immigrated to the US from Italy 50 years ago. Current medications include simvastatin, lisinopril, and metformin. He appears pale. His temperature is 37.1°C (98.8°F), pulse is 96/min, respirations are 21/min, and blood pressure is 150/80 mm Hg. Auscultation of the heart shows a grade 4/6 systolic murmur over the right second intercostal space that radiates to the carotids. Laboratory studies show:
Leukocyte count 9,000/mm3
Hemoglobin 8.3 g/dL
Hematocrit 24%
Platelet count 180,000/mm3
LDH 212 U/L
Haptoglobin 15 mg/dL (N=41-165)
Serum
Na+ 138 mEq/L
K+ 4.5 mEq/L
CL- 102 mEq/L
HCO3- 24 mEq/L
Urea nitrogen 20 mg/dL
Creatinine 1.2 mg/dL
Total bilirubin 1.8 mg/dL
Stool testing for occult blood is negative. Direct Coombs test is negative. Echocardiography shows an aortic jet velocity of 4.2 m/s and a mean pressure gradient of 46 mm Hg. Which of the following is the most appropriate next step in management to treat this patient's anemia?""
A. Administration of corticosteroids
B. Administration of hydroxyurea
C. Supplementation with iron
D. Aortic valve replacement
E. Discontinuation of medication
""","71 বছর বয়সী একজন পুরুষকে শ্বাসকষ্ট এবং ক্লান্তি বাড়ার কারণে জরুরি বিভাগে আনা হয়েছে, যা গত ৩ দিন ধরে অবনতি হচ্ছে। শেষ মাসে তিনি গাঢ় রঙের মূত্র লক্ষ্য করেছেন। ৬ সপ্তাহ আগে তার উপরের শ্বাসযন্ত্রের সংক্রমণ হয়েছিল। ৩০ বছর বয়সে তিনি কোলেসিস্টেক্টমি করিয়েছেন। তাঁর উচ্চ রক্তচাপ, হাইপারলিপিডেমিয়া এবং টাইপ ২ ডায়াবেটিস মেলিটাস রয়েছে। তিনি ৫০ বছর আগে ইতালি থেকে যুক্তরাষ্ট্রে অভিবাসন করেন। বর্তমান ওষুধের মধ্যে সিমভাস্টাটিন, লিসিনোপ্রিল এবং মেটফরমিন অন্তর্ভুক্ত। তিনি শ্বেতবর্ণহীন দেখাচ্ছেন। তাপমাত্রা ৩৭.১°C (৯৮.৮°F), পালস ৯৬/মিনিট, শ্বাসপ্রশ্বাস ২১/মিনিট, রক্তচাপ ১৫০/৮০ mm Hg। হৃদয়ের অডিটে ডানদিকের দ্বিতীয় ইন্টারকোস্টাল স্পেসে গ্রেড ৪/৬ সিস্টোলিক মর্মর ক্যারোটিডে বিকিরণ করছে। ল্যাব ফলাফল:
লিউকোসাইট কাউন্ট ৯,০০০/mm3
হিমোগ্লোবিন ৮.৩ g/dL
হেমাটোক্রিট ২৪%
প্লেটলেট কাউন্ট ১৮০,০০০/mm3
LDH ২১২ U/L
হ্যাপ্টোগ্লোবিন ১৫ mg/dL (সাধারণ = ৪১-১৬৫)
সিরাম:
Na+ ১৩৮ mEq/L
K+ ৪.৫ mEq/L
Cl- ১০২ mEq/L
HCO3- ২৪ mEq/L
ইউরিয়া নাইট্রোজেন ২০ mg/dL
ক্রিয়েটিনিন ১.২ mg/dL
মোট বিলিরুবিন ১.৮ mg/dL
স্টুলে লুকায়িত রক্তের পরীক্ষা নেগেটিভ। ডাইরেক্ট কোম্বস টেস্ট নেগেটিভ। ইকোকার্ডিওগ্রাফি দেখিয়েছে অয়োরটিক জেট ভেলোসিটি ৪.২ m/s এবং গড় চাপ গ্রেডিয়েন্ট ৪৬ mm Hg। নিম্নলিখিত কোনটি রোগীর অ্যানিমিয়া চিকিৎসার জন্য সবচেয়ে উপযুক্ত পরবর্তী পদক্ষেপ?
A. কর্টিকোস্টেরয়েড প্রয়োগ
B. হাইড্রোক্সিউরিয়া প্রয়োগ
C. লৌহ সম্পূরণ
D. অয়োরটিক ভালভ প্রতিস্থাপন
E. ওষুধ বন্ধ করা",,,,,
R0016,"A 57-year-old man is brought to the emergency department for worsening pain and swelling of his left ankle for the past 2 hours. The pain is severe and awakened him from sleep. He has hypertension and hyperlipidemia. Current medications include hydrochlorothiazide and pravastatin. His temperature is 37.8°C (100.1°F), pulse is 105/min, and blood pressure is 148/96 mm Hg. Examination shows exquisite tenderness, erythema, and edema of the left ankle; active and passive range of motion is limited by pain. Arthrocentesis of the ankle joint yields cloudy fluid with a leukocyte count of 19,500/mm3 (80% segmented neutrophils). Gram stain is negative. A photomicrograph of the joint fluid aspirate under polarized light is shown. Which of the following is the most appropriate pharmacotherapy?
A. Probenecid
B. Allopurinol
C. Colchicine and allopurinol
D. Aspirin
E. Prednisone and indomethacin
F. Triamcinolone and probenecid
G. Colchicine
H. Ketorolac and aspirin","একজন ৫৭ বছর বয়সী পুরুষকে জরুরি বিভাগে নিয়ে আসা হয়েছে গত দুই ঘণ্টায় তার বাম গোড়ালির ব্যথা ও ফোলাভাব বাড়ার জন্য। ব্যথা তীব্র এবং ঘুম থেকে জাগিয়ে তুলেছে। তিনি উচ্চ রক্তচাপ ও হাইপারলিপিডেমিয়া রোগী। বর্তমানে তিনি হাইড্রোক্লোরোথিয়াজাইড ও প্রাভাস্টাটিন গ্রহণ করছেন। তার শরীরের তাপমাত্রা ৩৭.৮°C (১০০.১°F), পালস ১০৫/মিনিট, এবং রক্তচাপ ১৪৮/৯৬ mm Hg। পরীক্ষায় বাম গোড়ালিতে তীব্র সংবেদনশীলতা, লালভাব ও ফোলাভাব দেখা যায়; সক্রিয় ও নিষ্ক্রিয় গতিসীমা ব্যথার কারণে সীমিত। আর্থ্রোসেন্টেসিসে মেঘলা তরল পাওয়া গেছে যার শ্বেত রক্তকণিকা সংখ্যা ১৯,৫০০/mm3 (৮০% সেগমেন্টেড নিউট্রোফিল)। গ্রাম স্টেইন নেগেটিভ। ধ্রুবীয় আলোতে জয়েন্ট ফ্লুইডের ফটো-মাইক্রোগ্রাফ দেখানো হয়েছে। নিম্নলিখিতগুলির মধ্যে কোনটি সর্বাধিক উপযুক্ত ঔষধি থেরাপি?
A. Probenecid
B. Allopurinol
C. Colchicine and allopurinol
D. Aspirin
E. Prednisone and indomethacin
F. Triamcinolone and probenecid
G. Colchicine
H. Ketorolac and aspirin",,,,,
R0017,"A 24-year-old primigravid woman at 38 weeks' gestation comes to the physician for a prenatal visit. At the last two prenatal visits, transabdominal ultrasound showed the fetus in breech presentation. She has no medical conditions and only takes prenatal vitamins. Her pulse is 95/min, respirations are 16/min, and blood pressure is 130/76 mm Hg. The abdomen is soft and nontender; no contractions are felt. Pelvic examination shows a closed cervical os and a uterus consistent with 38 weeks' gestation. The fetal rate tracing shows a baseline heart rate of 152/min and 2 accelerations over 10 minutes. Repeat ultrasound today shows a persistent breech presentation. The patient states that she would like to attempt a vaginal delivery. Which of the following is the most appropriate next step in management?
A. Recommend cesarean section
B. Observe until spontaneous labor
C. Repeat ultrasound in one week
D. Offer external cephalic version
E. Offer internal podalic version","২৪ বছর বয়সী প্রথম গর্ভবতী নারী, ৩৮ সপ্তাহের গর্ভধারণে, প্রি-নাটাল ভিজিটের জন্য ডাক্তারের কাছে আসেন। শেষ দুইটি প্রি-নাটাল ভিজিটে ট্রান্সঅ্যাবডোমিনাল আল্ট্রাসাউন্ডে শিশুটি ব্রীচ পজিশনে দেখা গিয়েছিল। তার কোনো চিকিৎসা সংক্রান্ত সমস্যা নেই এবং তিনি শুধুমাত্র প্রি-নাটাল ভিটামিন গ্রহণ করেন। তার পালস ৯৫/মিনিট, শ্বাসপ্রশ্বাস ১৬/মিনিট, রক্তচাপ ১৩০/৭৬ mm Hg। পেট নরম ও অস্বেদনজনক; কোনো সংকোচন অনুভূত হয় না। পেলভিক পরীক্ষা দেখায় সের্ভিকাল ওস বন্ধ এবং গর্ভাশয় ৩৮ সপ্তাহের গর্ভধারণের সঙ্গে সামঞ্জস্যপূর্ণ। ফিটাল হার্ট রেট ট্রেসিংয়ে বেসলাইন হার্ট রেট ১৫২/মিনিট এবং ১০ মিনিটে ২টি ত্বরান্বিত বৃদ্ধি দেখা যায়। আজকের পুনরায় আল্ট্রাসাউন্ডেও ধারাবাহিকভাবে ব্রীচ পজিশন দেখানো হয়েছে। রোগী জানান তিনি যোনি মাধ্যমে ডেলিভারি করার চেষ্টা করতে চান। নিম্নলিখিতগুলির মধ্যে কোনটি সর্বোত্তম পরবর্তী ব্যবস্থাপনা পদক্ষেপ?
A. সিজারিয়ান সেকশন করার পরামর্শ দিন
B. স্বয়ংক্রিয় প্রসব পর্যন্ত পর্যবেক্ষণ করুন
C. এক সপ্তাহে আল্ট্রাসাউন্ড পুনরায় করান
D. বাহ্যিক মাথা পরিবর্তন (এক্সটার্নাল সেফ্যালিক ভার্সন) প্রস্তাব করুন
E. অভ্যন্তরীণ পডালিক ভার্সন প্রস্তাব করুন",,,,,
R0018,"A 2-month-old girl is admitted to the hospital because of a 1-day history of fever and difficulty breathing. She has also had nasal congestion for 2 days. She was born at 28 weeks' gestation and weighed 1105 g (2 lb 7 oz); she currently weighs 2118 g (4 lb 11 oz). Her neonatal course was complicated by respiratory distress syndrome. She required supplemental oxygen for 36 days following birth. She was diagnosed with bronchopulmonary dysplasia 3 weeks ago. The infant missed an appointment with the pediatrician 2 weeks ago. Her only medication is vitamin D drops. She appears lethargic. Her temperature is 38.6°C (101.4°F), pulse is 160/min, respirations are 55/min, and blood pressure is 80/45 mm Hg. Pulse oximetry on room air shows an oxygen saturation of 87%. Physical examination shows moderate subcostal retractions. Wheezing is heard on auscultation of the chest. Her hemoglobin concentration is 10.5 g/dL, leukocyte count is 13,000/mm3, and platelet count is 345,000/mm3. Mechanic ventilatory support is initiated. After 4 days in the pediatric intensive care unit, the patient dies. Administration of which of the following is most likely to have prevented this patient's outcome?
A. Ribavirin
B. Postnatal glucocorticoid
C. Ceftriaxone
D. Respiratory syncytial virus immune globulin
E. Palivizumab","২ মাস বয়সী একটি মেয়ে এক দিনের জ্বর ও শ্বাসকষ্টের ইতিহাসে হাসপাতালে ভর্তি হয়। তার নাক বন্ধ হওয়ার উপসর্গও দুই দিন ধরে রয়েছে। সে গর্ভধারণের ২৮ সপ্তাহে জন্মগ্রহণ করে এবং ওজন ছিল ১১০৫ গ্রাম (২ পাউন্ড ৭ আউন্স); বর্তমানে তার ওজন ২১১৮ গ্রাম (৪ পাউন্ড ১১ আউন্স)। নবজাতক সময়ে তাকে শ্বাসযন্ত্রের ডিস্ট্রেস সিনড্রোমে আক্রান্ত করা হয়েছিল। জন্মের পর ৩৬ দিন অতিরিক্ত অক্সিজেন প্রয়োজন ছিল। তিন সপ্তাহ আগে তাকে ব্রঙ্কোফুসিয়াল ডিসপ্লাসিয়া নির্ণয় করা হয়। দুই সপ্তাহ আগে শিশুরা পেডিয়াট্রিশিয়ানের সঙ্গে অ্যাপয়েন্টমেন্ট মিস করেছিল। তার একমাত্র ওষুধ হল ভিটামিন ডি ড্রপস। সে অলস দেখাচ্ছে। তাপমাত্রা ৩৮.৬°C (১০১.৪°F), পাল্স ১৬০/মিনিট, শ্বাসপ্রশ্বাসের হার ৫৫/মিনিট এবং রক্তচাপ ৮০/৪৫ mm Hg। কক্ষবায়ুতে পলস অক্সিমেট্রি দেখায় অক্সিজেন স্যাচুরেশন ৮৭%। শারীরিক পরীক্ষায় মাঝারি সাবকোস্টাল রিট্র্যাকশন দেখা যায়। বুকে শোনালে হুইজিং শোনা যায়। তার হেমোগ্লোবিন ঘনত্ব ১০.৫ g/dL, লিউকোসাইট সংখ্যা ১৩,০০০/mm3 এবং প্লেটলেট সংখ্যা ৩৪৫,০০০/mm3। মেকানিক্যাল ভেন্টিলেটরি সাপোর্ট শুরু করা হয়। পেডিয়াট্রিক ইন্টেনসিভ কেয়ার ইউনিটে ৪ দিন পর রোগীটি মারা যায়। নিম্নলিখিত কোন ওষুধের প্রশাসন সম্ভবত এই রোগীর ফলাফল প্রতিরোধ করতে পারত?
A. রিবাভিরিন
B. পোস্টনাটাল গ্লুকোকর্টিকয়েড
C. সেফট্রিয়াক্সোন
D. শ্বাসযন্ত্রের সিনকিশিয়াল ভাইরাস ইমিউন গ্লোবুলিন
E. প্যালিভিজুম্যাব",,,,,
R0019,"A 16-year-old girl comes to the physician with a 4-day history of painful vulvar lesions, generalized fatigue, and malaise. During this period, she has also had dysuria. She is sexually active with 2 male partners and uses condoms inconsistently. Her immunizations are up-to-date; she completed the vaccination course for human papilloma virus 2 months ago. Her temperature is 38.1°C (100.6°F), pulse is 100/min, respirations are 12/min, and blood pressure is 110/70 mm Hg. Pelvic examination shows several shallow ulcers on an erythematous base over the labia majora and minora. There is bilateral, tender inguinal lymphadenopathy. Which of the following is the most appropriate treatment for this patient's condition?
A. Acyclovir therapy
B. Curettage
C. Azithromycin therapy
D. Doxycycline therapy
E. Penicillin therapy","একজন ১৬ বছর বয়সী মেয়ে ডাক্তারের কাছে এসে ৪ দিনের ব্যথাযুক্ত যোনি লেশনের ইতিহাস, সাধারণ ক্লান্তি এবং অসুস্থতার অনুভূতি নিয়ে এসেছে। এই সময়কালে তার প্রস্রাবের সময় জ্বালা (ডাইসুরিয়া) হয়েছে। সে দুইজন পুরুষ সঙ্গীর সঙ্গে যৌন সক্রিয় এবং কন্ডোম অনিয়মিতভাবে ব্যবহার করে। তার টিকাদান আপ-টু-ডেট; মানব প্যাপিলোমা ভাইরাসের টিকা কোর্স ২ মাস আগে সম্পন্ন করেছে। তার তাপমাত্রা ৩৮.১°C (১০০.৬°F), পালস ১০০/মিনিট, শ্বাসপ্রশ্বাস ১২/মিনিট, রক্তচাপ ১১০/৭০ mm Hg। পেলভিক পরীক্ষা দেখায় লাবিয়া মেজোরা ও মিনোরার উপর লালচে ভিত্তিতে কয়েকটি অগভীর আলসার। দু’পাশের ইনগুইনাল লিম্ফ নোড টেন্ডার। নিম্নলিখিত কোনটি রোগীর অবস্থার জন্য সবচেয়ে উপযুক্ত চিকিৎসা?
A. অ্যাসাইক্লোভির থেরাপি
B. কিউরেটেজ
C. আজিথ্রোমাইসিন থেরাপি
D. ডক্সিসাইক্লিন থেরাপি
E. পেনিসিলিন থেরাপি",,,,,
R0020,"Three days after delivery of a male newborn, a 36-year-old gravida 1, para 1 woman has fever and pain in her left leg. Pregnancy was complicated by premature rupture of membranes; the child was delivered at 35 weeks' gestation by lower segment transverse cesarean section because of a nonreassuring fetal heart rate. The patient has smoked half a pack of cigarettes daily for 5 years and continued to smoke during her pregnancy. Her temperature is 38.9°C (102°F), pulse is 110/min, and blood pressure is 110/80 mm Hg. Examination shows an edematous, erythematous, and warm left leg. Passive dorsiflexion of the left foot elicits pain in the calf. The peripheral pulses are palpated bilaterally. The uterus is nontender and palpated at the umbilicus. Ultrasonography of the left leg shows an incompressible left popliteal vein. Which of the following is the most appropriate initial step in management?
A. Low molecular weight heparin
B. Fasciotomy
C. Embolectomy
D. Urokinase
E. Dicloxacillin
F. Warfarin
G. Graduated compression stockings
H. Reassurance
""","একজন পুরুষ নবজাতকের জন্মের তিন দিন পর, ৩৬ বছর বয়সী gravida 1, para 1 নারীকে জ্বর এবং বাম পায়ে ব্যথা হয়েছে। গর্ভধারণ প্রিম্যাচিউর রাপচার অফ মেমব্রেন্স দ্বারা জটিল ছিল; শিশুটি ৩৫ সপ্তাহের গর্ভকালীন সময়ে নিম্ন সেগমেন্ট ট্রান্সভার্স সিজারিয়ান সেকশনের মাধ্যমে ডেলিভারি করা হয়েছিল কারণ ফিটাল হার্ট রেট অনিরাপদ ছিল। রোগী পাঁচ বছর ধরে প্রতিদিন অর্ধ প্যাক সিগারেট ধূমপান করেন এবং গর্ভাবস্থায়ও তা চালিয়ে যান। তার তাপমাত্রা ৩৮.৯ °C (১০২ °F), পালস ১১০/মিনিট, রক্তচাপ ১১০/৮০ mm Hg। পরীক্ষায় বাম পা ফোলাভাবযুক্ত, লালচে এবং উষ্ণ দেখা যায়। বাম পায়ের প্যাসিভ ডোর্সিফ্লেক্সন করলে ক্যালফে ব্যথা হয়। পার্শ্বীয় পালস দু'পাশেই স্পর্শযোগ্য। গর্ভাশয় নন-টেন্ডার এবং নাভির কাছে স্পর্শযোগ্য। আল্ট্রাসাউন্ডে বাম পায়ের অ-সংকুচিত (ইনকমপ্রেসিবল) পপলিটিয়াল শিরা দেখা যায়। নিম্নলিখিতগুলোর মধ্যে কোনটি সবচেয়ে উপযুক্ত প্রাথমিক ব্যবস্থাপনা ধাপ?
A. লো মলিকুলার ওয়েট হেপারিন
B. ফ্যাসিয়োটমি
C. এমবোলেকটোমি
D. ইউরোকিনেজ
E. ডাইক্লক্সাসিলিন
F. ওয়ারফারিন
G. গ্র্যাজুয়েটেড কম্প্রেশন স্টকিংস
H. আশ্বাস প্রদান",,,,,
R0021,"A 43-year-old man comes to the physician because of redness and swelling of his right leg. He reports that it is very painful to touch. He has had fever and chills. He has no chest pain or shortness of breath. He has a history of type 2 diabetes mellitus and underwent saphenous vein stripping and ligation in his right leg 3 years ago. He works as a security guard. He does not smoke or drink alcohol. His medications include metformin and sitagliptin. His temperature is 38.7°C (101.7°F), pulse is 99/min, and blood pressure is 138/72 mm Hg. Examination shows an 8-cm, indurated, tender, warm, erythematous skin lesion with sharply demarcated margins. There is no inguinal lymphadenopathy. Toe web intertrigo is noted. Which of the following is the most appropriate next step in management?
A. Oral cephalexin therapy
B. Intravenous cefazolin therapy
C. Compression stockings
D. Symptomatic relief only
E. Surgical debridement
F. Intravenous ciprofloxacin therapy
G. Subcutaneous heparin injection","একজন ৪৩ বছর বয়সী পুরুষ ডাক্তারের কাছে এসে তার ডান পায়ের লালচে ও ফোলার জন্য অভিযোগ করেন। তিনি জানান যে স্পর্শ করলে খুব ব্যথা হয়। তাকে জ্বর এবং কাঁপুনি হয়েছে। তার কোনো বুকের ব্যথা বা শ্বাসকষ্ট নেই। তার টাইপ ২ ডায়াবেটিস মেলিটাসের ইতিহাস আছে এবং তিন বছর আগে ডান পায়ে স্যাফেনিয়াস ভেইন স্ট্রিপিং ও লিগেশন করা হয়েছিল। তিনি নিরাপত্তা গার্ড হিসেবে কাজ করেন। ধূমপান বা অ্যালকোহল পান করেন না। তার বর্তমান ঔষধের মধ্যে মেটফরমিন এবং সিটাগ্লিপটিন রয়েছে। তাপমাত্রা ৩৮.৭°C (১০১.৭°F), পালস ৯৯/মিনিট, রক্তচাপ ১৩৮/৭২ mm Hg। পরীক্ষায় দেখা যায় ৮ সেমি আকারের একটি দৃঢ়, স্পর্শে ব্যথাযুক্ত, উষ্ণ, লালচে ত্বকের ক্ষত যার সীমা পরিষ্কারভাবে নির্ধারিত। কোনো ইনগুইনাল লিম্ফ নোড বৃদ্ধি নেই। টো ওয়েব ইন্টারট্রিগো দেখা যায়। নিম্নলিখিতগুলির মধ্যে কোনটি সর্বাধিক উপযুক্ত পরবর্তী ব্যবস্থাপনা পদক্ষেপ?
A. মৌখিক সেফালেক্সিন থেরাপি
B. ইন্ট্রাভেনাস সেফাজোলিন থেরাপি
C. কম্প্রেশন স্টকিংস
D. শুধুমাত্র উপসর্গগত স্বস্তি প্রদান
E. শল্যচিকিৎসা ডিব্রাইডমেন্ট
F. ইন্ট্রাভেনাস সিপ্রোফ্লোক্সাসিন থেরাপি
G. সাবকিউটেনিয়াস হেপারিন ইনজেকশন",,,,,
R0022,"A 37-year-old woman, gravida 2, para 1, at 35 weeks' gestation is brought to the emergency department for the evaluation of continuous, dark, vaginal bleeding and abdominal pain for one hour. Her first child was delivered by lower segment transverse cesarean section because of a nonreassuring fetal heart rate. The patient has a history of hypertension and has been noncompliant with her hypertensive regimen. Her medications include methyldopa, folic acid, and a multivitamin. Her pulse is 90/min, respirations are 16/min, and blood pressure is 145/90 mm Hg. The abdomen is tender, and hypertonic contractions can be felt. There is blood on the vulva, the introitus, and on the medial aspect of both thighs. The fetus is in a breech presentation. The fetal heart rate is 180/min with recurrent decelerations. Which of the following is the cause of fetal compromise?
A. Rupture of the uterus
B. Placental tissue covering the cervical os
C. Rupture of aberrant fetal vessels
D. Abnormal position of the fetus
E. Detachment of the placenta","৩৭ বছর বয়সী গর্ভবতী নারী, gravida 2, para 1, ৩৫ সপ্তাহে অবিচ্ছিন্ন অন্ধকার রঙের যোনি রক্তপাত এবং পেটের ব্যথা এক ঘণ্টার জন্য জরুরি বিভাগে আনা হয়েছে। তার প্রথম সন্তান নিম্ন সেগমেন্ট ট্রান্সভার্স সিজারিয়ান সেকশনের মাধ্যমে ডেলিভারি করা হয়েছিল কারণ ফিটাল হার্ট রেট অনিরাপদ ছিল। রোগীর হাইপারটেনশন ইতিহাস আছে এবং তিনি তার ওষুধের নিয়ম মেনে চলছেন না। তার ওষুধগুলো হল মেথাইলডোपा, ফলিক অ্যাসিড এবং মাল্টিভিটামিন। তার পালস ৯০/মিনিট, শ্বাসপ্রশ্বাস ১৬/মিনিট, রক্তচাপ ১৪৫/৯০ mm Hg। পেটটি স্পর্শে নরম ও হাইপারটোনিক সংকোচন অনুভূত হয়। ভলভা, ইন্ট্রয়িটাস এবং উভয় থাইয়ের মিডিয়াল দিকের ওপর রক্ত আছে। শিশুটি ব্রিচ অবস্থায় রয়েছে। ফিটাল হার্ট রেট ১৮০/মিনিট এবং পুনরাবৃত্তি ডিকেলারেশন দেখা যাচ্ছে। নিম্নলিখিত কোনটি ভ্রূণের ক্ষতির কারণ?
A. গর্ভাশয়ের ছিঁড়ে যাওয়া
B. সার্ভিক্যাল ওসকে প্লাসেন্টাল টিস্যু আচ্ছাদন করা
C. অস্বাভাবিক ফিটাল রক্তনালী ছিঁড়ে যাওয়া
D. শিশুর অস্বাভাবিক অবস্থান
E. প্লাসেন্টার বিচ্ছিন্নতা",,,,,
R0023,"A 26-year-old primigravid woman at 10 weeks' gestation comes to the physician for a prenatal visit. Pregnancy was confirmed by an ultrasound 3 weeks earlier after the patient presented with severe nausea and vomiting. The nausea and vomiting have subsided without medication. She has no vaginal bleeding or discharge. Vital signs are within normal limits. Pelvic examination shows a uterus consistent in size with a 10-week gestation. Transvaginal ultrasonography shows a gestational sac with a mean diameter of 23 mm and an embryo 6 mm in length with absent cardiac activity. Which of the following is the most appropriate next step in management?
A. Serial β-HCG measurements
B. Misoprostol therapy
C. Oxytocin infusion
D. Cervical cerclage
E. Thrombophilia work-up
F. Methotrexate therapy
G. Levonorgestrel therapy","একজন ২৬ বছর বয়সী প্রথম গর্ভবতী নারী, যিনি ১০ সপ্তাহের গর্ভধারণে আছেন, প্রি-নাটাল পরিদর্শনের জন্য ডাক্তারের কাছে আসেন। রোগীর তীব্র বমি ও বমিভাবের পরে তিন সপ্তাহ আগে আল্ট্রাসাউন্ডে গর্ভধারণ নিশ্চিত হয়েছিল। বমি ও বমিভাব কোনো ঔষধ ছাড়াই কমে গেছে। তিনি কোনও যোনি রক্তপাত বা নিঃসরণ অনুভব করছেন না। গুরুত্বপূর্ণ চিহ্নগুলো স্বাভাবিক সীমার মধ্যে রয়েছে। পেলভিক পরীক্ষায় গর্ভাশয় ১০ সপ্তাহের গর্ভধারণের সঙ্গে সামঞ্জস্যপূর্ণ আকারের দেখা যায়। ট্রান্সভ্যাজাইনাল আল্ট্রাসাউন্ডে গেস্টেশনাল স্যাকের গড় ব্যাস ২৩ মিমি এবং দৈর্ঘ্য ৬ মিমি একটি ভ্রূণ দেখায়, যার হৃদস্পন্দন অনুপস্থিত। নিম্নলিখিতগুলির মধ্যে কোনটি সর্বোত্তম পরবর্তী ব্যবস্থাপনা পদক্ষেপ?
A. ক্রমিক β-HCG মাপা
B. মিসোপ্রস্টল থেরাপি
C. অক্সিটোসিন ইনফিউশন
D. সার্ভিকাল সার্ক্লেজ
E. থ্রম্বোফিলিয়া মূল্যায়ন
F. মেথোট্রেক্সেট থেরাপি
G. লেভোনর্গেস্ট্রেল থেরাপি",,,,,
R0024,"A 14-year-old boy is brought to the physician because of fever, malaise, and severe right knee joint pain and swelling for 3 days. He had also had episodes of abdominal pain and epistaxis during this period. Five days ago, he had swelling and pain in his left ankle joint which has since resolved. He reports having a sore throat 3 weeks ago while he was camping in the woods, for which he received symptomatic treatment. His immunizations are up-to-date. His temperature is 38.7°C (101.6°F), pulse is 119/min, and blood pressure is 90/60 mm Hg. Examination shows a swollen, tender right knee; range of motion is limited. There are painless 3- to 4-mm nodules over the elbow. Cardiopulmonary examination is normal. His hemoglobin concentration is 12.3 g/dL, leukocyte count is 11,800/mm3, and erythrocyte sedimentation rate is 58 mm/h. Arthrocentesis of the right knee joint yields clear, straw-colored fluid; no organisms are identified on Gram stain. Analysis of the synovial fluid shows a leukocyte count of 1,350/mm3 with 17% neutrophils. Which of the following is the most likely diagnosis?
A. Acute rheumatic fever
B. Septic arthritis
C. Acute lymphoblastic leukemia
D. Infective endocarditis
E. Lyme disease
F. Kawasaki disease
G. Juvenile idiopathic arthritis
""","১৪ বছর বয়সী একটি ছেলেকে জ্বর, অস্বস্তি এবং তীব্র ডান হাঁটুতে ব্যথা ও ফোলাভাবের জন্য তিন দিন ধরে চিকিৎসকের কাছে আনা হয়েছে। এই সময়ে পেটের ব্যথা ও নাক থেকে রক্তপাতের ঘটনাও ঘটেছিল। পাঁচ দিন আগে তার বাম গোড়ালিতে ফোলাভাব ও ব্যথা ছিল যা এখন সেরে গেছে। তিনি জানান তিন সপ্তাহ আগে বনভূমিতে ক্যাম্পিং করার সময় গলা ব্যথা হয়েছিল, যার জন্য উপসর্গগত চিকিৎসা নিয়েছিলেন। তার টিকাদান সম্পূর্ণ আপডেটেড। তাপমাত্রা ৩৮.৭°C (১০১.৬°F), পাল্স ১১৯/মিনিট এবং রক্তচাপ ৯০/৬০ মিমি পারদ। পরীক্ষায় ডান হাঁটু ফোলা ও স্পর্শে ব্যথাযুক্ত, গতি সীমিত দেখা যায়; কনুইয়ের ওপর ব্যথাহীন ৩-৪ মিমি নডিউল রয়েছে। হৃদয় ও ফুসফুসের পরীক্ষা স্বাভাবিক। হিমোগ্লোবিন ১২.৩ g/dL, শ্বেত রক্তকণিকা সংখ্যা ১১,৮০০/mm3 এবং ইআরএস ৫৮ mm/h। ডান হাঁটুর আর্থ্রোসেন্টেসিসে স্বচ্ছ, স্ট্রো-রঙের তরল পাওয়া যায়; গ্রাম দাগে কোনো জীবাণু দেখা যায়নি। সাইনোভিয়াল ফ্লুইড বিশ্লেষণে শ্বেত রক্তকণিকা সংখ্যা ১,৩৫০/mm3 এবং ন্যুট্রোফিলের শতাংশ ১৭%। নিম্নলিখিতগুলির মধ্যে কোনটি সবচেয়ে সম্ভাব্য নির্ণয়?
A. তীব্র রিউমাটিক জ্বর
B. সেপটিক আর্থ্রাইটিস
C. তীব্র লিম্ফোব্লাস্টিক লিউকেমিয়া
D. সংক্রামক এন্ডোকার্ডিটিস
E. লাইম রোগ
F. কাওয়াসাকি রোগ
G. যৌবনকালীন অজানা কারণের আর্থ্রাইটিস",,,,,
R0025,"A 78-year-old man is brought to the physician by his daughter for a follow-up examination. The daughter noticed that he has gradually become more forgetful and withdrawn over the last year. He frequently misplaces his car keys and forgets the names of his neighbors, whom he has known for 30 years. He has difficulty recalling his address and telephone number. He recently had an episode of urinary and fecal incontinence. Last week, his neighbor found him wandering the parking lot of the grocery store. He has hypertension and hyperlipidemia. He had smoked one pack of cigarettes daily for 40 years but quit 18 years ago. His current medications include hydrochlorothiazide and atorvastatin. He appears healthy; BMI is 23 kg/m2. His temperature is 37.2°C (99.0°F), pulse is 86/min, respirations are 14/min, and blood pressure is 136/84 mm Hg. Mini-mental state examination score is 19/30. He is not bothered by his forgetfulness. Cranial nerves II-XII are intact. He has 5/5 strength and full sensation to light touch in all extremities. His patellar, Achilles, and biceps reflexes are 2+ bilaterally. His gait is steady. MRI scan of the brain shows ventriculomegaly and prominent cerebral sulci. Which of the following is the most appropriate pharmacotherapy?
A. Donepezil
B. Thiamine
C. Levodopa and carbidopa
D. Acetazolamide
E. Sertraline
F. Memantine
""","একজন ৭৮ বছর বয়সী পুরুষকে তার মেয়ে ডাক্তারের কাছে অনুসরণমূলক পরীক্ষার জন্য নিয়ে এসেছে। মেয়েটি লক্ষ্য করেছেন যে গত এক বছরে তিনি ধীরে ধীরে বেশি ভুলে যাওয়া এবং বিচ্ছিন্ন হয়ে গেছেন। তিনি প্রায়ই গাড়ির চাবি হারিয়ে ফেলেন এবং ৩০ বছর ধরে জানেন এমন প্রতিবেশীদের নাম ভুলে যান। তার ঠিকানা ও ফোন নম্বর স্মরণ করতে সমস্যার মুখোমুখি হন। সম্প্রতি তিনি মূত্র ও মলত্যাগের অক্ষমতার একটি পর্বে ছিলেন। গত সপ্তাহে, তার প্রতিবেশী তাকে মুদি দোকানের পার্কিং লটে ঘুরে বেড়াতে দেখেছেন। তাঁর উচ্চ রক্তচাপ এবং হাইপারলিপিডেমিয়া রয়েছে। তিনি ৪০ বছর ধরে প্রতিদিন এক প্যাকেট সিগারেট ধূমপান করতেন কিন্তু ১৮ বছর আগে ছেড়ে দিয়েছিলেন। তার বর্তমান ওষুধের মধ্যে আছে হাইড্রোক্লোরোথায়াজাইড এবং অ্যাটরভাস্ট্যাটিন। তিনি সুস্থ দেখাচ্ছেন; BMI ২৩ কেজি/মি2। তাপমাত্রা ৩৭.২°C (৯৯.০°F), পালস ৮৬/মিনিট, শ্বাসপ্রশ্বাস ১৪/মিনিট, রক্তচাপ ১৩৬/৮৪ মিমি পারদ। মিনিমেন্টাল স্টেট এক্সাম স্কোর ১৯/৩০। তিনি তার ভুলে যাওয়া নিয়ে উদ্বিগ্ন নন। ক্র্যানিয়াল নার্ভ II-XII স্বাভাবিক। সব অঙ্গপ্রত্যঙ্গে শক্তি ৫/৫ এবং হালকা স্পর্শে পূর্ণ সংবেদনশীলতা রয়েছে। প্যাটেলার, অ্যাকিলিস ও বাইসেপ্স রিফ্লেক্স দুপাশেই ২+। তার গতি স্থিতিশীল। মস্তিষ্কের MRI স্ক্যানে ভেন্ট্রিকুলোমেগালি এবং প্রমিনেন্ট সেরিব্রাল সলসি দেখা যায়। নিম্নলিখিতগুলির মধ্যে কোনটি সবচেয়ে উপযুক্ত ফার্মাকোথেরাপি?
A. ডোনেপেজিল
B. থায়ামিন
C. লেভোডোপা এবং কার্বিডোपा
D. অ্যাসিটাজোলামাইড
E. সেরট্রালিন
F. মেম্যান্টাইন",,,,,
R0026,"A 79-year-old woman comes to the physician for the evaluation of a 2-month history of a non-productive cough and fatigue. During this period, she also has had a 4.5-kg (10-lb) weight loss and has become increasingly short of breath with mild exertion. She has congestive heart failure and hypertension. Three months ago, she was in India for 3 weeks to attend a family wedding. She worked as a seamstress in a textile factory for 50 years. She has smoked one pack of cigarettes daily for 47 years. Her current medications include enalapril, digoxin, isosorbide, spironolactone, and metoprolol. She appears thin. Her temperature is 37.0°C (98.6°F), pulse is 90/min, respirations are 25/min, and blood pressure is 110/70 mm Hg. Pulse oximetry on room air shows an oxygen saturation of 94%. There is dullness to percussion and decreased breath sounds over the right lung base. The remainder of the examination shows no abnormalities. Laboratory studies show a glucose level of 90 mg/dL, serum lactate dehydrogenase of 227 U/L, and serum protein of 6.3 g/dL. An x-ray of the chest shows nodular pleural lesions on the right side and a moderate-sized pleural effusion. Thoracentesis shows 250 ml of turbid fluid. Analysis of the pleural fluid aspirate shows:
Erythrocyte count 1/mm3
Leukocyte count 4,000/mm3
Glucose 59 mg/dl
Lactate dehydrogenase 248 U/L
Protein 3.8 g/dL
Which of the following is the most likely underlying cause of this patient's effusion?""
A. Bronchial adenocarcinoma
B. Mesothelioma
C. Nephrotic syndrome
D. Tuberculosis
E. Congestive heart failure","নিম্নলিখিতগুলির মধ্যে কোনটি এই রোগীর প্লুরাল ইফিউশনের সবচেয়ে সম্ভাব্য অন্তর্নিহিত কারণ?
A. ব্রঙ্কিয়াল অ্যাডেনোকার্সিনোমা
B. মেসোথেলিওমা
C. নেফ্রোটিক সিনড্রোম
D. টিবি (টিউবারকুলোসিস)
E. কনজেস্টিভ হার্ট ফেইল্যুর (হৃদযন্ত্রের ব্যর্থতা)",,,,,
R0027,"A 30-year-old woman, gravida 1, para 0, at 40 weeks' gestation is admitted to the hospital in active labor. Pregnancy was complicated by iron deficiency anemia treated with iron supplements. At the beginning of the first stage of labor, there are coordinated, regular, rhythmic contractions of high intensity that occur approximately every 10 minutes. Four hours later, the cervix is 100% effaced and 10 cm dilated; the vertex is at -1 station. Over the next two hours, there is minimal change in in fetal descent; vertex is still at -1 station. Fetal birth weight is estimated at the 75th percentile. The fetal heart rate is 145/min and is reactive with no decelerations. Contractions occurs approximately every 2 minutes with adequate pressure. Epidural anesthesia was not given, as the patient is coping well with pain. Which of the following is the most appropriate next step in management?
A. Administration of terbutaline
B. Cesarean section
C. Vacuum-assisted delivery
D. Observation for another hour
E. Forceps delivery
F. Epidural anesthesia","একজন ৩০ বছর বয়সী নারী, গর্ভধারণ ১, সন্তান জন্ম ০, ৪০ সপ্তাহের গর্ভাবস্থায় সক্রিয় প্রসবের সময় হাসপাতালে ভর্তি হয়। গর্ভধারণে লৌহ ঘাটতি রক্তাল্পতা ছিল যা লৌহ সাপ্লিমেন্ট দিয়ে চিকিৎসা করা হয়েছে। প্রথম স্তরের শুরুর দিকে সমন্বিত, নিয়মিত, ছন্দময় উচ্চ তীব্রতার সংকোচন প্রায় প্রতি ১০ মিনিটে একবার ঘটে। চার ঘণ্টা পরে জরায়ু সম্পূর্ণভাবে পাতলা (১০০ % ইফেসড) এবং ১০ সেমি প্রসারিত; ভের্টেক্স -১ স্টেশনে রয়েছে। পরবর্তী দুই ঘন্টার মধ্যে গর্ভজাত শিশুর অবতরণে খুব কম পরিবর্তন হয়েছে; ভের্টেক্স এখনও -১ স্টেশনে। শিশুর জন্ম ওজন আনুমানিক ৭৫তম পার্সেন্টাইলে। ফিটাল হার্ট রেট প্রতি মিনিটে ১৪৫ এবং তা প্রতিক্রিয়াশীল, কোনো ডেসেলারেশন নেই। সংকোচন প্রায় প্রতি ২ মিনিটে যথাযথ চাপসহ ঘটে। রোগী ব্যথা সামলাতে সক্ষম হওয়ায় এপিডুরাল অ্যানাস্থেশিয়া দেওয়া হয়নি। নিম্নলিখিতগুলির মধ্যে কোনটি সর্বাধিক উপযুক্ত পরবর্তী ব্যবস্থাপনা পদক্ষেপ?
A. টেরবুট্যালিন প্রয়োগ
B. সিজারিয়ান ডেলিভারি
C. ভ্যাকুয়াম সহায়তায় ডেলিভারি
D. আরো এক ঘণ্টা পর্যবেক্ষণ করা
E. ফোর্সেপ্স দিয়ে ডেলিভারি
F. এপিডুরাল অ্যানাস্থেশিয়া প্রদান",,,,,
R0028,"A 4-year-old girl is brought to the physician because of a 3-week history of generalized fatigue and easy bruising. During the past week, she has also had fever and severe leg pain that wakes her up at night. Her temperature is 38.3°C (100.9°F), pulse is 120/min, and respirations are 30/min. Examination shows cervical and axillary lymphadenopathy. The abdomen is soft and nontender; the liver is palpated 3 cm below the right costal margin, and the spleen is palpated 2 cm below the left costal margin. Laboratory studies show:
Hemoglobin 10.1 g/dL
Leukocyte count 63,000/mm3
Platelet count 27,000/mm3
A bone marrow aspirate predominantly shows immature cells that stain positive for CD10, CD19, and TdT. Which of the following is the most likely diagnosis?""
A. Leukemoid reaction
B. Hodgkin lymphoma
C. Hairy cell leukemia
D. Aplastic anemia
E. Idiopathic thrombocytopenic purpura
F. Acute myeloid leukemia
G. Acute lymphoblastic leukemia
H. Neuroblastoma
""","৪ বছর বয়সী একটি মেয়ে ডাক্তারের কাছে আনা হয়েছে কারণ তার তিন সপ্তাহের সাধারণ ক্লান্তি এবং সহজে রক্তক্ষরণ দেখা যাচ্ছে। গত সপ্তাহে তাকে জ্বর ও তীব্র পা ব্যথা হয় যা রাতে তাকে জাগিয়ে তোলে। তার শরীরের তাপমাত্রা ৩৮.৩°C (১০০.৯°F), পালস ১২০/মিনিট, শ্বাসপ্রশ্বাস ৩০/মিনিট। পরীক্ষায় সার্ভিকাল ও অক্ষিলার লিম্ফ নোডে ফোলাভাব দেখা যায়। পেট নরম এবং স্পর্শে ব্যথা নেই; ডান দিকের কস্টাল মার্জিন থেকে ৩ সেমি নিচে যকৃত স্পর্শযোগ্য, বাম দিকের কস্টাল মার্জিন থেকে ২ সেমি নিচে প্লীহা স্পর্শযোগ্য। ল্যাবরেটরি ফলাফল:
হিমোগ্লোবিন ১০.১ গ/ডিএল
শ্বেত রক্তকণিকা সংখ্যা ৬৩,০০০/mm3
প্লেটলেট সংখ্যা ২৭,০০০/mm3
বোন ম্যারো অ্যাস্পিরেটে প্রধানত অপরিপক্ক কোষ দেখা যায় যা CD10, CD19 এবং TdT-তে পজিটিভ রঙায়িত। নিম্নলিখিতগুলোর মধ্যে কোনটি সবচেয়ে সম্ভাব্য নির্ণয়?
A. লিউকেময়েড রিঅ্যাকশন
B. হডগকিন লিম্ফোমা
C. হেয়ারি সেল লিউকেমিয়া
D. এপ্লাস্টিক অ্যানিমিয়া
E. ইডিওপ্যাথিক থ্রম্বোসাইটোপেনিক পুরপুরা
F. তীব্র মায়েলয়েড লিউকেমিয়া
G. তীব্র লিম্ফোব্লাস্টিক লিউকেমিয়া
H. নিউরোব্লাস্টোমা",,,,,
R0029,"An obese, 66-year-old woman comes to the physician for a routine health maintenance examination. She feels well but is unhappy about being overweight. She reports that she feels out of breath when walking for more than one block and while climbing stairs. She has tried to lose weight for several years without success. She goes for a walk 3 times a week but she has difficulty following a low-calorie diet. During the past 12 months, she has had two urinary tract infections that were treated with fosfomycin. She has type 2 diabetes mellitus and osteoarthritis. Her only current medication is metformin. She has never smoked. She is 160 cm (5 ft 3 in) tall and weighs 100 kg (220 lb); BMI is 39.1 kg/m2. Vital signs are within normal limits. Physical examination shows cracking in both knees on passive movement. The remainder of the examination shows no abnormalities. Serum studies show an HbA1c of 9.5%, and a fasting serum glucose concentration of 158 mg/dL. An ECG shows no abnormalities. Which of the following is the most appropriate pharmacotherapy?
A. Topiramate
B. Exenatide
C. Pioglitazone
D. Glyburide
E. Acarbose
F. Dapagliflozin
G. Phentermine
H. Saxagliptin
""","একজন স্থূল, ৬৬ বছর বয়সী নারী রুটিন স্বাস্থ্য রক্ষণাবেক্ষণ পরীক্ষার জন্য ডাক্তারের কাছে আসেন। তিনি স্বাস্থ্যের দিক থেকে ভাল অনুভব করেন কিন্তু অতিরিক্ত ওজন নিয়ে অসন্তুষ্ট। তিনি জানান যে এক ব্লক হাঁটার বেশি সময়ে এবং সিঁড়ি ওঠা-নামায় শ্বাসকষ্ট হয়। তিনি কয়েক বছর ধরে ওজন কমানোর চেষ্টা করেছেন তবে সফল হননি। তিনি সপ্তাহে ৩ বার হাঁটতে যান কিন্তু কম-ক্যালোরির ডায়েট অনুসরণ করতে কঠিনতা বোধ করেন। গত ১২ মাসে, তাকে ফসফোমাইসিন দিয়ে দুইবার ইউরিনারি ট্র্যাক্ট ইনফেকশন (UTI) চিকিৎসা করা হয়েছে। তার টাইপ ২ ডায়াবেটিস মেলিটাস এবং অস্টিওআর্থ্রাইটিস আছে। বর্তমানে তিনি মাত্র মেটফরমিনই গ্রহণ করছেন। কখনো ধূমপান করেননি। তাঁর উচ্চতা ১৬০ সেমি (৫ ফুট ৩ ইঞ্চি) এবং ওজন ১০০ কেজি (২২০ পাউন্ড); BMI ৩৯.১ কেজি/মি2। গুরুত্বপূর্ণ চিহ্নগুলো স্বাভাবিক সীমার মধ্যে। শারীরিক পরীক্ষায় উভয় হাঁটুর প্যাসিভ মুভমেন্টে ক্র্যাকিং দেখা যায়। বাকি পরীক্ষা কোনো অস্বাভাবিকতা দেখায় না। সেরাম গবেষণায় HbA1c ৯.৫% এবং ফাস্টিং গ্লুকোজ ১৫৮ mg/dL পাওয়া গেছে। ইসিজি-তে কোনো অস্বাভাবিকতা নেই। নিম্নলিখিতগুলির মধ্যে কোনটি সবচেয়ে উপযুক্ত ফার্মাকোথেরাপি?
A. Topiramate
B. Exenatide
C. Pioglitazone
D. Glyburide
E. Acarbose
F. Dapagliflozin
G. Phentermine
H. Saxagliptin",,,,,
R0030,"A 2-year-old girl is brought to the emergency department after swallowing a button battery that was lying on the table 1 hour ago. She has no shortness of breath or chest discomfort. Her pulse is 112/min and respirations are 30/min. Pulse oximetry on room air shows an oxygen saturation of 98%. Physical examination shows no abnormalities. An x-ray of the chest shows the battery lodged in the esophagus at the level of T2. Which of the following is the most appropriate next step in management?
A. Administer syrup of ipecac
B. Removal of the battery with magnet and nasogastric tube
C. Reassurance and observation
D. Follow up x-ray within 4 days
E. Administer chelation therapy
F. Endoscopic removal of the battery","একটি দুই বছর বয়সী মেয়ে টেবিলে এক ঘণ্টা আগে রাখা একটি বোতাম ব্যাটারি গিলার পর জরুরি বিভাগে আনা হয়েছে। তার শ্বাসকষ্ট বা বুকের অস্বস্তি নেই। পাল্স ১১২/মিনিট এবং শ্বাসপ্রশ্বাস ৩০/মিনিট। রুম এয়ারে পালস অক্সিমেট্রি দেখায় অক্সিজেন স্যাচুরেশন ৯৮%। শারীরিক পরীক্ষায় কোনো অসামান্যতা পাওয়া যায়নি। বক্ষের এক্স-রে দেখায় ব্যাটারি টি২ স্তরের ইসোফেগাসে আটকে আছে। নিম্নলিখিতগুলির মধ্যে কোনটি সবচেয়ে উপযুক্ত পরবর্তী ব্যবস্থাপনা পদক্ষেপ?
A. আইপেক্যাকের সিরাপ দিন
B. চুম্বক ও নাসোগ্যাস্ট্রিক টিউব ব্যবহার করে ব্যাটারি অপসারণ
C. নিশ্চিত করা এবং পর্যবেক্ষণ করা
D. ৪ দিনের মধ্যে ফলো-আপ এক্স-রে নেওয়া
E. কেলেশন থেরাপি প্রদান করুন
F. এন্ডোস্কোপিকভাবে ব্যাটারি অপসারণ করা",,,,,
R0031,"A 33-year-old woman comes to the physician because of a 4-day history of fever and neck pain that radiates to the jaw and ears. She has also noticed swelling in the front part of her throat since the onset of the pain. She reports feeling anxious and sweating profusely over the past 2 days. She has no history of major illness and takes no medication. Her temperature is 38.1°C (100.6°F), pulse is 95/min, and blood pressure is 140/70 mm Hg. Examination shows moist palms and a bilateral fine resting tremor of the outstretched hands. Examination of the neck shows a thyroid gland that is tender, firm, and enlarged. Serum studies show:
Hemoglobin 12.7 g/dL
ESR 65 mm/h
Serum
Creatinine 0.7 mg/dL
Thyroid-stimulating hormone 0.063 μU/mL
Triiodothyronine (T3) 218 ng/dL
Thyroxine (T4) 88 μg/dL
123I scan shows an enlarged thyroid gland with multiple areas of decreased uptake. Which of the following is the most likely diagnosis?""
A. Subacute thyroiditis
B. Hashimoto thyroiditis
C. Graves disease
D. Thyroid lymphoma
E. Struma ovarii
F. Factitious hyperthyroidism
G. Toxic adenoma","একজন ৩৩ বছর বয়সী নারী ডাক্তারের কাছে আসেন কারণ তিনি গত ৪ দিন ধরে জ্বর এবং গলায় ব্যথা অনুভব করছেন, যা চোয়াল ও কানে ছড়িয়ে পড়ে। ব্যথার শুরু থেকে তার গলার সামনের অংশে ফোলাভাব লক্ষ্য করেছেন। তিনি অতিরিক্ত উদ্বিগ্ন বোধ করছেন এবং গত দুই দিনে প্রচণ্ড ঘাম হচ্ছেন। তাঁর কোনো বড় রোগের ইতিহাস নেই এবং কোনও ঔষধ সেবন করেন না। তাপমাত্রা ৩৮.১°C (১০০.৬°F), পালস ৯৫/মিনিট, রক্তচাপ ১৪০/৭০ mmHg। পরীক্ষা দেখায় হাতের তালু ভেজা এবং দু'হাতে সূক্ষ্ম বিশ্রামকালের কম্পন রয়েছে। গলায় থাইরয়েড গ্রন্থি স্পর্শে ব্যথাযুক্ত, দৃঢ় ও বড়। রক্ত পরীক্ষায় দেখা যায়: হিমোগ্লোবিন ১২.৭ g/dL, ESR ৬৫ mm/h, সিরাম ক্রিয়েটিনিন ০.৭ mg/dL, থাইরয়েড-স্টিমুলেটিং হরমোন ০.০৬৩ μU/mL, ট্রায়োইডোথাইরনিন (T3) ২১৮ ng/dL, থাইরক্সিন (T4) ৮৮ μg/dL। ১২3I স্ক্যানে বড় থাইরয়েড গ্রন্থি এবং একাধিক স্থানে কম ইউপটেক দেখা যায়। নিম্নলিখিতগুলির মধ্যে কোনটি সবচেয়ে সম্ভাব্য নির্ণয়?
A. উপ-তীব্র থাইরয়েডাইটিস
B. হ্যাশিমোতো থাইরয়েডাইটিস
C. গ্রেভস রোগ
D. থাইরয়েড লিম্ফোমা
E. স্ট্রুমা ওভারিয়ি
F. কৃত্রিম হাইপারথাইরয়ডিজম
G. বিষাক্ত এডেনোমা",,,,,
R0032,"A 52-year-old man comes to the physician because of a 3.6-kg (8-lb) weight loss over the past 3 months and increasing fatigue. He was diagnosed with hepatitis C 6 years ago. His father died of colon cancer. He has smoked one pack of cigarettes daily for 35 years and drinks one beer daily. He used cocaine and heroin in the past but stopped 12 years ago. He is 176 cm (5 ft 8 in) tall and weighs 71 kg (156 lb); BMI is 22.9 kg/m2. His temperature is 37.0°C (98.6°F), pulse is 79/min, and blood pressure is 115/75 mm Hg. He appears weak and lethargic. Examination shows scleral icterus and scars on both cubital fossae. There is reddening of the palms bilaterally. There are several telangiectasias over the chest and back. The abdomen is soft and nontender. The liver is firm and of nodular consistency. Laboratory studies show:
Hemoglobin 11.6 g/dL
Mean corpuscular volume 88 μm3
Leukocyte count 9,600/mm3
Platelet count 223,000/mm3
Ultrasonography of the liver shows a solitary lesion. Which of the following findings is most likely in this patient?""
A. Positive blood cultures
B. Elevated α-fetoprotein
C. Elevated carcinoembryonic antigen
D. Exophytic tumor on colonoscopy
E. Spiculated lesion on chest CT
F. Beading of bile ducts
G. Elevated antimitochondrial antibodies","52 বছর বয়সী একজন পুরুষ গত ৩ মাসে ৩.৬ কেজি (৮ পাউন্ড) ওজন হ্রাস এবং ক্রমবর্ধমান ক্লান্তির কারণে ডাক্তারের কাছে আসেন। তিনি ৬ বছর আগে হেপাটাইটিস সি-তে নির্ণয় হয়েছিলেন। তার বাবার মৃত্যু কোলন ক্যান্সারে হয়েছে। তিনি ৩৫ বছর ধরে প্রতিদিন এক প্যাকেট সিগারেট ধূমপান করেন এবং দৈনিক একটি বিয়ার পান করেন। অতীতে কোকেইন ও হেরোইন ব্যবহার করতেন, তবে ১২ বছর আগে বন্ধ করেছেন। তার উচ্চতা ১৭৬ সেমি (৫ ফুট ৮ ইঞ্চি) এবং ওজন ৭১ কেজি (১৫৬ পাউন্ড); BMI ২২.৯ কেজি/মি2। তাপমাত্রা ৩৭.০°C (৯৮.৬°F), পালস ৭৯/মিনিট, রক্তচাপ ১১৫/৭৫ মিমি পারদ। তিনি দুর্বল ও অলস দেখাচ্ছেন। পরীক্ষায় স্ক্লেরাল আইক্টেরাস এবং উভয় কিউবিটাল ফোসার উপর দাগ দেখা যায়। দু'হাতের তালুতে লালভাব রয়েছে। বুকে ও পিঠে কয়েকটি টেল্যাঞ্জিয়েকটেসিয়া আছে। পেট নরম ও অস্বেদনশীল। যকৃত কঠিন এবং গাঁথা ধরনের। ল্যাবরেটরি ফলাফল:
হিমোগ্লোবিন ১১.৬ g/dL
মীন কর্পাস্কুলার ভলিউম ৮৮ μm3
লিউকোসাইট কাউন্ট ৯,৬০০/mm3
প্লেটলেট কাউন্ট ২২৩,০০০/mm3
যকৃতের আল্ট্রাসাউন্ডে একক লেশন দেখা যায়। নিম্নলিখিত কোনটি এই রোগীর ক্ষেত্রে সবচেয়ে সম্ভাব্য?
A. রক্ত সংস্কৃতি পজিটিভ হওয়া
B. α-ফেটোপ্রোটিনের মাত্রা বৃদ্ধি পাওয়া
C. ক্যারসিনোএম্ব্রায়োনিক অ্যান্টিজেনের মাত্রা বৃদ্ধি পাওয়া
D. কোলনস্কোপিতে এক্সোফাইটিক টিউমার দেখা যাওয়া
E. চেস্ট সিটি-তে স্পিকুলেটেড লেশন থাকা
F. পিত্তনালীর দণ্ডাকৃতি পরিবর্তন
G. অ্যান্টিমাইটোচন্ড্রিয়াল অ্যান্টিবডির মাত্রা বৃদ্ধি পাওয়া",,,,,
R0033,"A 62-year-old man comes to the physician for evaluation of an increasing right-sided cheek swelling for 2 years. He has had recurrent right-sided oral ulcers for the past 2 months. He has smoked a pack of cigarettes daily for 30 years. He drinks a beer every night. His temperature is 37.1°C (98.8°F), pulse is 71/min, respirations are 14/min, and blood pressure is 129/83 mm Hg. Examination shows a mild, nontender swelling above the angle of the right jaw. There is no overlying erythema or induration. There are multiple shallow ulcers on the right buccal mucosa and mandibular marginal gingiva. There is no lymphadenopathy. Ultrasound shows a soft tissue mass in the parotid gland. An ultrasound-guided biopsy of the mass confirms the diagnosis of parotid adenoid cystic carcinoma. A right-sided total parotidectomy is scheduled. This patient is at greatest risk for which of the following early complications?
A. Hyperesthesia of the right ear lobe
B. Hyperacusis of the right ear
C. Xerostomia when eating
D. Paralysis of the right lower lip
E. Impaired taste and sensation of the posterior 1/3 of the tongue
F. Flushing and sweating of the right cheek while eating","62 বছর বয়সী একজন পুরুষ রোগী দুই বছরের বেশি সময় ধরে বাড়তে থাকা ডান পার্শ্বের গালের ফোলার জন্য চিকিৎসকের কাছে আসেন। তিনি গত দুই মাসে পুনরাবৃত্তি হওয়া ডান পার্শ্বের মুখের আলসারও পেয়েছেন। ৩০ বছর ধরে প্রতিদিন এক প্যাকেট সিগারেট ধূমপান করেন এবং প্রতি রাতে একটি বিয়ার পান করেন। শারীরিক পরীক্ষা দেখায় ডান জোড়ার কোণ উপরে হালকা, অ-সংবেদনশীল ফোলা; কোনো লালচে বা দৃঢ়তা নেই। ডান বুকে মিউকোসা ও নিম্ন দন্তমজ্জার প্রান্তে একাধিক পৃষ্ঠতল আলসার রয়েছে। কোনো লিম্ফ নোডের বৃদ্ধি দেখা যায় না। আল্ট্রাসাউন্ডে পারোটিড গ্রন্থিতে একটি সফট টিস্যু মাস দেখা যায়; আল্ট্রাসাউন্ড-নির্দেশিত বায়োপসি দ্বারা পারোটিড অ্যাডেনয়েড সিস্টিক কার্সিনোমা নিশ্চিত হয়েছে। ডান পার্শ্বের মোট পারোটিডেক্টমি পরিকল্পনা করা হয়েছে। এই রোগীকে নিম্নলিখিত কোন প্রাথমিক জটিলতার ঝুঁকি সবচেয়ে বেশি?
A. ডান কানের লোবের অতিসংবেদনশীলতা
B. ডান কানকে শব্দের অতিরিক্ত সংবেদনশীলতা (হাইপারঅ্যাকুসিস)
C. খাবার খাওয়ার সময় মুখে শুষ্কতা
D. ডান নিচের ঠোঁটের প্যারালাইসিস
E. জিহ্বার পশ্চাৎ এক-তৃতীয়াংশের স্বাদ ও সংবেদনশীলতা হ্রাস
F. খাবার খাওয়ার সময় ডান গাল লাল হওয়া এবং ঘামা",,,,,
R0034,"A 55-year-old man comes to the physician because of a 4-month history of fatigue, increased sweating, and a 5.4-kg (12-lb) weight loss. Over the past 3 weeks, he has had gingival bleeding when brushing his teeth. Twenty years ago, he was diagnosed with a testicular tumor and treated with radiation therapy. His temperature is 37.8°C (100°F), pulse is 70/min, respirations are 12/min, and blood pressure is 130/80 mm Hg. He takes no medications. Cardiopulmonary examination shows no abnormalities. The spleen is palpated 4 cm below the left costal margin. Laboratory studies show:
Hemoglobin 9 g/dL
Mean corpuscular volume 86 μm3
Leukocyte count 110,000/mm3
Segmented neutrophils 24%
Metamyelocytes 6%
Myelocytes 34%
Promyelocytes 14%
Blasts 1%
Lymphocytes 11%
Monocytes 4%
Eosinophils 4%
Basophils 2%
Platelet count 650,000/mm3
Molecular testing confirms the diagnosis. Which of the following is the most appropriate next step in treatment?""
A. All-trans-retinoic acid therapy
B. Rituximab therapy
C. Low-dose aspirin therapy
D. Phlebotomy
E. Vincristine, prednisone, and asparaginase therapy
F. Cytarabine and daunorubicin therapy
G. Allogeneic stem cell transplantation
H. Imatinib therapy","55 বছর বয়সী একজন পুরুষ ক্লান্তি, অতিরিক্ত ঘাম এবং 5.4 কেজি (12 পাউন্ড) ওজন হ্রাসের ৪ মাসের ইতিহাস নিয়ে ডাক্তারের কাছে আসেন। গত ৩ সপ্তাহে দাঁত ব্রাশ করার সময় তার মাড়িতে রক্তপাত হয়েছে। বিশ বছর আগে তাকে টেস্টিকুলার টিউমার নির্ণয় করা হয় এবং বিকিরণ থেরাপি দিয়ে চিকিৎসা করা হয়েছিল। তার তাপমাত্রা 37.8°C (100°F), পালস 70/মিনিট, শ্বাসপ্রশ্বাস 12/মিনিট, রক্তচাপ 130/80 mm Hg। তিনি কোনো ওষুধ গ্রহণ করেন না। কার্ডিওফুসের পরীক্ষা কোনও অস্বাভাবিকতা দেখায়নি। বাম কোস্টাল মার্জিনের নিচে স্প্লীনটি 4 সেমি পর্যন্ত স্পর্শযোগ্য। ল্যাবরেটরি ফলাফল:
হিমোগ্লোবিন 9 g/dL
মিন কোর্পাসকুলার ভলিউম 86 μm3
শ্বেত রক্তকণিকা সংখ্যা 110,000/mm3
সেগমেন্টেড নিউট্রোফিল 24%
মেটামাইলোসাইট 6%
মাইলোসাইট 34%
প্রোমাইলোসাইট 14%
ব্লাস্ট 1%
লিম্ফোসাইট 11%
মনোসাইট 4%
ইওসিনোফিল 4%
বেসোফিল 2%
প্লেটলেট সংখ্যা 650,000/mm3
মৌলিক পরীক্ষা রোগ নির্ণয় নিশ্চিত করে। নিম্নলিখিতগুলির মধ্যে কোনটি সর্বাধিক উপযুক্ত পরবর্তী চিকিৎসা পদক্ষেপ?
A. অল-ট্রান্স-রেটিনয়িক অ্যাসিড থেরাপি
B. রিটুক্সিম্যাব থেরাপি
C. কম ডোজে এস্পিরিন থেরাপি
D. ফ্লেবোটমি
E. ভিঙ্ক্রিস্টিন, প্রেডনিসোন এবং অ্যাসপারাজিনেজ থেরাপি
F. সাইটারাবাইন ও ডাউনোরুবিসিন থেরাপি
G. অ্যালোজেনিক স্টেম সেল ট্রান্সপ্ল্যান্টেশন
H. ইমাটিনিব থেরাপি",,,,,
R0035,"A previously healthy 19-year-old woman comes to the physician because of vaginal discharge for 3 days. She describes the discharge as yellow and mucopurulent with a foul odor. She has also noticed vaginal bleeding after sexual activity. She has not had any itching or irritation. Her last menstrual period was 2 weeks ago. She is sexually active with one male partner, and they use condoms inconsistently. A rapid urine hCG test is negative. Her temperature is 37.3°C (99.1°F), pulse is 88/min, and blood pressure is 108/62 mm Hg. Pelvic examination shows a friable cervix. Speculum examination is unremarkable. A wet mount shows no abnormalities. Which of the following is the most appropriate diagnostic test?
A. Tzanck smear
B. Gram stain of cervical swab
C. Colposcopy
D. Pap smear
E. Nucleic acid amplification test
""","একজন পূর্বে সুস্থ ১৯ বছর বয়সী নারী তিন দিনের জন্য যোনি নিঃসরণ নিয়ে ডাক্তারের কাছে আসেন। তিনি নিঃসরণকে হলুদ এবং মিউকোপুরুলেন্ট, দুর্গন্ধযুক্ত বলে বর্ণনা করেন। যৌন ক্রিয়ার পরে তিনি যোনিতে রক্তপাতও লক্ষ্য করেছেন। তাকে কোনো চুলকানি বা জ্বালা অনুভূত হয়নি। তার শেষ মাসিক দুই সপ্তাহ আগে ছিল। তিনি এক পুরুষ সঙ্গীর সঙ্গে সক্রিয়ভাবে যৌন সম্পর্ক রাখেন এবং কন্ডোম অনিয়মিতভাবে ব্যবহার করেন। দ্রুত মূত্র hCG টেস্ট নেগেটিভ হয়েছে। তার তাপমাত্রা ৩৭.৩°C (৯৯.১°F), পালস ৮৮/মিনিট, রক্তচাপ ১০৮/৬২ mm Hg। পেলভিক পরীক্ষায় সর্ভিক্স ফ্রিবল দেখা যায়। স্পেকুলাম পরীক্ষা স্বাভাবিক। ভেজ মাউন্টে কোনো অস্বাভাবিকতা পাওয়া যায়নি। নিম্নের কোনটি সবচেয়ে উপযুক্ত নির্ণয়মূলক পরীক্ষা?
A. টজ্যাঙ্ক স্মিয়ার
B. সর্বাইকল স্ব্যাবের গ্রাম স্টেইন
C. কোলপোস্কপি
D. প্যাপ স্মিয়ার
E. ন্যুক্লিক অ্যাসিড অম্প্লিফিকেশন টেস্ট",,,,,
R0036,"A 40-year-old woman, gravida 2, para 2, comes to the physician because of fatigue, nausea, joint pain, and mild flank pain for 2 months. She has refractory acid reflux and antral and duodenal peptic ulcers for which she takes omeprazole. She also has chronic, foul-smelling, light-colored diarrhea. Five years ago she was successfully treated for infertility with bromocriptine. She reports recently feeling sad and unmotivated at work. She does not smoke or drink alcohol. She is 175 cm (5 ft 9 in) tall and weighs 100 kg (220 lb); BMI is 32.7 kg/m2. Her temperature is 37°C (98.8°F), pulse is 78/min, and blood pressure is 150/90 mm Hg. Cardiopulmonary examination shows no abnormalities. The abdomen is moderately distended and diffusely tender to palpation. There is mild costovertebral angle tenderness. Her serum calcium concentration is 12 mg/dL, phosphorus concentration is 2 mg/dL, and parathyroid hormone level is 900 pg/mL. Abdominal ultrasound shows mobile echogenic foci with acoustic shadowing in her ureteropelvic junctions bilaterally. A mutation in which of the following genes is most likely present in this patient?
A. NF2
B. VHL
C. C-Kit
D. RET
E. MEN1","৪০ বছর বয়সী এক নারী, গর্ভধারণের সংখ্যা ২ এবং সন্তান সংখ্যা ২, ক্লান্তি, বমিভাব, জোড়া ব্যথা ও দুই মাস ধরে হালকা পিঠের পার্শ্বে ব্যথার জন্য ডাক্তারের কাছে আসেন। তিনি রিফ্র্যাক্টরি অ্যাসিড রিফ্লাক্স এবং অ্যানট্রাল ও ডুওডেনাল আলসার রোগে আক্রান্ত, যার জন্য তিনি ওমেপ্রাজল গ্রহণ করেন। এছাড়াও তার দীর্ঘস্থায়ী, দুর্গন্ধযুক্ত, হালকা রঙের ডায়রিয়া রয়েছে। পাঁচ বছর আগে ব্রোমোক্রিপ্টিন দিয়ে তিনি গর্ভধারণ সমস্যার সফলভাবে চিকিৎসা করিয়েছিলেন। সম্প্রতি কাজের মধ্যে দুঃখ ও অনুপ্রেরণাহীনতা অনুভব করছেন। তিনি ধূমপান বা মদ্যপান করেন না। তার উচ্চতা ১৭৫ সেমি (৫ ফুট ৯ ইঞ্চি) এবং ওজন ১০০ কেজি (২২০ পাউন্ড); BMI ৩২.৭ কেজি/মি2। তাপমাত্রা ৩৭°C (৯৮.৮°F), পালস ৭৮/মিনিট, রক্তচাপ ১৫০/৯০ মিমি পারদ। কার্ডিওফুসের পরীক্ষায় কোনো অস্বাভাবিকতা নেই। পেট মাঝারি ফাঁপা এবং স্পর্শে বিস্তৃতভাবে সংবেদনশীল; হালকা কস্টোভার্টিব্রাল কোণ ব্যথা রয়েছে। সিরাম ক্যালসিয়ামের ঘনত্ব ১২ mg/dL, ফসফরাসের ঘনত্ব ২ mg/dL, ও প্যারাথাইরয়েড হরমোন স্তর ৯০০ pg/mL। পেটের আল্ট্রাসাউন্ডে উভয় পাশে ইউরেটার-পেলভিক জংশনে মোবাইল ইকোজেনিক ফোকি এবং অ্যাকোস্টিক শ্যাডো দেখা যায়। নিম্নলিখিত কোন জিনের মিউটেশন এই রোগীর মধ্যে সবচেয়ে সম্ভাবনা রয়েছে?
A. NF2
B. VHL
C. C-Kit
D. RET
E. MEN1",,,,,
R0037,"A 70-year-old man comes to the physician because of intermittent shortness of breath while going up stairs and walking his dog. It began about 1 month ago and seems to be getting worse. He has also developed a dry cough. He has not had any wheezing, fevers, chills, recent weight loss, or shortness of breath at rest. He has a history of Hodgkin lymphoma, for which he was treated with chemotherapy and radiation to the chest 7 years ago. He also has hypertension, for which he takes lisinopril. Ten years ago, he retired from work in the shipbuilding industry. He has smoked half a pack of cigarettes daily since the age of 21. Vital signs are within normal limits. On lung auscultation, there are mild bibasilar crackles. A plain x-ray of the chest shows bilateral ground-glass opacities at the lung bases and bilateral calcified pleural plaques. Which of the following is the greatest risk factor for this patient's current condition?
A. Occupational exposure
B. Smoking
C. Advanced age
D. Family history
E. Radiation therapy","৭০ বছর বয়সী একজন পুরুষ রোগী সিঁড়ি ওঠা এবং কুকুর হাঁটানোর সময় মাঝে মাঝে শ্বাসকষ্টের অভিযোগে ডাক্তারের কাছে আসেন। এটি প্রায় এক মাস আগে শুরু হয় এবং ধীরে ধীরে বাড়ছে। তিনি শুকনো কাশিও পেয়েছেন। কোনো শ্বাসযন্ত্রের ঘাঁটি, জ্বর, কম্পন, সাম্প্রতিক ওজন হ্রাস বা বিশ্রামে শ্বাসকষ্ট নেই। ৭ বছর আগে তিনি হজকিন লিম্ফোমা রোগে ছিলেন এবং রসায়ন থেরাপি ও বুকে বিকিরণ চিকিৎসা করিয়েছিলেন। এছাড়া তার উচ্চ রক্তচাপ আছে, যার জন্য তিনি লিসিনোপ্রিল গ্রহণ করেন। দশ বছর আগে তিনি জাহাজ নির্মাণ শিল্প থেকে অবসর নিয়েছেন। ২১ বছর বয়সে শুরু করে তিনি প্রতিদিন অর্ধেক প্যাক সিগারেট ধূমপান করেন। জীবনীগত চিহ্নগুলো স্বাভাবিক সীমার মধ্যে। ফুসফুস শোনার সময় হালকা দু'বেসিলার ক্র্যাকলস দেখা যায়। ছাতির সাধারণ এক্স-রে দেখায় উভয় দিকের বেসে গ্রাউন্ড-গ্লাস অপ্যাসিটি এবং দ্বিপাক্ষিক ক্যালসিফাইড প্লুরাল প্লাক। নিম্নলিখিত কোনটি রোগীর বর্তমান অবস্থার সবচেয়ে বড় ঝুঁকি কারণ?
A. পেশাগত সংস্পর্শ
B. ধূমপান
C. বয়সের অগ্রগতি
D. পারিবারিক ইতিহাস
E. বিকিরণ থেরাপি",,,,,
R0038,"A 56-year-old woman comes to the physician for follow-up after a measurement of elevated blood pressure at her last visit three months ago. She works as a high school teacher at a local school. She says that she mostly eats cafeteria food and take-out. She denies any regular physical activity. She does not smoke or use any recreational drugs. She drinks 2 to 3 glasses of wine per day. She has hypercholesterolemia for which she takes atorvastatin. Her height is 165 cm (5 ft 5 in), weight is 82 kg (181 lb), and BMI is 30.1 kg/m2. Her pulse is 67/min, respirations are 18/min, and blood pressure is 152/87 mm Hg on the right arm and 155/92 mm Hg on the left arm. She would like to try lifestyle modifications to improve her blood pressure before considering pharmacologic therapy. Which of the following lifestyle modifications is most likely to result in the greatest reduction of this patient's systolic blood pressure?
A. Losing 15 kg (33 lb) of body weight
B. Decreasing alcohol consumption to maximum of one drink per day
C. Reducing sodium intake to less than 2.4 g per day
D. Adopting a DASH diet
E. Walking for 30 minutes, 5 days per week","একটি ৫৬ বছর বয়সী নারী তিন মাস আগে তার শেষ পরিদর্শনে রক্তচাপের উচ্চ মান মাপা হওয়ার পরে ফলো-আপের জন্য ডাক্তারের কাছে আসেন। তিনি স্থানীয় এক স্কুলে হাইস্কুল শিক্ষক হিসেবে কাজ করেন। তিনি বলেন যে তিনি মূলত ক্যাফেটেরিয়া খাবার ও টেকআউট খেয়ে থাকেন। নিয়মিত শারীরিক কার্যকলাপ নেই। ধূমপান বা মাদক ব্যবহার করেন না। দিনে ২-৩ গ্লাস ওয়াইন পান করেন। হাইপারকোলেস্টেরলেমিয়ার জন্য তিনি অ্যাটরভাস্টেটিন গ্রহণ করছেন। তার উচ্চতা ১৬৫ সেমি (৫ ফুট ৫ ইঞ্চি), ওজন ৮২ কেজি (১৮১ পাউন্ড), এবং BMI ৩০.১ কেজি/মি2। পালস ৬৭/মিনিট, শ্বাসপ্রশ্বাস ১৮/মিনিট, এবং ডান বাহুতে রক্তচাপ ১৫২/৮৭ mm Hg ও বাম বাহুতে ১৫৫/৯২ mm Hg। তিনি ফার্মাকোলজিক থেরাপি শুরু করার আগে রক্তচাপ কমাতে জীবনধারা পরিবর্তন করতে চান। নিম্নলিখিত কোন জীবনধারা পরিবর্তনটি এই রোগীর সিস্টোলিক রক্তচাপে সর্বোচ্চ হ্রাস ঘটানোর সম্ভাবনা বেশি?
A. দেহের ওজন ১৫ কেজি (৩৩ পাউন্ড) কমানো
B. মদ্যপানের পরিমাণ দিনে সর্বোচ্চ এক গ্লাসে সীমিত করা
C. সোডিয়াম গ্রহণকে প্রতিদিন ২.৪ গ্রাম এর কমে নামানো
D. ড্যাশ (DASH) ডায়েট অনুসরণ করা
E. প্রতি সপ্তাহে ৫ দিন, ৩০ মিনিট হাঁটা",,,,,
R0039,"A 28-year-old woman comes to the physician because she is unable to conceive for 3 years. She and her partner are sexually active and do not use contraception. They were partially assessed for this complaint 6 months ago. Analysis of her husband's semen has shown normal sperm counts and hormonal assays for both partners were normal. Her menses occur at regular 28-day intervals and last 5 to 6 days. Her last menstrual period was 2 weeks ago. She had a single episode of urinary tract infection 4 years ago and was treated with oral antibiotics. Vaginal examination shows no abnormalities. Bimanual examination shows a normal-sized uterus and no palpable adnexal masses. Rectal examination shows no abnormalities. Which of the following is the most appropriate next step in diagnosis?
A. Psychological counseling only
B. Postcoital testing
C. Hysteroscopy
D. Hysterosalpingogram
E. Chromosomal karyotyping
F. Endometrial biopsy","একজন ২৮ বছর বয়সী নারী ডাক্তারের কাছে আসছেন কারণ তিনি গত ৩ বছর ধরে গর্ভধারণ করতে পারছেন না। তিনি এবং তার সঙ্গী যৌন সক্রিয় এবং কোনো গর্ভনিরোধক ব্যবহার করছেন না। এই সমস্যার জন্য তারা ছয় মাস আগে আংশিকভাবে মূল্যায়ন করা হয়েছিল। স্বামীর শুক্রাণু বিশ্লেষণে স্বাভাবিক স্পার্ম সংখ্যা দেখা গেছে এবং উভয়ের হরমোন পরীক্ষা স্বাভাবিক ছিল। তার ঋতুচক্র নিয়মিত ২৮ দিনের অন্তর ঘটে এবং প্রতি সেশনে ৫-৬ দিন স্থায়ী হয়। শেষ মাসিক দুই সপ্তাহ আগে হয়েছে। তিনি চার বছর আগে একবার মূত্রনালীর সংক্রমণ রোগে আক্রান্ত হন এবং মৌখিক অ্যান্টিবায়োটিক দিয়ে চিকিৎসা নেওয়া হয়েছিল। যোনি পরীক্ষা কোনো অসামান্যতা দেখায় না। দ্বিপাক্ষিক পরীক্ষায় স্বাভাবিক আকারের গর্ভাশয় দেখা যায় এবং কোনও অ্যাডনেক্সাল টিউমার স্পর্শযোগ্য নয়। রেকটাল পরীক্ষাতেও কোনো অস্বাভাবিকতা নেই। নিম্নলিখিতগুলির মধ্যে কোনটি সর্বোত্তম পরবর্তী নির্ণয়ের ধাপ?
A. শুধুমাত্র মানসিক পরামর্শ
B. সহবাস-পরবর্তী পরীক্ষা (পোস্টকয়িটাল টেস্টিং)
C. হিস্টারোস্কপি
D. হিস্টেরোস্যাল্পিঙ্গোগ্রাম
E. ক্রোমোজোমাল ক্যারিওটাইপিং
F. এন্ডোমেট্রিয়াল বায়োপসি",,,,,
R0040,"A 14-year-old Somalian boy is brought to the emergency department by his mother because of a painful penile erection since he woke up 3 hours ago. His family recently emigrated to the United States from a refugee camp, and his past medical history is unknown. He has never had a health check up prior to this visit. On further questioning, his mother reports that the child is often fatigued and sick, and has episodes of joint pain. Examination shows ejection systolic murmurs heard over the precordium. Examination of the genitalia shows an engorged, tumescent penis. The remainder of the examination shows no abnormalities. Which of the following is the most likely underlying cause?
A. Acute leukemia
B. Sickle cell disease
C. Heroin abuse
D. Non-Hodgkin lymphoma
E. Sildenafil intake
F. Idiopathic","একজন ১৪ বছর বয়সী সোমালিয়ান ছেলে তার মা তাকে জরুরি বিভাগে নিয়ে এসেছেন কারণ তিনি জাগার পর থেকে তিন ঘণ্টা ধরে ব্যথাযুক্ত লিঙ্গ উত্তেজনা (ইরেকশন) অনুভব করছেন। তাঁর পরিবার সম্প্রতি শরণার্থী ক্যাম্প থেকে যুক্তরাষ্ট্রে অভিবাসন করেছে এবং অতীত চিকিৎসা ইতিহাস অজানা। এই ভিজিটের আগে কখনো স্বাস্থ্য পরীক্ষা করা হয়নি। আরও প্রশ্ন করার সময়, মা জানান যে শিশুটি প্রায়শই ক্লান্ত ও অসুস্থ থাকে এবং জয়েন্টে ব্যথার এপিসোড দেখা দেয়। পরীক্ষায় প্রিকর্ডিয়ামের ওপর ইজেকশন সিস্টোলিক মর্মর শোনা যায়। লিঙ্গের পরীক্ষা দেখায় ফোলা, টিউমেসেন্ট (ফুলে ওঠা) লিঙ্গ। বাকি পরীক্ষায় কোনো অস্বাভাবিকতা পাওয়া যায়নি। নিম্নলিখিতগুলোর মধ্যে কোনটি সবচেয়ে সম্ভাব্য অন্তর্নিহিত কারণ?
A. তীব্র লুকেমিয়া
B. সিকেল সেল রোগ
C. হেরয়িন ব্যবহার
D. নন-হডজকিন লিম্ফোমা
E. সিল্ডেনাফিল গ্রহণ
F. অজানা কারণ",,,,,
R0041,"A 47-year-old woman comes to the physician because of a 3-week history of generalized fatigue, mild fever, abdominal pain, and nausea. She attended the state fair over a month ago, where she tried a number of regional foods, and wonders if it might have been caused by something she ate. She has also noticed darkening of her urine, which she attributes to not drinking enough water recently. She has type 2 diabetes mellitus. She drinks 1-2 beers daily. She works as nursing assistant in a rehabilitation facility. Current medications include glyburide, sitagliptin, and a multivitamin. She appears tired. Her temperature is 38.1°C (100.6°F), pulse is 99/min, and blood pressure is 110/74 mm Hg. Examination shows mild scleral icterus. The liver is palpated 2-3 cm below the right costal margin and is tender. Laboratory studies show:
Hemoglobin 10.6 g/dL
Leukocyte count 11600/mm3
Platelet count 221,000/mm3
Serum
Urea nitrogen 26 mg/dL
Glucose 122 mg/dL
Creatinine 1.3 mg/dL
Bilirubin 3.6 mg/dL
Total 3.6 mg/dL
Direct 2.4 mg/dL
Alkaline phosphatase 72 U/L
AST 488 U/L
ALT 798 U/L
Hepatitis A IgG antibody (HAV-IgG) positive
Hepatitis B surface antigen (HBsAg) positive
Hepatitis B core IgG antibody (anti-HBc) positive
Hepatitis B envelope antigen (HBeAg) positive
Hepatitis C antibody (anti-HCV) negative
Which of the following is the most likely diagnosis?""
A. Inactive chronic hepatitis B infection
B. Acute hepatitis B infection
C. Active chronic hepatitis B infection
D. Resolved acute hepatitis B infection
E. Alcoholic hepatitis
F. Active hepatitis A infection
""","৪৭ বছর বয়সী এক নারী রোগীর কাছে আসছেন কারণ তিনি গত ৩ সপ্তাহ ধরে সাধারণ ক্লান্তি, হালকা জ্বর, পেটের ব্যথা এবং বমিভাব অনুভব করছেন। তিনি এক মাসেরও বেশি আগে রাজ্য মেলায় গিয়েছিলেন, যেখানে তিনি বিভিন্ন আঞ্চলিক খাবার চেষ্টা করেছিলেন, এবং ভাবছেন এটি তার খাওয়া কিছু কারণে হতে পারে কিনা। তিনি সম্প্রতি পর্যাপ্ত পানি না পান করার ফলে প্রস্রাবে অন্ধকার হওয়াকে লক্ষ্য করেছেন। তাঁর টাইপ ২ ডায়াবেটিস মেলিটাস আছে। তিনি দিনে ১-২টি বিয়ার পান করেন। তিনি একটি পুনর্বাসন কেন্দ্রে নার্সিং সহকারী হিসেবে কাজ করেন। বর্তমান ওষুধের মধ্যে রয়েছে গ্লাইবুরাইড, সিটাগ্লিপটিন এবং মাল্টিভিটামিন। তিনি ক্লান্ত দেখাচ্ছেন। তার তাপমাত্রা ৩৮.১°C (১০০.৬°F), পালস ৯৯/মিনিট, রক্তচাপ ১১০/৭৪ mm Hg। পরীক্ষায় হালকা স্ক্লেরাল জন্ডিস দেখা যায়। যকৃত ডান দিকের কস্টাল মার্জিন থেকে ২-৩ সেমি নিচে স্পর্শযোগ্য এবং নরম। ল্যাবরেটরি ফলাফল:
হিমোগ্লোবিন ১০.৬ g/dL
লিউকোসাইট সংখ্যা ১১৬০০/mm3
প্লেটলেট সংখ্যা ২২১,০০০/mm3
সিরাম ইউরিয়া নাইট্রোজেন ২৬ mg/dL
গ্লুকোজ ১২২ mg/dL
ক্রিয়াটিনিন ১.৩ mg/dL
বিলিরুবিন মোট ৩.৬ mg/dL (ডাইরেক্ট ২.৪ mg/dL)
অ্যালকালাইন ফসফেটেজ ৭২ U/L
AST ৪৮৮ U/L
ALT ৭৯৮ U/L
হেপাটাইটিস A IgG অ্যান্টিবডি (HAV-IgG) পজিটিভ
হেপাটাইটিস B সারফেস অ্যান্টিজেন (HBsAg) পজিটিভ
হেপাটাইটিস B কোর IgG অ্যান্টিবডি (anti-HBc) পজিটিভ
হেপাটাইটিস B এনভেলপ অ্যান্টিজেন (HBeAg) পজিটিভ
হেপাটাইটিস C অ্যান্টিবডি (anti-HCV) নেগেটিভ
নিম্নলিখিতগুলির মধ্যে কোনটি সবচেয়ে সম্ভাব্য নির্ণয়?
A. নিষ্ক্রিয় দীর্ঘস্থায়ী হেপাটাইটিস বি সংক্রমণ
B. তীব্র হেপাটাইটিস বি সংক্রমণ
C. সক্রিয় দীর্ঘস্থায়ী হেপাটাইটিস বি সংক্রমণ
D. সমাধানকৃত তীব্র হেপাটাইটিস বি সংক্রমণ
E. অ্যালকোহলিক হেপাটাইটিস
F. সক্রিয় হেপাটাইটিস এ সংক্রমণ",,,,,
R0042,"A 29-year-old male is brought to the emergency department 20 minutes after sustaining a stab wound to the right chest. First-responders found the patient sitting on the curb smoking a cigarette, complaining of pain where he had been stabbed. On arrival, he is alert. His temperature is 36.8°C (98.2°F), pulse is 110/min, respirations are 16/min, and blood pressure is 112/70 mmHg. Pulse oximetry on room air shows an oxygen saturation of 97%. Examination shows several 1-2 cm lacerations and ecchymoses over the face and trunk. There is no neck crepitus. There is a pocket knife in the right fourth intercostal space at the anterior axillary line and blood oozing out of the wound. There is no bubbling of the blood at the wound. The lungs are clear to auscultation with equal breath sounds. The remainder of the examination shows no abnormalities. A chest x-ray shows the knife in situ extending into the right thorax. Which of the following is the most appropriate next step in management?
A. Right needle thoracostomy
B. Right tube thoracostomy
C. Endotracheal intubation
D. Cricothyroiditomy
E. CT scan of the chest
F. Insertion of a laryngeal mask","২৯ বছর বয়সী একজন পুরুষকে ডান বুকের দিকে ছুরি আঘাতের পরে ২০ মিনিটে জরুরি বিভাগে নিয়ে আসা হয়। প্রথম প্রতিক্রিয়াকারীরা রোগীকে কর্বে বসে সিগারেট ধূমপান করতে দেখতে পান, যেখানে তাকে ছুরির আঘাত লেগেছে সেখানে ব্যথা জানাচ্ছিলেন। পৌঁছানোর সময় তিনি সচেতন। তার তাপমাত্রা ৩৬.৮°C (৯৮.২°F), পালস ১১০/মিনিট, শ্বাসপ্রশ্বাস ১৬/মিনিট, এবং রক্তচাপ ১১২/৭০ mmHg। কক্ষের বাতাসে পল্স অক্সিমেট্রি দেখায় অক্সিজেন স্যাচুরেশন ৯৭%। পরীক্ষায় মুখ ও দেহে কয়েকটি ১-২ সেমি লেসারেশন এবং ইকচিমোস দেখা যায়। গলায় কোনো ক্রেপিটাস নেই। ডান চতুর্থ আন্তঃকোষিক স্থানে অ্যান্টেরিয়র অ্যাক্সিলারি লাইনে একটি পকেট নাইফ রয়েছে এবং ক্ষতের থেকে রক্ত নিঃসরণ হচ্ছে। ক্ষেতে রক্তের বুদবুদ দেখা যায় না। ফুসফুস শোনার সময় পরিষ্কার এবং উভয় পাশে সমান শ্বাসধ্বনি পাওয়া যায়। পরীক্ষার বাকী অংশে কোনো অস্বাভাবিকতা নেই। একটি চেস্ট এক্স-রে দেখায় নাইফটি স্থানে রয়েছে এবং ডান থোর্যাক্সে প্রবেশ করেছে। নিম্নলিখিতগুলির মধ্যে কোনটি সর্বোত্তম পরবর্তী ব্যবস্থাপনা পদক্ষেপ?
A. ডান পাশে সূচি থোরাকোস্টোমি
B. ডান পাশে টিউব থোরাকোস্টোমি
C. এন্ডোট্র্যাকিয়াল ইন্টুবেশন
D. ক্রিকোথাইরয়েডিটমি
E. বক্ষের সিটি স্ক্যান
F. ল্যারিঞ্জিয়াল মাস্ক প্রবেশ করানো",,,,,
R0043,"A 32-year-old woman comes to the emergency department for a 2-week history of right upper quadrant abdominal pain. She has also been feeling tired and nauseous for the past 5 weeks. She has a history of depression and suicidal ideation. She is a social worker for an international charity foundation. She used intravenous illicit drugs in the past but quit 4 months ago. Her only medication is sertraline. Her temperature is 37.8°C (100.0°F), pulse is 100/min, and blood pressure is 128/76 mm Hg. She is alert and oriented. Scleral icterus is present. Abdominal examination shows tenderness to palpation in the right upper quadrant. The liver edge is palpated 3 cm below the right costal margin. There is no rebound tenderness or guarding. The abdomen is non-distended and the fluid wave test is negative. She is able to extend her arms with wrists in full extension and hold them steady without flapping. Laboratory studies show:
Hemoglobin 13.8 g/dL
Leukocytes 13,700/mm3
Platelets 165,000/mm3
Prothrombin time 14 seconds
Partial thromboplastin time 35 seconds
Serum:
Total bilirubin 4.8 mg/dL
Direct bilirubin 1.3 mg/dL
Aspartate aminotransferase 1852 U/L
Alanine aminotransferase 2497 U/L
Urea nitrogen 21 mg/dL
Creatinine 1.2 mg/dL
Hepatitis A IgM antibody Negative
Hepatitis B surface antigen Negative
Hepatitis B surface antibody Negative
Hepatitis B core IgM antibody Positive
Hepatitis C antibody Positive
Hepatitis C RNA Negative
Urine beta-hCG Negative
Which of the following is the most appropriate next step in management?""
A. Pegylated interferon-alpha
B. Supportive therapy
C. Tenofovir
D. Emergency liver transplantation
E. Ribavirin and interferon
F. Sofosbuvir and velpatasvir
G. Vaccination against Hepatitis B","একজন ৩২ বছর বয়সী নারী জরুরি বিভাগে দুই সপ্তাহের ডান উপরের কোয়ার্টার পেটের ব্যথা নিয়ে আসেন। তিনি গত পাঁচ সপ্তাহ ধরে ক্লান্তি ও বমিভাব অনুভব করছেন। তার বিষণ্নতা এবং আত্মহত্যার চিন্তার ইতিহাস আছে। তিনি একটি আন্তর্জাতিক দাতব্য সংস্থায় সামাজিক কর্মী হিসেবে কাজ করেন। অতীতে তিনি শিরা প্রবেশযোগ্য অবৈধ ড্রাগ ব্যবহার করতেন কিন্তু চার মাস আগে তা বন্ধ করেছেন। তার একমাত্র ওষুধ হল সেরট্রালিন। তার তাপমাত্রা ৩৭.৮°C (১০০°F), পালস ১০০/মিনিট, রক্তচাপ ১২৮/৭৬ mm Hg। তিনি সতর্ক এবং দিকনির্দেশে সচেতন। স্ক্লেরাল ইক্টেরাস দেখা যায়। পেট পরীক্ষা দেখায় ডান উপরের কোয়ার্টারে স্পর্শে সংবেদনশীলতা। লিভার এজ ডান কস্টাল মার্জিন থেকে ৩ সেমি নিচে স্পর্শযোগ্য। রিবাউন্ড টেন্ডারনেস বা গার্ডিং নেই। পেট ফোলা নয় এবং তরল তরঙ্গ পরীক্ষা নেগেটিভ। তিনি তার হাতকে পূর্ণ বর্ধিত অবস্থায় কব্জি দিয়ে প্রসারিত করে স্থির রাখতে পারেন, কোনো ফ্ল্যাপিং ছাড়া। ল্যাবরেটরি ফলাফল: হিমোগ্লোবিন ১৩.৮ g/dL; লিউকোসাইট ১৩,৭০০/mm3; প্লেটলেট ১৬৫,০০০/mm3; প্রোথ্রম্বিন সময় ১৪ সেকেন্ড; পার্শিয়াল থ্রোমবোপ্লাস্টিন সময় ৩৫ সেকেন্ড; সিরাম মোট বিলিরুবিন ৪.৮ mg/dL; ডাইরেক্ট বিলিরুবিন ১.৩ mg/dL; অ্যাসপারটেট অ্যামিনো ট্রান্সফেরেজ ১৮৫২ U/L; আলানাইন অ্যামিনো ট্রান্সফেরেজ ২৪৯৭ U/L; ইউরিয়া নাইট্রোজেন ২১ mg/dL; ক্রিয়াটিনিন ১.২ mg/dL; হেপাটাইটিস A IgM অ্যান্টিবডি নেগেটিভ; হেপাটাইটিস B সারফেস অ্যান্টিজেন নেগেটিভ; হেপাটাইটিস B সারফেস অ্যান্টিবডি নেগেটিভ; হেপাটাইটিস B কোর IgM অ্যান্টিবডি পজিটিভ; হেপাটাইটিস C অ্যান্টিবডি পজিটিভ; হেপাটাইটিস C RNA নেগেটিভ; ইউরিন বিটা-hCG নেগেটিভ। নিম্নলিখিতগুলির মধ্যে কোনটি ব্যবস্থাপনার সর্বোত্তম পরবর্তী ধাপ?
A. পেগিলেটেড ইন্টারফেরন-আলফা
B. সহায়ক থেরাপি
C. টেনোফোভির
D. জরুরি লিভার প্রতিস্থাপন
E. রিবাভিরিন এবং ইন্টারফেরন
F. সোফোসবিউভির এবং ভেলপাটাসভির
G. হেপাটাইটিস বি টিকাদান",,,,,
R0044,"A 40-year-old man comes to the physician because of a 5-kg (11-lb) weight loss over the past month and easy bruising. He has not changed his diet significantly. He also noticed that his arms now bruise more easily. He appears pale. His pulse is 70/min, his blood pressure is 125/75 mm Hg, and his temperature is 38°C (100.4°F). Examination shows a palm-sized hematoma on his right arm. His spleen is palpable 5 cm below the costal margin. His liver is enlarged. Laboratory results show:
Leukocytes 10,500/mm3
Hemoglobin 10.2 g/dL
Platelets 52,000/mm3
Fibrinogen 110 mg/dL (Reference: 150-400 mg/dL)
Cytogenetic analysis shows leukocytes with a reciprocal translocation of chromosomes 15 and 17. Which of the following is the most appropriate treatment for this patient at this time?""
A. Rituximab
B. Cyclophosphamide
C. All-trans retinoic acid
D. Platelet transfusion
E. Cryoprecipitate transfusion
F. Imatinib","৪০ বছর বয়সী একজন পুরুষ রোগীর ওজন গত মাসে ৫ কেজি (১১ পাউন্ড) কমেছে এবং সহজে রক্তক্ষরণ হচ্ছে বলে ডাক্তারের কাছে আসেন। তার খাবারে কোনো উল্লেখযোগ্য পরিবর্তন হয়নি। তিনি লক্ষ্য করেছেন যে এখন তার বাহুতে আরও সহজে দাগ পড়ছে। তিনি শ্বেতবর্ণ দেখাচ্ছেন। তার পালস ৭০/মিনিট, রক্তচাপ ১২৫/৭৫ mm Hg এবং তাপমাত্রা ৩৮°C (১০০.৪°F)। পরীক্ষা করে দেখা যায় ডান বাহুতে একটি তালুর আকারের হেমাটোমা রয়েছে। পাঁজরের প্রান্ত থেকে ৫ সেমি নিচে তার প্লীহা স্পর্শযোগ্য। লিভার বড় হয়েছে। পরীক্ষার ফলাফল:
লিউকোসাইট ১০,৫০০/mm3
হিমোগ্লোবিন ১০.২ g/dL
প্লেটলেট ৫২,০০০/mm3
ফাইব্রিনোজেন ১১০ mg/dL (রেফারেন্স: ১৫০-৪০০ mg/dL)
সাইটোজেনেটিক বিশ্লেষণে দেখা গেছে ক্রোমোসোম ১৫ এবং ১৭ এর পারস্পরিক ট্রান্সলোকেশন। এই রোগীর বর্তমান অবস্থায় সবচেয়ে উপযুক্ত চিকিৎসা কী হবে?
A. রিটুক্সিম্যাব
B. সাইক্লোফসফামাইড
C. অল-ট্রান্স রেটিনয়িক অ্যাসিড
D. প্লেটলেট ট্রান্সফিউশন
E. ক্রাইওপ্রেসিপিটেট ট্রান্সফিউশন
F. ইমাটিনিব",,,,,
R0045,"A 70-year-old man comes to the emergency room for worsening leg pain and a rash consistent with wet gangrene. He has no history of skin infections but has type 2 diabetes mellitus and has smoked 2 packs of cigarettes daily for 20 years. Three days after admission, he becomes increasingly hypoxic and tachypneic. He is emergently intubated and ventilatory support is initiated. He is 180 cm (5 ft 11 in) tall and weighs 90 kg (198 lb); BMI is 27.8 kg/m2. His pulse is 112/min and his blood pressure is 95/60 mmHg. The ventilator is set at an FIO2 of 100%, tidal volume of 540 mL, respiratory rate of 20/min, and positive end-expiratory pressure (PEEP) of 5 cm H2O. On pulmonary examination, there are diffuse crackles. Cardiac examination shows no abnormalities. Hemoglobin is 11.5 g/dL, serum lactate is 4.0 mmol/L, and serum creatinine is 2.5 mg/dL. An arterial blood gas checked 30 minutes after intubation shows a PaCO2 of 50 mm Hg and a PaO2 of 55 mm Hg. An x-ray of the chest shows new bilateral infiltrates. Which of the following is the most appropriate next step to improve tissue oxygen delivery in this patient?
A. Inhaled nitric oxide
B. Prone positioning of patient
C. Increase the tidal volume
D. Increase the positive end-expiratory pressure
E. Transfusion of red blood cells","৭০ বছর বয়সী একজন পুরুষ জরুরি বিভাগে আসেন বাড়তে থাকা পা ব্যথা এবং ভেজা গ্যাংরিনের সাথে সামঞ্জস্যপূর্ণ র‍্যাশ নিয়ে। তার ত্বকের সংক্রমণের কোনো ইতিহাস নেই, তবে টাইপ ২ ডায়াবেটিস মেলিটাস আছে এবং ২০ বছর ধরে প্রতিদিন ২ প্যাক সিগারেট ধূমপান করেন। ভর্তি হওয়ার তিন দিন পরে তিনি ক্রমশ হাইপোক্সিক ও ট্যাচিপনিক হয়ে ওঠেন। তাকে জরুরি ইনটিউবেশন করা হয় এবং ভেন্টিলেটরি সাপোর্ট শুরু করা হয়। তার উচ্চতা ১৮০ সেমি (৫ ফুট ১১ ইঞ্চি) এবং ওজন ৯০ কেজি (১৯৮ পাউন্ড); BMI ২৭.৮ কেজি/মি2। পাল্স ১১২ বার/মিনিট এবং রক্তচাপ ৯৫/৬০ mmHg। ভেন্টিলেটরকে ১০০% FIO2, টিডাল ভলিউম 540 mL, শ্বাসের হার ২০ বার/মিনিট এবং পজিটিভ এন্ড-এক্সপায়ারেটরি প্রেসার (PEEP) ৫ cm H2O সেট করা হয়েছে। ফুসফুস পরীক্ষা করলে বিস্তৃত ক্র্যাকলস দেখা যায়। হৃদয় পরীক্ষায় কোনো অস্বাভাবিকতা নেই। হিমোগ্লোবিন ১১.৫ g/dL, সিরাম ল্যাকটেট ৪.০ mmol/L এবং সিরাম ক্রিয়াটিনিন ২.৫ mg/dL। ইনটিউবেশনের ৩০ মিনিট পরে একটি আর্টেরিয়াল ব্লাড গ্যাসে PaCO2 ৫০ mm Hg এবং PaO2 55 mm Hg দেখা যায়। চেস্ট এক্স-রে নতুন দ্বিপাক্ষিক ইনফিলট্রেট দেখায়। রোগীর টিস্যু অক্সিজেন ডেলিভারি উন্নত করার জন্য নিম্নলিখিত কোনটি সবচেয়ে উপযুক্ত পরবর্তী পদক্ষেপ?
A. শ্বাসযন্ত্রে নাইট্রিক অক্সাইড
B. রোগীকে পেটের দিকে ঘোড়া করা (প্রোন পজিশনিং)
C. টিডাল ভলিউম বৃদ্ধি করা
D. PEEP বাড়ানো
E. লাল রক্তকণিকা ট্রান্সফিউশন",,,,,
R0046,"A 32-year-old man comes to the Veterans Affairs hospital because of difficulty sleeping for the past 9 weeks. He is a soldier who returned from a deployment in Afghanistan 12 weeks ago. Fifteen weeks ago, his unit was ambushed in a deserted street, and a fellow soldier was killed. He wakes up frequently during the night from vivid dreams of this incident. He blames himself for being unable to save his friend. He also has trouble falling asleep and gets up earlier than desired. During this period, he has started to avoid walking in deserted streets. Vital signs are within normal limits. Physical examination shows no abnormalities. He refuses cognitive behavioral therapy and is started on sertraline. Five weeks later, he returns to the physician and complains about persistent nightmares and difficulty sleeping. Which of the following is the most appropriate next step in management?
A. Diazepam therapy
B. Zolpidem therapy
C. Triazolam therapy
D. Phenelzine therapy
E. Prazosin therapy
F. Supportive psychotherapy
G. Interpersonal therapy","৩২ বছর বয়সী একজন পুরুষ ভেটেরান্স অ্যাফেয়ার্স হাসপাতালে আসেন গত ৯ সপ্তাহ ধরে ঘুমাতে সমস্যার জন্য। তিনি এক সৈনিক যিনি ১২ সপ্তাহ আগে আফগানিস্তানে ডিপ্লয়মেন্ট থেকে ফিরে এসেছেন। পনেরো সপ্তাহ আগে, তার ইউনিট একটি নির্জন রাস্তায় হামলায় পড়ে এবং একজন সহযোদ্ধা নিহত হন। তিনি রাতে ঘনঘন জোরালো স্বপ্নে সেই ঘটনার দৃশ্য দেখেন এবং নিজেকে দোষারোপ করেন যে বন্ধুকে বাঁচাতে পারেননি। এছাড়া তাকে শুতে সমস্যা হয় এবং ইচ্ছাকৃত সময়ের চেয়ে আগে উঠে যান। এই সময়কালে, তিনি নির্জন রাস্তায় হাঁটা এড়িয়ে চলা শুরু করেন। সব গুরুত্বপূর্ণ সূচক স্বাভাবিক সীমার মধ্যে আছে। শারীরিক পরীক্ষায় কোনো অস্বাভাবিকতা দেখা যায় না। তিনি কগনিটিভ বিহেভিয়োরাল থেরাপি প্রত্যাখ্যান করে সেরট্রালিন গ্রহণ শুরু করেন। পাঁচ সপ্তাহ পরে, তিনি আবার ডাক্তারের কাছে ফিরে এসে অব্যাহত দুঃস্বপ্ন এবং ঘুমাতে সমস্যার অভিযোগ করেন। নিম্নলিখিতগুলির মধ্যে কোনটি সর্বোত্তম পরবর্তী ব্যবস্থাপনা হবে?
A. ডায়াজেপাম থেরাপি
B. জলপিডেম থেরাপি
C. ট্রিয়াজোলাম থেরাপি
D. ফেনেলজাইন থেরাপি
E. প্রাজোসিন থেরাপি
F. সহায়ক সাইকোথেরাপি
G. ইন্টারপার্সোনাল থেরাপি",,,,,
R0047,"An endocervical swab is performed and nucleic acid amplification testing via polymerase chain reaction is conducted. It is positive for Chlamydia trachomatis and negative for Neisseria gonorrhoeae. Which of the following is the most appropriate pharmacotherapy?
A. Oral amoxicillin
B. Intravenous cefoxitin plus oral doxycycline
C. Intramuscular ceftriaxone
D. Oral levofloxacin
E. Intramuscular ceftriaxone plus oral azithromycin
F. Oral azithromycin
G. Oral doxycycline","এন্ডোসার্ভিকাল সুয়াব নেওয়া হয়েছে এবং পলিমেরেজ চেইন রিএ্যাকশন (PCR) মাধ্যমে নিউক্লিয়িক অ্যাসিড অ্যামপ্লিফিকেশন টেস্ট করা হয়েছে। ফলাফল ক্ল্যামিডিয়া ট্র্যাকোমাটিসে পজিটিভ এবং নেসেরিয়া গোনোরিয়াতে নেগেটিভ দেখায়। নিম্নলিখিতগুলির মধ্যে কোনটি সবচেয়ে উপযুক্ত ফার্মাকোথেরাপি?
A. মৌখিক অ্যামোক্সিসিলিন
B. ইন্ট্রাভেনাস সেফক্সিটিন প্লাস মৌখিক ডকসাইক্রিন
C. ইন্টারমাস্কুলার সিফট্রিয়ানোন
D. মৌখিক লেভোফ্লোক্সেসিন
E. ইন্টারমাস্কুলার সিফট্রিয়ানোন প্লাস মৌখিক আজিথ্রোমাইসিন
F. মৌখিক আজিথ্রোমাইসিন
G. মৌখিক ডকসাইক্রিন",,,,,
R0048,"A 65-year-old man comes to his primary care physician with a 6-month history of bilateral calf pain. The pain usually occurs after walking his dog a few blocks and is more severe on the right side. He has coronary artery disease, essential hypertension, and type 2 diabetes mellitus. He has smoked two packs of cigarettes daily for 43 years and drinks two alcoholic beverages a day. Current medications include metformin, lisinopril, and aspirin. He is 183 cm (5 ft 11 in) tall and weighs 113 kg (250 lb); BMI is 34.9 kg/m2. His temperature is 37°C (98.6°F), pulse is 84/min, and blood pressure is 129/72 mm Hg. Cardiac examination shows a gallop without murmurs. The legs have shiny skin with reduced hair below the knee. Femoral and popliteal pulses are palpable bilaterally. Dorsal pedal pulses are 1+ on the left and absent on the right. Ankle-brachial index (ABI) is performed in the office. ABI is 0.5 in the right leg, and 0.6 in the left leg. Which of the following is the most appropriate initial step in management?
A. Graded exercise therapy
B. Propranolol therapy
C. Spinal cord stimulation
D. Vascular bypass surgery
E. Cilostazol therapy
F. Percutaneous transluminal angioplasty with stenting","৬৫ বছর বয়সী একজন পুরুষ রোগী তার প্রাইমারি কেয়ার ডাক্তারের কাছে দ্বিপাক্ষিক পায়ের গোড়ালির ব্যথা নিয়ে আসেন, যার ইতিহাস ছয় মাসের। হাঁটতে হাঁটতে (কুকুরকে কয়েক ব্লক দূরে ঘোরাতে) সাধারণত এই ব্যথা হয় এবং ডান পাশে বেশি তীব্র। রোগীর করোনারি আর্টারী ডিজিজ, প্রাথমিক হাইপারটেনশন ও টাইপ ২ ডায়াবেটিস মেলিটাস রয়েছে। তিনি ৪৩ বছর ধরে প্রতিদিন দুই প্যাক সিগারেট ধূমপান করেন এবং দিনে দু'টি অ্যালকোহলিক পানীয় গ্রহণ করেন। বর্তমান ঔষধে আছে মেটফরমিন, লিসিনোপ্রিল ও অ্যাস্পিরিন। তার উচ্চতা ১৮৩ সেমি (৫ ফুট ১১ ইঞ্চি) ও ওজন ১১৩ কেজি (২৫০ পাউন্ড); BMI ৩৪.৯ কেজি/মি2। তাপমাত্রা ৩৭°C (৯৮.৬°F), পালস ৮৪/মিনিট, রক্তচাপ ১২৯/৭২ mm Hg। কার্ডিয়াক পরীক্ষা দেখায় গ্যালপ ছাড়া কোনো মর্মর নেই। পায়ের নিচে চামড়া ঝকঝকে এবং হাঁটুর নীচে লোম কমে গেছে। ফিমোরাল ও পোপলিটেল পালস দু'পাশেই স্পর্শযোগ্য। ডোর্সাল পেডাল পালস বামে ১+ এবং ডানে অনুপস্থিত। অফিসে অ্যান্কল-ব্র্যাকিয়াল ইনডেক্স (ABI) করা হয়; ডান পায়ের ABI ০.৫, বাম পায়ের ABI ০.৬। নিম্নলিখিতগুলোর মধ্যে কোনটি সর্বোত্তম প্রাথমিক ব্যবস্থাপনা পদক্ষেপ?
A. গ্রেডেড এক্সারসাইজ থেরাপি
B. প্রোপ্রানোলল থেরাপি
C. স্পাইনাল কর্ড স্টিমুলেশন
D. ভাস্কুলার বাইপাস সার্জারি
E. সিলোস্টাজল থেরাপি
F. পারকুটেনিয়াস ট্রান্সলুমিনাল এঞ্জিওপ্লাস্টি স্টেন্টিং সহ",,,,,
R0049,"A 8-month-old girl is brought to the emergency department because of fever, vomiting, and diarrhea for 3 days. Her parents report at least 10 watery stools daily. She has had three upper respiratory tract infections since she started daycare 2 months ago, but has otherwise been developing normally. Her mother has a history of celiac disease. The patient is at the 57th percentile for height and the 65th percentile for weight. Her immunizations are incomplete. Her temperature is 38.5°C (101.3°F), pulse is 145/min, and blood pressure is 92/54 mm Hg. Examination shows dry mucous membranes and decreased skin turgor. Bowel sounds are hyperactive. A complete blood count and serum concentrations of glucose, urea nitrogen, and creatinine are within the reference range; there is hypokalemia. In addition to intravenous fluid resuscitation, which of the following is the most appropriate next step in management?
A. Sonography of the abdomen
B. Administration of antidiarrheal medication
C. Blood cultures
D. Measurement of serum immunoglobulins
E. Examination of the stool for ova and parasites
F. Upper Endoscopy
G. Empiric antibiotic therapy
H. Enzyme immunoassay of stool","একটি ৮ মাস বয়সী মেয়ে জ্বর, বমি এবং ডায়রিয়া তিন দিন ধরে থাকার কারণে জরুরি বিভাগে আনা হয়েছে। তার বাবা-মা জানান যে প্রতিদিন কমপক্ষে ১০ বার পাতলা পাখানা মল হয়। সে দু'মাস আগে ডে-কেয়ার শুরু করার পর থেকে তিনটি উপরের শ্বাসযন্ত্রের সংক্রমণ হয়েছে, তবে অন্যথায় স্বাভাবিকভাবে বেড়ে উঠছে। তার মা সিলিয়াক রোগে আক্রান্ত। রোগীর উচ্চতা ৫৭তম পার্সেন্টাইলে এবং ওজন ৬৫তম পার্সেন্টাইলে রয়েছে। টিকা সম্পূর্ণ নয়। তাপমাত্রা ৩৮.৫°C (১০১.৩°F), পালস ১৪৫/মিনিট, রক্তচাপ ৯২/৫৪ mm Hg। পরীক্ষায় শুষ্ক মিউকাস ঝিল্লি এবং হ্রাসপ্রাপ্ত ত্বকের টারগর দেখা যায়। অন্ত্রের শব্দ অতিসক্রিয়। সম্পূর্ণ রক্ত গণনা ও গ্লুকোজ, ইউরিয়া নাইট্রোজেন, ক্রিয়েটিনিনের সিরাম ঘনত্ব স্বাভাবিক সীমায়; তবে হাইপোক্যালেমিয়া রয়েছে। ইনট্রাভেনাস তরল পুনর্জীবনের পাশাপাশি নিম্নলিখিত কোনটি ব্যবস্থাপনার সর্বোত্তম পরবর্তী ধাপ?
A. পেটের আল্ট্রাসাউন্ড
B. অ্যান্টিডায়রিয়া ওষুধ প্রদান
C. রক্ত কালচার
D. সিরাম ইমিউনোগ্লোবুলিন মাপা
E. মলের মধ্যে ডিম এবং পরজীবী পরীক্ষা করা
F. উপরের গ্যাস্ট্রোইসোফেজিয়াল এন্ডোস্কপি
G. অনুমানভিত্তিক অ্যান্টিবায়োটিক থেরাপি
H. মলে এনজাইম ইমিউনোঅ্যাসে",,,,,
R0050,"An otherwise healthy 28-year-old primigravid woman at 30 weeks' gestation comes to the physician with a 5-day history of epigastric pain and nausea that is worse at night. Two years ago, she was diagnosed with a peptic ulcer and was treated with a proton pump inhibitor and antibiotics. Medications include folic acid and a multivitamin. Her pulse is 90/min and blood pressure is 130/85 mm Hg. Pelvic examination shows a uterus consistent in size with a 30-week gestation. Laboratory studies show:
Hemoglobin 8.6 g/dL
Platelet count 95,000/mm3
Serum
Total bilirubin 1.5 mg/dL
Aspartate aminotransferase 80 U/L
Lactate dehydrogenase 705 U/L
Urine
pH 6.2
Protein 2+
WBC negative
Bacteria occasional
Nitrates negative
Which of the following best explains this patient's symptoms?""
A. Inflammation of the gall bladder
B. Bacterial infection of the kidney
C. Inflammation of the lower esophageal mucosa
D. Stretching of Glisson capsule
E. Acute inflammation of the pancreas
F. Break in gastric mucosal continuity","একজন অন্যথায় সুস্থ ২৮ বছর বয়সী প্রথম গর্ভবতী নারী, যিনি ৩০ সপ্তাহের গর্ভধারণে আছেন, তিনি রাতের সময় বাড়তি উপশমযুক্ত পেটের উপরের অংশের ব্যথা ও বমিভাবের ৫ দিনের ইতিহাস নিয়ে ডাক্তারের কাছে আসেন। দুই বছর আগে তাকে পেপটিক আলসার নির্ণয় করা হয়েছিল এবং প্রোটন পাম্প ইনহিবিটার ও অ্যান্টিবায়োটিক দিয়ে চিকিৎসা করা হয়েছিল। তিনি বর্তমানে ফোলিক অ্যাসিড ও মাল্টিভিটামিন গ্রহণ করছেন। তার পাল্স ৯০/মিনিট এবং রক্তচাপ ১৩০/৮৫ মিমি পারদ। পেলভিক পরীক্ষা দেখায় গর্ভাশয়টি ৩০ সপ্তাহের গর্ভধারণের সঙ্গে সামঞ্জস্যপূর্ণ আকারের। ল্যাবরেটরি ফলাফল: হিমোগ্লোবিন ৮.৬ g/dL, প্লেটলেট সংখ্যা ৯৫,০০০/mm3, সিরাম মোট বিলিরুবিন ১.৫ mg/dL, অ্যাসপারটেট আমিনোট্রান্সফারেজ ৮০ U/L, ল্যাক্টেট ডিহাইড্রোজেনেস ৭০৫ U/L; মূত্রের pH ৬.২, প্রোটিন ২+, শ্বেত রক্তকণিকা নেগেটিভ, ব্যাকটেরিয়া মাঝে মাঝেই, নাইট্রেট নেগেটিভ। নিম্নলিখিত কোনটি রোগীর উপসর্গের সর্বোত্তম ব্যাখ্যা দেয়?
A. পিত্তথলি (গ্যালব্লাডার) এর প্রদাহ
B. কিডনির ব্যাকটেরিয়াল সংক্রমণ
C. নিম্ন ইসোফেগাসের মিউকোসা (অন্তঃস্তর) এর প্রদাহ
D. গ্লিসন ক্যাপসুলের প্রসারণ
E. অগ্ন্যাশয়ের তীব্র প্রদাহ
F. পেটের মিউকোসার ধারাবাহিকতায় ফাটল",,,,,
R0051,"A 36-year-old woman comes to the physician because of multiple episodes of headache over the past 3 months. The headaches last the entire day and are unilateral and throbbing. During the headaches, she has severe nausea and is unable to work and perform her daily activities. She has noticed that she becomes unusually hungry prior to the onset of headache. She locks herself in a dark room, takes ibuprofen, and avoids going out until the headache subsides. However, over the past month, the headaches have increased to 2-3 times a week and become more intense. She has hypertension treated with amlodipine. Her temperature is 37°C (98.6°F), pulse is 80/min, and blood pressure is 128/76 mm Hg. Physical and neurologic examinations show no abnormalities. Which of the following is the most appropriate therapy for long-term prevention of headaches in this patient?
A. Fluoxetine
B. Ergotamine
C. Propranolol
D. Sumatriptan
E. Naproxen","একজন ৩৬ বছর বয়সী নারী গত তিন মাসে একাধিকবার মাথাব্যথার কারণে ডাক্তারের কাছে আসছেন। এই মাথাব্যথা পুরো দিন স্থায়ী থাকে, একপাশের এবং ধুকধুক করে। মাথাব্যথার সময় তার তীব্র বমি বমি ভাব হয় এবং তিনি কাজ করতে বা দৈনন্দিন কার্যক্রম সম্পাদন করতে অক্ষম হন। তিনি লক্ষ্য করেছেন যে মাথাব্যথা শুরু হওয়ার আগে তিনি অস্বাভাবিকভাবে বেশি ক্ষুধার্ত হয়ে পড়েন। তিনি নিজেকে একটি অন্ধকার ঘরে লক করে রাখেন, আইবুপ্রোফেন গ্রহণ করেন এবং মাথাব্যথা কমে না পর্যন্ত বাইরে যাওয়া এড়িয়ে চলেন। তবে, গত মাসে মাথাব্যথা সপ্তাহে ২-৩ বার বাড়ে এবং তীব্রতা বৃদ্ধি পেয়েছে। তিনি অ্যামলোডিপিন দিয়ে চিকিৎসিত উচ্চ রক্তচাপের রোগী। তার শারীরিক তাপমাত্রা ৩৭°C (৯৮.৬°F), পালস ৮০/মিনিট, এবং রক্তচাপ ১২৮/৭৬ mm Hg। শারীরিক ও স্নায়বিক পরীক্ষায় কোনো অস্বাভাবিকতা দেখা যায়নি। নিম্নলিখিত কোনটি এই রোগীর দীর্ঘমেয়াদী মাথাব্যথা প্রতিরোধের জন্য সবচেয়ে উপযুক্ত থেরাপি?
A. ফ্লুওসেটিন
B. এরগোটামিন
C. প্রোপ্রানোলল
D. সুমাট্রিপট্যান
E. নিউপ্রোক্সেন",,,,,
R0052,"A 12-year-old boy is brought to the physician for a well-child examination. He feels well. He has no history of serious illness. He has received all age-appropriate screenings and immunizations. His 7-year-old brother was treated for nephrotic syndrome 1 year ago. He is at 50th percentile for height and 60th percentile for weight. His temperature is 37°C (98.6°F), pulse is 90/min, and blood pressure is 96/54 mm Hg. Physical examination shows no abnormalities. Urine dipstick shows 1+ protein. A subsequent urinalysis of an early morning sample shows:
Blood negative
Glucose negative
Protein trace
Leukocyte esterase negative
Nitrite negative
RBC none
WBC 0-1/hpf
Protein/creatinine ratio 0.2 (N ≤ 0.2)
Which of the following is the most appropriate next step in management?""
A. Repeat urine dipstick in 1 year
B. Kidney biopsy
C. Renal ultrasonography
D. Lipid profile
E. 24-hour urine protein collection
F. Measure serum creatinine and urea nitrogen
G. Anti-nuclear antibody level","একজন ১২ বছর বয়সী ছেলে ভাল-শিশু পরীক্ষার জন্য ডাক্তারের কাছে আনা হয়েছে। তিনি স্বাস্থ্যের দিক থেকে ভালো অনুভব করছেন এবং কোনো গুরুতর রোগের ইতিহাস নেই। তিনি সব বয়স-অনুযায়ী স্ক্রিনিং ও টিকা গ্রহণ করেছেন। তার ৭ বছর বয়সী ভাই এক বছর আগে নেফ্রোটিক সিনড্রোমে চিকিৎসা করিয়েছিল। উচ্চতা ৫০তম পার্সেন্টাইল এবং ওজন ৬০তম পার্সেন্টাইলে রয়েছে। তাপমাত্রা ৩৭°C (৯৮.৬°F), পালস ৯০/মিনিট, রক্তচাপ ৯৬/৫৪ mm Hg। শারীরিক পরীক্ষায় কোনো অস্বাভাবিকতা দেখা যায়নি। মূত্র ডিপস্টিকে ১+ প্রোটিন দেখানো হয়েছে। একটি সকালে নেওয়া মূত্রের পরবর্তী বিশ্লেষণে দেখা গেছে:  
রক্ত - নেগেটিভ, গ্লুকোজ - নেগেটিভ, প্রোটিন - ট্রেস, লিউকোসাইট এস্টারেজ - নেগেটিভ, নাইট্রাইট - নেগেটিভ, RBC - কোনোটি নেই, WBC - ০-১/hpf, প্রোটিন/ক্রিয়াটিনিন অনুপাত 0.2 (N ≤ 0.2)। নিম্নলিখিতগুলির মধ্যে কোনটি সর্বোত্তম পরবর্তী ব্যবস্থাপনা পদক্ষেপ?
A. ১ বছরে মূত্র ডিপস্টিক পুনরায় পরীক্ষা করুন
B. কিডনি বায়োপসি
C. কিডনি আল্ট্রাসাউন্ড
D. লিপিড প্রোফাইল
E. ২৪ ঘণ্টার মূত্রে প্রোটিন সংগ্রহ
F. সিরাম ক্রিয়াটিনিন ও ইউরিয়া নাইট্রোজেন পরিমাপ করুন
G. অ্যান্টি-নিউক্লিয়ার অ্যান্টিবডি স্তর",,,,,
R0053,"A 22-year-old white woman comes to the physician because of a 6-month history of lower abdominal pain. She has also had multiple episodes of loose stools with blood during this period. She has had painful bowel movements for 1 month. Over the past year, she has had a 10-kg (22-lb) weight loss. She was treated for streptococcal pharyngitis last week. Her maternal grandfather died of colon cancer at the age of 52 years. She does not smoke. She drinks three to five beers on social occasions. She is 162 cm (5 ft 4 in) tall and weighs 52 kg (115-lb); BMI is 19.7 kg/m2. Her temperature is 37°C (98.6°F), pulse is 60/min, respirations are 13/min, and blood pressure is 110/70 mm Hg. Cardiopulmonary examination shows no abnormalities. The abdomen is soft and there is tenderness to palpation of the left lower quadrant. There is no guarding or rigidity. Rectal examination shows no masses. Laboratory studies show:
Hemoglobin 10.4 g/dL
Leukocyte count 10,800/mm3
Platelet count 450,000/mm3
Serum
Na+ 138 mEq/L
Cl- 103 mEq/L
K+ 4.9 mEq/L
HCO3- 22 mEq/L
Urea nitrogen 18 mg/dL
Creatinine 0.6 mg/dL
Antinuclear antibodies negative
Perinuclear antineutrophil cytoplasmic antibodies positive
Anti-Saccharomyces cerevisiae antibodies negative
A colonoscopy is scheduled for the next day. Which of the following findings is most likely to be present on colonoscopy of this patient?""
A. Pseudomembranes overlying regions of colonic inflammation
B. Patchy inflammation of mucosa with cobblestone appearance and intervening areas of normal mucosa
C. Confluent inflammation of the colonic mucosa with edema, fibrin-covered ulcers, and loss of vascular pattern
D. Normal colonic mucosa
E. Numerous polyps extending throughout the colon","একজন ২২ বছর বয়সী সাদা নারী নিম্ন পেটের ব্যথার ৬ মাসের ইতিহাস নিয়ে ডাক্তারের কাছে আসেন। এই সময়কালে তিনি রক্তযুক্ত আলগা মলের বহুবার অভিজ্ঞতা করেছেন। গত এক মাস ধরে তার মলত্যাগে ব্যথা হয়। গত বছর জুড়ে তিনি ১০ কেজি (২২ পাউন্ড) ওজন কমিয়েছেন। তিনি গত সপ্তাহে স্ট্রেপটোকক্কাল ফ্যারিঞ্জাইটিসের জন্য চিকিৎসা নিয়েছিলেন। তাঁর মাতৃপিতার দাদু ৫২ বছর বয়সে কোলোন ক্যান্সারে মারা গেছেন। তিনি ধূমপান করেন না। সামাজিক অনুষ্ঠানে তিন থেকে পাঁচটি বিয়ার পান করেন। তার উচ্চতা ১৬২ সেমি (৫ ফুট ৪ ইঞ্চি) এবং ওজন ৫২ কেজি (১১৫ পাউন্ড); BMI ১৯.৭ কেজি/মি2। তাপমাত্রা ৩৭°C (৯৮.৬°F), পালস ৬০/মিনিট, শ্বাসপ্রশ্বাস ১৩/মিনিট, রক্তচাপ ১১০/৭০ মিমি পারদ। কার্ডিওফুসফুসীয় পরীক্ষা কোনো অস্বাভাবিকতা দেখায় না। পেট নরম এবং বাম নিম্ন কোয়াড্রান্টে স্পর্শে ব্যথা আছে। গার্ডিং বা কঠোরতা নেই। রেকটাল পরীক্ষায় কোনো টিউমার পাওয়া যায়নি। ল্যাবরেটরি ফলাফল:
হিমোগ্লোবিন ১০.৪ g/dL
লিউকোসাইট সংখ্যা ১০,৮০০/mm3
প্লেটলেট সংখ্যা ৪৫০,০০০/mm3
সিরাম
Na+ ১৩৮ mEq/L
Cl- ১০৩ mEq/L
K+ ৪.৯ mEq/L
HCO3- ২২ mEq/L
ইউরিয়া নাইট্রোজেন ১৮ mg/dL
ক্রিয়েটিনিন ০.৬ mg/dL
অ্যান্টি-নিউক্লিয়ার অ্যান্টিবডি নেগেটিভ
পেরিনুক্লিয়ার অ্যান্টি-নিউট্রোফিল সাইটোপ্লাজমিক অ্যান্টিবডি পজিটিভ
অ্যান্টি-স্যাকারোমাইসিস সিরেভিসিয়া অ্যান্টিবডি নেগেটিভ
একটি কোলোনোস্কপি আগামীকাল নির্ধারিত হয়েছে। নিম্নলিখিত কোন ফলাফল এই রোগীর কোলোনোস্কপিতে সবচেয়ে সম্ভাব্যভাবে দেখা যাবে?
A. প্রদাহিত কলোনীয় অঞ্চলগুলোর উপর পসুডোমেমব্রেন
B. কোবলস্টোনের মতো চেহারাসহ মিউকোসায় প্যাচি (খণ্ডিত) প্রদাহ এবং এর মধ্যে স্বাভাবিক মিউকোসা অঞ্চল
C. ইডিমা, ফাইব্রিন-আচ্ছাদিত আলসার ও রক্তনালীর প্যাটার্নের ক্ষতি সহ কোলনিক মিউকোসার সংযোজিত (একত্রে) প্রদাহ
D. স্বাভাবিক কলোনীয় মিউকোসা
E. পুরো কলনে বিস্তৃত বহু সংখ্যক পলিপ",,,,,
R0054,"A 35-year-old woman comes to employee health services 30 minutes after a work-related incident. She works as a phlebotomist and reports that blood splashed into her right eye when she was drawing blood from a 30-year-old male patient. Immediately following the incident, she flushed her eye with water for several minutes. The patient from whom she drew blood was admitted for hemoptysis, weight loss, and night sweats. He is an intravenous drug user and is sexually active with several male and female partners. The phlebotomist has no history of serious illness and takes no medications. Her immunizations are up-to-date. Physical examination shows no abnormalities. In addition to drawing her blood for viral serologies, which of the following is the most appropriate next step?
A. Start raltegravir, tenofovir, and emtricitabine
B. Start zidovudine
C. Start tenofovir and emtricitabine
D. Provide reassurance
E. Start sofosbuvir and velpatasvir
F. Administer hepatitis B immune globulin and vaccine","একজন ৩৫ বছর বয়সী নারী কর্মচারী স্বাস্থ্য পরিষেবায় কাজ-সম্পর্কিত ঘটনার ৩০ মিনিট পর আসেন। তিনি ফ্লেবোটোমিস্ট হিসেবে কাজ করেন এবং জানান যে ৩০ বছর বয়সী পুরুষ রোগীর থেকে রক্ত সংগ্রহের সময় তার ডান চোখে রক্ত ছিটিয়ে পড়েছে। ঘটনাটির সঙ্গে সঙ্গে তিনি কয়েক মিনিট পানি দিয়ে চোখ ধুয়ে নেন। যাঁর থেকে তিনি রক্ত তুলেছিলেন সেই রোগী হেমোপটিসিস, ওজন কমা এবং রাতের ঘাম সহ ভর্তি হয়েছেন। তিনি ইনট্রাভিনাস ড্রাগ ব্যবহারকারী এবং বহু পুরুষ ও নারী সঙ্গীর সঙ্গে যৌন সক্রিয়। ফ্লেবোটোমিস্টের কোনো গুরুতর অসুস্থতার ইতিহাস নেই এবং তিনি কোনও ঔষধ গ্রহণ করেন না। তার টিকাদান আপ-টু-ডেট। শারীরিক পরীক্ষায় কোন অস্বাভাবিকতা দেখা যায়নি। ভাইরাসীয় সিরোলজি পরীক্ষা করার জন্য রক্ত তোলার পাশাপাশি, নিম্নলিখিতগুলির মধ্যে সবচেয়ে উপযুক্ত পরবর্তী পদক্ষেপ কী?
A. রালটেগ্রাভির, টেনোফোভির এবং এমট্রিসিটাবিন দিয়ে থেরাপি শুরু করুন
B. জিডোভুডিন দিয়ে থেরাপি শুরু করুন
C. টেনোফোভির ও এমট্রিসিটাবিন দিয়ে থেরাপি শুরু করুন
D. আশ্বাস দিন
E. সোফোসবুভির ও ভেলপাটাসভির দিয়ে থেরাপি শুরু করুন
F. হেপাটাইটিস বি ইমিউন গ্লোবুলিন এবং টিকাদান দিন",,,,,
R0055,"A 52-year-old man comes to to the emergency department with fatigue and shortness of breath that has become progressively worse over the past week. He had an upper respiratory tract infection 2 weeks ago, for which he was given an antibiotic. He has hypertension, type 2 diabetes mellitus, and colonic polyps diagnosed on screening colonoscopy 2 years ago. His mother has systemic lupus erythematosus and his brother has a bicuspid aortic valve. He does not smoke cigarettes or drink alcohol. Current medications include lisinopril and metformin. His temperature is 37.3°C (99.1°F), pulse is 91/min, respirations are 18/min, and blood pressure is 145/84 mm Hg. His conjunctivae are pale. Cardiac examination shows a late systolic crescendo-decrescendo murmur at the right upper sternal border. Laboratory studies show:
Leukocyte Count 9,500/mm3
Hematocrit 24%
Platelet Count 178,000/mm3
LDH 215 U/L
Haptoglobin 22 mg/dL (N=41-165 mg/dL)
Serum
Na+ 140 mEq/L
K+ 4.6 mEq/L
CL- 100 mEq/L
HCO3- 25 mEq/L
Urea nitrogen 21 mg/dL
Creatinine 1.2 mg/dL
Total bilirubin 1.9 mg/dL
A peripheral blood smear is shown. Which of the following is the most likely cause of this patient's anemia?""
A. Autoimmune destruction of erythrocytes
B. Occult blood loss
C. Erythrocyte membrane fragility
D. Erythrocyte enzyme defect
E. Mechanical destruction of erythrocytes","একজন ৫২ বছর বয়সী পুরুষ জরুরি বিভাগে ক্লান্তি এবং শ্বাসকষ্ট নিয়ে আসেন, যা গত সপ্তাহ থেকে ক্রমশ বাড়ছে। দুই সপ্তাহ আগে তিনি উপরের শ্বাসনালী সংক্রমণ হয়েছিল এবং অ্যান্টিবায়োটিক নেওয়া হয়েছিল। তার উচ্চ রক্তচাপ, টাইপ ২ ডায়াবেটিস মেলিটাস এবং স্ক্রিনিং কোলোনোস্কপি থেকে দুই বছর আগে কলনিক পলিপস নির্ণয় হয়েছে। তার মা সিস্টেমিক লুপাস ইরিথিমাটোসাসে আক্রান্ত এবং তার ভাইতে বাইকাস্পিড অর্টিক ভালভ আছে। তিনি সিগারেট ধূমপান বা মদ্যপান করেন না। বর্তমান ওষুধের মধ্যে রয়েছে লিসিনোপ্রিল এবং মেটফরমিন। তার তাপমাত্রা ৩৭.৩°C (৯৯.১°F), পালস ৯১/মিনিট, শ্বাসপ্রশ্বাস ১৮/মিনিট, রক্তচাপ ১৪৫/৮৪ mm Hg। কনজাংকটিভা ফিকে। কার্ডিয়াক পরীক্ষায় ডান উপরের স্টার্নাল বর্ডারে দেরি সিস্টোলিক ক্রেসেনডো-ডিক্রেসেনডো মর্মর শোনা যায়। ল্যাব ফলাফল:  
Leukocyte Count 9,500/mm3  
Hematocrit 24%  
Platelet Count 178,000/mm3  
LDH 215 U/L  
Haptoglobin 22 mg/dL (N=41-165 mg/dL)  
Serum Na+ 140 mEq/L, K+ 4.6 mEq/L, Cl- 100 mEq/L, HCO3- 25 mEq/L, Urea nitrogen 21 mg/dL, Creatinine 1.2 mg/dL, Total bilirubin 1.9 mg/dL। একটি পারিফেরাল রক্ত স্মিয়ার দেখানো হয়েছে। নিম্নলিখিতগুলোর মধ্যে কোনটি এই রোগীর অ্যানিমিয়ার সবচেয়ে সম্ভাব্য কারণ?
A. ইরিথ্রোসাইটের অটোইমিউন ধ্বংস
B. গোপন রক্তক্ষরণ
C. ইরিথ্রোসাইট মেমব্রেনের ভঙ্গুরতা
D. ইরিথ্রোসাইট এনজাইম ত্রুটি
E. ইরিথ্রোসাইটের যান্ত্রিক ধ্বংস",,,,,
R0056,"A 69-year-old man is brought to the emergency department for severe tearing lower back pain for 12 hours. The pain radiates to the flank and he describes it as 8 out of 10 in intensity. He has nausea and has vomited several times. He has no fever, diarrhea, or urinary symptoms. When he stands up suddenly, he becomes light-headed and has to steady himself for approximately 1 to 2 minutes before he is able to walk. He has hypertension and hyperlipidemia. Two years ago, he had a myocardial infarction and underwent coronary artery bypass grafting of his right coronary artery. He has smoked one and a half packs of cigarettes daily for 40 years and drinks 1 to 2 beers daily. His current medications include chlorthalidone, atorvastatin, lisinopril, and aspirin. He appears acutely ill. His temperature is 37.2°C (98.9°F), pulse is 130/min and regular, respirations are 35/min, and blood pressure is 80/55 mm Hg. Pulse oximetry on room air shows an oxygen saturation of 85%. Examination shows a pulsatile mass in the abdomen. Intravenous fluids and high-flow oxygen are started. Thirty minutes later, the patient dies. Which of the following was the strongest predisposing factor for the condition leading to this patient's death?
A. Advanced age
B. Hyperlipidemia
C. Male sex
D. Hypertension
E. Smoking","একজন ৬৯ বছর বয়সী পুরুষকে জরুরি বিভাগে তীব্র টিয়ারিং নীচের পিঠের ব্যথা নিয়ে আনা হয়েছে, যা ১২ ঘণ্টা ধরে চলছে। ব্যথা ফ্ল্যাঙ্ক পর্যন্ত ছড়িয়ে পড়েছে এবং তিনি এটিকে তীব্রতা ১০ এর মধ্যে ৮ হিসেবে বর্ণনা করেন। তাকে বমি বমি ভাব আছে এবং কয়েকবার বমি করেছে। জ্বর, ডায়রিয়া বা মূত্র সংক্রান্ত কোনো উপসর্গ নেই। হঠাৎ দাঁড়িয়ে উঠলে তিনি মাথা ঘোরা অনুভব করেন এবং প্রায় ১ থেকে ২ মিনিট পর্যন্ত নিজেকে স্থির রাখতে হয়, তারপরই হাঁটতে পারেন। তার উচ্চ রক্তচাপ ও হাইপারলিপিডেমিয়া রয়েছে। দুই বছর আগে তাকে মায়োকার্ডিয়াল ইনফার্কশন হয়েছে এবং ডান করোনারি আর্টেরি বায়পাস গ্রাফট করা হয়েছে। তিনি ৪০ বছর ধরে দিনে এক ও অর্ধ প্যাক সিগারেট ধূমপান করেন এবং দৈনিক ১ থেকে ২টি বিয়ার পান করেন। তার বর্তমান ঔষধগুলোর মধ্যে রয়েছে ক্লোরথ্যালিডোন, অ্যাটরভাস্ট্যাটিন, লিসিনোপ্রিল এবং এস্পিরিন। তিনি তীব্রভাবে অসুস্থ দেখাচ্ছেন। তার তাপমাত্রা ৩৭.২°C (৯৮.৯°F), পালস ১৩০/মিনিট ও নিয়মিত, শ্বাসপ্রশ্বাস ৩৫/মিনিট, রক্তচাপ ৮০/৫৫ mm Hg। কক্ষের বাতাসে পল্স অক্সিমেট্রি দেখায় অক্সিজেন স্যাচুরেশন ৮৫%। পরীক্ষায় পেটে একটি পালসেটেড গঠন দেখা যায়। ইন্ট্রাভেনাস তরল ও উচ্চ প্রবাহের অক্সিজেন দেওয়া হয়। ত্রিশ মিনিট পরে রোগী মারা যান। নিম্নলিখিত কোনটি এই রোগীর মৃত্যুর কারণ হওয়া অবস্থার জন্য সবচেয়ে শক্তিশালী পূর্বপ্রবণতা ছিল?
A. উচ্চ বয়স
B. হাইপারলিপিডেমিয়া (উচ্চ কোলেস্টেরল)
C. পুরুষ লিঙ্গ
D. উচ্চ রক্তচাপ
E. ধূমপান",,,,,
R0057,"A 56-year-old woman comes to the physician because she palpated a mass in her right breast during self-examination a week ago. Menarche was at the age of 14, and her last menstrual period was at the age of 51. Vital signs are within normal limits. Examination shows a nontender, firm and hard mass in the upper outer quadrant of the right breast. Mammography shows large, dense breasts, with a 1.7-cm mass in the right upper outer quadrant. The patient undergoes right upper outer quadrant lumpectomy with subsequent sentinel node biopsy, which reveals moderately differentiated invasive ductal carcinoma and micrometastasis to one axillary lymph node. There is no evidence of extranodal metastasis. The tumor tests positive for both estrogen and progesterone receptors and does not show human epidermal growth factor receptor 2 (HER2) over-expression. Flow-cytometry reveals aneuploid tumor cells. Which of the following factors has the greatest effect on this patient's prognosis?
A. Age
B. DNA ploidy status
C. Mammography findings
D. Tumor size
E. Nodal status
F. Histologic grade
G. HER2 receptor status
H. Hormone receptor status","নিম্নলিখিত কোন উপাদানটি এই রোগীর পূর্বাভাসে সর্বাধিক প্রভাব ফেলে?
A. বয়স
B. ডিএনএ প্লোইডি অবস্থা
C. ম্যামোগ্রাফি ফলাফল
D. টিউমারের আকার
E. নোডাল অবস্থা
F. হিস্টোলজিক গ্রেড
G. HER2 রিসেপ্টর অবস্থা
H. হরমোন রিসেপ্টর অবস্থা",,,,,
R0058,"A 26-year-old primigravid woman at 39 weeks' gestation is admitted to the hospital in active labor. Pregnancy was complicated by mild oligohydramnios detected a week ago, which was managed with hydration. Her pulse is 92/min, respirations are 18/min, and blood pressure is 134/76 mm Hg. Pelvic examination shows 100% cervical effacement and 10 cm cervical dilation; the vertex is at 0 station. Cardiotocography is shown. Which of the following is the most appropriate next step in management?
A. Elective cesarean section
B. Emergent cesarean section
C. Reassurance
D. Maternal repositioning and oxygen administration
E. Administration of tocolytics
F. Elevation of the fetal head
G. Rapid amnioinfusion","একজন ২৬ বছর বয়সী প্রথম গর্ভধারণকারী নারী, যিনি ৩৯ সপ্তাহের গর্ভাবস্থায় সক্রিয় প্রসবের সময় হাসপাতালে ভর্তি হয়েছেন। এক সপ্তাহ আগে সনাক্ত করা হালকা অলিগোহাইড্রমিনিওসিস ছিল, যা তরল গ্রহণের মাধ্যমে নিয়ন্ত্রিত হয়েছে। তার পাল্স ৯২/মিনিট, শ্বাসপ্রশ্বাস ১৮/মিনিট এবং রক্তচাপ ১৩৪/৭৬ মিমি পারদ। পেলভিক পরীক্ষায় সার্ভিকাল ইফ্যাক্টেশন ১০০% এবং সার্ভিক্যাল ডাইলেশন ১০ সেমি দেখা যায়; ভেরটেক্স শূন্য স্টেশনে রয়েছে। কার্ডিওটোকোগ্রাফ দেখানো হয়েছে। নিম্নলিখিতগুলির মধ্যে কোনটি সর্বোত্তম পরবর্তী ব্যবস্থাপনা পদক্ষেপ?
A. ইলেক্টিভ সিজারিয়ান সেকশন
B. জরুরি সিজারিয়ান সেকশন
C. আশ্বাস প্রদান
D. মায়ের অবস্থান পরিবর্তন এবং অক্সিজেন প্রদান
E. টোকোলাইটিকসের ব্যবহার
F. ভ্রূণের মাথা উঁচু করা
G. দ্রুত অ্যানিওইনফিউশন",,,,,
R0059,"A 62-year-old man is brought to the hospital because of a 6-hour history of worsening upper abdominal pain, nausea, and vomiting. He is diagnosed with acute calculous cholecystitis and scheduled for cholecystectomy the next day. He has congestive heart failure, hyperlipidemia, and hypertension. Physical examination shows no abnormalities. Current medications include metoprolol and simvastatin. One month ago, spironolactone was added to his medication regimen. Preoperative serum studies show:
Na+ 138 mEq/L
K+ 6.1 mEq/L
Cl- 100 mEq/L
HCO3- 22 mEq/L
Urea nitrogen 13 mg/dL
Creatinine 1.0 mg/dL
An ECG shows normal sinus rhythm. In addition to discontinuation of spironolactone, which of the following is the most appropriate next step in management of this patient's hyperkalemia?""
A. Administer intravenous saline with furosemide
B. Administer intravenous sodium bicarbonate
C. Administer intravenous insulin and glucose
D. Order dietary modification
E. Administer intravenous calcium gluconate
F. Initiate hemodialysis","একজন ৬২ বছর বয়সী পুরুষকে হাসপাতালে নিয়ে আসা হয়েছে কারণ তিনি গত ৬ ঘণ্টা ধরে বাড়তে থাকা উপরের পেটের ব্যথা, বমি বমি ভাব এবং বমি করছেন। তাকে তীব্র ক্যালকুলাসযুক্ত কোলে সিস্টাইটিস নির্ণয় করা হয় এবং পরের দিন কোলে সিস্টেকটোমির জন্য পরিকল্পনা করা হয়েছে। তার হৃদযন্ত্রে কনজেস্টিভ হার্ট ফেইলিউর, হাইপারলিপিডেমিয়া এবং উচ্চ রক্তচাপ রয়েছে। শারীরিক পরীক্ষায় কোনো অস্বাভাবিকতা দেখা যায় না। বর্তমান ওষুধের মধ্যে আছে মেটোপ্রোলল এবং সিমভাস্টাটিন। এক মাস আগে তার ঔষধে স্পিরোনোল্যাকটোন যোগ করা হয়েছিল। প্রি-অপারেটিভ সিরাম ফলাফল দেখায়:
Na+ 138 mEq/L
K+ 6.1 mEq/L
Cl- 100 mEq/L
HCO3- 22 mEq/L
ইউরিয়া নাইট্রোজেন 13 mg/dL
ক্রিয়াটিনিন ১.০ mg/dL
একটি ইসিজি স্বাভাবিক সাইনাস রিদম দেখায়। স্পিরোনোল্যাকটোন বন্ধ করার পাশাপাশি, এই রোগীর হাইপারক্যালেমিয়ার ব্যবস্থাপনার জন্য সবচেয়ে উপযুক্ত পরবর্তী পদক্ষেপ কোনটি?
A. ইন্ট্রাভেনাস স্যালিন দিয়ে ফিউরোসেমাইড প্রদান করুন
B. ইন্ট্রাভেনাস সোডিয়াম বায়কার্বোনেট প্রদান করুন
C. ইন্ট্রাভেনাস ইনসুলিন এবং গ্লুকোজ প্রদান করুন
D. খাদ্যতালিকায় পরিবর্তন আদেশ দিন
E. ইন্ট্রাভেনাস ক্যালসিয়াম গ্লুকোনেট প্রদান করুন
F. হেমোডায়ালিসিস শুরু করুন",,,,,
R0060,"A 20-year-old man is brought to the emergency department because of fever and lethargy for the past 2 days. He reports that during this time he has had occasional palpitations and shortness of breath. He has asthma and sickle cell disease. Current medications include inhaled albuterol, hydroxyurea, and folic acid. He appears fatigued. His temperature is 38.4°C (101.1°F), pulse is 122/min, respirations are 25/min, and blood pressure is 110/72 mm Hg. Examination shows pale conjunctivae. Cardiac examination shows a midsystolic ejection murmur. Laboratory studies show:
Hemoglobin 6.5 g/dl
Leukocyte count 5,000/mm3
Platelet count 165,000/mm3
Mean corpuscular volume 82 μm3
Reticulocyte count 0.2%
Which of the following is the most likely cause of these findings?""
A. Dysfunctional erythrocyte membrane proteins
B. Splenic sequestration crisis
C. Hyperhemolysis
D. Viral infection
E. Adverse effect of medication","একজন ২০ বছর বয়সী পুরুষকে জরুরি বিভাগে আনা হয়েছে গত দুই দিন ধরে জ্বর ও অলসতার জন্য। তিনি জানান এই সময়কালে মাঝে মাঝেই হৃদস্পন্দনের অস্বাভাবিকতা এবং শ্বাসকষ্ট অনুভব করেছেন। তার অ্যাজমা এবং সিকল সেল রোগ রয়েছে। বর্তমানে তিনি ইনহেলড আলবুটেরল, হাইড্রোক্সিউরিয়া এবং ফোলিক এসিড গ্রহণ করছেন। তিনি ক্লান্ত দেখাচ্ছেন। তার তাপমাত্রা ৩৮.৪°C (১০১.১°F), পালস ১২২/মিনিট, শ্বাসপ্রশ্বাস ২৫/মিনিট, রক্তচাপ ১১০/৭২ mm Hg। পরীক্ষায় ফ্যাকাশে কনজাংটিভা দেখা যায়। হৃদযন্ত্রের পরীক্ষা মধ্য-সিস্টোলিক ইজেকশন মর্মর দেখায়। ল্যাব ফলাফল: হিমোগ্লোবিন ৬.৫ g/dl, লিউকোসাইট কাউন্ট ৫,০০০/mm3, প্লেটলেট কাউন্ট ১৬৫,০০০/mm3, মীন কর্পাসকুলার ভলিউম ৮২ μm3, রিটিক্যুলোসাইট কাউন্ট ০.২%। নিম্নলিখিতগুলির মধ্যে কোনটি এই ফলাফলের সবচেয়ে সম্ভাব্য কারণ?
A. অকার্যকর ইরিথ্রোসাইট মেমব্রেন প্রোটিন
B. প্লীহা সিকোয়েস্ট্রেশন সংকট
C. হাইপারহিমোলিসিস
D. ভাইরাসজনিত সংক্রমণ
E. ওষুধের পার্শ্বপ্রতিক্রিয়া",,,,,
R0061,"A 37-year-old man is brought to the emergency department by a friend after he was found lying unconscious outside his front door. The friend reports that they were “pretty drunk” the previous night, and she had dropped her friend off at his home and driven off. When she came back in the morning, she found him passed out on the ground next to the doorstep. On arrival, he is conscious and cooperative. He reports feeling cold, with severe pain in his hands and face. He remembers having lost his gloves last night. His rectal temperature is 35.2°C (95.3°F), pulse is 86/min, respirations are 17/min, and blood pressure is 124/58 mm Hg. Examination shows decreased sensations over the distal fingers, which are cold to touch. The skin over the distal phalanges is cyanotic, hard, waxy, and tender, with surrounding edema. Laboratory studies are within the reference range. An x-ray of the chest and ECG show no abnormalities. Which of the following is the most appropriate next step in management?
A. Debridement of the affected tissue
B. Intra-arterial administration of tissue plasminogen activator
C. Intravenous administration of warmed crystalloid
D. Extracorporeal blood rewarming
E. Intravenous administration of antibiotics
F. Immersion of affected extremities in warm water","একজন ৩৭ বছর বয়সী পুরুষকে তার বন্ধু জরুরি বিভাগে নিয়ে আসে, কারণ তাকে তার বাড়ির দরজার বাইরে অচেতন অবস্থায় পাওয়া গিয়েছিল। বন্ধু জানান যে তারা গত রাতে “খুবই মাতাল” ছিলেন এবং তিনি বন্ধুকে বাড়িতে পৌঁছে দিয়ে চলে গেছেন। সকালে ফিরে এসে তিনি দেখলেন তিনি দরজার পাশে মাটিতে শুয়ে আছেন। উপস্থিতিতে, তিনি সচেতন ও সহযোগী। তিনি ঠাণ্ডা অনুভব করছেন, হাতে ও মুখে তীব্র ব্যথা আছে। তিনি গত রাতে তার দস্তানা হারিয়ে ফেলেছিলেন বলে স্মরণ করেন। রেক্টাল তাপমাত্রা ৩৫.২°C (৯৫.৩°F), পালস ৮৬/মিনিট, শ্বাসপ্রশ্বাস ১৭/মিনিট, রক্তচাপ ১২৪/৫৮ mm Hg। পরীক্ষায় দূরবর্তী আঙুলগুলোর সংবেদন কমে গেছে, যা স্পর্শে ঠাণ্ডা। দূরবর্তী ফ্যাল্যাঞ্জের ত্বক সায়ানোটিক, কঠিন, মোমের মতো এবং কোমল, আশেপাশে ইডিমা রয়েছে। ল্যাব ফলাফল রেফারেন্স সীমার মধ্যে। চেস্ট এক্স-রে ও ECG কোনো অস্বাভাবিকতা দেখায় না। নিম্নলিখিতগুলোর মধ্যে কোনটি সর্বোত্তম পরবর্তী ব্যবস্থাপনা?
A. প্রভাবিত টিস্যুর ডিব্রাইডমেন্ট
B. টিস্যু প্লাজমিনোজেন অ্যাক্টিভেটরের ইনট্রা-আর্তেরিয়াল প্রদান
C. গরম ক্রিস্ট্যালয়েডের শিরায় প্রবেশ করিয়ে দেওয়া
D. এক্সট্রাকর্পোরিয়াল রক্ত পুনঃউষ্ণীকরণ
E. অ্যান্টিবায়োটিকের শিরা মাধ্যমে প্রদান
F. প্রভাবিত অঙ্গগুলোকে গরম পানিতে ডুবিয়ে রাখা",,,,,
R0062,"A previously healthy 19-year-old man is brought to the emergency department by his girlfriend after briefly losing consciousness. He passed out while moving furniture into her apartment. She said that he was unresponsive for a minute but regained consciousness and was not confused. The patient did not have any chest pain, palpitations, or difficulty breathing before or after the episode. He has had episodes of dizziness when exercising at the gym. His blood pressure is 125/75 mm Hg while supine and 120/70 mm Hg while standing. Pulse is 70/min while supine and 75/min while standing. On examination, there is a grade 3/6 systolic murmur at the left lower sternal border and a systolic murmur at the apex, both of which disappear with passive leg elevation. Which of the following is the most likely cause?
A. Prolonged QT interval
B. Hypertrophic cardiomyopathy
C. Bicuspid aortic valve
D. Mitral valve prolapse
E. Orthostatic syncope
F. Vasovagal syncope
G. Carotid sinus syndrome
H. Mitral valve stenosis","একজন পূর্বে সুস্থ ১৯ বছর বয়সী পুরুষকে তার বান্ধবী জরুরি বিভাগে নিয়ে আসে যখন তিনি সংক্ষিপ্ত সময়ের জন্য অচেতন হয়ে যান। তিনি ফার্নিচার সরিয়ে নেওয়ার সময় হঠাৎ মূর্খ হয়ে গিয়েছিলেন। বান্ধবী বললেন যে তিনি এক মিনিটের জন্য প্রতিক্রিয়া দেখাননি, তবে পুনরায় চেতনা ফিরে এলেন এবং কোনো বিভ্রান্তি ছিল না। রোগীর এপিসোডের আগে বা পরে কোনও বুকে ব্যথা, ধড়ফড়ানি বা শ্বাসকষ্ট হয়নি। জিমে ব্যায়াম করার সময় তিনি ঘূর্ণন অনুভব করেছেন। তার রক্তচাপ supine অবস্থায় 125/75 mm Hg এবং দাঁড়িয়ে থাকলে 120/70 mm Hg। পালস supine-এ 70/min এবং দাঁড়ালে 75/min। পরীক্ষায়, বাম নিচের স্টার্নাল সীমানায় গ্রেড ৩/৬ সিস্টোলিক মর্মর এবং অ্যাপেক্সে একটি সিস্টোলিক মর্মর দেখা যায়, যা প্যাসিভ লেগ এলিভেশন করলে অদৃশ্য হয়ে যায়। নিম্নলিখিতগুলির মধ্যে কোনটি সবচেয়ে সম্ভাব্য কারণ?
A. বিস্তৃত কিউটি ইন্টারভ্যাল
B. হাইপারট্রফিক কার্ডিওমায়োপ্যাথি
C. দ্বিপাক্ষিক অর্টিক ভালভ
D. মিত্রাল ভালভ প্রোলাপ্স
E. অর্থোস্ট্যাটিক সিঙ্কোপ
F. ভাসোভ্যাগাল সিঙ্কোপ
G. ক্যারোটিড সিনাস সিনড্রোম
H. মিত্রাল ভালভ স্টেনোসিস",,,,,
R0063,"A 71-year-old man comes to the physician for a routine health maintenance examination. He has occasional fatigue but otherwise feels well. He has a history of hypertension and type 2 diabetes mellitus. He is a retired chemist. His only medication is ramipril. His temperature is 37.8°C (100°F), pulse is 72/min, respirations are 18/min, and blood pressure is 130/70 mm Hg. Physical examination shows nontender cervical and axillary lymphadenopathy. The spleen is palpated 7 cm below the costal margin. Laboratory studies show a leukocyte count of 12,000/mm3 and a platelet count of 210,000/mm3. Further evaluation is most likely to show which of the following?
A. Ringed sideroblasts
B. Rouleaux formation
C. Hypergammaglobulinemia
D. Teardrop cells
E. Smudge cells
F. Polycythemia
""","একজন ৭১ বছর বয়সী পুরুষ রুটিন স্বাস্থ্য রক্ষণাবেক্ষণ পরীক্ষার জন্য ডাক্তারের কাছে আসেন। তিনি মাঝে মাঝে ক্লান্তি অনুভব করেন তবে অন্যথায় স্বাভাবিকই আছেন। তার উচ্চ রক্তচাপ এবং টাইপ ২ ডায়াবেটিস মেলিটাসের ইতিহাস আছে। তিনি অবসরপ্রাপ্ত রসায়নবিদ। তাঁর একমাত্র ওষুধ হল রামিপ্রিল। তাপমাত্রা ৩৭.৮°C (১০০°F), পাল্স ৭২/মিনিট, শ্বাসপ্রশ্বাস ১৮/মিনিট এবং রক্তচাপ ১৩০/৭০ mm Hg। শারীরিক পরীক্ষায় নন-টেন্ডার সার্ভিকাল ও অক্ষিলারি লিম্ফেডেনোপ্যাথি দেখা যায়। পাঁজরের প্রান্তের নিচে স্প্লীনটি ৭ সেমি পর্যন্ত স্পর্শ করা যায়। ল্যাবরেটরি ফলাফল দেখায় শ্বেত রক্তকণিকার সংখ্যা ১২,০০০/mm3 এবং প্লেটলেট সংখ্যা ২১০,০০০/mm3। আরও মূল্যায়নে সবচেয়ে সম্ভাব্য কোনটি দেখা যাবে?
A. রিংড সাইডারোব্লাস্টস
B. রুলো গঠন
C. হাইপারগামাগ্লোবুলিনেমিয়া
D. টিয়ারড্রপ সেলস
E. স্মেজ সেলস
F. পলিসাইথেমিয়া",,,,,
R0064,"Please refer to the summary above to answer this question
An 8-year-old boy is brought to the physician by his mother for a well-child examination at a clinic for low-income residents. Although her son's elementary school offers free afterschool programming, her son has not been interested in attending. Both the son's maternal and paternal grandmothers have major depressive disorder. The mother is curious about the benefits of afterschool programming and asks for the physician's input. Based on the study results, which of the following statements best addresses the mother's question?""
""High-quality afterschool programming during childhood promotes long-term adult mental health
Background
High-quality afterschool programming in children has been found to improve standardized test scores, dropout rates, and college attendance. The APPLE (Afterschool Programming for Psychiatric Long-term Endpoints) study seeks to examine the effect of such programs on long-term adult mental health.
Design, Setting, and Participants
Socioeconomically disadvantaged children ages 5-10 were recruited for this study. Participants with a history of intellectual/developmental disability or existing psychiatric illness were excluded. Eligible families were identified by screening government social service agencies in Milwaukee, Wisconsin, and of all qualified families who were invited to participate in free afterschool enrichment activities for their children, 320 children were enrolled. The socioeconomic characteristics of study participants were found to be similar to those of the population being studied.
160 children were randomly assigned to free afterschool enrichment activities and 160 to a waiting list that served as a control; the parents of 12 children declined participation after their children were randomly assigned to the control group. Of the 83 children participating in the study's 20-year follow-up, 62 were in the treatment group and 21 were in the control group.
Interventions
The intervention involved free afterschool programming for the first three years of the study. The programming lasted three hours per day and was held five days per week, consisting of an hour of creative problem-based math/reading instruction supplemented with two hours of music, art, and athletic group activities. Children in the control group were placed on the waiting list for the intervention.
Main Outcomes and Measures
Data on incidence of common DSM 5-validated mental health conditions was collected at the study's 20-year follow-up evaluation and confirmed by chart review.
Results
Table - Association of major depression, ADHD, bipolar disorder, and psychotic disorder at 20-year follow-up of participants who received afterschool enrichment during childhood*.
*Adjusted for income and family history of psychiatric illness.
Major Depressive Disorder Attention Deficit Hyperactivity Disorder Bipolar Disorder (I or II) without Psychosis Any Psychotic Disorder
Hazard Ratio (95% CI) P -value Hazard Ratio (95% CI) P -value Hazard Ratio (95% CI) P -value Hazard Ratio (95% CI) P -value
Control 1.0 [reference] -- 1.0 [reference] -- 1.0 [reference] -- 1.0 [reference] --
Afterschool Enrichment 0.69 (0.59-0.87) < 0.001 0.80 (0.74-0.92) 0.02 0.64 (0.59-1.35) 0.34 0.84 (0.51-1.23) 0.22
Conclusions
This study highlights the potential of high-quality afterschool programming during childhood in promoting long-term adult mental health.
Source of funding: Wisconsin Children's Mental Health Foundation, National Early Childhood Education Coalition""
A. High-quality afterschool programming has a greater effect on reducing ADHD risk in adults than major depressive disorder risk.
B. The patient's family history of psychiatric illness prevents any conclusions from being drawn from the study.
C. High-quality afterschool programming would decrease this patient's risk of developing attention deficit hyperactivity disorder.
D. High-quality afterschool programming for low-income 8-year-olds may correlate with decreased bipolar disorder risk in adults.
E. High-quality afterschool programming would decrease this patient's risk of developing major depressive disorder.
F. High-quality afterschool programming should be free of charge for low-income children to improve adult mental health.
G. High-quality afterschool programming has a greater effect on reducing psychotic disorder risk in adults than bipolar disorder risk.
H. High-quality afterschool programming for low-income 8-year-olds may correlate with decreased ADHD risk in adults.","উপরের সারাংশটি দেখুন এবং এই প্রশ্নের উত্তর দিন। একটি ৮-বছর বয়সী ছেলে তার মায়ের মাধ্যমে নিম্ন আয়ের বাসিন্দাদের জন্য ক্লিনিকে ওয়েল-চাইল্ড পরীক্ষা করতে নিয়ে আসা হয়েছে। যদিও তার প্রাথমিক বিদ্যালয় বিনামূল্যে আফটারস্কুল প্রোগ্রামিং প্রদান করে, তবুও সে এতে অংশ নিতে আগ্রহী নয়। ছেলের মা'এর মাতৃ এবং পিতৃ দাদীমায়েরা উভয়ই মেজর ডিপ্রেসিভ ডিসঅর্ডার রোগে আক্রান্ত। মা আফটারস্কুল প্রোগ্রামের সুবিধা সম্পর্কে জানতে চান এবং ডাক্তারকে মতামত চাচ্ছেন। গবেষণার ফলাফলের ভিত্তিতে, নিম্নলিখিত কোন বিবৃতি মা'এর প্রশ্নের সর্বোত্তম উত্তর দেয়?  
“শিশুকালীন উচ্চমানের আফটারস্কুল প্রোগ্রামিং দীর্ঘমেয়াদী বয়সকালের মানসিক স্বাস্থ্যের উন্নতি করে।”
A. উচ্চমানের আফটারস্কুল প্রোগ্রামিং প্রাপ্তবয়স্কদের মধ্যে ADHD ঝুঁকি কমাতে মেজর ডিপ্রেসিভ ডিসঅর্ডার ঝুঁকির চেয়ে বেশি প্রভাব ফেলে।
B. রোগীর পারিবারিক মানসিক রোগের ইতিহাস গবেষণার থেকে কোনো উপসংহার টানা সম্ভব নয়।
C. উচ্চমানের আফটারস্কুল প্রোগ্রামিং এই রোগীর অ্যাটেনশন ডেফিসিট হাইপারঅ্যাকটিভিটি ডিসঅর্ডার (ADHD) বিকাশের ঝুঁকি কমাবে।
D. নিম্ন আয়ের ৮ বছর বয়সী শিশুদের জন্য উচ্চমানের আফটারস্কুল প্রোগ্রামিং প্রাপ্তবয়স্কদের মধ্যে বাইপোলার ডিসঅর্ডারের ঝুঁকি হ্রাসের সঙ্গে সম্পর্কিত হতে পারে।
E. উচ্চমানের আফটারস্কুল প্রোগ্রামিং এই রোগীর মেজর ডিপ্রেসিভ ডিসঅর্ডার বিকাশের ঝুঁকি কমাবে।
F. নিম্ন আয়ের শিশুদের জন্য উচ্চমানের আফটারস্কুল প্রোগ্রামিং বিনা মূল্যে হওয়া উচিত যাতে বয়সকালের মানসিক স্বাস্থ্যের উন্নতি হয়।
G. উচ্চমানের আফটারস্কুল প্রোগ্রামিং প্রাপ্তবয়স্কদের মধ্যে সাইকোটিক ডিসঅর্ডার ঝুঁকি কমাতে বাইপোলার ডিসঅর্ডার ঝুঁকির চেয়ে বেশি প্রভাব ফেলে।
H. নিম্ন আয়ের ৮ বছর বয়সী শিশুদের জন্য উচ্চমানের আফটারস্কুল প্রোগ্রামিং প্রাপ্তবয়স্কদের মধ্যে ADHD ঝুঁকি হ্রাসের সঙ্গে সম্পর্কিত হতে পারে।",,,,,
R0065,"A 46-year-old woman comes to the physician because of a 3-day history of diarrhea, moderate abdominal pain, and weakness. Her symptoms began on the return flight from a 2-week yoga retreat in India, where she stayed at a resort. She was mildly nauseous as she boarded the flight, and diarrhea followed immediately after eating the in-flight meal. Since then, she has had up to five watery stools daily. She has a 1-year history of gastroesophageal reflux disease and is allergic to shellfish. Her only medication is ranitidine. She appears lethargic. Her temperature is 37°C (98.6°F), pulse is 70/min, and blood pressure is 115/72 mm Hg. Abdominal examination shows diffuse tenderness with no guarding or rebound. Bowel sounds are hyperactive. Which of the following is the most likely pathogen?
A. Campylobacter jejuni
B. Bacillus cereus
C. Giardia intestinalis
D. Entamoeba histolytica
E. Cryptosporidium parvum
F. Shigella species
G. Enterohemorrhagic Escherichia coli
H. Staphylococcus aureus
I. Enteroinvasive Escherichia coli
J. Enteropathogenic Escherichia coli
K. Enterotoxigenic Escherichia coli","একজন ৪৬ বছর বয়সী নারী ডাক্তারের কাছে আসছেন কারণ তিনি গত ৩ দিনের মধ্যে ডায়রিয়া, মাঝারি পেটের ব্যথা এবং দুর্বলতা অনুভব করছেন। তার উপসর্গগুলি শুরু হয়েছিল ভারতীয় একটি দুই সপ্তাহের যোগ রিট্রিট থেকে ফিরে আসার ফ্লাইটে, যেখানে তিনি একটি রিসোর্টে ছিলেন। তিনি ফ্লাইটে চড়ার সময় সামান্য বমি বমি ভাব অনুভব করেন এবং ইন-ফ্লাইট খাবার খাওয়ার পর সঙ্গে সঙ্গেই ডায়রিয়া হয়। তখন থেকে তিনি দিনে পাঁচটি পর্যন্ত পাতলা মলত্যাগ করছেন। তার এক বছরের গ্যাস্ট্রোইসোফেজিয়াল রিফ্লাক্স রোগের ইতিহাস আছে এবং শেলফিশে অ্যালার্জি রয়েছে। তার একমাত্র ওষুধ হল রানিটিডিন। তিনি অলস দেখাচ্ছেন। তার তাপমাত্রা ৩৭°C (৯৮.৬°F), পালস ৭০/মিনিট, রক্তচাপ ১১৫/৭২ mm Hg। পেটের পরীক্ষা দেখায় বিস্তৃত সংবেদনশীলতা কোনো গার্ডিং বা রিবাউন্ড ছাড়া। বাওয়েল শব্দগুলি হাইপারঅ্যাকটিভ। নিম্নলিখিতগুলির মধ্যে কোনটি সবচেয়ে সম্ভাব্য রোগজীবাণু?
A. ক্যাম্পিলোব্যাক্টার জেজুনি
B. ব্যাসিলাস সেরিয়াস
C. গিয়ার্ডিয়া ইন্টেস্টিনালিস
D. এনটামোইবা হিস্টোলিটিকা
E. ক্রিপ্টোস্পোরিডিয়াম পারভাম
F. শিগেলা প্রজাতি
G. এন্টারোহেমোরেজিক ইশেরিশিয়া কোলাই
H. স্ট্যাফিলোকক্কাস অরিয়াস
I. এন্টেরোইনভেসিভ ইশেরিশিয়া কোলাই
J. এন্টারোপ্যাথোজেনিক ইশেরিশিয়া কোলাই
K. এন্টারোটক্সিজেনিক ইশেরিশিয়া কোলাই",,,,,
R0066,"A 17-year-old girl is brought to the physician by her mother for the evaluation of irregular menstrual bleeding. Menses have occurred at 60- to 90-day intervals since menarche at the age of 12 years. Her last menstrual period was 4 weeks ago. She is sexually active with one male partner, and they use condoms consistently. She reports that she currently has no desire to have children. She is 165 cm (5 ft 5 in) tall and weighs 85 kg (187 lb); BMI is 31 kg/m2. Examination shows scattered pustules on the forehead and oily skin. There is coarse hair on the chin and upper lip. Fingerstick blood glucose concentration is 190 mg/dL. A urine pregnancy test is negative. Which of the following is the most appropriate pharmacotherapy?
A. Letrozole
B. Danazol
C. Leuprolide
D. Clomiphene citrate
E. Metformin
F. Combination oral contraceptives
G. Insulin","একজন ১৭ বছর বয়সী মেয়ে তার মা তাকে ডাক্তারের কাছে নিয়ে গেছেন অনিয়মিত মাসিক রক্তপাতের মূল্যায়নের জন্য। মেনার্চের পর থেকে (বয়স ১২) প্রতি ৬০-৯০ দিনের অন্তর মাসিক হয়েছে। শেষবারের মাসিক চার সপ্তাহ আগে ছিল। তিনি এক পুরুষ সঙ্গীর সঙ্গে যৌন সক্রিয় এবং নিয়মিত কন্ডোম ব্যবহার করেন। তিনি বর্তমানে সন্তান ধারণের কোনো ইচ্ছা নেই বলে জানান। তার উচ্চতা ১৬৫ সেমি (৫ ফুট ৫ ইঞ্চি) ও ওজন ৮৫ কেজি (১৮৭ পাউন্ড); BMI ৩১ কেজি/মি2। পরীক্ষায় কপালে ছড়িয়ে থাকা ফোস্কা এবং তেলযুক্ত ত্বক দেখা যায়। চিবুক ও উপরের ঠোঁটে মোটা লোম রয়েছে। আঙুলের রক্তে গ্লুকোজ ঘনত্ব ১৯০ mg/dL। মূত্র গর্ভধারণ পরীক্ষা নেগেটিভ। নিম্নলিখিতগুলির মধ্যে কোনটি সবচেয়ে উপযুক্ত ফার্মাকোথেরাপি?
A. লেট্রোজোল
B. ড্যানাজল
C. লিউপ্রোলাইড
D. ক্লোমিফেন সিট্রেট
E. মেটফরমিন
F. সমন্বিত মৌখিক গর্ভনিরোধক
G. ইনসুলিন",,,,,
R0067,"A 52-year-old man is brought to the emergency department because of worsening shortness of breath for 6 hours. For the past 5 days, he has had intermittent stabbing pain in the middle of his chest that worsens with lying down or taking deep breaths. He has also had a runny nose and a dry cough for the past 2 weeks. He has hypercholesterolemia and hypertension. He has smoked a pack of cigarettes daily for 34 years. His current medications include atorvastatin, enalapril, and hydrochlorothiazide. He appears pale and sweaty. His temperature is 38.3°C (100.9°F), pulse is 105/min, and respirations are 25/min. Blood pressure is 107/72 mm Hg during expiration and 86/65 mm Hg during inspiration. Examination shows jugular venous distention and pitting edema below the knees. Which of the following is the most likely cause of this patient's findings?
A. Dilation of the atria and ventricles
B. Accumulation of fluid in the pleural cavity
C. Occlusion of a coronary artery
D. Tear in the inner layer of the aorta
E. Accumulation of fluid in the pericardial space
F. Occlusion of a pulmonary artery
G. Fibrous thickening of the pericardium","৫২ বছর বয়সী একজন পুরুষকে জরুরি বিভাগে আনা হয়েছে কারণ গত ৬ ঘণ্টা ধরে শ্বাসকষ্ট বাড়ছে। গত ৫ দিন ধরে তার মাঝবুকে মাঝে মাঝে ছুরির মতো তীক্ষ্ণ ব্যথা থাকে, যা শোয়া বা গভীর শ্বাস নেওয়ার সময় বেড়ে যায়। অতিরিক্তভাবে, তিনি গত ২ সপ্তাহ ধরে নাক দিয়ে পানি বের হওয়া এবং শুকনো কাশি অনুভব করছেন। তাঁর হাইপারকোলেস্টেরলেমিয়া ও উচ্চ রক্তচাপ রয়েছে। তিনি ৩৪ বছর ধরে প্রতিদিন এক প্যাকেট সিগারেট ধূমপান করেন। বর্তমানে তিনি অ্যাটরভাস্ট্যাটিন, এনালাপ্রিল এবং হাইড্রোক্লোরোথায়াজাইড গ্রহণ করছেন। রোগী শ্বেতবর্ণ ও ঘামাচ্ছন্ন দেখাচ্ছেন। তার তাপমাত্রা ৩৮.৩°C (১০০.৯°F), পালস ১০৫/মিনিট, শ্বাসপ্রশ্বাসের হার ২৫/মিনিট। শ্বাসত্যাগের সময় রক্তচাপ ১০৭/৭২ mm Hg এবং শ্বাসগ্রহণের সময় ৮৬/৬৫ mm Hg। পরীক্ষায় জুগুলার ভেইন ডিস্টেনশন ও হাঁটুর নিচে পিটিং এডেমা দেখা যায়। নিম্নলিখিত কোনটি রোগীর উপসর্গগুলোর সবচেয়ে সম্ভাব্য কারণ?
A. এট্রিয়া ও ভেন্ট্রিকলের প্রসারণ
B. প্লুরাল গহ্বরে তরল সঞ্চয়
C. করোনারি ধমনী বন্ধ হওয়া
D. অর্টার অভ্যন্তরীণ স্তরের ফাটল
E. পেরিকার্ডিয়াল স্থানে তরল সঞ্চয়
F. ফুসফুসের ধমনী বন্ধ হওয়া
G. পেরিকার্ডিয়ামের ফাইব্রাস পুরুত্ব বৃদ্ধি",,,,,
R0068,"A 32-year-old man comes to the physician because of severe burning with urination for the past 3 days. During this period, he has had clear urethral discharge early in the morning. He has no history of serious illness, except for a rash following treatment with erythromycin 20 years ago. The patient takes no medications. He is sexually active with one male and one female partner; they use condoms inconsistently. His younger brother was diagnosed with Crohn disease at the age of 24 years. The patient does not smoke. He drinks one to two beers on weekends. He appears well. Temperature is 36.8°C (98°F), pulse is 75/min, and blood pressure is 135/78 mm Hg. Physical examination shows no abnormalities. Gram stain of a urethral swab shows neutrophils but no organisms. Which of the following is the most likely causal pathogen?
A. Neisseria gonorrhoeae
B. Mycoplasma genitalium
C. Gardnerella vaginalis
D. Adenovirus
E. Trichomonas vaginalis
F. Chlamydia trachomatis
G. Herpes simplex virus
""","একজন ৩২ বছর বয়সী পুরুষ রোগী তিন দিন ধরে মূত্রত্যাগের সময় তীব্র জ্বালা অনুভব করে ডাক্তারের কাছে আসেন। এই সময়কালে, তিনি সকালে পরিষ্কার ইউরেথ্রাল নিঃসরণ লক্ষ্য করেন। তার কোনো গুরুতর অসুস্থতার ইতিহাস নেই, তবে ২০ বছর আগে ইরিথ্রোমাইসিন গ্রহণের পর একটি র্যাশ হয়েছিল। রোগী বর্তমানে কোনও ওষুধ সেবন করছেন না। তিনি এক পুরুষ এবং এক নারী পার্টনারের সঙ্গে যৌন সক্রিয়; কন্ডম ব্যবহার অনিয়মিতভাবে করেন। তার ছোট ভাই ২৪ বছর বয়সে ক্রোন্স রোগে আক্রান্ত হয়েছে। রোগী ধূমপান করে না। সপ্তাহান্তে এক থেকে দুইটি বিয়ার পান করেন। তিনি সুস্থ দেখাচ্ছেন। তাপমাত্রা ৩৬.৮°C (৯৮°F), পালস ৭৫/মিনিট, রক্তচাপ ১৩৫/৭৮ mm Hg। শারীরিক পরীক্ষায় কোনো অস্বাভাবিকতা নেই। ইউরেথ্রাল স্ব্যাবের গ্রাম স্টেইনে নিউট্রোফিল দেখা যায় কিন্তু কোনও জীবাণু নয়। নিম্নলিখিতগুলির মধ্যে কোনটি সবচেয়ে সম্ভাব্য কারণজনক প্যাথোজেন?
A. Neisseria gonorrhoeae
B. Mycoplasma genitalium
C. Gardnerella vaginalis
D. Adenovirus
E. Trichomonas vaginalis
F. Chlamydia trachomatis
G. Herpes simplex virus",,,,,
R0069,"A 68-year-old man comes to the physician for a follow-up examination, accompanied by his daughter. Two years ago, he was diagnosed with localized prostate cancer, for which he underwent radiation therapy. He moved to the area 1 month ago to be closer to his daughter but continues to live independently. He was recently diagnosed with osteoblastic metastases to the spine and is scheduled to initiate therapy next week. In private, the patient’s daughter says that he has been losing weight and wetting the bed, and she tearfully asks the physician if his prostate cancer has returned. She says that her father has not spoken with her about his health recently. The patient has previously expressed to the physician that he does not want his family members to know about his condition because they “would worry too much.” Which of the following initial statements by the physician is most appropriate?
A. “As your father's physician, I think that it's important that you know that his prostate cancer has returned. However, we are confident that he will respond well to treatment.”
B. “It’s difficult to deal with parents aging, but I have experience helping families cope. We should sit down with your father and discuss this situation together.”
C. “I'm sorry, I can't discuss any information with you without his permission. I recommend that you have an open discussion with your father.”
D. “It concerns me that he's not speaking openly with you. I recommend that you seek medical power of attorney for your father. Then, we can legally discuss his diagnosis and treatment options together.”
E. “Sorry, but because your father’s condition is not classified as a notifiable disease, I’m not permitted to discuss his medical information with you without first obtaining his consent.”
F. “Your father is very ill and may not want you to know the details. I can imagine it's frustrating for you, but you have to respect his discretion.”
""","একজন ৬৮ বছর বয়সী পুরুষ তার কন্যার সঙ্গে ফলো-আপ পরীক্ষার জন্য ডাক্তারের কাছে আসেন। দুই বছর আগে তাকে স্থানীয় প্রোস্টেট ক্যান্সার নির্ণয় করা হয় এবং তিনি রেডিয়েশন থেরাপি গ্রহণ করেন। এক মাস আগে তিনি এই এলাকায় চলে এসেছেন যাতে কন্যার কাছাকাছি থাকতে পারেন, তবে এখনও স্বতন্ত্রভাবে বাস করছেন। সম্প্রতি তার মেরুদণ্ডে অস্থিব্লাস্টিক মেটাস্টেসিস নির্ণয় হয়েছে এবং আগামী সপ্তাহে চিকিৎসা শুরু করার পরিকল্পনা রয়েছে। ব্যক্তিগতভাবে রোগীর কন্যা জানান যে তিনি ওজন কমাচ্ছেন এবং বিছানা ভেজিয়ে ফেলছেন, এবং কান্নাকাটি করে ডাক্তারের কাছে জিজ্ঞাসা করেন তার প্রোস্টেট ক্যান্সার ফিরে এসেছে কিনা। তিনি বলেন যে সাম্প্রতিক সময়ে তাঁর বাবা তার স্বাস্থ্যের ব্যাপারে তার সঙ্গে কথা বলেননি। রোগী পূর্বে ডাক্তারকে জানিয়েছেন যে তিনি চান না পরিবার তার অবস্থার সম্পর্কে জানুক, কারণ তারা “অনেক বেশি উদ্বিগ্ন হবে।” নিম্নলিখিত কোন প্রাথমিক বিবৃতি ডাক্তারের জন্য সবচেয়ে উপযুক্ত?
A. আপনার বাবার চিকিৎসক হিসেবে, আমি মনে করি আপনার জানা গুরুত্বপূর্ণ যে তার প্রোস্টেট ক্যান্সার ফিরে এসেছে। তবে আমরা আত্মবিশ্বাসী যে তিনি চিকিৎসায় ভালভাবে সাড়া দেবেন।
B. বয়স বাড়তে থাকা পিতামাতার সঙ্গে মোকাবিলা করা কঠিন, তবে পরিবারকে সমর্থন করার আমার অভিজ্ঞতা আছে। আমাদের আপনার বাবার সাথে বসে এই পরিস্থিতি একসাথে আলোচনা করা উচিত।
C. দুঃখিত, তার অনুমতি ছাড়া আমি আপনাকে কোনো তথ্য দিতে পারব না। আমি সুপারিশ করছি আপনি আপনার বাবার সঙ্গে খোলামেলা আলোচনা করুন।
D. আমি উদ্বিগ্ন যে তিনি আপনার সঙ্গে স্বচ্ছভাবে কথা বলছেন না। আমি পরামর্শ দিচ্ছি আপনি আপনার বাবার জন্য মেডিক্যাল পাওয়ার অফ অ্যাটর্নি গ্রহণ করুন। তারপর আমরা আইনি ভাবে তার রোগ নির্ণয় ও চিকিৎসা বিকল্পগুলি নিয়ে আলোচনা করতে পারব।
E. দুঃখিত, তবে আপনার বাবার অবস্থা নোটিফায়েবল রোগ হিসেবে শ্রেণীবদ্ধ না হওয়ায় তার সম্মতি ছাড়া আমি আপনাকে তার চিকিৎসা সংক্রান্ত তথ্য দিতে পারি না।
F. আপনার বাবা খুবই অসুস্থ এবং হয়তো তিনি চান না আপনি বিস্তারিত জানুন। আমি বুঝতে পারছি এটি আপনার জন্য হতাশাজনক, তবে আপনাকে তার গোপনীয়তা সম্মান করতে হবে।",,,,,
R0070,"A 24-year-old man with chronic back pain comes to the physician to establish care after moving to Florida. He complains of anxiety, nausea, abdominal cramping, vomiting, and diarrhea for three days. He denies smoking, drinking alcohol, and using illicit drugs. He appears restless. His temperature is 37°C (98.6°F), pulse is 110/min, and blood pressure is 150/86 mm Hg. Physical examination shows dilated pupils, diaphoresis, and piloerection. His abdominal exam shows diffuse mild tenderness. There is no rebound tenderness or guarding. His hemoglobin concentration is 14.5 g/dL, leukocyte count is 8,000/mm, and platelet count is 250,000/mm3; serum studies and urinalysis show no abnormalities. Which of the following is the most appropriate pharmacotherapy?
A. Lorazepam
B. Naltrexone
C. Methadone
D. Morphine
E. Naloxone
""","২৪ বছর বয়সী একটি পুরুষ, যিনি দীর্ঘস্থায়ী পিঠের ব্যথা ভোগ করছেন, ফ্লোরিডায় স্থানান্তরিত হওয়ার পর চিকিৎসকের কাছে যত্ন গ্রহণের জন্য আসেন। তিনি তিন দিনের জন্য উদ্বেগ, বমি বমি ভাব, পেটের ক্র্যাম্পিং, বমি এবং ডায়রিয়া নিয়ে অভিযোগ করেন। তিনি ধূমপান, মদ্যপান ও অবৈধ মাদক ব্যবহার না করার কথা জানান। তিনি অস্থির দেখাচ্ছেন। তার তাপমাত্রা ৩৭°C (৯৮.৬°F), পালস ১১০/মিনিট এবং রক্তচাপ ১৫০/৮৬ mm Hg। শারীরিক পরীক্ষায় প্রসারিত পিউপিল, ঘাম ও লোম ওঠা দেখা যায়। পেটের পরীক্ষা দেখায় বিস্তৃত হালকা সংবেদনশীলতা; কোনো রিবাউন্ড টেন্ডারনেস বা গার্ডিং নেই। তার হিমোগ্লোবিন ১৪.৫ g/dL, শ্বেত রক্তকণিকা সংখ্যা ৮,০০০/mm3 এবং প্লেটলেট সংখ্যা ২৫০,০০০/mm3; সিরাম পরীক্ষা ও মূত্র বিশ্লেষণে কোনো অস্বাভাবিকতা নেই। নিম্নের কোনটি সবচেয়ে উপযুক্ত ফার্মাকোথেরাপি?
A. লোরাজেপাম
B. নালট্রেক্সোন
C. মেথাডোন
D. মরফিন
E. ন্যালোক্সন",,,,,
R0071,"A mother brings her 3-year-old son to his pediatrician because he is having tantrums. The boy has no history of serious illness and is on track with developmental milestones. His mother recently returned to work 2 weeks ago. She explains that, since then, her son has had a tantrum roughly every other morning, usually when she is getting him dressed or dropping him off at daycare. He cries loudly for about 5 minutes, saying that he does not want to go to daycare while thrashing his arms and legs. According to the daycare staff, he is well-behaved during the day. In the evenings, he has tantrums about twice per week, typically when he is told he must finish his dinner or that it is time for bed. These tantrums have been occurring for about 6 months. The mother is concerned her son may have a behavioral disorder. Which of the following is the most likely cause of the boy's behavior?
A. Autism spectrum disorder
B. Conduct disorder
C. Normal development
D. Oppositional defiant disorder
E. Attention deficit hyperactivity disorder
F. Disruptive mood dysregulation disorder","একজন মা তার ৩-বছর বয়সী ছেলেকে পেডিয়াট্রিশিয়ানের কাছে নিয়ে যান কারণ সে ক্রমাগত ট্যান্ট্রাম (অত্যধিক রাগ) দেখাচ্ছে। শিশুর কোনো গুরুতর রোগের ইতিহাস নেই এবং বিকাশগত মাইলস্টোনে সঠিক পথে রয়েছে। তার মা দুই সপ্তাহ আগে কাজ ফিরে গেছেন। তিনি জানান, তখন থেকে ছেলেটি প্রায় প্রতি অন্য সকালে একটি ট্যান্ট্রাম করে, সাধারণত যখন তিনি তাকে পোশাক পরাতে বা ডে-কেয়ারে নামিয়ে দেন। সে প্রায় ৫ মিনিট ধরে জোরে কাঁদে এবং বলে যে সে ডে-কেয়ার যেতে চায় না, সঙ্গে হাতে ও পা নাড়াচাড়া করে। ডে-কেয়ার স্টাফের মতে, দিনভর সে ভাল আচরণ করে। সন্ধ্যায়, সপ্তাহে দু'বার প্রায় ট্যান্ট্রাম হয়, সাধারণত যখন তাকে খাবার শেষ করতে বা শোয়ার সময় বলতে হয়। এই ট্যান্ট্রামগুলো প্রায় ৬ মাস ধরে চলছে। মা উদ্বিগ্ন যে তার ছেলেটির কোনো আচরণগত ব্যাধি থাকতে পারে। নিম্নলিখিতগুলোর মধ্যে কোনটি শিশুর আচরণের সবচেয়ে সম্ভাব্য কারণ?
A. অটিজম স্পেকট্রাম ডিসঅর্ডার
B. কন্ডাক্ট ডিসঅর্ডার
C. স্বাভাবিক বিকাশ
D. অপোজিশনাল ডিফিয়েন্ট ডিসঅর্ডার
E. অ্যাটেনশন ডেফিসিট হাইপারএক্টিভিটি ডিজঅর্ডার
F. ডিসরাপটিভ মুড ডাইজরেগুলেশন ডিসঅর্ডার",,,,,
R0072,"A 61-year-old woman with a history of stage IV pancreatic cancer comes to the emergency department with insomnia due to intractable midepigastric pain. The pain had been constant for months but has worsened over the past few weeks despite the fact that she is already taking hydrocodone 10 mg and ibuprofen 400 mg. She has a past medical history of chronic pain and major depressive disorder. In the past month, she has been taking her pain medications with increasing frequency, going from twice a day to four times a day. Her other medications include venlafaxine and eszopiclone. She describes her mood as low, but states she does not have any suicidal thoughts. She appears fatigued and slightly cachectic. Her temperature is 36°C (96.8°F), pulse is 100/min, and blood pressure is 128/65 mm Hg. Physical examination shows a mass in the midepigastric region. Which of the following is the most appropriate next step in management?
A. Discontinue hydrocodone and ibuprofen, and start IV ketorolac
B. Switch from hydrocodone to hydromorphone
C. Administer regional block of the celiac plexus using lidocaine
D. Switch from eszopiclone to zolpidem
E. Allow the patient to take hydrocodone and ibuprofen up to every four hours
""","61 বছর বয়সী এক নারী, যিনি স্টেজ IV প্যানক্রিয়াটিক ক্যান্সারের ইতিহাস রয়েছে, তিনি অনিদ্রা ও অপ্রতিরোধ্য মাইডইপিগাস্ট্রিক ব্যথার কারণে জরুরি বিভাগে আসেন। ব্যথা মাসের পর মাস স্থায়ী ছিল কিন্তু গত কয়েক সপ্তাহে বাড়ছে যদিও তিনি ইতিমধ্যে হাইড্রোকোডোন ১০ মি.গ্রা এবং আইবুপ্রোফেন ৪০০ মি.গ্রা গ্রহণ করছেন। তার অতীত রোগের ইতিহাসে ক্রনিক ব্যথা ও প্রধান ডিপ্রেসিভ ডিসঅর্ডার রয়েছে। গত মাসে তিনি তার ব্যথা নিয়ন্ত্রণের ঔষধের ব্যবহার বাড়িয়ে দুবার থেকে চারবার দিনে নিতে শুরু করেছেন। তার অন্যান্য ওষুধের মধ্যে ভেনলাফ্যাক্সিন এবং এসজোপিক্লোন আছে। তিনি নিজের মেজাজকে নিম্ন বলে বর্ণনা করেন, তবে বলেন যে কোনো আত্মহত্যার চিন্তা নেই। তিনি ক্লান্ত এবং সামান্য ক্যাশেক্টিক দেখাচ্ছেন। তার তাপমাত্রা ৩৬°C (৯৬.৮°F), পালস ১০০/মিনিট, রক্তচাপ ১২৮/৬৫ মিমি পারদ। শারীরিক পরীক্ষায় মাইডইপিগাস্ট্রিক অঞ্চলে একটি গাঁট দেখা যায়। নিম্নলিখিতগুলির মধ্যে কোনটি সর্বোত্তম পরবর্তী ব্যবস্থাপনা পদক্ষেপ?
A. হাইড্রোকোডোন ও আইবুপ্রোফেন বন্ধ করে IV কেটোরোলাক শুরু করা
B. হাইড্রোকোডোন থেকে হাইড্রমরফোনে পরিবর্তন করা
C. লিডোকেইন ব্যবহার করে সেলিয়াক প্লেক্সাসের রিজিওনাল ব্লক প্রদান করা
D. এসজোপিক্লোনকে জোল্পিডেমে পরিবর্তন করা
E. রোগীকে প্রতি চার ঘন্টা পরপর হাইড্রোকোডোন ও আইবুপ্রোফেন নিতে দেওয়া",,,,,
R0073,"A 43-year-old man comes to the physician because of left flank pain and nausea for 2 hours. The pain comes in waves and radiates to his groin. Over the past year, he has had intermittent pain in the bilateral flanks and recurrent joint pain in the toes, ankles, and fingers. He has not seen a physician in over 10 years. He takes no medications. He drinks 3-5 beers daily. His sister has rheumatoid arthritis. Vital signs are within normal limits. Physical examination shows marked tenderness bilaterally in the costovertebral areas. A photograph of the patient's left ear is shown. A CT scan of the abdomen shows multiple small kidney stones and a 7-mm left distal ureteral stone. A biopsy of the patient's external ear findings is most likely to show which of the following?
A. Cholesterol
B. Ammonium magnesium phosphate
C. Monosodium urate
D. Cystine
E. Calcium pyrophosphate
F. Palisading granulomas
G. Calcium oxalate","একজন ৪৩ বছর বয়সী পুরুষ রোগী বাম ফ্ল্যাঙ্কে ব্যথা ও বমি বমি ভাব নিয়ে দুই ঘণ্টা আগে ডাক্তারের কাছে আসেন। ব্যথা তরঙ্গের মতো আসে এবং গোড়ালিতে ছড়িয়ে পড়ে। গত এক বছর ধরে তিনি দু'পাশের ফ্ল্যাঙ্কে পর্যায়ক্রমিক ব্যথা এবং আঙুল, গোড়ালি ও পায়ের আঙুলে পুনরাবৃত্তি জয়েন্টের ব্যথা অনুভব করছেন। তিনি দশ বছরেরও বেশি সময় কোনো ডাক্তারের কাছে যাননি। কোন ঔষধই গ্রহণ করেন না। প্রতিদিন ৩-৫টি বিয়ার পান করেন। তার বোন রিউমাটয়েড আর্থ্রাইটিসে আক্রান্ত। গুরুত্বপূর্ণ চিহ্নগুলো স্বাভাবিক সীমার মধ্যে। শারীরিক পরীক্ষায় কস্টোভার্টিব্রাল এলাকায় দু'পাশেই তীব্র সংবেদনশীলতা দেখা যায়। রোগীর বাম কানটির একটি ফটো দেখানো হয়েছে। পেটের সিটি স্ক্যানে একাধিক ছোট কিডনি স্টোন এবং ৭ মিমি বাম ডিস্টাল ইউরেটার স্টোন দেখা গেছে। রোগীর বাহ্যিক কানের টিস্যু থেকে নেওয়া বায়োপসিতে নিম্নলিখিত কোনটি সবচেয়ে সম্ভাবনা দেখাবে?
A. কোলেস্টেরল
B. অ্যামোনিয়াম ম্যাগনেসিয়াম ফসফেট
C. মনোসোডিয়াম ইউরেট
D. সিস্টিন
E. ক্যালসিয়াম পাইরোফসফেট
F. পালিসেডিং গ্র্যানুলোমা
G. ক্যালসিয়াম অক্সালেট",,,,,
R0074,"A 39-year-old woman comes to the physician because of recurrent episodes of severe pain over her neck, back, and shoulders for the past year. The pain worsens with exercise and lack of sleep. Use of over-the-counter analgesics have not resolved her symptoms. She also has stiffness of the shoulders and knees and tingling in her upper extremities that is worse in the morning. She takes escitalopram for generalized anxiety disorder. She also has tension headaches several times a month. Her maternal uncle has ankylosing spondylitis. Examination shows marked tenderness over the posterior neck, bilateral mid trapezius, and medial aspect of the left knee. Muscle strength is normal. Laboratory studies, including a complete blood count, erythrocyte sedimentation rate, and thyroid-stimulating hormone are within the reference ranges. X-rays of her cervical and lumbar spine show no abnormalities. Which of the following is the most likely diagnosis?
A. Polymyalgia rheumatica
B. Fibromyalgia
C. Axial spondyloarthritis
D. Rheumatoid arthritis
E. Polymyositis
F. Major depressive disorder
G. Systemic lupus erythematosus","৩৯ বছর বয়সী একজন নারী গত এক বছরের মধ্যে ঘাড়, পিঠ ও কাঁধে পুনরাবৃত্তি হওয়া তীব্র ব্যথা নিয়ে ডাক্তারের কাছে আসেন। ব্যায়াম এবং ঘুমের অভাবে ব্যথা বাড়ে। ওভার-দ্য-কাউন্টার Analgesics ব্যবহার করেও উপসর্গ কমেনি। তিনি কাঁধ ও হাঁটুর কঠোরতা এবং উঁচু অঙ্গগুলিতে ঝিনঝিন ভাব অনুভব করেন, যা সকালে বেশি হয়। জেনারেলাইজড অ্যাংজাইটি ডিসঅর্ডারের জন্য তিনি এসসিটালোপ্রাম গ্রহণ করছেন। মাসে কয়েকবার টেনশন হেডএক্স আছে। তার মাতৃকুলের চাচা অ্যান্কাইলোসিং স্পন্ডিলাইটিসে আক্রান্ত। পরীক্ষায় পেছনের ঘাড়, দু'পাশের মাঝারি ট্র্যাপিজিয়াস এবং বাম হাঁটুর মিডিয়াল অংশে উল্লেখযোগ্য সংবেদনশীলতা দেখা যায়। মাংসপেশীর শক্তি স্বাভাবিক। ল্যাবরেটরি পরীক্ষা (সম্পূর্ণ রক্ত গণনা, ইরিথ্রোসাইট সেডিমেন্টেশন রেট ও থাইরয়েড-স্টিমুলেটিং হরমোন) সবই রেফারেন্স রেঞ্জের মধ্যে। সার্ভিকাল এবং লাম্বার স্পাইন এর এক্স-রে কোনো অস্বাভাবিকতা দেখায় না। নিম্নলিখিত কোনটি সবচেয়ে সম্ভাব্য রোগ নির্ণয়?
A. পলিমাইলজিয়া রিউমাটিকা
B. ফাইব্রোমায়ালজিয়া
C. অক্ষীয় স্পন্ডিলারথ্রাইটিস
D. রিউমাটয়েড আর্থ্রাইটিস
E. পলিমায়োসিটিস
F. মেজর ডিপ্রেসিভ ডিসঅর্ডার
G. সিস্টেমিক লুপাস ইরিথেমেটোসাস",,,,,
R0075,"A 2-year-old boy is brought to the physician by his parents because of difficulty walking and cold feet for the past 2 months. His parents report that he tires quickly from walking. The patient was born at 37 weeks' gestation and has met all developmental milestones. There is no personal or family history of serious illness. He is at the 50th percentile for height and 40th percentile for weight. His temperature is 36.9°C (98.4°F), pulse is 119/min, respirations are 32/min, and blood pressure is 135/85 mm Hg. A grade 2/6 systolic murmur is heard in the left paravertebral region. Pedal pulses are absent. Further evaluation of this patient is most likely to show which of the following findings?
A. Rib notching
B. Low tissue oxygenation in the legs
C. Interarm difference in blood pressure
D. Right ventricular outflow obstruction
E. Increased R wave amplitude in V5-V6 on ECG","২ বছর বয়সী একটি ছেলে তার বাবা-মায়ের মাধ্যমে ডাক্তারের কাছে আনা হয়েছে, কারণ গত ২ মাস ধরে হাঁটতে অসুবিধা এবং পা ঠাণ্ডা থাকে। বাবা-মা জানান যে সে দ্রুত ক্লান্ত হয়ে যায় হাঁটার সময়। রোগীটি ৩৭ সপ্তাহে জন্মগ্রহণ করেছে এবং সব বিকাশগত মাইলস্টোন পূরণ করেছে। কোনো ব্যক্তিগত বা পারিবারিক গুরুতর রোগের ইতিহাস নেই। উচ্চতা ৫০তম পার্সেন্টাইলে এবং ওজন ৪০তম পার্সেন্টাইলে রয়েছে। তার তাপমাত্রা ৩৬.৯°C (৯৮.৪°F), পালস ১১৯/মিনিট, শ্বাসপ্রশ্বাস ৩২/মিনিট, রক্তচাপ ১৩৫/৮৫ মিমি পারদ। বাম প্যারাভার্টিব্রাল অঞ্চলে গ্রেড ২/৬ সিস্টোলিক মর্মর শোনা যায়। পায়ের ধমনির পালস অনুপস্থিত। এই রোগীর আরও মূল্যায়নে সবচেয়ে সম্ভাব্য কোনটি দেখা যাবে?
A. রিব নটচিং
B. পা-এ কম টিস্যু অক্সিজেনেশন
C. দুই বাহুর রক্তচাপের পার্থক্য
D. ডান ভেন্ট্রিকুলার আউটফ্লো বাধা
E. ইসিজিতে V5-V6-তে R ওয়েভের অ্যামপ্লিটিউড বৃদ্ধি",,,,,
R0076,"A 65-year-old man comes to the physician because of a 10-day history of episodic retrosternal pain, shortness of breath, and palpitations. The episodes occur when he climbs stairs or tries to walk briskly on his treadmill. The symptoms resolve when he stops walking. The previous evening he felt dizzy and weak during such an episode. He also reports that he had a cold 2 weeks ago. He was diagnosed with type 2 diabetes mellitus four years ago but is otherwise healthy. His only medication is glyburide. He appears well. His pulse is 62/min and is weak, respirations are 20/min, and blood pressure is 134/90 mmHg. Cardiovascular examination shows a late systolic ejection murmur that is best heard in the second right intercostal space. The lungs are clear to auscultation. Which of the following mechanisms is the most likely cause of this patient's current condition?
A. Increased left ventricular oxygen demand
B. Lymphocytic infiltration of the myocardium
C. Narrowing of the coronary arterial lumen
D. Inflammatory constriction of the bronchioles
E. Critical transmural hypoperfusion of the myocardium
F. Cellular injury of the esophageal epithelium
G. Catecholamine-induced transient regional systolic dysfunction
H. Increased release of endogenous insulin","৬৫ বছর বয়সী একজন পুরুষ রোগী ১০ দিনের সময়কালে পর্যায়ক্রমিক রেট্রোস্টার্নাল ব্যথা, শ্বাসকষ্ট এবং হৃদস্পন্দনের অস্বাভাবিকতা নিয়ে ডাক্তারের কাছে আসেন। এই এপিসোডগুলো ঘটে যখন তিনি সিঁড়ি ওঠেন বা ট্রেডমিলে দ্রুত হাঁটতে চেষ্টা করেন। হাঁটা বন্ধ করলে লক্ষণগুলি দূর হয়ে যায়। পূর্বের রাতে তিনি এমন একটি এপিসোডে মাথা ঘোরানো এবং দুর্বলতা অনুভব করেছিলেন। তিনি জানান দুই সপ্তাহ আগে তাকে জ্বর (সর্দি) হয়েছিল। চার বছর আগে তার টাইপ ২ ডায়াবেটিস মেলিটাস নির্ণয় করা হয়েছে, অন্যথায় স্বাস্থ্যের কোনো সমস্যা নেই। বর্তমানে তিনি শুধুমাত্র গ্লাইবুরাইড গ্রহণ করেন। রোগীর চেহারা ভাল। পাল্স ৬২/মিনিট এবং দুর্বল, শ্বাসপ্রশ্বাস ২০/মিনিট, রক্তচাপ ১৩৪/৯০ mmHg। কার্ডিওভাসকুলার পরীক্ষায় দ্বিতীয় ডান ইন্টারকোস্টাল স্পেসে সর্বোত্তমভাবে শোনা যায় একটি দেরি সিস্টোলিক ইজেকশন মর্মর। ফুসফুসে কোনো অস্বাভাবিকতা শোনায় না। নিম্নলিখিত কোন প্রক্রিয়াটি রোগীর বর্তমান অবস্থার সবচেয়ে সম্ভাব্য কারণ?
A. বাম ভেন্ট্রিকুলারের অক্সিজেন চাহিদা বৃদ্ধি
B. মায়োকার্ডিয়ামের লিম্ফোসাইটিক প্রবেশ
C. করোনারি ধমনী লুমেন সংকীর্ণতা
D. ব্রঙ্কিওলের প্রদাহজনিত সংকোচন
E. মায়োকার্ডিয়ালের সমালোচনামূলক ট্রান্সমুরাল হাইপোপারফিউশন
F. ইসোফেগাসের এপিথেলিয়ামের কোষীয় ক্ষতি
G. ক্যাটেকোলামিন-প্ররোচিত অস্থায়ী আঞ্চলিক সিস্টোলিক ডিসফাংশন
H. এন্ডোজেনাস ইনসুলিনের মুক্তি বৃদ্ধি",,,,,
R0077,"A 20-year-old primigravid woman comes to the physician in October for her first prenatal visit. She has delayed the visit because she wanted a “natural birth” but was recently convinced to get a checkup after feeling more tired than usual. She feels well. Menarche was at the age of 12 years and menses used to occur at regular 28-day intervals and last 3-7 days. The patient emigrated from Mexico 2 years ago. Her immunization records are unavailable. Pelvic examination shows a uterus consistent in size with a 28-week gestation. Laboratory studies show:
Hemoglobin 12.4 g/dL
Leukocyte count 8,000/mm3
Blood group B negative
Serum
Glucose 88 mg/dL
Creatinine 1.1 mg/dL
TSH 3.8 μU/mL
Rapid plasma reagin negative
HIV antibody negative
Hepatitis B surface antigen negative
Urinalysis shows no abnormalities. Urine culture is negative. Chlamydia and gonorrhea testing are negative. A Pap smear is normal. Administration of which of the following vaccines is most appropriate at this time?""
A. Influenza and hepatitis B
B. Tdap and influenza
C. Tdap and MMR
D. Varicella and Tdap
E. Haemophilus influenzae B and HPV
F. Tdap and HPV
G. Varicella and influenza
H. Hepatitis B and MMR
I. MMR, Haemophilus influenzae B, and varicella
J. Influenza only
K. Varicella and hepatitis B
L. H. influenzae B and influenza","নিম্নলিখিত কোন টিকাদানটি এই সময়ে সবচেয়ে উপযুক্ত?
A. ইনফ্লুয়েঞ্জা এবং হেপাটাইটিস বি
B. টিডিএপি এবং ইনফ্লুয়েঞ্জা
C. টিডিএপি এবং এমএমআর
D. ভ্যারিসেলা এবং টিডিএপি
E. হিমোফিলাস ইনফ্লুয়েঞ্জা বি এবং এইচপিভি
F. টিডিএপি এবং এইচপিভি
G. ভ্যারিসেলা এবং ইনফ্লুয়েঞ্জা
H. হেপাটাইটিস বি এবং এমএমআর
I. এমএমআর, হিমোফিলাস ইনফ্লুয়েঞ্জা বি, এবং ভ্যারিসেলা
J. শুধুমাত্র ইনফ্লুয়েঞ্জা
K. ভ্যারিসেলা এবং হেপাটাইটিস বি
L. হিমোফিলাস ইনফ্লুয়েঞ্জা বি এবং ইনফ্লুয়েঞ্জা",,,,,
R0078,"A 49-year-old man comes to the physician because he has had multiple falls and multiple episodes of dizziness over the past 6 weeks. There is no personal or family history of serious illness. He drinks one pint of rum daily. He works as a foreman in a factory that produces industrial solvents. He is alert and oriented to time, place, and person. His temperature is 36.7°C (98.1°F), pulse is 88/min, and blood pressure is 108/70 mm Hg. Examination shows a wide-based gait. The patient is unable to stand with his feet together without support. There is a coarse tremor of the hands when he is asked to grab a pen. Muscle strength and tone are normal in all extremities. Sensation to pain, vibration, and position is intact bilaterally. Rapid alternating movements of the hands is impaired. Mental status examination shows no abnormalities. Which of the following is the most likely cause of this patient's condition?
A. Korsakoff syndrome
B. Subacute combined degeneration
C. Methanol poisoning
D. Cerebellar degeneration
E. Wernicke's encephalopathy","একজন ৪৯ বছর বয়সী পুরুষ রোগী ডাক্তারের কাছে আসেন কারণ গত ৬ সপ্তাহে তিনি বহুবার পড়ে গেছেন এবং ঘূর্ণি অনুভব করেছেন। কোনো ব্যক্তিগত বা পারিবারিক গুরুতর রোগের ইতিহাস নেই। তিনি প্রতিদিন এক পিন্ট রাম পান করেন। তিনি একটি ফ্যাক্টরিতে শিল্প দ্রাবক উৎপাদনকারী কর্মস্থলে ফোরম্যান হিসেবে কাজ করেন। তিনি সতর্ক ও সময়, স্থান এবং ব্যক্তি সম্পর্কে সচেতন। তার তাপমাত্রা ৩৬.৭°C (৯৮.১°F), পালস ৮৮/মিনিট, রক্তচাপ ১০৮/৭০ mm Hg। পরীক্ষায় দেখা যায় বিস্তৃত ভিত্তিক হাঁটা। রোগী সমর্থন ছাড়া পা একত্রে দাঁড়াতে পারেন না। কলম ধরতে বললে হাতে একটি মোটা কম্পন থাকে। সব অঙ্গের পেশীর শক্তি ও টোন স্বাভাবিক। ব্যথা, কম্পন এবং অবস্থান সংবেদন দুপাশেই ঠিক আছে। হাতের দ্রুত বিকল্পগত গতি দুর্বল। মানসিক অবস্থা পরীক্ষায় কোনো অসামঞ্জস্য দেখা যায় না। নিম্নলিখিত কোনটি রোগীর এই অবস্থার সবচেয়ে সম্ভাব্য কারণ?
A. কোরসাকফ সিনড্রোম
B. উপ-তীব্র সমন্বিত অবক্ষয়
C. মেথানল বিষক্রিয়া
D. সেরেবেলার অবক্ষয়
E. ওয়ার্নিকের এনসেফালোপ্যাথি",,,,,
R0079,"A 5-month-old male infant is brought to the physician by his mother because of a generalized pruritic rash for 2-weeks. The itchiness often causes the infant to wake up at night. He was strictly breastfed until 4 months of age, when he was transitioned to formula feeding. His father has a history of asthma. His immunizations are up-to-date. He is at the 75th percentile for length and the 70th percentile for weight. Examination shows dry and scaly patches on the face and extensor surfaces of the extremities. The groin is spared. Which of the following is the most appropriate next step in management?
A. Topical coal tar
B. Oral acyclovir
C. Oral vitamin A
D. Topical mupirocin
E. Topical clotrimazole
F. Tar-containing shampoo
G. Topical emollient
""","একজন ৫ মাসের পুরুষ শিশুকে তার মা ডাক্তারের কাছে নিয়ে এসেছে কারণ দুই সপ্তাহ ধরে সাধারণিক চুলকানি যুক্ত র্যাশ রয়েছে। চুলকানির কারণে শিশুটি রাতে জেগে ওঠে। তিনি শুধুমাত্র স্তন্যপায়ী ছিলেন যতক্ষণ না ৪ মাস বয়সে ফর্মুলা দুধে পরিবর্তন করা হয়। তার বাবার হাঁপানির ইতিহাস আছে। টিকাদান আপডেটেড। লম্বা ৭৫তম পার্সেন্টাইলে এবং ওজন ৭০তম পার্সেন্টাইলে। পরীক্ষায় মুখ ও অঙ্গের এক্সটেনসরের শুষ্ক ও স্কেলি প্যাচ দেখা যায়। গ্রীন সংরক্ষিত। নিম্নলিখিতগুলির মধ্যে কোনটি সর্বোত্তম পরবর্তী ব্যবস্থাপনা পদক্ষেপ?
A. স্থানীয় কয়লা টার
B. মৌখিক অ্যাসাইক্লোভির
C. মৌখিক ভিটামিন এ
D. স্থানীয় মিউপিরোসিন
E. স্থানীয় ক্লোট্রিমাজল
F. টারযুক্ত শ্যাম্পু
G. স্থানীয় ইমোলিয়েন্ট",,,,,
R0080,"A 17-year-old girl is brought to the physician because she has not attained menarche. There is no personal or family history of serious illness. She is 168 cm (5 ft 5 in) tall and weighs 63 kg (139 lb); BMI is 22.3 kg/m2. Examination shows normal breast development. Scant axillary hair is present. Abdominal examination shows a firm, nontender left inguinal mass. Pelvic examination shows a blind vaginal pouch. Ultrasonography does not show a uterus or ovaries. Which of the following is the most likely underlying cause of this patient's symptoms?
A. SRY gene defect
B. Mullerian duct agenesis
C. 5-α reductase deficiency
D. Sex chromosome mosaicism
E. Sex chromosome monosomy
F. Androgen insensitivity","একজন ১৭ বছর বয়সী মেয়ে রোগীর কাছে আনা হয়েছে কারণ সে এখনও মাসিক শুরু করেনি। তার কোনো ব্যক্তিগত বা পারিবারিক গুরুতর অসুস্থতার ইতিহাস নেই। তার উচ্চতা ১৬৮ সেমি (৫ ফুট ৫ ইঞ্চি) এবং ওজন ৬৩ কেজি (১৩৯ পাউন্ড); BMI ২২.৩ কেজি/মি2। পরীক্ষায় স্বাভাবিক স্তনের বিকাশ দেখা যায়। অল্প পরিমাণে বগল চুল রয়েছে। পেটের পরীক্ষা দেখায় একটি দৃঢ়, ব্যথাহীন বাম ইনগুইনাল গাঁট। পেলভিক পরীক্ষায় একটি বন্ধ যোনিপাত্র দেখা যায়। আল্ট্রাসাউন্ডে গর্ভাশয় বা ডিম্বাশয় দেখা যায় না। নিম্নলিখিতগুলির মধ্যে কোনটি এই রোগীর উপসর্গের সবচেয়ে সম্ভাব্য অন্তর্নিহিত কারণ?
A. SRY জিন ত্রুটি
B. মুলেরিয়ান নালিকার বিকাশহীনতা
C. ৫-আলফা রিডাক্টেজ ঘাটতি
D. যৌন ক্রোমোজোম মোজাইকিজম
E. যৌন ক্রোমোজোম মনোসোমি
F. অ্যান্ড্রোজেন অসংবেদনশীলতা",,,,,
R0081,"A 55-year-old man is brought to the emergency department for the evaluation of severe chest pain for the last hour. The pain travels along the left arm and upper jaw. The patient also reports difficulty breathing and profuse sweating. He has hypertension and type 2 diabetes mellitus. He has smoked one pack of cigarettes daily for the last 35 years. His medications include enalapril and metformin. His temperature is 37°C (98.6°F), pulse is 110/min, respirations are 20/min, and blood pressure is 90/60 mm Hg. An ECG shows ST elevation in the leads II, III, and aVF. Morphine is administered and oxygen supplementation and fluid resuscitation are begun. Shortly after, the patient becomes unstable. Following emergency resuscitation and stabilization, a written advance directive provided by the patient's primary care physician shows a do-not-resuscitate (DNR) order. The patient's wife, who is the power of attorney, disagrees. Which of the following is the most appropriate next step in management of this patient?
A. Discuss treatment options with the patient's primary care physician
B. Obtain court order to revoke written advance directive
C. Supportive care only
D. Reperform resuscitation when needed
E. Contact the patient's oldest child
F. Contact the ethics committee","একজন 55 বছর বয়সী পুরুষকে শেষ এক ঘন্টার তীব্র বুকের ব্যথার মূল্যায়নের জন্য জরুরি বিভাগে আনা হয়। ব্যথা বাম বাহু ও উপরের চোয়ালে ছড়িয়ে পড়ে। রোগী শ্বাসকষ্ট এবং প্রচণ্ড ঘামের কথাও জানান। তার উচ্চ রক্তচাপ এবং টাইপ ২ ডায়াবেটিস মেলিটাস রয়েছে। তিনি গত 35 বছর ধরে প্রতিদিন এক প্যাক সিগারেট ধূমপান করেন। তার ওষুধের মধ্যে আছে এনালাপ্রিল এবং মেটফরমিন। তাপমাত্রা 37°C (98.6°F), পালস 110/মিনিট, শ্বাসপ্রশ্বাস 20/মিনিট, রক্তচাপ 90/60 mm Hg। ইসিজি-তে লিড II, III ও aVF-তে ST সেগমেন্টের উঁচু দেখা যায়। মরফিন দেওয়া হয় এবং অক্সিজেন সাপ্লিমেন্টেশন ও তরল পুনরুজ্জীবন শুরু করা হয়। কিছুক্ষণ পর রোগী অস্থিতিশীল হয়ে পড়ে। জরুরি রিসাসিটেশন ও স্থিতিশীলকরণের পরে, রোগীর প্রাইমারি কেয়ার ফিজিশিয়ান দ্বারা সরবরাহিত লিখিত অগ্রিম নির্দেশনা একটি ডি-নট-রিসাসিটেট (DNR) আদেশ দেখায়। রোগীর স্ত্রী, যিনি পাওয়ার অফ অ্যাটর্নি, এতে অসম্মত। নিম্নলিখিতগুলির মধ্যে কোনটি এই রোগীর ব্যবস্থাপনার সর্বোত্তম পরবর্তী পদক্ষেপ?
A. রোগীর প্রাইমারি কেয়ার ফিজিশিয়ানের সঙ্গে চিকিৎসা বিকল্পগুলি আলোচনা করুন
B. লিখিত অগ্রিম নির্দেশনা বাতিল করার জন্য আদালতের আদেশ নিন
C. শুধুমাত্র সহায়ক যত্ন প্রদান করুন
D. প্রয়োজন হলে পুনরায় রিসাসিটেশন সম্পাদন করুন
E. রোগীর বড় সন্তানকে যোগাযোগ করুন
F. ইথিক্স কমিটি-তে যোগাযোগ করুন",,,,,
R0082,"A 65-year-old man is brought to the emergency department for a 1-week history of worsening shortness of breath. The symptoms occur when he climbs the stairs to his apartment on the 3rd floor and when he goes to bed. He gained 2.3 kg (5 lbs) in the past 5 days. He has a history of hypertension, hyperlipidemia, alcoholic steatosis, and osteoarthritis. He received surgical repair of a ventricular septal defect when he was 4 months old. He started taking ibuprofen for his osteoarthritis and simvastatin for his hyperlipidemia one week ago. He drinks 2-3 beers daily after work. His temperature is 37.0°C (98.6°F), his pulse is 114/min, and his blood pressure is 130/90 mmHg. Physical examination reveals jugular venous distention and 2+ pitting edema in his lower legs. On cardiac auscultation, an additional, late-diastolic heart sound is heard. Bilateral crackles are heard over the lung bases. Echocardiography shows concentric hypertrophy of the left ventricle. Which of the following is the most likely underlying cause of this patient's condition?
A. Alcoholic cardiomyopathy
B. Pericardial effusion
C. Recent use of simvastatin
D. Arterial hypertension
E. Flow reversal of ventricular shunt","৬৫ বছর বয়সী একজন পুরুষকে এক সপ্তাহ ধরে বাড়তে থাকা শ্বাসকষ্টের জন্য জরুরি বিভাগে আনা হয়েছে। তিনি যখন তৃতীয় তলার অ্যাপার্টমেন্টে সিঁড়ি ওঠেন এবং বিছানায় যান তখন এই উপসর্গগুলো দেখা দেয়। গত ৫ দিনে তিনি ২.৩ কেজি (৫ পাউন্ড) ওজন বাড়িয়েছেন। তার উচ্চ রক্তচাপ, হাইপারলিপিডেমিয়া, অ্যালকোহলিক স্ট্যাটোসিস এবং অস্টিওআর্থ্রাইটিসের ইতিহাস রয়েছে। যখন তিনি ৪ মাস বয়সী ছিলেন তখন ভেন্ট্রিকুলার সেপটাল ডিফেক্টের সার্জিক্যাল মেরামত করানো হয়েছিল। এক সপ্তাহ আগে তিনি তার অস্টিওআর্থ্রাইটিসের জন্য আইবুপ্রোফেন এবং হাইপারলিপিডেমিয়ার জন্য সিমভাস্টাটিন নিতে শুরু করেন। কাজ শেষে তিনি দিনে ২-৩টি বিয়ার পান করেন। তার তাপমাত্রা ৩৭.০°C (৯৮.৬°F), পালস ১১৪/মিনিট, রক্তচাপ ১৩০/৯০ mmHg। শারীরিক পরীক্ষায় জাগুলার ভেনাস ডিস্টেনশন এবং নিচের পায়ে ২+ পিটিং এডিমা দেখা যায়। হৃদয় শোনার সময় একটি অতিরিক্ত, দেরি-ডায়াস্টোলিক হার্ট সাউন্ড শোনা যায়। ফুসফুসের ভিত্তিতে দ্বিপাক্ষিক ক্র্যাকলস শোনা যায়। ইকোকার্ডিওগ্রাফিতে বাম ভেন্ট্রিকলের কনসেনট্রিক হাইপারট্রফি দেখা গেছে। নিম্নলিখিত কোনটি এই রোগীর অবস্থার সবচেয়ে সম্ভাব্য অন্তর্নিহিত কারণ?
A. অ্যালকোহলিক কার্ডিওমায়োপ্যাথি
B. পারিকারডিয়াল ইফিউশন
C. সাম্প্রতিক সিমভাস্টাটিন ব্যবহার
D. আর্টেরিয়াল হাইপারটেনশন
E. ভেন্ট্রিকুলার শান্টের প্রবাহ উল্টো হওয়া",,,,,
R0083,"A 14-year-old girl is brought to the physician because of a 1-week history of fever, malaise, and chest pain. She describes the pain as 6 out of 10 in intensity and that it is more severe if she takes a deep breath. The pain is centrally located in the chest and does not radiate. Three weeks ago, she had a sore throat that resolved without treatment. She has no personal history of serious illness. She appears ill. Her temperature is 38.7°C (101.7°F). Examination shows several subcutaneous nodules on the elbows and wrist bilaterally. Breath sounds are normal. A soft early systolic murmur is heard best at the apex in the left lateral position. Abdominal examination is unremarkable. Laboratory studies show:
Hemoglobin 12.6 g/dL
Leukocyte count 12,300/mm3
Platelet count 230,000/mm3
Erythrocyte sedimentation rate 40 mm/hr
Serum
Antistreptolysin O titer 327 U/mL (N < 200 U/mL)
She is treated with aspirin and penicillin and her symptoms resolve. An echocardiography of the heart done 14 days later shows no abnormalities. Which of the following is the most appropriate next step in management?""
A. Intramuscular benzathine penicillin every 4 weeks for 10 years
B. Low-dose prednisone therapy for a month
C. Oral penicillin V before dental procedures
D. Intramuscular benzathine penicillin every 4 weeks until the age of 40
E. Intramuscular benzathine penicillin every 4 weeks until the age of 21
F. Intramuscular benzathine penicillin every 4 weeks for 5 years","একটি ১৪-বছরের মেয়ে এক সপ্তাহের জ্বর, ক্লান্তি এবং বুকে ব্যথার ইতিহাস নিয়ে ডাক্তারের কাছে আনা হয়। সে ব্যথাটিকে তীব্রতা অনুযায়ী ১০ এর মধ্যে ৬ হিসেবে বর্ণনা করে এবং গভীর শ্বাস নিলে এটি আরও বেশি তীব্র হয়। ব্যথাটি কেন্দ্রীয়ভাবে বুকে অবস্থিত এবং অন্য কোথাও ছড়িয়ে পড়ে না। তিন সপ্তাহ আগে, তার গলা ব্যথা ছিল যা কোনো চিকিৎসা ছাড়াই সেরে যায়। তার কোনও গুরুতর রোগের ব্যক্তিগত ইতিহাস নেই। সে অসুস্থ দেখাচ্ছে। তাপমাত্রা ৩৮.৭°C (১০১.৭°F)। পরীক্ষা করে কনুই ও কব্জিতে দু'পাশে বেশ কয়েকটি সাবকিউটেনিয়াস নডিউল দেখা যায়। শ্বাসের শব্দ স্বাভাবিক। বাম পাশের ল্যাটারাল অবস্থানে অ্যাপেক্সে একটি মৃদু প্রাথমিক সিস্টোলিক মর্মর শোনা যায়। পেটের পরীক্ষা অস্বাভাবিক নয়। ল্যাব ফলাফল:
হিমোগ্লোবিন ১২.৬ গি/ডিএল
শ্বেত রক্তকণিকা সংখ্যা ১২,৩০০/মিমি3
প্লেটলেট সংখ্যা ২৩০,০০০/মিমি3
ইরিথ্রোসাইট সেডিমেন্টেশন রেট ৪০ মিমি/ঘণ্টা
সিরাম অ্যান্টিস্ট্রেপটোলাইসিন ও টাইটার ৩২৭ ইউ/মিলি (N < ২০০ ইউ/মিলি)
তারকে অ্যাসপিরিন এবং পেনিসিলিন দিয়ে চিকিৎসা করা হয় এবং তার উপসর্গগুলো সেরে যায়। ১৪ দিন পর হৃদয়ের ইকোকার্ডিওগ্রাফিতে কোনো অস্বাভাবিকতা দেখা যায় না। নিম্নলিখিত কোনটি সর্বাধিক উপযুক্ত পরবর্তী ব্যবস্থাপনা পদক্ষেপ?
A. প্রতি ৪ সপ্তাহে একবার ইনট্রামাসকুলার বেনজাথিন পেনিসিলিন, মোট ১০ বছর পর্যন্ত
B. এক মাসের জন্য কম ডোজ প্রেডনিসোন থেরাপি
C. দন্তচিকিৎসা করার আগে মৌখিক পেনিসিলিন V গ্রহণ
D. বয়স ৪০ পর্যন্ত প্রতি ৪ সপ্তাহে ইনট্রামাসকুলার বেনজাথিন পেনিসিলিন
E. বয়স ২১ পর্যন্ত প্রতি ৪ সপ্তাহে ইনট্রামাসকুলার বেনজাথিন পেনিসিলিন
F. প্রতি ৪ সপ্তাহে একবার ইনট্রামাসকুলার বেনজাথিন পেনিসিলিন, মোট ৫ বছর পর্যন্ত",,,,,
R0084,"A 16-year-old girl is brought to the physician because her mother is concerned about her lack of appetite and poor weight gain. She has had a 7-kg (15-lb) weight loss over the past 3 months. The patient states that she should try to lose more weight because she does not want to be overweight anymore. She maintains a diary of her daily calorie intake. Menarche was at the age of 13 years, and her last menstrual period was 3 months ago. She is on the high school track team. She is sexually active with 2 male partners and uses condoms inconsistently. She is at 50th percentile for height and below the 5th percentile for weight and BMI. Her temperature is 37°C (98.6°F), pulse is 58/min and blood pressure is 96/60 mm Hg. Examination shows fine hair over the trunk and extremities. Which of the following is the most likely diagnosis?
A. HIV infection
B. Body dysmorphic disorder
C. Bulimia nervosa
D. Type 1 diabetes mellitus
E. Hyperthyroidism
F. Obsessive compulsive disorder
G. Anorexia nervosa","একজন ১৬ বছর বয়সী মেয়েকে ডাক্তারের কাছে আনা হয়েছে কারণ তার মা তার ক্ষুধামন্দা এবং ওজন বৃদ্ধির অভাব নিয়ে উদ্বিগ্ন। গত ৩ মাসে সে ৭ কেজি (১৫ পাউন্ড) ওজন কমেছে। রোগী বলছে যে তাকে আরও বেশি ওজন কমাতে হবে কারণ আর বেশি ওজনের হতে চায় না। তিনি তার দৈনিক ক্যালোরি গ্রহণের একটি ডায়েরি রাখেন। মেনার্ক ছিল ১৩ বছর বয়সে, এবং শেষ মাসিক ৩ মাস আগে হয়েছে। তিনি হাই স্কুল ট্র্যাক টিমে অংশ নেন। তিনি দুইজন পুরুষ সঙ্গীর সঙ্গে যৌন সক্রিয় এবং কন্ডোম অনিয়মিতভাবে ব্যবহার করেন। তার উচ্চতা ৫০তম পার্সেন্টাইলের মধ্যে এবং ওজন ও BMI ৫তম পার্সেন্টাইলের নিচে। তার তাপমাত্রা ৩৭°C (৯৮.৬°F), পালস ৫৮/মিনিট এবং রক্তচাপ ৯৬/৬০ mm Hg। পরীক্ষায় ট্রাঙ্ক ও অঙ্গপ্রত্যঙ্গে সূক্ষ্ম লোম দেখা যায়। নিম্নলিখিতগুলির মধ্যে কোনটি সবচেয়ে সম্ভাব্য নির্ণয়?
A. এইচআইভি সংক্রমণ
B. দেহের বিকৃতি সম্পর্কিত ব্যাধি
C. বুলিমিয়া নার্ভোসা
D. টাইপ ১ ডায়াবেটিস মেলিটাস
E. হাইপারথাইরয়েডিজম
F. অবসেসিভ-কম্পালসিভ ডিসঅর্ডার
G. অ্যানোরেক্সিয়া নার্ভোসা",,,,,
R0085,"A 20-year-old college student comes to the physician because she has been extremely sad for the past 3 weeks and has to cry constantly. Three weeks ago, her boyfriend left her after they were together for 4 years. She has no appetite and has had a 2.3-kg (5.1-lb) weight loss. She has missed several classes because she could not stop crying or get out of bed. She thinks about her ex-boyfriend all the time. She says that she experienced similar symptoms for about 2 months after previous relationships ended. The patient is 158 cm (5 ft 2 in) tall and weighs 45 kg (100 lb); BMI is 18 kg/m2. Her temperature is 36.1°C (97°F), pulse is 65/min, and blood pressure is 110/60 mm Hg. Physical examination shows no abnormalities. On mental status examination she appears sad and cries easily. Which of the following is the most likely diagnosis?
A. Borderline personality disorder
B. Bereavement
C. Adjustment disorder with depressed mood
D. Persistent depressive disorder
E. Major depressive disorder
F. Acute stress disorder
G. Anorexia nervosa","২০ বছর বয়সী একটি কলেজ শিক্ষার্থী ডাক্তারের কাছে এসেছেন কারণ তিনি গত তিন সপ্তাহ ধরে অত্যন্ত দুঃখিত এবং ক্রমাগত কাঁদছেন। তিন সপ্তাহ আগে, তার প্রেমিক চার বছরের সম্পর্কের পর তাকে ছেড়ে চলে গিয়েছিলেন। তার ক্ষুধা নেই এবং ২.৩ কেজি (৫.১ পাউন্ড) ওজন কমেছে। তিনি কয়েকটি ক্লাস মিস করেছেন কারণ থেমে না থাকা কাঁদা বা বিছানা থেকে ওঠা সম্ভব হচ্ছিল না। তিনি সব সময়ই তার প্রাক্তন প্রেমিকের কথা ভাবেন। তিনি বলেন যে পূর্ববর্তী সম্পর্ক শেষ হওয়ার পরও প্রায় দুই মাস ধরে একই রকম লক্ষণ অনুভব করেছিলেন। রোগীর উচ্চতা ১৫৮ সেমি (৫ ফুট ২ ইঞ্চি) এবং ওজন ৪৫ কেজি (১০০ পাউন্ড); BMI ১৮ কেজি/মি2। তার তাপমাত্রা ৩৬.১°C (৯৭°F), পাল্স ৬৫/মিনিট, রক্তচাপ ১১০/৬০ mm Hg। শারীরিক পরীক্ষায় কোনো অস্বাভাবিকতা দেখা যায়নি। মানসিক অবস্থা পরীক্ষা দেখায় তিনি দুঃখী এবং সহজে কাঁদেন। নিম্নলিখিতগুলির মধ্যে কোনটি সবচেয়ে সম্ভাব্য নির্ণয়?
A. বর্ডারলাইন পার্সোনালিটি ডিসঅর্ডার
B. শোকগ্রস্ত অবস্থা
C. ডিপ্রেসিভ মুড সহ অ্যাডজাস্টমেন্ট ডিজঅর্ডার
D. দীর্ঘস্থায়ী ডিপ্রেসিভ ডিসঅর্ডার
E. গুরুতর বিষণ্নতা ব্যাধি
F. আকস্মিক স্ট্রেস ডিজঅর্ডার
G. অনোরেক্সিয়া নার্ভোসা",,,,,
R0086,"A 40-year-old man comes to the physician because of a 5-month history of watery diarrhea and episodic crampy abdominal pain. He has no fever, nausea, or vomiting. Over the past 6 months, he has had a 1.8-kg (4-lb) weight loss, despite experiencing no decrease in appetite. His wife has noticed that sometimes his face and neck become red after meals or when he is in distress. A year ago, he was diagnosed with asthma. He has hypertension. Current medications include an albuterol inhaler and enalapril. He drinks one beer daily. His temperature is 36.7°C (98°F), pulse is 85/min, and blood pressure is 130/85 mm Hg. The lungs are clear to auscultation. A grade 2/6 systolic murmur is heard best at the left sternal border and fourth intercostal space. The abdomen is soft, and there is mild tenderness to palpation with no guarding or rebound. The remainder of the physical examination shows no abnormalities. A complete blood count is within the reference range. Without treatment, this patient is at greatest risk for which of the following conditions?
A. Asphyxia
B. Achlorhydria
C. T-cell lymphoma
D. Megaloblastic anemia
E. Dementia
F. Intestinal fistula
G. Arthritis","একজন ৪০ বছর বয়সী পুরুষ রোগী পাঁচ মাসের জলীয় ডায়রিয়া এবং পর্যায়ক্রমিক পেটের ক্র্যাম্পি ব্যথার জন্য চিকিৎসকের কাছে আসেন। তার জ্বর, বমি বমি ভাব বা বমি নেই। গত ছয় মাসে তিনি ১.৮ কেজি (৪ পাউন্ড) ওজন কমিয়েছেন, যদিও ক্ষুধা হ্রাস হয়নি। তাঁর স্ত্রী লক্ষ্য করেছেন যে খাবার খাওয়ার পরে অথবা চাপের সময় কখনও কখনও তার মুখ এবং গলা লাল হয়ে যায়। এক বছর আগে তাকে হাঁপানি নির্ণয় করা হয়েছে। তিনি উচ্চ রক্তচাপেও ভুগছেন। বর্তমান ওষুধে রয়েছে আলবুটেরল ইনহেলার এবং এনালাপ্রিল। তিনি প্রতিদিন একটি বিয়ার পান করেন। তার তাপমাত্রা ৩৬.৭°C (৯৮°F), পালস ৮৫/মিনিট, রক্তচাপ ১৩০/৮৫ মিমি পারদ। ফুসফুসে শোনায় পরিষ্কার। বাম স্টার্নাল সীমানা ও চতুর্থ ইন্টারকোস্টাল স্পেসে গ্রেড ২/৬ সিস্টোলিক মর্মর শোনা যায়। পেট নরম, হালকা টেন্ডারনেস আছে কিন্তু গার্ডিং বা রিবাউন্ড নেই। বাকি শারীরিক পরীক্ষায় কোনো অস্বাভাবিকতা দেখা যায় না। সম্পূর্ণ রক্ত গণনা স্বাভাবিক সীমার মধ্যে। চিকিৎসা না করলে এই রোগী সর্বোচ্চ ঝুঁকিতে থাকবে নিম্নলিখিত কোন অবস্থার জন্য?
A. অশ্বাস
B. অ্যাচ্লোরহাইড্রিয়া
C. টি-সেল লিম্ফোমা
D. মেগালোব্লাস্টিক রক্তাল্পতা
E. ডিমেনশিয়া
F. অন্ত্রের ফিস্টুলা
G. আর্থ্রাইটিস",,,,,
R0087,"A 68-year-old man comes to the physician for a routine health maintenance examination. His wife has noticed that his left eye looks smaller than his right eye. He has had left shoulder and arm pain for 3 months. He has hypertension and coronary artery disease. Current medications include enalapril, metoprolol, aspirin, and atorvastatin. His medical history is significant for gonorrhea, for which he was treated in his 30's. He has smoked two packs of cigarettes daily for 35 years. He does not drink alcohol. His temperature is 37°C (98.6°F), pulse is 71/min, and blood pressure is 126/84 mm Hg. The pupils are unequal; when measured in dim light, the left pupil is 3 mm and the right pupil is 5 mm. There is drooping of the left eyelid. The remainder of the examination shows no abnormalities. Application of apraclonidine drops in both eyes results in a left pupil size of 5 mm and a right pupil size of 4 mm. Which of the following is the most appropriate next step in management?
A. Applanation tonometry
B. Erythrocyte sedimentation rate
C. Rapid plasma reagin
D. CT scan of the chest
E. Anti-acetylcholine receptor antibodies","একজন ৬৮ বছর বয়সী পুরুষ রুটিন স্বাস্থ্য রক্ষণাবেক্ষণ পরীক্ষার জন্য ডাক্তারের কাছে আসেন। তার স্ত্রী লক্ষ্য করেছেন যে তার বাম চোখ ডান চোখের তুলনায় ছোট দেখাচ্ছে। তিনি গত ৩ মাস ধরে বাম কাঁধ ও বাহুর ব্যথা অনুভব করছেন। তাঁর উচ্চ রক্তচাপ এবং করোনারি আর্টারি রোগ রয়েছে। বর্তমান ওষুধগুলোর মধ্যে আছে এনালাপ্রিল, মেটোপ্রোলল, অ্যাসপিরিন এবং এটরভাস্টাটিন। তার চিকিৎসা ইতিহাসে গনোরিয়া উল্লেখযোগ্য, যা তিনি ত্রিশের দশকে চিকিৎসা করিয়েছিলেন। তিনি ৩৫ বছর ধরে প্রতিদিন দুই প্যাক সিগারেট ধূমপান করেন। অ্যালকোহল পান করেন না। তাঁর তাপমাত্রা ৩৭°C (৯৮.৬°F), পালস ৭১/মিনিট, এবং রক্তচাপ ১২৬/৮৪ mm Hg। চোখের শিরা অসম; কম আলোতে মাপলে বাম পিউপিল ৩ mm এবং ডান পিউপিল ৫ mm। বাম চোখের পলক ঝুলে আছে। পরীক্ষার বাকী অংশে কোনো অস্বাভাবিকতা দেখা যায়নি। দুটোই চোখে আপ্রাক্লোনিডিন টিপলে বাম পিউপিলের আকার হয় ৫ mm এবং ডান পিউপিলের আকার হয় ৪ mm। নিম্নলিখিতগুলোর মধ্যে কোনটি সর্বোত্তম পরবর্তী ব্যবস্থাপনা পদক্ষেপ?
A. অ্যাপ্লেশন টোনোমেট্রি
B. ইরিথ্রোসাইট সেডিমেন্টেশন রেট (ESR)
C. র‍্যাপিড প্লাজমা রেগেইন (RPR) পরীক্ষা
D. বুকের সিটি স্ক্যান
E. অ্যান্টি-অ্যাসিটাইলকোলিন রিসেপ্টর অ্যান্টিবডি",,,,,
R0088,"A 17-year-old high school student comes to the physician because of a 6-month history of insomnia. On school nights, he goes to bed around 11 p.m. but has had persistent problems falling asleep and instead studies at his desk until he feels sleepy around 2 a.m. He does not wake up in the middle of the night. He is worried that he does not get enough sleep. He has significant difficulties waking up on weekdays and has repeatedly been late to school. At school, he experiences daytime sleepiness and drinks 1-2 cups of coffee in the mornings. He tries to avoid daytime naps. On the weekends, he goes to bed around 2 a.m. and sleeps in until 10 a.m., after which he feels rested. He has no history of severe illness and does not take medication. Which of the following most likely explains this patient's sleep disorder?
A. Delayed sleep-wake disorder
B. Psychophysiologic insomnia
C. Advanced sleep-wake disorder
D. Irregular sleep-wake disorder
E. Non-24 h sleep-wake disorder
F. Inadequate sleep hygiene","একজন ১৭ বছর বয়সী উচ্চ বিদ্যালয়ের ছাত্র ৬ মাসের অনিদ্রার ইতিহাস নিয়ে ডাক্তারের কাছে আসেন। স্কুলের রাতে, তিনি প্রায় রাত ১১টায় শোয়া যান কিন্তু ঘুমিয়ে পড়তে ধারাবাহিক সমস্যার মুখোমুখি হন এবং পরিবর্তে ডেস্কে বসে পড়াশোনা করেন যতক্ষণ না তিনি রাত ২টার দিকে ঘুমঘুম করতে শুরু করেন। তিনি রাতে মাঝপথে জেগে ওঠেন না। তিনি উদ্বিগ্ন যে পর্যাপ্ত ঘুম পাচ্ছেন না। সপ্তাহের দিনগুলোতে তিনি সকালে উঠতে কঠিনতা অনুভব করেন এবং বারবার স্কুলে দেরি হয়ে যান। স্কুলে, তিনি দিনের বেলা নিদ্রালুতা অনুভব করেন এবং সকালবেলায় ১-২ কাপ কফি পান করেন। তিনি দিনের ন্যাপ এড়ানোর চেষ্টা করেন। সপ্তাহান্তে, তিনি প্রায় রাত ২টায় শোয়া যান এবং সকাল ১০টা পর্যন্ত ঘুমিয়ে থাকেন, এরপর তিনি বিশ্রামপ্রাপ্ত বোধ করেন। তার কোনো গুরুতর রোগের ইতিহাস নেই এবং তিনি কোনো ওষুধ গ্রহণ করেন না। নিম্নলিখিত কোনটি সবচেয়ে সম্ভাব্যভাবে এই রোগীর নিদ্রা ব্যাধি ব্যাখ্যা করে?
A. বিলম্বিত ঘুম-জাগরণ ব্যাধি
B. মানসিক-দেহগত অনিদ্রা
C. অগ্রসর ঘুম-জাগরণ ব্যাধি
D. অনিয়মিত ঘুম-জাগরণ ব্যাধি
E. নন-২৪ ঘন্টার ঘুম-জাগরণ ব্যাধি
F. নিদ্রা স্বাস্থ্যবিধির অভাব",,,,,
R0089,"A 21-year-old college student comes to the physician for intermittent palpitations. She does not have chest pain or shortness of breath. The symptoms started 2 days ago, on the night after she came back to her dormitory after a 4-hour-long bus trip from home. A day ago, she went to a party with friends. The palpitations have gotten worse since then and occur more frequently. The patient has smoked 5 cigarettes daily for the past 3 years. She drinks 4-6 alcoholic beverages with friends once or twice a week and occasionally uses marijuana. She is sexually active with her boyfriend and takes oral contraceptive pills. She does not appear distressed. Her pulse is 100/min and irregular, blood pressure is 140/85 mm Hg, and respirations are at 25/min. Physical examination shows a fine tremor in both hands, warm extremities, and swollen lower legs. The lungs are clear to auscultation. An ECG is shown below. Which of the following is the most appropriate next step in management?
A. Measure TSH levels
B. Observe and wait
C. Administer intravenous adenosine
D. Measure D-Dimer levels
E. Administer subcutaneous enoxaparin
F. Send urine toxicology","২১ বছর বয়সী কলেজ শিক্ষার্থী অন্তর্বর্তী প্যালপিটেশন (হৃদস্পন্দনের অস্বাভাবিকতা) নিয়ে ডাক্তারের কাছে আসেন। তার কোনো বুকে ব্যথা বা শ্বাসকষ্ট নেই। লক্ষণগুলো দুই দিন আগে শুরু হয়, যখন তিনি বাড়ি থেকে চার ঘণ্টার বাস ভ্রমণের পর ডরমিটরিতে ফিরে এসেছিলেন। একদিন আগে তিনি বন্ধুদের সঙ্গে পার্টিতে গিয়েছিলেন। তখন থেকে প্যালপিটেশন আরও বেড়েছে এবং ঘনঘন হচ্ছে। রোগী গত তিন বছর ধরে প্রতিদিন পাঁচটি সিগারেট ধূমপান করেন। সপ্তাহে এক বা দুইবার বন্ধুদের সঙ্গে চার থেকে ছয় গ্লাস অ্যালকোহল পান করেন এবং মাঝে মাঝে মারিজুয়ানা ব্যবহার করেন। তিনি বয়ফ্রেন্ডের সাথে যৌন সক্রিয় এবং মৌখিক গর্ভনিরোধক গ্রহণ করছেন। তিনি উদ্বিগ্ন দেখাচ্ছেন না। তার পালস প্রতি মিনিটে ১০০, অনিয়মিত; রক্তচাপ ১৪০/৮৫ mm Hg; শ্বাসপ্রশ্বাস প্রতি মিনিটে ২৫। শারীরিক পরীক্ষায় উভয় হাতে সূক্ষ্ম কম্পন, অঙ্গগুলি গরম এবং নিচের পা ফোলা দেখা যায়। শ্বাসযন্ত্র শোনার সময় পরিষ্কার। নীচে ইসিজি (ইলেক্ট্রোকার্ডিওগ্রাম) দেখানো আছে। নিম্নলিখিতগুলোর মধ্যে কোনটি সর্বাধিক উপযুক্ত পরবর্তী ব্যবস্থাপনা পদক্ষেপ?
A. টি-এস-এইচ (থাইরয়েড স্টিমুলেটিং হরমোন) স্তর মাপুন
B. পর্যবেক্ষণ করুন এবং অপেক্ষা করুন
C. শিরায় ইনট্রাভেনাস অ্যাডেনোসিন দিন
D. ডি-ডাইমার (D-dimer) স্তর মাপুন
E. সাবকিউটেনিয়াস (চামড়ার নিচে) এনোক্সাপ্যারিন দিন
F. মূত্রের টক্সিকোলজি পরীক্ষা পাঠান",,,,,
R0090,"An 8-year-old boy is brought to the physician because of a 7-day history of a progressively worsening cough. The cough occurs in spells and consists of around 5-10 coughs in succession. After each spell he takes a deep, noisy breath. He has vomited occasionally following a bout of coughing. He had a runny nose for a week before the cough started. His immunization records are unavailable. He lives in an apartment with his father, mother, and his 2-week-old sister. The mother was given a Tdap vaccination 11 years ago. The father's vaccination records are unavailable. His temperature is 37.8°C (100.0°F). Examination shows no abnormalities. His leukocyte count is 42,000/mm3. Throat swab culture and PCR results are pending. Which of the following are the most appropriate recommendations for this family?
A. Administer oral azithromycin to the baby and father and Tdap vaccination to the father
B. Administer oral erythromycin to the baby and father and Tdap vaccination to the father
C. Administer oral azithromycin to all family members and Tdap vaccination to the father and mother
D. Administer oral trimethoprim-sulfamethaxazole to all family members and Tdap vaccination to the father
E. Administer oral trimethoprim-sulfamethaxazole to all family members and Tdap vaccination to the father and mother
F. Administer oral erythromycin to all family members and Tdap vaccination to the father and mother
G. Administer oral erythromycin to all family members and Tdap vaccination to the father
H. Administer oral trimethoprim-sulfamethaxazole to the father and baby and Tdap vaccination to the father
I. Administer oral azithromycin to all family members and Tdap vaccination to the father","৮ বছর বয়সী একটি ছেলে ডাক্তারের কাছে আনা হয়েছে কারণ তার ৭ দিনের ক্রমবর্ধমান কাশির ইতিহাস রয়েছে। কাশি স্পেলে হয় এবং ধারাবাহিকভাবে প্রায় ৫-১০টি কাশি থাকে। প্রতিটি স্পেলের পরে সে গভীর, শোরগোলপূর্ণ শ্বাস নেয়। কখনও কখনও কাশির পর সে বমি করে। কাশি শুরু হওয়ার এক সপ্তাহ আগে তার নাক দিয়ে পানি বের হচ্ছিল। তার টিকাদান রেকর্ড পাওয়া যায় না। সে তার বাবা, মা এবং ২-সপ্তাহের ছোট বোনের সঙ্গে একটি অ্যাপার্টমেন্টে থাকে। মাকে ১১ বছর আগে Tdap টিকা দেওয়া হয়েছিল। বাবার টিকাদানের রেকর্ড নেই। তার তাপমাত্রা ৩৭.৮°C (১০০°F)। পরীক্ষায় কোনো অস্বাভাবিকতা দেখা যায়নি। তার লিউকোসাইট গণনা ৪২,০০০/mm3। গলা সুয়াব কালচার এবং PCR ফলাফল অপেক্ষমান। নিম্নলিখিত কোনটি এই পরিবারকে সবচেয়ে উপযুক্ত সুপারিশ হবে?
A. শিশুটি ও বাবাকে মৌখিক আজিথ্রোমাইসিন দিন এবং বাবার জন্য Tdap টিকা দিন
B. শিশুটি ও বাবাকে মৌখিক এরিথ্রোমাইসিন দিন এবং বাবার জন্য Tdap টিকা দিন
C. সব পরিবারের সদস্যকে মৌখিক আজিথ্রোমাইসিন দিন এবং বাবার ও মায়ের জন্য Tdap টিকা দিন
D. সব পরিবারের সদস্যকে মৌখিক ট্রিমেথোপ্রিম-সালফামেথ্যাক্সাজল দিন এবং বাবার জন্য Tdap টিকা দিন
E. সব পরিবারের সদস্যকে মৌখিক ট্রিমেথোপ্রিম-সালফামেথ্যাক্সাজল দিন এবং বাবার ও মায়ের জন্য Tdap টিকা দিন
F. সব পরিবারের সদস্যকে মৌখিক এরিথ্রোমাইসিন দিন এবং বাবার ও মায়ের জন্য Tdap টিকা দিন
G. সব পরিবারের সদস্যকে মৌখিক এরিথ্রোমাইসিন দিন এবং বাবার জন্য Tdap টিকা দিন
H. বাবার ও শিশুর (বেবি) জন্য মৌখিক ট্রিমেথোপ্রিম-সালফামেথ্যাক্সাজল দিন এবং বাবার জন্য Tdap টিকা দিন
I. সব পরিবারের সদস্যকে মৌখিক আজিথ্রোমাইসিন দিন এবং বাবার জন্য Tdap টিকা দিন",,,,,
R0091,"An 8-year old boy is brought to the emergency department because he has been lethargic and has had several episodes of nausea and vomiting for the past day. He has also had increased thirst over the past two months. He has lost 5.4 kg (11.9 lbs) during this time. He is otherwise healthy and has no history of serious illness. His temperature is 37.5 °C (99.5 °F), blood pressure is 95/68 mm Hg, pulse is 110/min, and respirations are 30/min. He is somnolent and slightly confused. His mucous membranes are dry. Laboratory studies show:
Hemoglobin 16.2 g/dL
Leukocyte count 9,500/mm3
Platelet count 380,000/mm3
Serum
Na+ 130 mEq/L
K+ 5.5 mEq/L
Cl- 99 mEq/L
HCO3- 16 mEq/L
Creatinine 1.2 mg/dL
Glucose 570 mg/dL
Ketones positive
Blood gases, arterial
pH 7.25
pCO2 21 mm Hg
Which of the following is the most appropriate next step in management?""
A. Intravenous hydration with 0.9% normal saline and insulin
B. Intravenous hydration with 5% dextrose solution and 0.45% normal saline
C. Intravenous hydration with 0.45% normal saline and insulin
D. Intravenous hydration with 0.9% normal saline and potassium chloride
E. Intravenous hydration with 5% dextrose solution and potassium chloride
F. Intravenous insulin therapy
G. Intravenous sodium bicarbonate
""","একজন ৮ বছর বয়সী ছেলে জরুরি বিভাগে আনা হয়েছে কারণ তিনি গত একদিন ধরে অলস অবস্থায় ছিলেন এবং বহুবার বমি ও বমিভাবের অভিজ্ঞতা পেয়েছেন। অতিরিক্ত দুই মাস ধরে তার তৃষ্ণা বৃদ্ধি পেয়েছে। এই সময়ে তিনি ৫.৪ কেজি (১১.৯ পাউন্ড) ওজন কমিয়েছেন। অন্যথায় তিনি সুস্থ এবং কোনো গুরুতর রোগের ইতিহাস নেই। তার শারীরিক পরীক্ষা: তাপমাত্রা ৩৭.৫ °C (৯৯.৫ °F), রক্তচাপ ৯৫/৬৮ mm Hg, পালস ১১০/মিনিট, শ্বাসপ্রশ্বাস ৩০/মিনিট। তিনি নিদ্রালু এবং সামান্য বিভ্রান্ত। তার মিউকাস ঝিল্লি শুকনো। ল্যাবরেটরি ফলাফল: হিমোগ্লোবিন ১৬.২ g/dL; লিউকোসাইট গণনা ৯,৫০০/mm3; প্লেটলেট গণনা ৩৮০,০০০/mm3; সিরাম Na+ ১৩০ mEq/L, K+ ৫.৫ mEq/L, Cl- ৯৯ mEq/L, HCO3- ১৬ mEq/L, ক্রিয়াটিনিন ১.২ mg/dL, গ্লুকোজ ৫৭০ mg/dL, কিটোনস পজিটিভ; রক্ত গ্যাস (ধমনীীয়) pH ৭.২৫, pCO2 ২১ mm Hg। নিম্নলিখিতগুলির মধ্যে কোনটি সর্বোত্তম পরবর্তী ব্যবস্থাপনা পদক্ষেপ?
A. ইন্ট্রাভেনাস হাইড্রেশন ০.৯% নরমাল স্যালাইন এবং ইনসুলিন সহ
B. ইন্ট্রাভেনাস হাইড্রেশন ৫% ডেক্সট্রোজ সমাধান এবং ০.৪৫% নরমাল স্যালাইন সহ
C. ইন্ট্রাভেনাস হাইড্রেশন ০.৪৫% নরমাল স্যালাইন এবং ইনসুলিন সহ
D. ইন্ট্রাভেনাস হাইড্রেশন ০.৯% নরমাল স্যালাইন এবং পটাশিয়াম ক্লোরাইড সহ
E. ইন্ট্রাভেনাস হাইড্রেশন ৫% ডেক্সট্রোজ সমাধান এবং পটাশিয়াম ক্লোরাইড সহ
F. ইন্ট্রাভেনাস ইনসুলিন থেরাপি
G. ইন্ট্রাভেনাস সোডিয়াম বায়োকার্বোনেট",,,,,
R0092,"A 60-year-old man comes to the physician because of recurrent nose bleeds that occur with light trauma or at random times during the day. Over the past 6 months, the patient has felt weak and fatigued and has had a 10-kg (22-lb) weight loss. He has poor appetite and describes abdominal discomfort. He does not have night sweats. His pulse is 72/min, blood pressure is 130/70 mm Hg, and his temperature is 37.5°C (99.5°F). The spleen is palpated 10 cm below the left costal margin. Multiple bruises are noted on both upper extremities. Laboratory studies show.
Hemoglobin 9.8 g/dL
Hematocrit 29.9%
Leukocyte count 4,500/mm3
Neutrophils 30%
Platelet count 74,000/mm3
Serum
Lactate dehydrogenase 410 IU/L
A peripheral blood smear detects tartrate-resistant acid phosphatase activity. Which of the following is the most appropriate initial treatment for this patient?""
A. Transfusion of packed red blood cells
B. Cyclophosphamide
C. Transfusion of platelets
D. Rituximab
E. Melphalan
F. Cladribine","একজন ৬০ বছর বয়সী পুরুষ হালকা আঘাত বা দিনের যেকোনো সময় র‍্যান্ডমভাবে নাক থেকে রক্তপাতের পুনরাবৃত্তি হওয়ার জন্য ডাক্তারের কাছে আসেন। গত ৬ মাসে রোগী দুর্বলতা ও ক্লান্তি অনুভব করছেন এবং ১০ কেজি (২২ পাউন্ড) ওজন কমেছেন। তার ক্ষুধা কম এবং তিনি পেটের অস্বস্তি বর্ণনা করেন। রাতে ঘাম পান না। তার পালস ৭২/মিনিট, রক্তচাপ ১৩০/৭০ mm Hg, তাপমাত্রা ৩৭.৫°C (৯৯.৫°F)। ডানদিকের কোস্টাল মার্জিনের নিচে ১০ সেমি দূরে পলিপার গৃহীত হয়েছে। উভয় উপরের অঙ্গের উপর একাধিক চোট দেখা যায়। ল্যাবরেটরি ফলাফল দেখায়:  
হিমোগ্লোবিন ৯.৮ g/dL  
হিমাটোক্রিট ২৯.৯%  
শ্বেত রক্তকণিকা সংখ্যা ৪,৫০০/mm3  
নিউট্রোফিল ৩০%  
প্লেটলেট সংখ্যা ৭৪,০০০/mm3  
সিরাম ল্যাক্টেট ডিহাইড্রোজেনেজ ৪১০ IU/L  
একটি পারিফেরাল রক্ত স্মিয়ার টার্টারেট-রেসিস্ট্যান্ট অ্যাসিড ফসফাটেজ কার্যকলাপ সনাক্ত করে। নিম্নলিখিতগুলোর মধ্যে কোনটি এই রোগীর জন্য সবচেয়ে উপযুক্ত প্রাথমিক চিকিৎসা?
A. প্যাকড লাল রক্তকণিকা (RBC) ট্রান্সফিউশন
B. সাইক্লোফসফামাইড
C. প্লেটলেটের ট্রান্সফিউশন
D. রিটুক্সিম্যাব
E. মেলফালেন
F. ক্লাড্রিবিন",,,,,
R0093,"A 28-year-old woman, gravida 2, para 1, at 14 weeks' gestation, comes to the physician with a 3-day history of abnormal vaginal discharge. She has not had fever, chills, or abdominal pain. One week ago, her 2-year-old daughter had a urinary tract infection that quickly resolved after antibiotic therapy. The patient reports that she is sexually active with one male partner and they do not use condoms. Vital signs are within normal limits. Pelvic examination shows an inflamed and friable cervix. There is mucopurulent, foul-smelling discharge from the cervical os. There is no uterine or cervical motion tenderness. Vaginal pH measurement shows a pH of 3.5. Which of the following is the most appropriate initial step in management?
A. Wet mount preparation
B. Amine test
C. Urine analysis and culture
D. Nucleic acid amplification test
E. Potassium hydroxide preparation","একজন ২৮ বছর বয়সী নারী, gravida 2, para 1, গর্ভধারণের ১৪ সপ্তাহে, তিন দিনের অস্বাভাবিক যোনি নিঃসরণের ইতিহাস নিয়ে ডাক্তারের কাছে আসেন। তার জ্বর, কাঁপুনি বা পেটের ব্যথা নেই। এক সপ্তাহ আগে, তার দুই বছর বয়সী মেয়ে ইউরিনারি ট্র্যাক্ট ইনফেকশন (UTI) হয়েছিল যা অ্যান্টিবায়োটিক থেরাপি দিয়ে দ্রুত সেরে গিয়েছে। রোগী জানান তিনি একজন পুরুষ পার্টনারের সঙ্গে যৌন সক্রিয় এবং কন্ডোম ব্যবহার করেন না। ভিটাল সাইন স্বাভাবিক সীমার মধ্যে। পেলভিক পরীক্ষায় প্রদাহিত ও নরম সার্ভিক্স দেখা যায়। সার্ভিক্যাল অস্থি থেকে মিউকোপিউরুলেন্ট, দুর্গন্ধযুক্ত নিঃসরণ রয়েছে। গর্ভাশয় বা সার্ভিক্যাল মোশন টেন্ডারনেস নেই। যোনির pH পরিমাপে pH ৩.৫ পাওয়া যায়। নিম্নলিখিতগুলোর মধ্যে কোনটি সর্বোত্তম প্রাথমিক ব্যবস্থাপনা ধাপ?
A. ওয়েট মাউন্ট প্রস্তুতি
B. অ্যামিন টেস্ট
C. মূত্র বিশ্লেষণ ও কালচার
D. নিউক্লিক অ্যাসিড অ্যমপ্লিফিকেশন টেস্ট
E. পটাশিয়াম হাইড্রোক্সাইড প্রস্তুতি",,,,,
R0094,"A 34-year-old woman comes to the emergency department with midsternal chest pain, shortness of breath, and cough with bloody sputum for the past 3 hours. The pain started after moving furniture at home and worsens when taking deep breaths. The patient has a history of hypertension. She has smoked one pack of cigarettes daily for the past 20 years. She drinks 1-2 glasses of wine per day. Current medications include enalapril and an oral contraceptive. Her temperature is 38.2°C (100.8°F), pulse is 110/min, respirations are 20/min, and blood pressure is 110/70 mm Hg. Oxygen saturation is 92% on room air. Physical examination shows decreased breath sounds over the left lung base. There is calf pain on dorsal flexion of the right foot. Examination of the extremities shows warm skin and normal pulses. Further evaluation of this patient is most likely to show which of the following findings?
A. Thrombus in the left atrium on TEE
B. Wedge-shaped filling defect on chest CT
C. Widespread ST elevations on ECG
D. Diffuse fluffy bilateral lung infiltrates on CXR
E. Tracheal deviation on CXR
F. Decreased expiratory flow on peak flow meter
G. Elevated serum CK-MB","৩৪ বছর বয়সী এক নারী জরুরি বিভাগে আসেন মাঝমেরুদণ্ডের বুকের ব্যথা, শ্বাসকষ্ট এবং গত ৩ ঘণ্টায় রক্তাক্ত কফ সহ কাশির অভিযোগ নিয়ে। বাড়িতে ফার্নিচার সরানোর পর এই ব্যথা শুরু হয় এবং গভীর শ্বাস নিলে তীব্রতর হয়। রোগীর উচ্চ রক্তচাপের ইতিহাস আছে। তিনি গত ২০ বছর ধরে প্রতিদিন এক প্যাকেট সিগারেট ধূমপান করেন। দিনে ১-২ গ্লাস ওয়াইন পান করেন। বর্তমান ঔষধে রয়েছে এনালাপ্রিল এবং একটি মৌখিক গর্ভনিরোধক। তার তাপমাত্রা ৩৮.২°C (১০০.৮°F), পালস ১১০/মিনিট, শ্বাসপ্রশ্বাস ২০/মিনিট, রক্তচাপ ১১০/৭০ mm Hg। অক্সিজেন স্যাচুরেশন রুম এয়ারে ৯২%। শারীরিক পরীক্ষায় বাম ফুসফুসের ভিত্তিতে শ্বাসধ্বনি কমে দেখা যায়। ডান পা দোরসাল ফ্লেক্সন করলে ক্যাল্ফে ব্যথা থাকে। অঙ্গপ্রত্যঙ্গের পরীক্ষা দেখায় তাপযুক্ত ত্বক এবং স্বাভাবিক পালস। এই রোগীর আরও মূল্যায়নে সবচেয়ে সম্ভাব্য কোন ফলাফল পাওয়া যাবে?
A. TEE-তে বাম এট্রিয়ামে থ্রম্বাস
B. চেস্ট CT-তে উইজ-আকৃতির ফিলিং ডিফেক্ট
C. ECG-তে ব্যাপক ST ইলেভেশন
D. CXR-তে দু'পাশের বিস্তৃত ফ্লাফি লাং ইনফিলট্রেটস
E. CXR-তে ট্র্যাকিয়াল বিচ্যুতি
F. পিক ফ্লো মিটারে এক্সপায়ারেটরি ফ্লো কমে যাওয়া
G. সেরাম CK-MB বৃদ্ধি",,,,,
R0095,"A 70-year-old man is brought to the emergency department by his wife because of lethargy, confusion, and nausea for the past 2 days. He has previously been healthy and has no past medical history. His only medications are a daily multivitamin and acetaminophen, which he takes daily for hip pain. Vital signs are within normal limits. He is disoriented to place and time but recognizes his wife. The remainder of his physical examination shows no abnormalities. Laboratory studies show a hemoglobin concentration of 9.1 g/dL, a serum calcium concentration of 14.7 mg/dL, and a serum creatinine of 2.2 mg/dL (previously 0.9 mg/dL). Which of the following is the most likely underlying mechanism of this patient's condition?
A. Decreased renal excretion of calcium
B. Excessive consumption of calcium
C. Ectopic PTHrP release
D. Increased serum levels of 1,25-hydroxyvitamin D
E. Excess PTH secretion from parathyroid glands
F. Overproliferation of plasma cells
""","৭০ বছর বয়সী একজন পুরুষকে তার স্ত্রী জরুরি বিভাগে নিয়ে এসেছে কারণ গত দুই দিন ধরে তিনি অলসতা, বিভ্রান্তি এবং বমিভাব অনুভব করছেন। পূর্বে তিনি সুস্থ ছিলেন এবং কোনো রোগের ইতিহাস নেই। তাঁর একমাত্র ওষুধ হল দৈনিক মাল্টিভিটামিন এবং অ্যাসেটামিনোফেন, যা তিনি হিপ ব্যথার জন্য নিয়মিত গ্রহণ করেন। জীবনীগত চিহ্নগুলো স্বাভাবিক সীমার মধ্যে রয়েছে। তিনি স্থান ও সময় সম্পর্কে বিভ্রান্ত, তবে তার স্ত্রীকে চিনতে পারেন। শারীরিক পরীক্ষায় অন্য কোনো অস্বাভাবিকতা দেখা যায় না। ল্যাবরেটরি ফলাফল দেখায় হিমোগ্লোবিন ঘনত্ব ৯.১ g/dL, সেরাম ক্যালসিয়াম ঘনত্ব ১৪.৭ mg/dL এবং সেরাম ক্রিয়াটিনিন ২.২ mg/dL (পূর্বে ০.৯ mg/dL)। নিম্নলিখিত কোনটি এই রোগীর অবস্থার সবচেয়ে সম্ভাব্য অন্তর্নিহিত প্রক্রিয়া?
A. ক্যালসিয়ামের কিডনি নির্গমন হ্রাস
B. অতিরিক্ত ক্যালসিয়াম গ্রহণ
C. এক্সট্রা-অবস্থানীয় PTHrP মুক্তি
D. রক্তে ১,২৫-হাইড্রোক্সিভিটামিন ডি স্তরের বৃদ্ধি
E. প্যারাথাইরয়েড গ্রন্থি থেকে অতিরিক্ত PTH নিঃসরণ
F. প্লাজমা কোষের অতিবৃদ্ধি",,,,,
R0096,"A 69-year-old man is brought to the emergency department because of severe abdominal pain radiating to his left flank for 30 minutes. He is weak and has been unable to stand since the onset of the pain. He vomited twice on the way to the hospital. He has not passed stools for 3 days. He has hypertension, coronary heart disease, and peptic ulcer disease. He has smoked half a pack of cigarettes daily for 46 years. Current medications include enalapril, metoprolol, aspirin, simvastatin, and pantoprazole. He appears ill. His temperature is 37°C (98.6°F), pulse is 131/min, respirations are 31/min, and blood pressure is 82/56 mm Hg. Pulse oximetry on room air shows an oxygen saturation of 92%. The lungs are clear to auscultation. Cardiac examination shows no abnormalities. Examination shows a painful pulsatile abdominal mass. Intravenous fluid resuscitation is begun. Which of the following is the most appropriate next step in management?
A. Intravenous ampicillin/sulbactam therapy
B. Supine and erect x-rays of the abdomen
C. CT scan of the abdomen and pelvis with contrast
D. Open emergency surgery
E. Transfusion of packed red blood cells
F. Colonoscopy","৬৯ বছর বয়সী একজন পুরুষকে তীব্র পেটের ব্যথা, যা তার বাম পার্শ্বে ছড়িয়ে পড়েছে, ৩০ মিনিট ধরে অনুভব করে জরুরি বিভাগে আনা হয়েছে। তিনি দুর্বল এবং ব্যথার শুরু থেকে দাঁড়াতে অক্ষম। হাসপাতালে যাওয়ার পথে দুবার বমি করেছেন। তিন দিন ধরে মলত্যাগ করেননি। তার উচ্চ রক্তচাপ, করোনারি হার্ট ডিজিজ ও পেপটিক আলসার রোগের ইতিহাস আছে। ৪৬ বছর ধরে তিনি দৈনিক আধা প্যাক সিগারেট ধূমপান করেন। বর্তমান ঔষধে রয়েছে এনালাপ্রিল, মেটোপ্রোলল, অ্যাস্পিরিন, সিমভাস্টাটিন এবং পান্টোপ্রাজোল। তিনি অসুস্থ দেখাচ্ছেন। তাপমাত্রা ৩৭°C (৯৮.৬°F), পালস ১৩১/মিনিট, শ্বাসপ্রশ্বাস ৩১/মিনিট, রক্তচাপ ৮২/৫৬ mm Hg। কক্ষের বাতাসে পল্স অক্সিমেট্রি দেখায় অক্সিজেন স্যাচুরেশন ৯২%। ফুসফুস পরিষ্কার শোনায়। হৃদয় পরীক্ষায় কোনো অস্বাভাবিকতা নেই। পরীক্ষা করে একটি ব্যথাযুক্ত ধড়ধড়ে করা পেটের গাঁট পাওয়া গেছে। ইনট্রাভেনাস তরল রিসাসিটেশন শুরু করা হয়েছে। নিম্নলিখিতগুলির মধ্যে কোনটি ব্যবস্থাপনার সর্বোত্তম পরবর্তী পদক্ষেপ?
A. ইন্ট্রাভেনাস অ্যাম্পিসিলিন/সালব্যাকটাম থেরাপি
B. শুয়ে ও দাঁড়িয়ে পেটের এক্স-রে
C. কনট্রাস্ট সহ পেট ও পেলভিসের সিটি স্ক্যান
D. খোলা জরুরি শল্যচিকিৎসা
E. প্যাকড লাল রক্তকণিকা (PRBC) ট্রান্সফিউশন
F. কলোনোস্কপি",,,,,
R0097,"A 16-year-old girl is brought to the physician because of yellowish discoloration of her eyes and generalized fatigue since she returned from a 2-week class trip to Guatemala 2 days ago. During her time there, she had watery diarrhea, nausea, and lack of appetite for 3 days that resolved without treatment. She also took primaquine for malaria prophylaxis. Three weeks ago, she had a urinary tract infection that was treated with nitrofurantoin. Her immunizations are up-to-date. Her temperature is 37.1°C (98.8°F), pulse is 82/min and blood pressure is 110/74 mm Hg. Examination shows scleral icterus. There is no lymphadenopathy. The remainder of the examination shows no abnormalities. Laboratory studies show:
Hemoglobin 12.1 g/dL
Leukocyte count 6400/mm3
Platelet count 234,000/mm3
Reticulocyte count 1.1%
Prothrombin time 12 sec (INR=1)
Serum
Bilirubin
Total 2.8 mg/dL
Direct 0.2 mg/dL
Alkaline phosphatase 43 U/L
AST 16 U/L
ALT 17 U/L
γ-Glutamyltransferase 38 U/L (N = 5-50)
Anti-HAV IgG positive
Anti-HBs positive
A peripheral blood smear shows no abnormalities. Which of the following is the most likely diagnosis?""
A. Drug-induced hepatitis
B. Hepatitis A infection
C. Gilbert's syndrome
D. Rotor syndrome
E. Glucose-6-phosphate dehydrogenase deficiency
F. Dubin-Johnson syndrome
G. Hepatitis B infection
H. Crigler-Najjar syndrome
""","১৬ বছর বয়সী একটি মেয়ে চোখে হলদে রঙের পরিবর্তন এবং সামগ্রিক ক্লান্তি অনুভব করে ডাক্তারের কাছে আনা হয়েছে, কারণ সে দুই দিন আগে গুয়াটেমালায় দুই সপ্তাহের ক্লাস ট্রিপ থেকে ফিরে এসেছে। সেখানে থাকাকালে তাকে তিন দিনের জন্য পানীয়রূপী ডায়রিয়া, বমিভাব ও ক্ষুধামন্দা হয়েছিল, যা কোনো চিকিৎসা ছাড়াই সেরে যায়। তিনি ম্যালেরিয়ার প্রতিরোধে প্রিমাকুইনও গ্রহণ করেছিলেন। তিন সপ্তাহ আগে তার ইউরিনারি ট্র্যাক্ট ইনফেকশন ছিল, যা নিট্রোফুরানটইনের মাধ্যমে চিকিৎসা করা হয়েছিল। তার টিকাদানের রেকর্ড আপ-টু-ডেট। তাপমাত্রা ৩৭.১°C (৯৮.৮°F), পালস ৮২/মিনিট এবং রক্তচাপ ১১০/৭৪ mm Hg। পরীক্ষায় স্ক্লেরাল আইক্টেরাস দেখা যায়। কোনো লিম্ফ নোডে ফোলাভাব নেই। বাকি শারীরিক পরীক্ষা স্বাভাবিক। ল্যাবরেটরি ফলাফল:
হেমোগ্লোবিন ১২.১ g/dL
লিউকোসাইট কাউন্ট ৬৪০০/mm3
প্লেটলেট কাউন্ট ২৩৪,০০০/mm3
রিটিকুলোসাইট কাউন্ট ১.১%
প্রোথ্রম্বিন টাইম ১২ সেকেন্ড (INR=1)
সিরাম বিলিরুবিন: মোট ২.৮ mg/dL, ডাইরেক্ট ০.২ mg/dL
অ্যালকালাইন ফসফেটেজ ৪৩ U/L
AST ১৬ U/L
ALT ১৭ U/L
γ-গ্লুটামিলট্রান্সফারেজ ৩৮ U/L (N = ৫-৫০)
Anti-HAV IgG পজিটিভ
Anti-HBs পজিটিভ
একটি পারিফেরাল ব্লাড স্মিয়ারে কোনো অস্বাভাবিকতা দেখা যায় না। নিম্নলিখিতগুলির মধ্যে কোনটি সবচেয়ে সম্ভাব্য নির্ণয়?
A. ঔষধ-জনিত হেপাটাইটিস
B. হেপাটাইটিস এ সংক্রমণ
C. গিলবার্ট সিনড্রোম
D. রোটর সিনড্রোম
E. গ্লুকোজ-৬-ফসফেট ডিহাইড্রোজেনেজ ঘাটতি
F. ডুবিন-জনসন সিনড্রোম
G. হেপাটাইটিস বি সংক্রমণ
H. ক্রিগলার-নাজজার সিনড্রোম",,,,,
R0098,"A 67-year-old woman comes to the physician for the evaluation of bilateral knee pain for the past year. She reports that the pain is worse with movement and is relieved with rest. She has type 2 diabetes mellitus. The patient says her mother takes leflunomide for a “joint condition.” The patient's medications include metformin and a multivitamin. She is 165 cm (5 ft 5 in) tall and weighs 85 kg (187 lb); BMI is 31.2 kg/m2. Vital signs are within normal limits. Physical examination shows pain both in complete flexion and extension, crepitus on joint movement, and joint stiffness and restricted range of motion of both knees. X-ray of the knee joints shows irregular joint space narrowing, subchondral sclerosis, osteophytes, and several subchondral cysts. There is no reddening or swelling. Which of the following is the most appropriate pharmacotherapy?
A. Intra-articular glucocorticoid injections
B. Administration of ibuprofen
C. Administration of infliximab
D. Administration of celecoxib
E. Administration of oral prednisolone
F. Administration of methotrexate","৬৭ বছর বয়সী এক নারী গত এক বছরের জন্য দ্বিপাক্ষিক হাঁটুর ব্যথা নিয়ে ডাক্তারের কাছে আসেন। তিনি জানান যে চলাচলের সময় ব্যথা বাড়ে এবং বিশ্রামে কমে যায়। তার টাইপ ২ ডায়াবেটিস মেলিটাস আছে। রোগীর মা “সংযোগস্থল সংক্রান্ত রোগ” এর জন্য লেফ্লুনোমাইড গ্রহণ করেন। রোগীর বর্তমান ওষুধের মধ্যে রয়েছে মেটফরমিন এবং একটি মাল্টিভিটামিন। তিনি ১৬৫ সেমি (৫ ফুট ৫ ইঞ্চি) উচ্চতা এবং ৮৫ কেজি (১৮৭ পাউন্ড) ওজন; BMI ৩১.২ কেজি/মি2। গুরুত্বপূর্ণ চিহ্নগুলো স্বাভাবিক সীমার মধ্যে। শারীরিক পরীক্ষায় সম্পূর্ণ বাঁকানো ও প্রসারণে উভয় হাঁটুর ব্যথা, গতি করার সময় ক্রেপিটাস, জয়েন্টের কঠোরতা এবং গতিসীমা হ্রাস দেখা যায়। হাঁটুয়ের এক্স-রে দেখায় অনিয়মিত সংযোগস্থল ফাঁকা সংকোচন, সাবকন্ড্রাল স্ক্লেরোসিস, অস্টিওফাইট ও কয়েকটি সাবকন্ড্রাল সিস্ট। কোনো লালভাব বা ফুলে ওঠা নেই। নিম্নলিখিত কোনটি সর্বাধিক উপযুক্ত ঔষধীয় চিকিৎসা?
A. ইন্ট্রা-আর্থিকুলার গ্লুকোকর্টিকয়েড ইনজেকশন
B. আইবুপ্রোফেনের ব্যবহার
C. ইনফ্লিক্সিম্যাবের ব্যবহার
D. সেলেকক্সিবের ব্যবহার
E. মৌখিক প্রেডনিসোলোনের ব্যবহার
F. মেথোট্রেক্সেটের ব্যবহার",,,,,
R0099,"A 9-year-old boy is brought to the physician for a well-child examination. His mother says his teachers report him being easily distracted, lagging behind his classmates in most of the subjects, and frequently falling asleep during class. She says that her son has complained of leg pain on multiple occasions. He is at the 45th percentile for height and 35th percentile for weight. Vital signs are within normal limits. Examination shows ptosis and a high-arched palate. Muscle strength is decreased in the face and hands. Muscle strength of the quadriceps and hamstrings is normal. Sensation is intact. Percussion of the thenar eminence causes the thumb to abduct and then relax slowly. Which of the following is the most likely diagnosis?
A. Becker muscular dystrophy
B. Hyperkalemic periodic paralysis
C. Spinal muscular atrophy
D. McArdle disease
E. Myotonic dystrophy
F. Juvenile dermatomyositis
G. Duchenne muscular dystrophy
""","একজন ৯ বছর বয়সী ছেলে ভাল-শিশু পরীক্ষার জন্য ডাক্তারের কাছে আনা হয়েছে। তার মা বলেন যে শিক্ষকরা জানিয়েছেন তিনি সহজে মনোযোগ হারান, অধিকাংশ বিষয়ের ক্ষেত্রে সহপাঠীদের পিছিয়ে থাকেন এবং ক্লাসের সময় প্রায়ই ঘুমিয়ে পড়েন। এছাড়া তিনি বহুবার পা ব্যথার অভিযোগ করেছেন। উচ্চতা ৪৫তম পার্সেন্টাইলে ও ওজন ৩৫তম পার্সেন্টাইলে রয়েছে। গুরুত্বপূর্ণ চিহ্নগুলো স্বাভাবিক সীমার মধ্যে। পরীক্ষায় পটোসিস এবং উঁচু-আর্কড পালেট দেখা যায়। মুখ ও হাতে পেশীর শক্তি কমে আছে, তবে কোয়াড্রিসেপস ও হ্যামস্ট্রিংয়ের শক্তি স্বাভাবিক। সংবেদনশীলতা অক্ষত। থেনার এমিনেন্সের পারকুশন করলে বড় আঙুলটি বিচ্ছিন্ন হয় এবং ধীরে ধীরে শিথিল হয়। নিম্নলিখিতগুলির মধ্যে কোনটি সবচেয়ে সম্ভাব্য নির্ণয়?
A. বেকার মস্কুলার ডিসট্রফি
B. হাইপারক্যালেমিক পর্যায়ক্রমিক প্যারালিসিস
C. স্পাইনাল মস্কুলার অ্যাট্রোফি
D. ম্যাকআর্ডল রোগ
E. মায়োটোনিক ডিসট্রফি
F. যুবক ডার্মাটোমাইসাইটিস
G. ডুচেন মস্কুলার ডিসট্রফি",,,,,
R0100,"A 63-year-old woman is brought to the physician by her husband for the evaluation of progressive memory loss for the past 5 months. During the last 2 weeks, she has also had problems getting dressed and finding her way back home from the grocery store. She has had several episodes of jerky, repetitive, twitching movements that resolved spontaneously. She used to work as a teacher but quit her job due to her memory loss. The patient has hypertension. There is no family history of serious illness. Her only medication is hydrochlorothiazide. Her temperature is 37°C (98.6°F), pulse is 65/min, and blood pressure is 125/80 mmHg. She is oriented only to person and place. She follows commands and speaks fluently, but sometimes cannot recall objects. She is unable to read and seems to have difficulty recognizing objects. Cranial nerves II-XII are intact. Examination shows full muscle strength. Deep tendon reflexes are 2+ bilaterally. Babinski sign is absent. Sensation to pinprick and light touch is normal. Which of the following is the most likely underlying cause of this patient's symptoms?
A. Mutant prion accumulation
B. Extracellular senile plaques
C. Severe cerebral ischemia
D. Substantia nigra degeneration
E. Copper accumulation in the CNS
F. Decreased CSF absorption
G. Increased number of CAG repeats","৬৩ বছর বয়সী এক নারী তার স্বামীর মাধ্যমে ডাক্তারের কাছে আনা হয় গত পাঁচ মাস ধরে ক্রমবর্ধমান স্মৃতিভ্রংশের মূল্যায়নের জন্য। শেষ দুই সপ্তাহে তিনি পোশাক পরতে এবং মুদি দোকান থেকে বাড়ি ফেরার পথে দিকনির্দেশ খুঁজে পেতে সমস্যায় পড়েছেন। তার বেশ কয়েকটি জটিল, পুনরাবৃত্তিমূলক টুইচিং আন্দোলনের এপিসোড হয়েছে যা স্বয়ংক্রিয়ভাবে থেমে যায়। তিনি আগে শিক্ষক হিসেবে কাজ করতেন কিন্তু স্মৃতি হ্রাসের কারণে চাকরি ছেড়ে দিয়েছেন। রোগীর উচ্চ রক্তচাপ রয়েছে। কোনো গুরুতর পারিবারিক রোগের ইতিহাস নেই। তার একমাত্র ওষুধ হল হাইড্রোক্লোরোথায়াজাইড। তাপমাত্রা ৩৭°C (৯৮.৬°F), পালস ৬৫/মিনিট, এবং রক্তচাপ ১২৫/৮০ mmHg। তিনি কেবল ব্যক্তি ও স্থানের প্রতি সচেতন। তিনি আদেশ অনুসরণ করেন এবং সাবলীলভাবে কথা বলেন, তবে কখনও কখনও বস্তু স্মরণ করতে পারেন না। তিনি পড়তে অক্ষম এবং বস্তু চেনার ক্ষেত্রে সমস্যায় দেখা যায়। ক্র্যানিয়াল স্নায়ু II-XII স্বাভাবিক। পরীক্ষায় পূর্ণ পেশীর শক্তি দেখা যায়। ডিপ টেন্ডন রিফ্লেক্স দুপাশে ২+। বাবিনস্কি চিহ্ন অনুপস্থিত। পিনপ্রিক ও হালকা স্পর্শের সংবেদন স্বাভাবিক। নিম্নলিখিত কোনটি রোগীর উপসর্গের সবচেয়ে সম্ভাব্য অন্তর্নিহিত কারণ?
A. মিউট্যান্ট প্রিয়ন সঞ্চয়
B. বহিঃকোষীয় বয়সজনিত প্ল্যাক
C. গুরুতর মস্তিষ্কের রক্তাল্পতা
D. সাবস্ট্যান্সিয়া নিগ্রা অবক্ষয়
E. কেন্দ্রীয় স্নায়ুতন্ত্রে তামার সঞ্চয়
F. মস্তিষ্ক-শোথের তরল শোষণের হ্রাস
G. CAG পুনরাবৃত্তির সংখ্যা বৃদ্ধি",,,,,
R0101,"A 29-year-old, gravida 1 para 0, at 10 weeks' gestation comes to the physician for progressively worsening emesis, nausea, and a 2-kg (4.7-lb) weight loss over the past 2 weeks. The most recent bouts of vomiting occur around 3-4 times a day, and she is stressed that she had to take a sick leave from work the last 2 days. She is currently taking ginger and vitamin B6 with limited relief. Her pulse is 80/min, blood pressure is 100/60 mmHg, and respiratory rate is 13/min. Orthostatic vital signs are within normal limits. The patient is alert and oriented. Her abdomen is soft and nontender. Urinalysis shows no abnormalities. Her hematocrit is 40%. Venous blood gas shows:
pH 7.43
pO2 42 mmHg
pCO2 54 mmHg
HCO3- 31 mEq/L
SO2 80%
In addition to oral fluid resuscitation, which of the following is the most appropriate next step in management?""
A. IV fluid resuscitation
B. Administration of supplemental oxygen
C. Scheduled meal times
D. Monitoring and stress counseling
E. PO bismuth subsalicylate
F. Trial of metoclopramide
G. Discontinuation of ginger and vitamin B6
H. Addition of doxylamine","একজন ২৯ বছর বয়সী গর্ভবতী (গ্রাভিডা ১ পারা ০), যিনি গর্ভধারণের ১০ সপ্তাহে আছেন, তিনি ক্রমশ বাড়তে থাকা বমি, বমিভাব এবং গত দুই সপ্তাহে ২ কেজি ওজন হ্রাসের জন্য ডাক্তারের কাছে আসেন। সাম্প্রতিককালে প্রতিদিন প্রায় ৩-৪ বার বমি হয়, এবং শেষ দুই দিন কাজ থেকে অসুস্থ ছুটি নিতে হয়েছে বলে তিনি চাপগ্রস্ত। বর্তমানে তিনি আদা এবং ভিটামিন বি৬ গ্রহণ করছেন তবে তাতে সীমিত স্বস্তি পাচ্ছেন। তার পালস ৮০/মিনিট, রক্তচাপ ১০০/৬০ mmHg, শ্বাসের হার ১৩/মিনিট। অরথোস্ট্যাটিক সাইনস নরমাল সীমার মধ্যে। রোগী সচেতন ও দিশা জানেন। পেট নরম এবং স্পর্শে ব্যথা নেই। ইউরিনালাইসিসে কোনো অসামান্যতা দেখা যায়নি। হিমাটোক্রিট ৪০%। শিরা রক্ত গ্যাস দেখায়: pH 7.43, pO2 42 mmHg, pCO2 54 mmHg, HCO3- 31 mEq/L, SO2 80%。 মৌখিক তরল পুনরুজ্জীবনের পাশাপাশি, নিম্নলিখিত কোনটি ব্যবস্থাপনার সর্বোত্তম পরবর্তী ধাপ হবে?
A. IV তরল রিসাসিটেশন
B. অতিরিক্ত অক্সিজেন প্রদান
C. নির্ধারিত খাবারের সময়সূচি
D. মনিটরিং এবং স্ট্রেস কাউন্সেলিং
E. মৌখিক বিসমথ সাবসালিসিলেট
F. মেটোক্লোপ্রামাইডের ট্রায়াল
G. আদা ও ভিটামিন বি৬ বন্ধ করা
H. ডক্সিলামিন যোগ করা",,,,,
R0102,"A 9-year-old girl is brought to the physician by her mother because of a 3-day history of face and foot swelling, dark urine, and a rash on her hands and feet. The mother reports that her daughter has had a low-grade fever, shortness of breath, and a dry cough for the past 8 days. She has had generalized weakness and pain in her right knee and ankle. She has a ventricular septum defect that was diagnosed at birth. The patient appears lethargic. Her temperature is 38.4 (101.1°F), pulse is 130/min, respirations are 34/min, and blood pressure is 110/60 mm Hg. Examination shows small, non-blanching, purple lesions on her palms, soles, and under her fingernails. There is edema of the eyelids and feet. Funduscopic examination shows retinal hemorrhages. Holosystolic and early diastolic murmurs are heard. Laboratory studies show:
Hemoglobin 11.3 g/dL
Erythrocyte sedimentation rate 61 mm/h
Leukocyte count 15,000/mm3
Platelet count 326,000/mm3
Urine
Blood 4+
Glucose negative
Protein 1+
Ketones negative
Transthoracic echocardiography shows a small outlet ventricular septum defect and a mild right ventricular enlargement. There are no wall motion abnormalities, valvular heart disease, or deficits in the pump function of the heart. Blood cultures grow Streptococcus pyogenes. Which of the following is the most likely diagnosis?""
A. Pneumonia
B. Infective endocarditis
C. Rheumatic fever
D. Hand-Foot-and-Mouth Disease
E. Acute lymphoblastic leukemia
F. Systemic lupus erythematosus
G. Myocarditis
H. Kawasaki disease","৯ বছর বয়সী একটি মেয়েকে তার মা ডাক্তারের কাছে নিয়ে এসেছেন কারণ গত ৩ দিনের মুখ ও পা ফোলাভাব, গাঢ় প্রস্রাব এবং হাত-পায়ে র্যাশ দেখা দিয়েছে। মা জানান যে তার কন্যার নিম্নমাত্রার জ্বর, শ্বাসকষ্ট এবং শুকনো কাশি গত ৮ দিন ধরে রয়েছে। সে সাধারণ দুর্বলতা এবং ডান হাঁটু ও গোড়ালিতে ব্যথা অনুভব করছে। জন্মের সময়ই একটি ভেন্ট্রিকুলার সেপটাম ডিফেক্ট (VSD) নির্ণয় করা হয়েছিল। রোগীটি অলস দেখাচ্ছে। তার তাপমাত্রা ৩৮.৪ °C (১০১.১ °F), পাল্স ১৩০/মিনিট, শ্বাসপ্রশ্বাস ৩৪/মিনিট এবং রক্তচাপ ১১০/৬০ mm Hg। পরীক্ষায় হাতের তালু, পায়ের তলা ও নখের নিচে ছোট, না-ফিকে হওয়া বেগুনি দাগ দেখা যায়। চোখের পাত ও পা ফোলাভাব আছে। ফান্ডাসকোপিক পরীক্ষা রেটিনাল হেমোরেজ দেখিয়েছে। পুরো সিস্টলিক এবং প্রারম্ভিক ডায়াস্টোলিক মর্মর শোনা যাচ্ছে। ল্যাব ফলাফল:
হিমোগ্লোবিন ১১.৩ g/dL
ইএসআর ৬১ mm/h
শ্বেত রক্তকণিকা সংখ্যা ১৫,০০০/mm3
প্লেটলেট সংখ্যা ৩২৬,০০০/mm3
মূত্র:
রক্ত ৪+
গ্লুকোজ নেগেটিভ
প্রোটিন ১+
কিটোন নেগেটিভ
ট্রান্সথোরাসিক ইকোকার্ডিওগ্রাফি দেখায় একটি ছোট আউটলেট ভেন্ট্রিকুলার সেপটাম ডিফেক্ট এবং হালকা ডান ভেন্ট্রিকুলার বৃদ্ধি। কোনো ওয়াল মুভমেন্ট অস্বাভাবিকতা, ভালভের রোগ বা হৃদপিণ্ডের পাম্প ফাংশনে ঘাটতি নেই। রক্ত সংস্কৃতি থেকে স্ট্রেপ্টোকক্কাস পাইওজেনেস বেড়ে এসেছে। নিম্নলিখিতগুলির মধ্যে কোনটি সবচেয়ে সম্ভাব্য নির্ণয়?
A. নিউমোনিয়া
B. সংক্রামক এন্ডোকার্ডাইটিস
C. রিউমাটিক জ্বর
D. হ্যান্ড-ফুট-অ্যান্ড-মাউথ রোগ
E. তীব্র লিম্ফোব্লাস্টিক লুকেমিয়া
F. সিস্টেমিক লুপাস ইরিথেমাটোসিস
G. মায়োকার্ডাইটিস
H. কাওসাকি রোগ",,,,,
R0103,"A 26-year-old woman comes to the physician for a pre-employment examination. She has no complaints. She has a history of polycystic ovarian syndrome. She exercises daily and plays soccer recreationally on the weekends. Her mother was diagnosed with hypertension at a young age. She does not smoke and drinks 2 glasses of wine on the weekends. Her current medications include an oral contraceptive pill and a daily multivitamin. Her vital signs are within normal limits. Cardiac examination shows a grade 1/6 decrescendo diastolic murmur heard best at the apex. Her lungs are clear to auscultation bilaterally. Peripheral pulses are normal and there is no lower extremity edema. An electrocardiogram shows sinus rhythm with a normal axis. Which of the following is the most appropriate next step in management?
A. Exercise stress test
B. No further testing
C. Transthoracic echocardiogram
D. X-ray of the chest
E. CT scan of the chest with contrast
F. Transesophageal echocardiography","একজন ২৬ বছর বয়সী নারী প্রি-এমপ্লয়মেন্ট পরীক্ষার জন্য ডাক্তারের কাছে আসেন। তার কোনো অভিযোগ নেই। তিনি পলিসিস্টিক ওভেরি সিনড্রোমের ইতিহাস রয়েছে। তিনি প্রতিদিন ব্যায়াম করেন এবং সপ্তাহান্তে অবসর সময়ে সকার খেলেন। তাঁর মা কম বয়সে হাইপারটেনশন নির্ণয় হয়েছিল। তিনি ধূমপান করেন না এবং সপ্তাহান্তে ২ গ্লাস ওয়াইন পান করেন। তার বর্তমান ঔষধের মধ্যে রয়েছে একটি মৌখিক গর্ভনিরোধক ট্যাবলেট এবং দৈনিক মাল্টিভিটামিন। তাঁর গুরুত্বপূর্ণ চিহ্নগুলো স্বাভাবিক সীমার মধ্যে আছে। কার্ডিয়াক পরীক্ষায় শীর্ষে (অ্যাপেক্স) সর্বোত্তমভাবে শোনা যায় গ্রেড ১/৬ ডেক্রেসেনডো ডায়াস্টোলিক মর্মর। তার ফুসফুস দু'পাশেই পরিষ্কার শোনাচ্ছে। পারিফেরাল পালস স্বাভাবিক এবং কোনো নিম্ন অঙ্গের ইডিমা নেই। একটি ইলেক্ট্রোকার্ডিওগ্রাম সাইনাস রিদম সহ স্বাভাবিক অক্ষ দেখায়। নিম্নলিখিতগুলির মধ্যে কোনটি সর্বাধিক উপযুক্ত পরবর্তী ব্যবস্থাপনা ধাপ?
A. ব্যায়াম স্ট্রেস টেস্ট
B. আর কোনো পরীক্ষা প্রয়োজন নেই
C. ট্রান্সথোরাসিক ইকোকার্ডিওগ্রাম
D. বক্ষের এক্স-রে
E. কনট্রাস্ট সহ বক্ষের সিটি স্ক্যান
F. ট্রান্সইসোফেজিয়াল ইকোকার্ডিওগ্রাফি",,,,,
R0104,"A 31-year-old woman is brought to the physician because of increasing restlessness over the past 2 weeks. She reports that she continuously paces around the house and is unable to sit still for more than 10 minutes at a time. During this period, she has had multiple episodes of anxiety with chest tightness and shortness of breath. She was diagnosed with a psychotic illness 2 months ago. Her current medications include haloperidol and a multivitamin. She appears agitated. Vital signs are within normal limits. Physical examination shows no abnormalities. The examination was interrupted multiple times when she became restless and began to walk around the room. To reduce the likelihood of the patient developing her current symptoms, a drug with which of the following mechanisms of action should have been prescribed instead of her current medication?
A. H2 receptor antagonism
B. NMDA receptor antagonism
C. GABA receptor antagonism
D. 5-HT2Areceptor antagonism
E. α2 receptor antagonism
F. D1 receptor antagonism
""","একজন ৩১ বছর বয়সী নারী গত দুই সপ্তাহে বাড়তে থাকা বিশ্রামহীনতার কারণে ডাক্তারের কাছে আনা হয়েছে। তিনি জানান যে তিনি ক্রমাগত ঘরে ঘুরে বেড়াচ্ছেন এবং একবারে ১০ মিনিটের বেশি বসে থাকতে পারছেন না। এই সময়কালে, তার বুকে টান ও শ্বাসকষ্টসহ বহুবার উদ্বেগের এপিসোড ঘটেছে। দুই মাস আগে তাকে সাইকোটিক রোগ নির্ণয় করা হয়েছিল। বর্তমানে তিনি হ্যালোপেরিডল এবং একটি মাল্টিভিটামিন গ্রহণ করছেন। তিনি উত্তেজিত দেখাচ্ছেন। ভাইটাল সাইন স্বাভাবিক সীমার মধ্যে। শারীরিক পরীক্ষায় কোনো অস্বাভাবিকতা পাওয়া যায়নি। পরীক্ষা চলাকালে তিনি বিশ্রামহীন হয়ে ঘরে ঘুরে বেড়িয়ে বহুবার পরীক্ষাটি বাধাগ্রস্ত করেছেন। রোগীকে বর্তমান উপসর্গগুলি বিকাশের সম্ভাবনা কমাতে, তার বর্তমান ওষুধের পরিবর্তে কোন ক্রিয়ার পদ্ধতি সম্পন্ন একটি ওষুধ প্রেসক্রাইব করা উচিত ছিল?
A. H2 রিসেপ্টর অ্যান্টাগোনিজম
B. NMDA রিসেপ্টর অ্যান্টাগোনিজম
C. GABA রিসেপ্টর অ্যান্টাগোনিজম
D. 5-HT2A রিসেপ্টর অ্যান্টাগোনিজম
E. α2 রিসেপ্টর অ্যান্টাগোনিজম
F. D1 রিসেপ্টর অ্যান্টাগোনিজম",,,,,
R0105,"A 4-year-old boy is brought to the physician for the evaluation of fatigue since he returned from visiting family in South Africa one week ago. The day after he returned, he had fever, chills, and diffuse joint pain for 3 days. His symptoms improved with acetaminophen. He was born at term and has been healthy. His immunizations are up-to-date. His temperature is 37.6°C (99.68°F), pulse is 100/min, and blood pressure is 100/60 mm Hg. Examination shows conjunctival pallor. The remainder of the examination shows no abnormalities. Laboratory studies show:
Hemoglobin 10.8 g/dL
Mean corpuscular volume 68 μm3
Red cell distribution width 14% (N = 13%-15%)
Hemoglobin A2 6% (N < 3.5%)
A peripheral smear shows microcytic, hypochromic erythrocytes, some of which have a darkly stained center and peripheral rim, separated by a pale ring. Which of the following is the most appropriate next step in the management of this patient?""
A. Oral hydroxyurea
B. Oral albendazole
C. Folic acid therapy
D. Oral succimer
E. Reassurance
F. Oral pyridoxine
G. Iron supplementation","একজন ৪ বছর বয়সী ছেলে ক্লান্তি নিয়ে ডাক্তারের কাছে আনা হয়েছে, যেহেতু তিনি এক সপ্তাহ আগে দক্ষিণ আফ্রিকায় পরিবার পরিদর্শন করে ফিরে এসেছেন। ফিরে আসার পরের দিনই তাকে জ্বর, কাঁপুনি এবং বিস্তৃত সন্ধির ব্যথা হয় ৩ দিনের জন্য। তার উপসর্গগুলি অ্যাসিটামিনোফেন দিয়ে উন্নত হয়েছে। তিনি পূর্ণ গর্ভধারণে জন্মগ্রহণ করেছেন এবং স্বাস্থ্যকর ছিলেন। তার টিকাদান আপডেটেড আছে। তার তাপমাত্রা ৩৭.৬°C (৯৯.৬৮°F), পালস ১০০/মিনিট, রক্তচাপ ১০০/৬০ mm Hg। পরীক্ষায় কনজাংটিভাল প্যালর দেখা যায়। বাকি পরীক্ষা কোনো অস্বাভাবিকতা দেখায় না। ল্যাব ফলাফল: হিমোগ্লোবিন ১০.৮ g/dL; মীন কর্পাসকুলার ভলিউম ৬৮ μm3; রেড সেল ডিস্ট্রিবিউশন উইডথ ১৪% (N = ১৩%-১৫%); হিমোগ্লোবিন A2 ৬% (N < ৩.৫%)। পারিফেরাল স্মিয়ারে মাইক্রোসাইটিক, হাইপোক্রোমিক ইরিথ্রোসাইট দেখা যায়, যার কিছুতে গাঢ় রঙের কেন্দ্র এবং পেরিফেরাল রিম থাকে, যা একটি ফিকে রিং দ্বারা পৃথক। নিম্নলিখিত কোনটি এই রোগীর ব্যবস্থাপনার সর্বোত্তম পরবর্তী ধাপ?
A. মৌখিক হাইড্রোক্সিউরিয়া
B. মৌখিক অ্যালবেন্ডাজল
C. ফোলিক অ্যাসিড থেরাপি
D. মৌখিক সাকিমার
E. আশ্বাস প্রদান
F. মৌখিক পায়রিডক্সিন
G. লোহা সম্পূরণ",,,,,
R0106,"A 34-year-old man comes to the physician because of fatigue and shortness of breath with moderate exertion for the past 2 months. Over the past 10 days, he has had low-grade fevers and night sweats. He has no history of serious illness except for a bicuspid aortic valve diagnosed 5 years ago. He has smoked one pack of cigarettes daily for 10 years and drinks 3-5 beers on social occasions. He does not use illicit drugs. The patient takes no medications. He appears weak. His temperature is 37.7°C (99.9°F), pulse is 70/min, and blood pressure is 128/64 mm Hg. The lungs are clear to auscultation. A grade 2/6 systolic murmur is heard best at the right sternal border and second intercostal space. There are several hemorrhages underneath his fingernails on both hands and multiple tender, red nodules on his fingers. Which of the following is the most likely causal organism?
A. Streptococcus gallolyticus
B. Staphylococcus epidermidis
C. Enterococcus faecalis
D. Streptococcus sanguinis
E. Streptococcus pneumoniae
F. Staphylococcus aureus
G. Streptococcus pyogenes
H. Candida albicans","একজন ৩৪ বছর বয়সী পুরুষ গত দুই মাস ধরে মাঝারি পরিশ্রমে ক্লান্তি ও শ্বাসকষ্টের কারণে ডাক্তারের কাছে আসেন। গত ১০ দিনে তিনি হালকা জ্বর এবং রাতের ঘাম অনুভব করছেন। তার কোনো গুরুতর রোগের ইতিহাস নেই, শুধুমাত্র পাঁচ বছর আগে নির্ণয় করা একটি দ্বিকোষিক অর্টিক ভালভ আছে। তিনি দশ বছর ধরে প্রতিদিন এক প্যাকেট সিগারেট ধূমপান করেন এবং সামাজিক অনুষ্ঠানে ৩-৫টি বিয়ার পান করেন। অবৈধ মাদকের ব্যবহার নেই। রোগী কোনো ওষুধ গ্রহণ করছেন না। তিনি দুর্বল দেখাচ্ছেন। তার তাপমাত্রা ৩৭.৭°C (৯৯.৯°F), পালস ৭০/মিনিট, রক্তচাপ ১২৮/৬৪ mm Hg। ফুসফুসে শ্বাসের শব্দ স্বাভাবিক। ডান স্টার্নাল বর্ডার ও দ্বিতীয় ইন্টারকোস্টাল স্পেসে গ্রেড ২/৬ সিস্টোলিক মর্মর শোনা যায়। উভয় হাতে নখের নিচে বেশ কিছু রক্তক্ষরণ এবং আঙুলে একাধিক কোমল, লাল গাঁট রয়েছে। নিম্নলিখিত কোনটি সবচেয়ে সম্ভাব্য কারণকারী অণুজীব?
A. স্ট্রেপটোকক্কাস গ্যালোলাইটিকাস
B. স্ট্যাফিলোকক্কাস এপিডার্মিডিস
C. এন্টেরোকক্কাস ফেসালিস
D. স্ট্রেপটোকক্কাস স্যাঙ্গুইনিস
E. স্ট্রেপটোকক্কাস নিউমোনিয়াই
F. স্ট্যাফিলোকক্কাস অরিয়াস
G. স্ট্রেপটোকক্কাস পায়োজেনেস
H. ক্যান্ডিডা আলবিক্যান্স",,,,,
R0107,"A 62-year-old man comes to the physician because of a 5-day history of fatigue, fever, and chills. For the past 9 months, he has had hand pain and stiffness that has progressively worsened. He started a new medication for these symptoms 3 months ago. Medications used prior to that included ibuprofen, prednisone, and hydroxychloroquine. He does not smoke or drink alcohol. Examination shows a subcutaneous nodule at his left elbow, old joint destruction with boutonniere deformity, and no active joint warmth or tenderness. The remainder of the physical examination shows no abnormalities. His hemoglobin concentration is 10.5 g/dL, leukocyte count is 3500/mm3, and platelet count is 100,000/mm3. Which of the following is most likely to have prevented this patient's laboratory abnormalities?
A. Cobalamin
B. Amifostine
C. Pyridoxine
D. Leucovorin
E. Mesna
""","62 বছর বয়সী একজন পুরুষ রোগী ক্লান্তি, জ্বর এবং কাঁপুনি সহ 5 দিনের ইতিহাস নিয়ে ডাক্তারের কাছে আসেন। গত 9 মাস ধরে তার হাতে ব্যথা ও কঠোরতা রয়েছে যা ধীরে ধীরে বাড়ছে। এই উপসর্গের জন্য তিনি 3 মাস আগে একটি নতুন ওষুধ শুরু করেন। এর পূর্বে তিনি আইবুপ্রোফেন, প্রেডনিসোন এবং হাইড্রোক্সিক্লোরোকুইন ব্যবহার করতেন। তিনি সিগারেট পান না বা মদ্যপান করেন না। পরীক্ষায় বাম কনুইতে একটি সাবকিউটেনিয়াস নডিউল, পুরাতন জয়েন্ট ধ্বংসসহ বুটোনিয়ের বিকৃতি দেখা যায়, তবে কোনো সক্রিয় জয়েন্টে গরম বা সংবেদনশীলতা নেই। শারীরিক পরীক্ষার অন্য অংশে কোন অস্বাভাবিকতা পাওয়া যায়নি। তার হিমোগ্লোবিন ঘনত্ব 10.5 g/dL, লিউকোসাইট সংখ্যা 3500/mm3 এবং প্লেটলেট সংখ্যা 100,000/mm3। নিম্নের মধ্যে কোনটি এই রোগীর ল্যাবরেটরি অস্বাভাবিকতা প্রতিরোধে সবচেয়ে বেশি সহায়ক হতে পারে?
A. কোবালামিন
B. অ্যামিফস্টিন
C. পাইরিডক্সিন
D. লিউকোভারিন
E. মেসনা",,,,,
R0108,"A previously healthy 6-month-old girl is brought to the physician by her mother for occasional “eye crossing.” Her mother says that the symptoms have become worse, especially before bedtime. The patient was born via cesarean delivery at 37-weeks' gestation and has met all developmental milestones. The patient's immunizations are up-to-date. She is at the 50th percentile for both length and weight. Her temperature is 36.7°C (98°F), pulse is 130/min, respirations are 40/min, and blood pressure is 90/60 mm Hg. Visual acuity is 20/20 in both eyes. There is an asymmetric corneal light reflection. When the left eye is covered, the right eye moves laterally. The remainder of the examination shows no abnormalities. Which of the following is the most appropriate next step in the management of this patient?
A. Urgent surgery
B. Patching of the right eye
C. Measurement of intraocular pressure
D. Cyclopentolate eye drops on the left
E. Reassurance and follow-up","একজন পূর্বে সুস্থ ৬-মাস বয়সী মেয়ের মা তাকে ডাক্তারের কাছে নিয়ে এসেছেন মাঝে মাঝে “চোখ ক্রসিং” (অভ্যন্তরীণ দৃষ্টিপথ) লক্ষণের জন্য। তার মা বলেন যে এই উপসর্গগুলো বিশেষ করে শোবার সময়ের আগে বাড়ছে। রোগীটি ৩৭ সপ্তাহ গর্ভধারণে সিজারিয়ান ডেলিভারির মাধ্যমে জন্মগ্রহণ করেছে এবং সব বিকাশগত মাইলস্টোন পূরণ করেছে। রোগীর টিকাদান আপ-টু-ডেট। তার দৈর্ঘ্য ও ওজন উভয়ই ৫০তম পার্সেন্টাইলে রয়েছে। তাপমাত্রা ৩৬.৭°C (৯৮°F), পালস ১৩০/মিনিট, শ্বাসপ্রশ্বাস ৪০/মিনিট এবং রক্তচাপ ৯০/৬০ mm Hg। উভয় চোখের দৃষ্টিশক্তি ২০/২০। কর্নিয়াল আলো প্রতিফলনে অসমতা দেখা যায়। যখন বাম চোখ ঢেকে রাখা হয়, ডান চোখ পার্শ্বিকভাবে সরতে থাকে। পরীক্ষার বাকী অংশে কোনো অস্বাভাবিকতা পাওয়া যায়নি। নিম্নলিখিত কোনটি এই রোগীর ব্যবস্থাপনার সর্বোত্তম পরবর্তী পদক্ষেপ?
A. জরুরি শল্যচিকিৎসা
B. ডান চোখে প্যাচিং
C. ইন্টারঅকুলার চাপের মাপ নেওয়া
D. বাম চোখে সাইক্লোপেন্টালেট আই ড্রপস প্রয়োগ করা
E. আশ্বাস প্রদান এবং ফলো-আপ",,,,,
R0109,"A 12-year-old girl is brought to the physician for a follow-up examination. Two months ago, she was diagnosed with asthma and treatment was begun with an albuterol inhaler as needed. Since then, she has had episodic chest tightness and cough 2-3 times per week. The cough is intermittent and nonproductive; it is worse at night. She has been otherwise healthy and takes no other medications. Her vital signs are within normal limits. Pulmonary examination shows mild expiratory wheezing of all lung fields. Spirometry shows an FEV1:FVC ratio of 81% and an FEV1 of 80% of predicted; FEV1 rises to 93% of predicted after administration of a short-acting bronchodilator. Treatment with low-dose inhaled beclomethasone is begun. The patient is at greatest risk for which of the following adverse effects?
A. Acneiform eruptions
B. Oropharyngeal candidiasis
C. Bradycardia
D. High-pitched voice
E. Easy bruisability
F. Hypoglycemia","একজন ১২ বছর বয়সী মেয়ে ফলো-আপ পরীক্ষার জন্য ডাক্তারের কাছে আনা হয়েছে। দুই মাস আগে তাকে হাঁপানি নির্ণয় করা হয় এবং প্রয়োজন অনুযায়ী আলবুটেরল ইনহেলার দিয়ে চিকিৎসা শুরু করা হয়। তৎপর থেকে, সে সপ্তাহে ২-৩ বার পর্যায়ক্রমিক বুকে টান ও কাশির অভিজ্ঞতা পাচ্ছে। কাশি অনিয়মিত এবং অপ্রোডাক্টিভ; রাতে এটি বাড়ে। অন্যথায় তার স্বাস্থ্যের কোনো সমস্যা নেই এবং তিনি অন্য কোন ওষুধ নেন না। তার গুরুত্বপূর্ণ চিহ্নগুলো স্বাভাবিক সীমার মধ্যে। ফুসফুসের পরীক্ষা সব লঙ্গ ফিল্ডে হালকা এক্সপিরেটরি উইজিং দেখায়। স্পাইরোমেট্রি দেখায় FEV1:FVC অনুপাত ৮১% এবং পূর্বাভাসিত মানের ৮০% FEV1; স্বল্প-কার্যকর ব্রঙ্কোডাইলেটর দেওয়ার পর FEV1 পূর্বাভাসের ৯৩% এ বৃদ্ধি পায়। কম ডোজ ইনহেল্ড বেক্লোমেথাসোন দিয়ে চিকিৎসা শুরু করা হয়। নিম্নলিখিত পার্শ্বপ্রতিক্রিয়াগুলোর মধ্যে রোগী সর্বাধিক ঝুঁকিতে থাকে কোনটি?
A. একনি-সদৃশ ফোস্কা
B. ওরোফ্যারিঞ্জিয়াল ক্যান্ডিডিয়াসিস (মুখগহ্বরের ছত্রাক সংক্রমণ)
C. ব্র্যাডিকার্ডিয়া (ধীর হৃদস্পন্দন)
D. উচ্চ স্বরের কণ্ঠস্বর
E. সহজে রক্তক্ষরণ/চোটের ফলে নীলচে দাগ পড়া
F. হাইপোগ্লাইসেমিয়া (রক্তে কম গ্লুকোজ)",,,,,
R0110,"A 26-year-old African-American woman comes to the physician because of a 4-day history of a nonproductive cough and chest pain. The pain is sharp and worse when she breathes deeply. During this time, she has also had two episodes of hematuria. Over the past 6 months, she has had intermittent pain, stiffness, and swelling in her fingers and left knee. She had two miscarriages at age 22 and 24. Her only medication is minocycline for acne vulgaris. Her temperature is 38.1°C (100.6°F), pulse is 75/min, and blood pressure is 138/85 mm Hg. Physical examination shows an erythematous rash on her face. There is mild tenderness over the metacarpophalangeal joints bilaterally with no warmth or erythema. Further evaluation of this patient is most likely to show which of the following findings?
A. Anti-histone antibodies
B. Low serum levels of C3 and C4
C. Prolonged bleeding time
D. Erosions of the metacarpophalangeal joints
E. Bilateral enlargement of the hilar lymph nodes
F. Cytotoxic glomerular antibodies","একজন ২৬ বছর বয়সী আফ্রিকান-আমেরিকান নারী রোগীর কাছে ডাক্তারের কাছে আসেন কারণ তিনি গত ৪ দিনের মধ্যে অপ্রোডাক্টিভ কাশি এবং বুকের ব্যথা অনুভব করছেন। ব্যথাটি তীক্ষ্ণ এবং গভীর শ্বাস নেওয়ার সময় বাড়ে। এই সময়কালে, তিনি দুইবার হেমাটুরিয়া (মূত্রে রক্ত) ঘটেছেন। গত ৬ মাসে, তার আঙুল ও বাম হাঁটুর মাঝে পর্যায়ক্রমিক ব্যথা, কঠোরতা এবং ফোলাভাব হয়েছে। তিনি ২২ এবং ২৪ বছর বয়সে দু'টি গর্ভপাত করেছেন। তার একমাত্র ঔষধ হল অ্যাকনে ভলগারিসের জন্য মিনোসাইক্লিন। তার তাপমাত্রা ৩৮.১°C (১০০.৬°F), পালস ৭৫/মিনিট, এবং রক্তচাপ ১৩৮/৮৫ mm Hg। শারীরিক পরীক্ষায় তার মুখে একটি লালচে দাগ দেখা যায়। উভয় মেটাকার্পোফ্যালাঞ্জিয়াল জয়েন্টে হালকা সংবেদনশীলতা আছে কিন্তু কোনো গরম বা লালচে ভাব নেই। এই রোগীর আরও মূল্যায়নে সবচেয়ে সম্ভাব্য কোনটি পাওয়া যাবে?
A. অ্যান্টি-হিস্টোন অ্যান্টিবডি
B. সিরাম C3 এবং C4 এর নিম্ন স্তর
C. বর্ধিত রক্তক্ষরণ সময়
D. মেটাকার্পোফ্যালাঞ্জিয়াল জয়েন্টের ক্ষয়
E. হিলার লিম্ফ নোডের দ্বিপাক্ষিক বৃদ্ধি
F. সাইটোটক্সিক গ্লোমেরুলার অ্যান্টিবডি",,,,,
R0111,"A 50-year-old man comes to the physician because of gradually worsening rhythmic movements of his right hand for the past 5 months. His symptoms worsen when he is in a meeting and he is concerned that people are noticing it more frequently. There is no personal or family history of serious illness, but the patient recalls that his father developed bobbing of the head in older age. He takes no medications. Neurological examination shows a tremor of the right hand when the limbs are relaxed. When the patient is asked to move his arm the tremor decreases. He has reduced arm swing while walking. Which of the following is the most appropriate pharmacotherapy?
A. Donepezil
B. Trihexyphenidyl
C. Clonazepam
D. Propranolol
E. Methimazole
F. Levodopa/carbidopa","একজন ৫০ বছর বয়সী পুরুষ রোগী গত পাঁচ মাস ধরে তার ডান হাতের ধীরে ধীরে বাড়তে থাকা ছন্দময় নড়াচড়ার জন্য চিকিৎসকের কাছে আসেন। তিনি মিটিংয়ের সময় এই লক্ষণগুলো আরও বেড়ে যায় এবং মানুষ এটি বেশি লক্ষ্য করছে বলে উদ্বিগ্ন হন। কোনো ব্যক্তিগত বা পারিবারিক গুরুতর রোগের ইতিহাস নেই, তবে রোগী স্মরণ করেন যে তার বাবা বয়স বাড়ার সঙ্গে সঙ্গে মাথা নাড়াচ্ছিলেন। তিনি কোনও ওষুধ গ্রহণ করছেন না। স্নায়ু পরীক্ষা দেখায় বিশ্রাম অবস্থায় ডান হাতের কম্পন (ট্রেমর)। যখন রোগীকে বাহু সরাতে বলা হয়, তখন কম্পন কমে যায়। হাঁটার সময় তার বাহুর দোল কমে থাকে। নিম্নলিখিতগুলির মধ্যে কোনটি সর্বোত্তম ফার্মাকোথেরাপি?
A. ডোনেপেজিল
B. ট্রিহেক্সিফেনিডাইল
C. ক্লোনাজেপাম
D. প্রোপ্রানোলল
E. মেথিমাজোল
F. লেভডোপা/কার্বিডোपा",,,,,
R0112,"A previously healthy 18-year-old woman comes to the physician because of a 2-day history of swelling and itchiness of her mouth and lips. It decreases when she eats cold foods such as frozen fruit. Four days ago, she underwent orthodontic wire-placement on her upper and lower teeth. Since then, she has been taking ibuprofen twice daily for the pain. For the past 6 months, she has been on a strict vegan diet. She is sexually active with one partner and uses condoms consistently. She had chickenpox that resolved spontaneously when she was 6 years old. Her vitals are within normal limits. Examination shows diffuse erythema and edema of the buccal mucosa with multiple serous vesicles and shallow ulcers. Stroking the skin with pressure does not cause blistering of the skin. The remainder of the examination shows no abnormalities. Which of the following is the most likely cause of these symptoms?
A. Pemphigus vulgaris
B. Dermatitis herpetiformis
C. Vitamin deficiency
D. Herpes labialis
E. Allergic contact dermatitis
F. Reactivation of varicella zoster virus
G. IgE-mediated hypersensitivity
""","পূর্বে সুস্থ ১৮ বছর বয়সী এক নারী ডাক্তারের কাছে আসেন কারণ তার মুখ ও ঠোঁটের ফোলাভাব এবং চুলকানির দুই দিনের ইতিহাস রয়েছে। তিনি যখন হিমশীতল খাবার যেমন জমাট ফল খান, তখন এই উপসর্গ কমে যায়। চার দিন আগে তিনি উপরের ও নিচের দাঁতে অরথোডন্টিক তার স্থাপন করিয়েছিলেন। তৎপর থেকে ব্যথা নিয়ন্ত্রণে তিনি দিনে দুবার আইবুপ্রোফেন গ্রহণ করছেন। গত ছয় মাস ধরে তিনি কঠোর শাকাহারী ডায়েট অনুসরণ করে আসছেন। তিনি এক সঙ্গীর সঙ্গে যৌন সক্রিয় এবং ধারাবাহিকভাবে কন্ডোম ব্যবহার করেন। ৬ বছর বয়সে তাকে চিকেনপক্স হয়েছিল যা স্বতঃস্ফূর্তভাবে সেরে গিয়েছিল। তার শারীরিক পরিমাপ স্বাভাবিক সীমার মধ্যে রয়েছে। পরীক্ষায় দেখা যায় মুখের মিউকোসা (বুকাল মিউকোসা) তে বিস্তৃত লালচে রঙ এবং ফোলাভাব, সঙ্গে একাধিক সিরাস ভেসিকল ও অগভীর আলসার। চামড়ায় চাপ দিয়ে ঘষলে কোনো ব্লিস্টার তৈরি হয় না। বাকি পরীক্ষায় কোন অসঙ্গতি পাওয়া যায়নি। নিম্নের কোনটি এই উপসর্গগুলোর সবচেয়ে সম্ভাব্য কারণ?
A. পেমফিগাস ভলগারিস
B. ডার্মাটাইটিস হার্পেটিফর্মিস
C. ভিটামিনের ঘাটতি
D. হেরপেস ল্যাবিয়ালিস
E. অ্যালার্জিক কন্ট্যাক্ট ডার্মাটাইটিস
F. ভ্যারিসেলা জোস্টার ভাইরাসের পুনরায় সক্রিয়তা
G. IgE-নির্ভর হাইপারসেন্সিটিভিটি",,,,,
R0113,"A 25-year-old man comes to the physician because of palpitations, sweating, and flushing. Since he was promoted to a manager in a large software company 6 months ago, he has had several episodes of these symptoms when he has to give presentations in front of a large group of people. During these episodes, his thoughts start racing and he fears that his face will “turn red” and everyone will laugh at him. He has tried to avoid the presentations but fears that he might lose his job if he continues to do so. He is healthy except for mild-persistent asthma. He frequently smokes marijuana to calm his nerves. He does not drink alcohol. His only medication is an albuterol inhaler. His pulse is 78/min, respirations are 14/min, and blood pressure is 120/75 mm Hg. Cardiopulmonary examination shows no abnormalities. On mental status examination, the patient appears worried and has a flattened affect. Which of the following is the most appropriate next step in management?
A. Olanzapine therapy
B. Duloxetine therapy
C. Cognitive behavioral therapy
D. Lorazepam therapy
E. Buspirone therapy
F. Propranolol therapy
G. Escitalopram therapy","একজন ২৫ বছর বয়সী পুরুষ রোগী পাল্পিটেশন, ঘাম এবং লালচে হওয়ার অভিযোগ নিয়ে ডাক্তারের কাছে আসেন। তিনি ছয় মাস আগে একটি বড় সফটওয়্যার কোম্পানিতে ম্যানেজার পদে উন্নীত হয়েছেন এবং বড় দলের সামনে উপস্থাপনা দিতে হলে এই ধরনের লক্ষণগুলো ঘটতে থাকে। এ সময় তার চিন্তা দ্রুত চলে যায় এবং তিনি ভয় পান যে তার মুখ “লাল হয়ে যাবে” এবং সবাই তার ওপর হাসবে। তিনি উপস্থাপনাগুলো এড়ানোর চেষ্টা করেছেন, তবে কাজ হারানোর আশঙ্কা থাকায় তা চালিয়ে যাওয়ার ভয় আছে। তিনি মৃদু স্থায়ী হাঁপানি ছাড়া অন্য কোনো রোগ নেই। তিনি প্রায়ই নারকোটিক (মারিজুয়ানা) ব্যবহার করেন nerves শান্ত করতে। অ্যালকোহল পান করেন না। তার একমাত্র ওষুধ হল আলবুটেরল ইনহেলার। তার পালস ৭৮/মিনিট, শ্বাসপ্রশ্বাস ১৪/মিনিট এবং রক্তচাপ ১২০/৭৫ mm Hg। কার্ডিওপালমোনারি পরীক্ষায় কোনো অস্বাভাবিকতা নেই। মানসিক অবস্থা পরীক্ষা দেখায় রোগী উদ্বিগ্ন এবং তার আবেগগত প্রকাশ ফ্ল্যাটেনড। নিম্নলিখিত কোনটি ব্যবস্থাপনায় সবচেয়ে উপযুক্ত পরবর্তী ধাপ হবে?
A. ওলানজাপিন থেরাপি
B. ডুলোক্সেটিন থেরাপি
C. কগনিটিভ বিহেভিয়ারাল থেরাপি
D. লোরাজেপাম থেরাপি
E. বুসপিরোন থেরাপি
F. প্রোপ্রানোলল থেরাপি
G. এসকিটালোপ্রাম থেরাপি",,,,,
R0114,"A 68-year-old man comes to the emergency department because of a 1-week history of worsening bouts of shortness of breath at night. He has had a cough for 1 month. Occasionally, he has coughed up frothy sputum during this time. He has type 2 diabetes mellitus and long-standing hypertension. Two years ago, he was diagnosed with Paget disease of bone during a routine health maintenance examination. He has smoked a pack of cigarettes daily for 20 years. His temperature is 37°C (98.6°F), pulse is 110/min, respirations are 25/min, and blood pressure is 145/88 mm Hg. Current medications include metformin, alendronate, hydrochlorothiazide, and enalapril. Examination shows bibasilar crackles. Cardiac examination shows a dull, low-pitched sound during late diastole that is best heard at the apex. There is no jugular venous distention or peripheral edema. Arterial blood gas analysis on room air shows:
pH 7.46
PCO2 29 mm Hg
PO2 83 mm Hg
HCO3- 18 mEq/L
Echocardiography shows a left ventricular ejection fraction of 55%. Which of the following is the most likely underlying cause of this patient’s current condition?""
A. Destruction of alveolar walls
B. Decreased myocardial contractility
C. Diuretic overdose
D. Myxomatous valve degeneration
E. Systemic arteriovenous fistulas
F. Impaired myocardial relaxation","৬৮ বছর বয়সী একজন পুরুষ জরুরি বিভাগে আসেন কারণ গত এক সপ্তাহ ধরে রাতে শ্বাসকষ্টের আক্রমণ বাড়ছে। তিনি এক মাস ধরে কাশি করছেন এবং মাঝে মাঝে ফ্রোথি নিঃশ্বাসের সাথে কফ নেন। তার টাইপ ২ ডায়াবেটিস মেলিটাস ও দীর্ঘস্থায়ী উচ্চ রক্তচাপ রয়েছে। দুই বছর আগে রুটিন স্বাস্থ্য পরীক্ষা সময় তাকে পেজেট রোগ নির্ণয় করা হয়েছিল। তিনি ২০ বছর ধরে প্রতিদিন এক প্যাকেট সিগারেট ধূমপান করেন। তার তাপমাত্রা ৩৭°C (৯৮.৬°F), পালস ১১০/মিনিট, শ্বাসপ্রশ্বাস ২৫/মিনিট এবং রক্তচাপ ১৪৫/৮৮ mm Hg। বর্তমান ওষুধের মধ্যে রয়েছে মেটফরমিন, আলেনড্রোনেট, হাইড্রোক্লোরোথায়াজাইড এবং এনালাপ্রিল। পরীক্ষায় বাইনাসিলার ক্র্যাকলস দেখা যায়। হৃদযন্ত্র পরীক্ষা দেখায় দেরি ডায়াস্টোলের সময় অ্যাপেক্সে সর্বোত্তম শোনা যায় একটি ধূসর, নিম্নস্বরে শব্দ। কোনও জাগুলার ভেইন ফোলা বা পারিফেরাল এডিমা নেই। রুম এয়ারে আর্টেরিয়াল ব্লাড গ্যাস বিশ্লেষণ:
pH 7.46
PCO2 29 mm Hg
PO2 83 mm Hg
HCO3- 18 mEq/L
ইকোকার্ডিওগ্রাফি দেখায় বাম ভেন্ট্রিকুলার ইজেকশন ফ্র্যাকশন 55%। নিম্নলিখিত কোনটি রোগীর বর্তমান অবস্থার সবচেয়ে সম্ভাব্য অন্তর্নিহিত কারণ?
A. অ্যালভিয়োলার প্রাচীরের ধ্বংস
B. হৃৎপেশীর সংকোচনের ক্ষমতা হ্রাস
C. ডায়ুরেটিক ওভারডোজ
D. মাইক্সোমাটাস ভ্যালভের অবক্ষয়
E. সিস্টেমিক আর্টারিওভেনাস ফিস্টুলা
F. হৃৎপেশীর শিথিলতা ব্যাহত হওয়া",,,,,
R0115,"A 4-hour-old male newborn has perioral discoloration for the past several minutes. Oxygen by nasal cannula does not improve the cyanosis. He was delivered by cesarean delivery at 37 weeks' gestation to a 38-year-old woman, gravida 3, para 2. Apgar scores were 8 and 9 at 1 and 5 minutes, respectively. The mother has type 2 diabetes mellitus that was well-controlled during the pregnancy. She has not received any immunizations since her childhood. The newborn's temperature is 37.1°C (98.8°F), pulse is 170/min, respirations are 55/min, and blood pressure is 80/60 mm Hg. Pulse oximetry shows an oxygen saturation of 85%. Cardiopulmonary examination shows a 2/6 holosystolic murmur along the lower left sternal border. The abdomen is soft and non-tender. Echocardiography shows pulmonary arteries arising from the posterior left ventricle, and the aorta rising anteriorly from the right ventricle. Which of the following is the most appropriate next step in the management of this patient?
A. Reassurance
B. Prostaglandin E1 administration
C. Indomethacin administration
D. Surgical repair
E. Obtain a CT Angiography
""","একটি ৪ ঘণ্টা বয়সী পুরুষ নবজাতক কয়েক মিনিট ধরে মুখের চারপাশে রঙ পরিবর্তন দেখাচ্ছে। নাসিক ক্যানুলার মাধ্যমে অক্সিজেন দেওয়া সত্ত্বেও সায়ানোসিস উন্নত হয়নি। তিনি ৩৭ সপ্তাহ গর্ভধারণে ৩৮ বছর বয়সী, গ্রাভিডা ৩, পারা ২ নারী থেকে সিজেরিয়ান ডেলিভারি দ্বারা জন্মেছেন। অ্যাপগার স্কোর ১ ও ৫ মিনিটে যথাক্রমে ৮ এবং ৯ ছিল। মা গর্ভাবস্থায় ভালভাবে নিয়ন্ত্রিত টাইপ ২ ডায়াবেটিস মেলিটাস রোগী এবং শৈশব থেকে কোনো টিকাদান পাননি। নবজাতকের তাপমাত্রা ৩৭.১°C (৯৮.৮°F), পালস ১৭০/মিনিট, শ্বাসপ্রশ্বাস ৫৫/মিনিট, রক্তচাপ ৮০/৬০ mm Hg। পাল্স অক্সিমেট্রি দেখায় অক্সিজেন স্যাচুরেশন ৮৫%। কার্ডিওফুসফুসীয় পরীক্ষায় বাম নিম্ন স্তনবর্ডার বরাবর ২/৬ হোলোসিস্টলিক মর্মর শোনা যায়। পেট নরম ও অ-সংবেদনশীল। ইকোকার্ডিয়োগ্রাফিতে দেখা যায় ফুসফুসের ধমনীসমূহ পশ্চাৎ বাম ভেন্ট্রিকেল থেকে উদ্ভূত, এবং অর্টা ডান ভেন্ট্রিকেল থেকে সামনের দিকে উঠে আসছে। নিম্নলিখিত কোনটি রোগীর ব্যবস্থাপনার সর্বোত্তম পরবর্তী পদক্ষেপ?
A. আশ্বাস প্রদান
B. প্রোস্টাগ্ল্যান্ডিন ই১ (PGE1) প্রয়োগ
C. ইনডোমেথাসিন প্রয়োগ
D. শল্যচিকিৎসা মেরামত
E. সিটি অ্যানজিওগ্রাফি করা",,,,,
R0116,"A 50-year-old woman comes to the physician because of intermittent pain and numbness in her right hand for 6 weeks. She has a pins-and-needles sensation that worsens at night and is relieved when she shakes her hand. She also has episodic left knee pain throughout the day. She has a history of hypertension controlled with lisinopril. She takes over-the-counter medications for constipation. Her BMI is 35 kg/m2. Her mother has a history of rheumatoid arthritis. She looks fatigued. Her pulse is 57/min and blood pressure is 120/75 mm Hg. On physical examination, there is normal range of motion in the wrists and digits. Sensation is decreased to light touch in the thumb and index finger. There is no thenar muscle atrophy. Deep tendon reflexes are 1+ and there is mild edema in the legs. Which of the following treatments is most likely to benefit the patient?
A. L-thyroxine
B. Methotrexate
C. Ibuprofen
D. Surgical decompression
E. Oral prednisone","একজন ৫০ বছর বয়সী নারী ডাক্তারের কাছে আসছেন কারণ তার ডান হাতের মাঝে মাঝে ব্যথা ও অসাড়তা হয়েছে ৬ সপ্তাহ ধরে। রাতে এই পিন-এন্ড-নিডল (চুলকানি) অনুভূতি বাড়ে এবং হাত নাড়া দিলে কমে যায়। তিনি দিনের মধ্যে বাম হাঁটুর মাঝেমধ্যে ব্যথাও অনুভব করেন। তার উচ্চ রক্তচাপের ইতিহাস আছে যা লিসিনোপ্রিল দিয়ে নিয়ন্ত্রিত। তিনি কোষ্ঠকাঠিন্যের জন্য ওভার-দ্য-কাউন্টার ঔষধ গ্রহণ করেন। তাঁর BMI ৩৫ কেজি/মি2। তাঁর মায়ের রিউমাটয়েড আর্থ্রাইটিসের ইতিহাস আছে। তিনি ক্লান্ত দেখাচ্ছেন। তার পালস ৫৭/মিনিট এবং রক্তচাপ ১২০/৭৫ mm Hg। শারীরিক পরীক্ষায় কব্জি ও আঙুলে স্বাভাবিক গতির পরিসীমা দেখা যায়। থাম্ব ও ইনডেক্স ফিঙ্গারে হালকা স্পর্শের সংবেদন কমে আছে। থেনার পেশিতে কোনো ক্ষয় নেই। ডিপ টেন্ডন রিফ্লেক্স ১+ এবং পায়ে সামান্য ইডিমা রয়েছে। নিম্নলিখিত কোন চিকিৎসা রোগীর জন্য সবচেয়ে উপকারী হবে?
A. এল-থাইরক্সিন
B. মেথোট্রেক্সেট
C. আইবুপ্রোফেন
D. শল্যচিকিৎসা ডিকম্প্রেশন
E. ওরাল প্রেডনিসোন",,,,,
R0117,"A 65-year-old Asian woman comes to the physician for a routine health maintenance examination. On questioning, she has had occasional night sweats during the past 2 months. She has not had fevers or weight loss. Seven months ago, she had an acute myocardial infarction and was treated with percutaneous coronary intervention. She has hypertension, hyperlipidemia, and gastroesophageal reflux disease. She has smoked one pack of cigarettes daily for 37 years. Current medications include aspirin, atorvastatin, ramipril, metoprolol, and esomeprazole. She is 178 cm (5 ft 10 in) tall and weighs 89 kg (207 lbs); BMI is 29.7 kg/m2. Her temperature is 37.4°C (99.3°F), pulse is 84/min, respirations are 18/min, and blood pressure is 145/80 mm Hg. The lungs are clear to auscultation. Cardiac examination shows an S4. There is a nontender skin lesion near the right large toenail. A photograph of the lesion is shown. The remainder of the examination shows no abnormalities. Which of the following is the most likely diagnosis?
A. Cholesterol embolism
B. Traumatic subungual hemorrhage
C. Malignant melanoma
D. Onychomycosis
E. Squamous cell carcinoma","৬৫ বছর বয়সী এশীয় এক নারী রুটিন স্বাস্থ্য রক্ষণাবেক্ষণ পরীক্ষার জন্য ডাক্তারের কাছে আসেন। প্রশ্নোত্তরে তিনি গত দুই মাসে মাঝে মাঝেই রাতের ঘাম হওয়ার কথা জানান, তবে জ্বর বা ওজন হ্রাসের কোনো অভিযোগ নেই। সাত মাস আগে তিনি তীব্র মায়োকার্ডিয়াল ইনফার্কশন (হৃদরোগ) হয়েছিল এবং পারকুটেনিয়াস করোনারি ইন্টারভেনশনের মাধ্যমে চিকিৎসা পেয়েছিলেন। তার উচ্চ রক্তচাপ, হাইপারলিপিডেমিয়া ও গ্যাস্ট্রোইসোফেজিয়াল রিফ্লাক্স রোগ রয়েছে। তিনি ৩৭ বছর ধরে প্রতিদিন এক প্যাকেট সিগারেট ধূমপান করেন। বর্তমান ঔষধের মধ্যে আছে অ্যাস্পিরিন, এটরভাস্টাটিন, রামিপ্রিল, মেটোপ্রোলল এবং এসোমেপ্রাজোল। তার উচ্চতা ১৭৮ সেমি (৫ ফুট ১০ ইঞ্চি) ও ওজন ৮৯ কেজি (২০৭ পাউন্ড); BMI ২৯.৭ কেজি/মি2। তাপমাত্রা ৩৭.৪°C (৯৯.৩°F), পালস ৮৪/মিনিট, শ্বাসপ্রশ্বাস ১৮/মিনিট এবং রক্তচাপ ১৪৫/৮০ mmHg। ফুসফুসের শব্দ স্বাভাবিক; হৃদযন্ত্রে S4 ধ্বনি পাওয়া যায়। ডান বড় পায়ের নখের কাছাকাছি একটি অ-ব্যথাযুক্ত ত্বকের ক্ষত রয়েছে, যার ছবি প্রদর্শিত হয়েছে। বাকি পরীক্ষায় কোনো অসামঞ্জস্য দেখা যায় না। নিম্নলিখিতগুলোর মধ্যে কোনটি সবচেয়ে সম্ভাব্য নির্ণয়?
A. কোলেস্টেরল এমবোলিজম
B. আঘাতজনিত নখের নিচের রক্তক্ষরণ
C. ম্যালিগন্যান্ট মেলানোমা
D. অনিকোমাইসিস (নখের ছত্রাক সংক্রমণ)
E. স্কোয়ামাস সেল কার্সিনোমা",,,,,
R0118,"A 22-year-old man is brought to the emergency department 25 minutes after an episode of violent jerky movements of his arms and legs. He has no recollection of the episode. The episode lasted for 3-4 minutes. His girlfriend reports that he has not been sleeping well over the past month. He is only oriented to place and person. His temperature is 37°C (98.6°F), pulse is 99/min, respirations are 18/min, and blood pressure is 110/80 mm Hg. Neurologic examination shows no focal findings. A complete blood count as well as serum concentrations of glucose, electrolytes, and calcium are within the reference range. Urine toxicology screening is negative. An MRI of the brain shows no abnormalities. Which of the following is the most appropriate next step in management?
A. Lorazepam
B. Lumbar puncture
C. Serum prolactin level
D. Tilt table test
E. Electroencephalography
F. Lamotrigine","একজন ২২ বছর বয়সী পুরুষকে জরুরি বিভাগে আনা হয়েছে, যখন তিনি হাতে ও পায়ে হিংস্র জের্কি নড়াচড়ার একটি এপিসোড থেকে ২৫ মিনিট পর পৌঁছেছেন। তিনি সেই ঘটনার স্মৃতি না রাখেন। এই এপিসোডটি ৩-৪ মিনিট স্থায়ী ছিল। তার বান্ধবী জানান যে গত এক মাসে তিনি যথেষ্ট ঘুমাতে পারছেন না। বর্তমানে তিনি কেবল স্থান ও ব্যক্তির প্রতি সচেতন। তার তাপমাত্রা ৩৭°C (৯৮.৬°F), পালস ৯৯/মিনিট, শ্বাসপ্রশ্বাস ১৮/মিনিট, রক্তচাপ ১১০/৮০ mm Hg। স্নায়বিক পরীক্ষায় কোনো ফোকাল লক্ষণ দেখা যায়নি। সম্পূর্ণ রক্ত গণনা এবং গ্লুকোজ, ইলেক্ট্রোলাইট ও ক্যালসিয়ামের সিরাম ঘনত্ব সবই রেফারেন্স সীমার মধ্যে। মূত্র টক্সিকোলজি স্ক্রিনিং নেগেটিভ। মস্তিষ্কের MRI তে কোনো অস্বাভাবিকতা দেখা যায়নি। নিম্নলিখিতগুলির মধ্যে কোনটি সর্বোত্তম পরবর্তী ব্যবস্থাপনা পদক্ষেপ?
A. লোরাজেপাম
B. লম্বার পাঙ্কচার
C. সিরাম প্রোল্যাকটিন স্তর
D. টিল্ট টেবিল পরীক্ষা
E. ইলেক্ট্রোএনসেফালোগ্রাফি
F. লামোট্রিজিন",,,,,
R0119,"A 72-year-old man is brought to the physician by his son because of gradually progressive yellow discoloration of his skin and generalized pruritus for the past 2 weeks. During this period, his appetite has decreased and he has had a 6.3-kg (14-lb) weight loss. He reports that his stool appears pale and his urine is very dark. Three years ago, he had an episode of acute upper abdominal pain that was treated with IV fluids, NSAIDs, and dietary modification. He has stopped drinking alcohol since then; he used to drink 1-2 beers daily for 40 years. He has smoked a pack of cigarettes daily for the past 50 years. His vital signs are within normal limits. Physical examination shows yellowing of the conjunctivae and skin. The abdomen is soft and nontender; a soft, cystic mass is palpated in the right upper quadrant. Serum studies show:
Bilirubin, total 5.6 mg/dL
Direct 4.8 mg/dL
Alkaline phosphatase 192 U/L
AST 32 U/L
ALT 34 U/L
Abdominal ultrasonography shows an anechoic cystic mass in the subhepatic region and dilation of the intrahepatic and extrahepatic bile ducts. Which of the following is the most likely diagnosis?""
A. Pancreatic adenocarcinoma
B. Acute cholangitis
C. Choledocholithiasis
D. Alcoholic hepatitis
E. Cholecystitis
F. Budd-Chiari syndrome
G. Pancreatic pseudocyst","৭২ বছর বয়সী একজন পুরুষকে তার পুত্র ডাক্তারকের কাছে নিয়ে এসেছে, কারণ গত দুই সপ্তাহ ধরে ধীরে ধীরে ত্বকের হলদে রঙ পরিবর্তন এবং সর্বত্র চুলকানি হচ্ছে। এই সময়ের মধ্যে তার ক্ষুধা কমেছে এবং তিনি ৬.৩ কেজি (১৪ পাউন্ড) ওজন হারিয়েছেন। তিনি জানান যে মল ফিকে দেখাচ্ছে এবং প্রস্রাব খুব গাঢ়। তিন বছর আগে, তাকে তীব্র উপরের পেটের ব্যথার একটি এপিসোড হয়েছিল যা আইভি তরল, এনএসএআইডি এবং ডায়েট পরিবর্তনের মাধ্যমে চিকিৎসা করা হয়েছিল। তখন থেকে তিনি মদ্যপান বন্ধ করেছেন; পূর্বে ৪০ বছর ধরে দিনে ১-২টি বিয়ার পান করতেন। তিনি গত ৫০ বছর ধরে প্রতিদিন এক প্যাকেট সিগারেট ধূমপান করেন। তার গুরুত্বপূর্ণ চিহ্নগুলো স্বাভাবিক সীমার মধ্যে। শারীরিক পরীক্ষায় কনজাংটিভা ও ত্বকে হলদে রঙ দেখা যায়। পেট নরম এবং অসংবেদনশীল; ডান উপরের কোয়াড্র্যান্টে একটি নরম, সিস্টিক গঠন স্পর্শ করা যায়। সিরাম পরীক্ষা দেখায়:
বিলিরুবিন, মোট ৫.৬ mg/dL
ডাইরেক্ট ৪.৮ mg/dL
অ্যালকালাইন ফসফাটেজ ১৯২ U/L
AST ৩২ U/L
ALT ৩৪ U/L
পেটের আলট্রাসাউন্ডে সাবহেপাটিক অঞ্চলে একটি অ্যানেকোইক সিস্টিক গঠন এবং ইনট্রাহেপাটিক ও এক্সট্রাহেপাটিক পিত্তনালীর প্রসারণ দেখা যায়। নিম্নলিখিতগুলির মধ্যে কোনটি সবচেয়ে সম্ভাব্য নির্ণয়?
A. প্যানক্রিয়াটিক অ্যাডেনোকারসিনোমা
B. তীব্র কোলাঙ্গাইটিস
C. কোলেডোকোলিথিয়াসিস
D. অ্যালকোহলিক হেপাটাইটিস
E. কোলেসিস্টাইটিস
F. বাড-চিয়ারি সিন্ড্রোম
G. প্যানক্রিয়াটিক সিউডোস্যাস্ট",,,,,
R0120,"A 13-year-old boy is brought to the emergency department because of pain in his right knee for the past week. The pain is exacerbated by jogging and climbing up stairs. He has no history of trauma to the knee. He is otherwise healthy. He is an active member of his school's gymnastics team. His vital signs are within normal limits. Examination of the right knee shows a tender swelling at the proximal tibia; range of motion is full. Knee extension against resistance causes pain in the anterior proximal tibia. The remainder of the examinations shows no abnormalities. X-ray of the right knee shows anterior tibial soft tissue swelling with fragmentation of the tibial tuberosity. Which of the following is the most appropriate next step?
A. Intratendinous injection of triamcinolone
B. Administration of oral ketorolac
C. Perform joint aspiration
D. Open reduction of the tuberosity
E. Perform excision of the tibial tuberosity
F. Administration of oral methotrexate
G. Perform a bone biopsy
H. Application of a lower leg cast
""","একজন ১৩ বছর বয়সী ছেলে এক সপ্তাহ ধরে তার ডান হাঁটুর ব্যথার জন্য জরুরি বিভাগে আনা হয়েছে। দৌড়ানো এবং সিঁড়ি ওঠা হলে ব্যথা বাড়ে। হাঁটুতে কোনো আঘাতের ইতিহাস নেই। তিনি অন্যথায় সুস্থ। তিনি তাঁর স্কুলের জিমন্যাস্টিক্স টিমের সক্রিয় সদস্য। তার গুরুত্বপূর্ণ চিহ্নগুলো স্বাভাবিক সীমার মধ্যে। ডান হাঁটুর পরীক্ষা দেখায় প্রোক্সিমাল টিবিয়াতে কোমল ফোলাভাব; গতি পরিসীমা পূর্ণ। প্রতিরোধের বিরুদ্ধে হাঁটু প্রসারণে অ্যান্টেরিয়র প্রোক্সিমাল টিবিয়াতে ব্যথা হয়। বাকি পরীক্ষাগুলোতে কোনো অসামান্যতা দেখা যায় না। ডান হাঁটুর এক্স-রে দেখায় অ্যান্টেরিয়র টিবিয়াল সফট টিস্যু ফোলাভাব এবং টিবিয়াল টিউবেরোসিটি ভাঙ্গন। নিম্নলিখিতগুলির মধ্যে কোনটি সবচেয়ে উপযুক্ত পরবর্তী পদক্ষেপ?
A. ট্রায়ামসিনোলোনের ইনট্রাটেনডিনাস ইঞ্জেকশন
B. মৌখিক কেটোরোলাক প্রদান
C. সংযোগস্থল থেকে তরল শোষণ (অ্যাস্পিরেশন) করা
D. টিউবেরোসিটির ওপেন রিডাকশন করা
E. টিবিয়াল টিউবেরোসিটি অপসারণ (এক্সিশন) করা
F. মৌখিক মেথোট্রেক্সেট প্রদান
G. হাড়ের বায়োপসি করা
H. নিম্নাঙ্গে কাস্ট প্রয়োগ করা",,,,,
R0121,"A 63-year-old man comes to the physician for the evaluation of a skin lesion on his chest. He first noticed the lesion 2 months ago and thinks that it has increased in size since then. The lesion is not painful or pruritic. He has type 2 diabetes mellitus, hypercholesterolemia, and glaucoma. The patient has smoked 1 pack of cigarettes daily for the last 40 years and drinks two to three beers on the weekend. Current medications include metformin, atorvastatin, topical timolol, and a multivitamin. Vital signs are within normal limits. The lesion is partly elevated on palpation and does not change its form on pinching. A photograph of the lesion is shown. Which of the following is the most likely diagnosis?
A. Malignant melanoma
B. Dermatofibroma
C. Keratoacanthoma
D. Lentigo maligna
E. Seborrheic keratosis
F. Compound melanocytic nevus
G. Pyogenic granuloma
H. Basal cell carcinoma","একজন ৬৩ বছর বয়সী পুরুষ চেস্টে একটি ত্বকের লেশনের মূল্যায়নের জন্য ডাক্তারের কাছে আসেন। তিনি প্রথমে এই লেশনটি দুই মাস আগে লক্ষ্য করেন এবং মনে করেন তখন থেকে এটি আকারে বৃদ্ধি পেয়েছে। লেশনটি ব্যথা বা চুলকানি সৃষ্টি করে না। রোগীর টাইপ ২ ডায়াবেটিস মেলিটাস, হাইপারকোলেস্টেরলেমিয়া এবং গ্লুকোমা রয়েছে। তিনি গত ৪০ বছর ধরে প্রতিদিন এক প্যাকেট সিগারেট ধূমপান করেন এবং সপ্তাহান্তে দুই থেকে তিনটি বিয়ার পান করেন। বর্তমান ওষুধগুলোর মধ্যে আছে মেটফরমিন, অ্যাটরভাস্ট্যাটিন, টোপিকাল টাইমোলল এবং একটি মাল্টিভিটামিন। ভাইটাল সাইনস স্বাভাবিক সীমার মধ্যে রয়েছে। লেশনটি স্পর্শে আংশিকভাবে উঁচু হয় এবং চিমটে ধরলে এর আকৃতি পরিবর্তন হয় না। লেশনের একটি ফটো দেখানো হয়েছে। নিম্নলিখিতগুলোর মধ্যে কোনটি সবচেয়ে সম্ভাব্য নির্ণয়?
A. ম্যালিগন্যান্ট মেলানোমা
B. ডার্মাটোফাইব্রোমা
C. কেরাটোঅ্যাক্যান্থোমা
D. লেন্টিগো মালিগনা
E. সেবোরিক কেরাটোসিস
F. যৌগিক মেলানোসাইটিক নেভাস
G. পায়োজেনিক গ্র্যানুলোমা
H. বেসাল সেল কার্সিনোਮਾ",,,,,
R0122,"A 22-year-old college student comes to the physician because of depressed mood and fatigue for the past 5 weeks. He has been feeling sad and unmotivated to attend his college classes. He finds it particularly difficult to get out of bed in the morning. He has difficulty concentrating during lectures and often feels that he is less intelligent compared to his classmates. In elementary school, he was diagnosed with attention deficit hyperactivity disorder and treated with methylphenidate; he stopped taking this medication 4 years ago because his symptoms had improved during high school. He has smoked two packs of cigarettes daily for 8 years; he feels guilty that he has been unable to quit despite numerous attempts. During his last attempt 3 weeks ago, he experienced increased appetite and subsequently gained 3 kg (6 lb 10 oz) in a week. Mental status examination shows psychomotor retardation and restricted affect. There is no evidence of suicidal ideation. Which of the following is the most appropriate pharmacotherapy?
A. Amitriptyline
B. Mirtazapine
C. Lithium carbonate
D. Methylphenidate
E. Bupropion
F. Fluoxetine
G. Phenelzine
H. Valproic acid","একজন ২২ বছর বয়সী কলেজ ছাত্র ডাক্তারের কাছে আসেন কারণ গত ৫ সপ্তাহ ধরে তিনি বিষণ্ণ মেজাজ ও ক্লান্তি অনুভব করছেন। তিনি দুঃখিত এবং তার কলেজ ক্লাসে অংশ নিতে অনুপ্রেরণা হারিয়েছেন। সকালে বিছানা থেকে ওঠা বিশেষভাবে কঠিন হয়ে পড়েছে। লেকচারে মনোযোগ দিতে সমস্যা হয় এবং প্রায়শই মনে করেন যে তিনি সহপাঠীদের তুলনায় কম বুদ্ধিমান। প্রাথমিক বিদ্যালয়ে তাকে অ্যাটেনশন ডেফিসিট হাইপারঅ্যাকটিভিটি ডিসঅর্ডার নির্ণয় করা হয়েছিল এবং মেথাইলফেনিডেট দিয়ে চিকিৎসা করা হয়; উচ্চ বিদ্যালয়ে তার উপসর্গ উন্নত হওয়ায় তিনি ৪ বছর আগে এই ওষুধটি বন্ধ করে দেন। তিনি ৮ বছর ধরে প্রতিদিন দুই প্যাক সিগারেট ধূমপান করেন; বহুবার চেষ্টা করার পরেও ছাড়তে না পারায় তিনি দোষবোধ করেন। শেষবারের প্রচেষ্টা থেকে ৩ সপ্তাহ আগে, তার ক্ষুধা বাড়ে এবং এক সপ্তাহে তিনি ৩ কেজি (৬ পাউন্ড ১০ আউন্স) ওজন বৃদ্ধি পান। মানসিক অবস্থা পরীক্ষায় সাইকোমোটর ধীরগতি এবং সীমিত আবেগ প্রকাশ দেখা যায়। আত্মহত্যার কোনো চিন্তা নেই। নিম্নলিখিতগুলির মধ্যে কোনটি সবচেয়ে উপযুক্ত ফার্মাকোথেরাপি?
A. অ্যামিট্রিপটিলিন
B. মির্টাজাপিন
C. লিথিয়াম কার্বোনেট
D. মেথাইলফেনিডেট
E. বুপ্রোপিয়ন
F. ফ্লুওক্সেটিন
G. ফেনেলজাইন
H. ভ্যালপ্রোইক অ্যাসিড",,,,,
R0123,"A 50-year-old man comes to the physician because of a 6-month history of difficulties having sexual intercourse due to erectile dysfunction. He has type 2 diabetes mellitus that is well controlled with metformin. He does not smoke. He drinks 5-6 beers daily. His vital signs are within normal limits. Physical examination shows bilateral pedal edema, decreased testicular volume, and increased breast tissue. The spleen is palpable 2 cm below the left costal margin. Abdominal ultrasound shows an atrophic, hyperechoic, nodular liver. An upper endoscopy is performed and shows dilated submucosal veins 2 mm in diameter with red spots on their surface in the distal esophagus. Therapy with a sildenafil is initiated for his erectile dysfunction. Which of the following is the most appropriate next step in management of this patient's esophageal findings?
A. Injection sclerotherapy
B. Nadolol therapy
C. Losaratan therapy
D. Octreotide therapy
E. Isosorbide mononitrate therapy
F. Endoscopic band ligation
G. Transjugular intrahepatic portosystemic shunt
H. Metoprolol therapy
""","একজন ৫০ বছর বয়সী পুরুষ রোগী ৬ মাসের সময়কালে যৌনমিলনের সময় ইরেক্টাইল ডিসফাংশনের কারণে সমস্যার অভিযোগ নিয়ে ডাক্তারের কাছে আসেন। তার টাইপ ২ ডায়াবেটিস মেলিটাস আছে যা মেটফরমিন দিয়ে ভালভাবে নিয়ন্ত্রিত। তিনি ধূমপান করেন না। তিনি প্রতিদিন ৫-৬টি বিয়ার পান করেন। তাঁর গুরুত্বপূর্ণ চিহ্নগুলো স্বাভাবিক সীমার মধ্যে। শারীরিক পরীক্ষায় দ্বিপাক্ষিক পা ফোলাভাব, টেস্টিসের আয়তন হ্রাস এবং স্তনের টিস্যু বৃদ্ধি দেখা যায়। বাম কোস্টাল মার্জিনের নিচে ২ সেমি দূরে প্লীহা স্পর্শযোগ্য। পেটের আল্ট্রাসাউন্ডে অ্যাট্রফিক, হাইপারইকোয়িক, নডুলার লিভার দেখায়। একটি আপার এন্ডোস্কপি করা হয় এবং ডিস্টাল ইসোফেগাসে ২ মিমি ব্যাসের প্রসারিত সাবমিউকোসাল শিরা ও তাদের পৃষ্ঠে লাল দাগ দেখা যায়। তার ইরেক্টাইল ডিসফাংশনের জন্য সিলডেনাফিল দিয়ে থেরাপি শুরু করা হয়। নিম্নলিখিত কোনটি রোগীর এইসোফেজিয়াল ফলাফলগুলোর ব্যবস্থাপনায় সবচেয়ে উপযুক্ত পরবর্তী পদক্ষেপ?
A. ইনজেকশন স্ক্লেরোথেরাপি
B. নাডোলল থেরাপি
C. লোসারাটান থেরাপি
D. অক্ট্রিওটাইড থেরাপি
E. আইসোসরবাইড মনোনাইট্রেট থেরাপি
F. এন্ডোস্কোপিক ব্যান্ড লিগেশন
G. ট্রান্সজুগুলার ইনট্রাহেপাটিক পোর্টোসিস্টেমিক শন্ট
H. মেটোপ্রোলল থেরাপি",,,,,
R0124,"A 28-year-old man is brought to the emergency department with shortness of breath and chest pain, 35 minutes after he was involved in a high-speed motor vehicle collision. He was the helmeted driver of a scooter hit by a truck. On arrival, he is alert and oriented with a Glasgow Coma Scale rating of 14. His temperature is 37.3°C (99.1°F), pulse is 103/min, respirations are 33/min and blood pressure is 132/88 mm Hg. Pulse oximetry on room air shows an oxygen saturation of 94%. Examination shows multiple abrasions over his abdomen and extremities. There is a 2.5-cm (1-in) laceration on the left side of the chest. There are decreased breath sounds over the left base. Cardiac examination shows no abnormalities. The abdomen is soft and there is tenderness to palpation over the left upper quadrant. Bowel sounds are normal. His hemoglobin concentration is 13.6 g/dL, leukocyte count is 9,110/mm3, and platelet count is 190,000/mm3. A chest x-ray is shown. Which of the following is the most likely diagnosis?
A. Diaphragmatic rupture
B. Esophageal perforation
C. Diaphragmatic eventration
D. Pneumothorax
E. Phrenic nerve palsy
""","২৮ বছর বয়সী একজন পুরুষকে শ্বাসকষ্ট ও বুকের ব্যথা নিয়ে জরুরি বিভাগে আনা হয়েছে, উচ্চ গতির গাড়ি দুর্ঘটনায় জড়িত হওয়ার ৩৫ মিনিট পর। তিনি ট্রাক দ্বারা ধাক্কা খাওয়া স্কুটারের হেলমেটধারী চালক ছিলেন। পৌঁছানোর সময় তিনি সজাগ ও দিকনির্দেশে সচেতন, গ্লাসগো কমা স্কেল রেটিং ১৪। তার তাপমাত্রা ৩৭.৩°C (৯৯.১°F), পালস ১০৩/মিনিট, শ্বাসপ্রশ্বাস ৩৩/মিনিট এবং রক্তচাপ ১৩২/৮৮ mm Hg। কক্ষের বাতাসে পল্স অক্সিমেট্রি দেখায় অক্সিজেন স্যাচুরেশন ৯৪%। পরীক্ষায় তার পেট ও অঙ্গগুলিতে একাধিক ঘা দেখা যায়। বাম পাশে একটি ২.৫ সেমি (১ ইঞ্চি) লেসারেশন আছে। বাম ভিত্তির উপরে শ্বাসের শব্দ কমে গেছে। হৃদযন্ত্রের পরীক্ষা কোনো অসাধারণতা দেখায় না। পেট নরম এবং বাম ঊর্ধ্ব কোয়াড্রান্টে স্পর্শে ব্যথা রয়েছে। অন্ত্রের শব্দ স্বাভাবিক। তার হিমোগ্লোবিন ঘনত্ব ১৩.৬ g/dL, লিউকোসাইট সংখ্যা ৯,১১০/mm3, এবং প্লেটলেট সংখ্যা ১৯০,০০০/mm3। একটি চেস্ট এক্স-রে দেখানো হয়েছে। নিম্নলিখিতগুলির মধ্যে কোনটি সবচেয়ে সম্ভাব্য নির্ণয়?
A. ডায়াফ্র্যাজম ফাটল
B. ইসোফেগাস পারফোরেশন
C. ডায়াফ্র্যাজমের অস্বাভাবিক উত্তোলন (ইভেন্ট্রেশন)
D. নিউমোথোর্যাক্স
E. ফ্রেনিক স্নায়ু পক্ষাঘাত",,,,,
R0125,"A 31-year-old woman is brought to the emergency department because of a severe right-sided temporal headache with conjunctival swelling and anterior bulging of the left eye for 1 hour. The patient has had right-sided purulent nasal discharge and nasal congestion for the past 2 days. There is no personal or family history of serious illness. The patient does not smoke or drink alcohol. She takes no medications. She appears to be in acute distress. Her temperature is 40°C (104°F), pulse is 105/min, and blood pressure is 125/80 mm Hg. Examination shows bilateral ptosis. The pupils are equal and reactive to light; lateral gaze of the left eye is limited. Ophthalmic examination shows periorbital edema and chemosis of the left eye. The remainder of the examination shows no abnormalities. The patient most likely requires treatment with which of the following?
A. Timolol eye drops
B. Oral warfarin
C. Oral clindamycin and amoxicillin
D. Intranasal sumatriptan
E. Surgical debridement
F. Intravenous vancomycin, ceftriaxone, and metronidazole
G. Intravenous dihydroergotamine
""","একজন ৩১ বছর বয়সী নারীকে জরুরি বিভাগে আনা হয়েছে কারণ তিনি এক ঘণ্টা ধরে ডান পার্শ্বের টেম্পোরাল মাথাব্যথা, কনজাংটিভাল ফোলাভাব এবং বাম চোখের সামনের দিকে বেরিয়ে আসা (বুল্জিং) অনুভব করছেন। রোগী গত দুই দিন থেকে ডান পাশে পিউরুলেন্ট নাসিক স্রাব ও নাক বন্ধ থাকা রিপোর্ট করেছেন। কোনো ব্যক্তিগত বা পারিবারিক গুরুতর অসুস্থতার ইতিহাস নেই। রোগী ধূমপান করেন না এবং অ্যালকোহল পান করে না। তিনি কোনও ঔষধ গ্রহণ করছেন না। তিনি তীব্র কষ্টে আছেন বলে দেখা যায়। তার শারীরিক তাপমাত্রা ৪০°C (১০৪°F), পালস ১০৫/মিনিট, রক্তচাপ ১২৫/৮০ mmHg। পরীক্ষায় দ্বিপাক্ষিক পটোসিস দেখা গেছে। pupils সমান এবং আলোতে প্রতিক্রিয়াশীল; বাম চোখের পার্শ্বীয় দৃষ্টিতে সীমাবদ্ধতা রয়েছে। চক্ষু পরীক্ষা দেখায় বাম চোখে পারি-অরবিটাল এডিমা ও কেমোসিস। বাকী পরীক্ষায় কোনো অস্বাভাবিকতা পাওয়া যায়নি। রোগীর সবচেয়ে সম্ভাব্য প্রয়োজনীয় চিকিৎসা কোনটি?
A. টিমোলল আই ড্রপস
B. মৌখিক ওয়ারফারিন
C. মৌখিক ক্লিন্ডামাইসিন এবং অ্যামোক্সিসিলিন
D. ইন্ট্রানাসাল সুমাট্রিপট্যান
E. শল্যচিকিৎসা ডেব্রাইডমেন্ট
F. ইন্ট্রাভেনাস ভ্যানকোমাইসিন, সেফট্রিয়াক্সন এবং মেট্রোনিডাজোল
G. ইন্ট্রাভেনাস ডিহাইড্রোএর্গোটামিন",,,,,
R0126,"A 35-year-old man comes to the physician because of a 2-month history of upper abdominal pain that occurs immediately after eating. The pain is sharp, localized to the epigastrium, and does not radiate. He reports that he has been eating less frequently to avoid the pain and has had a 4-kg (8.8-lb) weight loss during this time. He has smoked a pack of cigarettes daily for 20 years and drinks 3 beers daily. His vital signs are within normal limits. He is 165 cm (5 ft 5 in) tall and weighs 76.6 kg (169 lb); BMI is 28 kg/m2. Physical examination shows mild upper abdominal tenderness with no guarding or rebound. Bowel sounds are normal. Laboratory studies are within the reference range. This patient is at greatest risk for which of the following conditions?
A. Malignant transformation
B. Biliary tract infection
C. Gastric perforation
D. Pseudocyst formation
E. Intestinal fistula formation
F. Pyloric scarring
G. Gastrointestinal hemorrhage
H. Subhepatic abscess formation","একজন ৩৫ বছর বয়সী পুরুষ রোগীর উপরের পেটের ব্যথা নিয়ে দুই মাসের ইতিহাস রয়েছে, যা খাবার খাওয়ার সঙ্গে সঙ্গে হয়। ব্যথাটি তীক্ষ্ণ, এপিগ্যাস্ট্রিয়ামে সীমাবদ্ধ এবং বিকিরণ করে না। তিনি ব্যথা কমাতে কমবার খাবার খান এবং এই সময়ে ৪ কেজি ওজন হ্রাস পেয়েছেন। তিনি ২০ বছর ধরে প্রতিদিন এক প্যাকেট সিগারেট ধূমপান করেন এবং দিনে তিনটি বিয়ার পান করেন। তার গুরুত্বপূর্ণ চিহ্নগুলো স্বাভাবিক সীমার মধ্যে। উচ্চতা ১৬৫ সেমি, ওজন ৭৬.৬ কেজি; BMI ২৮ কেজি/মি2। শারীরিক পরীক্ষায় উপরের পেটের হালকা সংবেদনশীলতা দেখা যায়, কোনো গার্ডিং বা রিবাউন্ড নেই। অন্ত্রের শব্দ স্বাভাবিক। ল্যাবরেটরি ফলাফল রেফারেন্স সীমার মধ্যে। এই রোগী নিম্নলিখিত কোন অবস্থার জন্য সর্বোচ্চ ঝুঁকিতে রয়েছে?
A. ক্যান্সারিক রূপান্তর
B. পিত্তনালী সংক্রমণ
C. পাকস্থলীর ছিদ্র
D. নকল সিস্টের গঠন
E. অন্ত্র ফিস্টুলা গঠন
F. পাইলোরিক দাগ
G. গ্যাস্ট্রোইনটেস্টাইনাল রক্তক্ষরণ
H. যকৃতের নিচে অ্যাবসেস গঠন",,,,,
R0127,"A 68-year-old woman comes to the physician for a follow-up visit for elevated blood pressure. Two weeks ago, her blood pressure was 154/78 mm Hg at a routine visit. Subsequent home blood pressure measurements at days 5, 10, and 14 have been: 156/76 mm Hg, 158/80 mm Hg, and 160/80 mm Hg. She has trouble falling asleep but otherwise feels well. She had a cold that resolved with over-the-counter medication 2 weeks ago. She has a history of primary hypothyroidism and a cyst in the right kidney, which was found incidentally 20 years ago. She takes levothyroxine. She is 178 cm (5 ft 10 in) tall and weighs 67 kg (148 lb); BMI is 21.3 kg/m2. Her pulse is 82/min, and blood pressure is 162/79 mm Hg. Examination shows no abnormalities. Laboratory studies, including thyroid function studies, serum electrolytes, and serum creatinine, are within normal limits. Which of the following is the most likely underlying cause of this patient's blood pressure findings?
A. Increase in kidney size
B. Decrease in arterial compliance
C. Episodic hypoxic vasoconstriction
D. Medication-induced vasoconstriction
E. Increase in LV end-diastolic volume
F. Increase in cardiac output
G. Decrease in renal artery blood flow
H. Decrease in baroreceptor sensitivity
I. Increase in aldosterone production","68 বছর বয়সী এক নারী উচ্চ রক্তচাপের জন্য ফলো-আপ ভিজিটে ডাক্তারের কাছে আসেন। দুই সপ্তাহ আগে তার রুটিন চেক-আপে রক্তচাপ ছিল 154/78 mm Hg। পরবর্তী বাড়িতে মাপা রক্তচাপ দিন 5, 10 এবং 14-এ যথাক্রমে: 156/76 mm Hg, 158/80 mm Hg, এবং 160/80 mm Hg। তিনি ঘুমাতে সমস্যায় পড়েন কিন্তু অন্যথায় স্বাভাবিক বোধ করেন। দুই সপ্তাহ আগে তিনি ওভার-দ্য-কাউন্টার ঔষধ দিয়ে একটি সর্দি থেকে সুস্থ হয়েছেন। তার প্রাইমারি হাইপোথাইরয়েডিজম এবং 20 বছর আগে দুর্ঘটনাক্রমে পাওয়া ডান কিডনি সিস্টের ইতিহাস আছে। তিনি লেভোথাইরক্সিন গ্রহণ করেন। উচ্চতা 178 সেমি (5 ft 10 in) ও ওজন 67 kg (148 lb); BMI 21.3 kg/m2। পালস 82/min, রক্তচাপ 162/79 mm Hg। পরীক্ষায় কোনো অস্বাভাবিকতা দেখা যায় না। থাইরয়েড ফাংশন টেস্ট, সিরাম ইলেক্ট্রোলাইট ও ক্রিয়াটিনিন সহ ল্যাব ফলাফল স্বাভাবিক সীমার মধ্যে। নিম্নের কোনটি এই রোগীর রক্তচাপের মূল কারণ হিসেবে সবচেয়ে সম্ভাব্য?
A. কিডনির আকার বৃদ্ধি
B. ধমনী কমপ্লায়েন্সের হ্রাস
C. পর্যায়ক্রমিক হাইপোক্সিক ভাসোসংকোচন
D. ওষুধ-সৃষ্ট ভাসোসংকোচন
E. বাম ভেন্ট্রিকলের শেষ-ডায়াস্টোলিক আয়তনের বৃদ্ধি
F. কার্ডিয়াক আউটপুটের বৃদ্ধি
G. কিডনি ধমনী রক্তপ্রবাহের হ্রাস
H. বারোরিসেপ্টরের সংবেদনশীলতার হ্রাস
I. অ্যালডোস্টেরন উৎপাদনের বৃদ্ধি",,,,,
R0128,"A 33-year-old nulliparous woman comes to the physician because of a 5-month history of increased flow and duration of her menses. Menses previously occurred at regular 32-day intervals and lasted 4 days with normal flow. They now last 10 days and the flow is heavy with the passage of clots. During this period, she has also had dyspareunia and cyclical lower abdominal pain. Her mother died of cervical cancer at the age of 58 years. Her BMI is 31 kg/m2. Her temperature is 37°C (98.6°F), pulse is 86/min, and blood pressure is 110/70 mm Hg. Pelvic examination shows an asymmetrically enlarged, nodular uterus consistent in size with a 12-week gestation. A urine pregnancy test is negative. Which of the following is the most likely cause of this patient's findings?
A. Endometrial tissue within the ovaries
B. Endometrial tissue within the uterine wall
C. Excessive serum androgen levels
D. Benign tumor of the myometrium
E. Malignant transformation of endometrial tissue
F. Inflammation of the endometrium
G. Abnormal thickening of endometrial tissue
H. Pedunculated endometrial mass
I. Malignant proliferation of trophoblasts","একজন ৩৩ বছর বয়সী নালিপ্যারাস মহিলা ডাক্তারের কাছে আসছেন কারণ তিনি গত ৫ মাস ধরে তার ঋতুচক্রে রক্তপাতের পরিমাণ ও সময়কাল বৃদ্ধি পেয়েছে। পূর্বে ঋতু নিয়মিতভাবে প্রতি ৩২ দিন অন্তর ঘটতো এবং ৪ দিন স্থায়ী হতো, স্বাভাবিক প্রবাহসহ। এখন তা ১০ দিন পর্যন্ত চলে এবং রক্তপাত ভারী, গাঁটের সঙ্গে। এই সময়কালে তিনি যৌনবেদন (ডাইস্প্যারিনিয়া) ও চক্রাকারে নিম্ন পেটের ব্যথা অনুভব করছেন। তার মা ৫৮ বছর বয়সে সার্ভিক্যাল ক্যান্সার থেকে মারা গেছেন। তার BMI ৩১ কেজি/মি2। তাপমাত্রা ৩৭°C (৯৮.৬°F), পালস ৮৬/মিনিট, রক্তচাপ ১১০/৭০ mm Hg। পেলভিক পরীক্ষা দেখায় একটি অসমানভাবে বড়, গাঁটযুক্ত গর্ভাশয় যা প্রায় ১২ সপ্তাহের গর্ভধারণের আকারের সমান। মূত্র গর্ভাবস্থা টেস্ট নেগেটিভ। নিম্নলিখিত কোনটি এই রোগীর উপসর্গগুলোর সবচেয়ে সম্ভাব্য কারণ?
A. ডিম্বাশয়ের মধ্যে এন্ডোমেট্রিয়াল টিস্যু
B. গর্ভাশয়ের প্রাচীরের মধ্যে এন্ডোমেট্রিয়াল টিস্যু
C. অতিরিক্ত সেরাম অ্যান্ড্রোজেন স্তর
D. মায়োমেট্রিয়ামের সুস্থ (সৌম্য) টিউমার
E. এন্ডোমেট্রিয়াল টিস্যুর ক্যান্সারাস রূপান্তর
F. এন্ডোমেট্রিয়ামের প্রদাহ
G. এন্ডোমেট্রিয়াল টিস্যুর অস্বাভাবিক পুরুত্ব বৃদ্ধি
H. পেডাঙ্কুলেটেড (ডাঁটা) এন্ডোমেট্রিয়াল গঠন
I. ট্রোফোব্লাস্টের ক্যান্সারাস বৃদ্ধিপ্রবণতা",,,,,
R0129,"A 21-year-old primigravid woman comes to the physician at 10 weeks' gestation because of progressive fatigue for the past 3 weeks. She reports that she has had a 3.2-kg (7-lb) weight loss after conceiving despite an increase in appetite. She has become increasingly anxious and has trouble falling asleep. There is no personal or family history of serious illness. Medications include folic acid and a multivitamin. She is 165 cm (5 ft 5 in) tall and weighs 55 kg (120 lb); BMI is 20 kg/m2. Her temperature is 37.4°C (99.4°F), pulse is 120/min, respirations are 18/min, and blood pressure is 150/70 mm Hg. The globes of the eyes are prominent. The thyroid gland is firm and diffusely enlarged. Neurologic examination shows a fine resting tremor of the hands. There is a midsystolic click at the apex and a grade 2/6 early systolic murmur at the upper left sternal border. Serum thyroid-stimulating hormone concentration is 0.1 μU/mL. An ECG is normal except for sinus tachycardia. Which of the following is the most appropriate next step in management?
A. Lugol's iodine
B. Thyroidectomy
C. Propylthiouracil
D. Methimazole
E. Radioactive iodine ablation
F. Observation
G. Atenolol","একজন ২১ বছর বয়সী প্রথম গর্ভধারণকারী নারী ১০ সপ্তাহের গর্ভাবস্থায় ডাক্তারের কাছে আসছেন, কারণ গত ৩ সপ্তাহ ধরে ক্রমবর্ধমান ক্লান্তি। তিনি জানান যে গর্ভধারণের পরেও ক্ষুধা বাড়লেও তিনি ৩.২ কেজি (৭ পাউন্ড) ওজন কমিয়েছেন। তিনি ক্রমশ উদ্বিগ্ন হয়ে পড়েছেন এবং ঘুমাতে সমস্যায় ভুগছেন। কোনো ব্যক্তিগত বা পারিবারিক গুরুতর রোগের ইতিহাস নেই। তিনি ফোলিক অ্যাসিড ও মাল্টিভিটামিন গ্রহণ করছেন। তার উচ্চতা ১৬৫ সেমি (৫ ফুট ৫ ইঞ্চি) এবং ওজন ৫৫ কেজি (১২০ পাউন্ড); BMI ২০ কেজি/মি2। তাপমাত্রা ৩৭.৪°C (৯৯.৪°F), পালস ১২০/মিনিট, শ্বাসপ্রশ্বাস ১৮/মিনিট, রক্তচাপ ১৫০/৭০ mm Hg। চোখের গ্লোবগুলি উঁচুতে দেখা যায়। থাইরয়েড গ্রন্থি দৃঢ় এবং সমগ্রভাবে বড়। স্নায়বিক পরীক্ষায় হাতে সূক্ষ্ম বিশ্রামকালে কম্পন দেখা যায়। অ্যাপেক্সে মধ্যসিস্টোলিক ক্লিক এবং বাম উপরের স্টার্নাল সীমান্তে গ্রেড ২/৬ প্রাথমিক সিস্টোলিক মর্মর শোনা যায়। সিরাম থাইরয়েড-স্টিমুলেটিং হরমোনের ঘনত্ব ০.১ μU/mL। ইসিজি স্বাভাবিক, শুধুমাত্র সিনাস ট্যাকিকার্ডিয়া ছাড়া। নিম্নলিখিতগুলির মধ্যে কোনটি সর্বোত্তম পরবর্তী ব্যবস্থাপনা হবে?
A. লুগলের আয়োডিন
B. থাইরয়েডেকটমি
C. প্রোপিলথায়োরাসিল
D. মেথিমাজোল
E. রেডিওঅ্যাক্টিভ আয়োডিন অ্যাব্লেশন
F. পর্যবেক্ষণ
G. এটেনোলল",,,,,
R0130,"A 3-year-old boy is brought to the emergency department because of pain and swelling of his right knee joint for 1 day. He has not had any trauma to the knee. He was born at term and has been healthy since. His maternal uncle has a history of a bleeding disorder. His temperature is 37.1°C (98.8°F) and pulse is 97/min. The right knee is erythematous, swollen, and tender; range of motion is limited. No other joints are affected. An x-ray of the knee shows an effusion but no structural abnormalities of the joint. Arthrocentesis is done. The synovial fluid is bloody. Further evaluation of this patient is most likely to show which of the following?
A. Synovial fluid leukocytosis
B. Decreased platelet count
C. Prolonged partial thromboplastin time
D. Elevated erythrocyte sedimentation rate
E. Elevated antinuclear antibody levels
F. Sunburst appearance on x-ray
G. Prolonged prothrombin time","৩ বছর বয়সী একটি ছেলে এক দিনের জন্য ডান হাঁটুর ব্যথা ও ফোলার কারণে জরুরি বিভাগে আনা হয়েছে। তার হাঁটে কোনো আঘাতের ইতিহাস নেই। সে পূর্ণমেয়াদে জন্মগ্রহণ করেছে এবং এখন পর্যন্ত সুস্থ ছিল। তার মাতৃকাকা রক্তক্ষরণের রোগে আক্রান্ত। তাপমাত্রা ৩৭.১°C (৯৮.৮°F) এবং পালস ৯৭/মিনিট। ডান হাঁটু লালচে, ফোলা ও স্পর্শে ব্যথাযুক্ত; গতি সীমিত। অন্য কোনো জয়েন্টে সমস্যা নেই। এক্স-রে তে তরল সঞ্চয় দেখা যায় তবে কাঠামোগত কোন অস্বাভাবিকতা নেই। আর্থ্রোসেন্টেসিস করা হয় এবং সিনোভিয়াল ফ্লুইড রক্তাক্ত পাওয়া যায়। এই রোগীর আরও মূল্যায়নে নিম্নলিখিত কোনটি সবচেয়ে বেশি সম্ভব?
A. সাইনোভিয়াল তরলে লিউকোসাইটোসিস
B. প্লেটলেটের সংখ্যা কমে যাওয়া
C. আংশিক থ্রম্বোপ্লাস্টিন সময় দীর্ঘায়িত
D. ইরিথ্রোসাইট সেডিমেন্টেশন রেট বাড়া
E. অ্যান্টি-নিউক্লিয়ার অ্যান্টিবডির স্তর বৃদ্ধি পেয়েছে
F. এক্স-রে তে সানবার্সট চেহারা
G. প্রোথ্রম্বিন সময় দীর্ঘায়িত",,,,,
R0131,"A 34-year-old man with AIDS comes to the physician because of a 2-day history of decreasing vision and seeing black spots in his right eye. He has no pain and the left eye is asymptomatic. He was treated for fungal esophagitis 6 months ago with fluconazole. He was diagnosed with Kaposi's sarcoma 2 years ago. Current medications include efavirenz, tenofovir, emtricitabine, azithromycin, trimethoprim-sulfamethoxazole, multivitamins, and a nutritional supplement. He is 170 cm (5 ft 7 in) tall and weighs 45 kg (99 lbs);BMI is 15.6 kg/m2. His temperature is 37°C (98.6°F), pulse is 89/min, and blood pressure is 110/70 mm Hg. Examination shows cervical lymphadenopathy. There are multiple violaceous plaques seen over his trunk and extremities. Fundoscopic examination shows granular yellow-white opacities around the retinal vessels and multiple areas of dot-blot hemorrhages. His CD4+ T-lymphocyte count is 36/mm3. Which of the following is the most likely diagnosis?
A. Cytomegalovirus retinitis
B. Herpes simplex keratitis
C. Toxoplasma retinitis
D. HIV retinopathy
E. Varicella zoster retinitis","একজন ৩৪ বছর বয়সী এডস রোগী ডাক্তারের কাছে আসেন কারণ গত দুই দিন ধরে তার ডান চোখে দৃষ্টিশক্তি কমছে এবং কালো দাগ দেখা যাচ্ছে। কোনো ব্যথা নেই এবং বাম চোখ স্বাভাবিক। তিনি ছয় মাস আগে ফাঙ্গাল ইসোফ্যাজাইটিসের জন্য ফ্লুকোনাজল দিয়ে চিকিৎসা করিয়েছিলেন। দুই বছর আগে তাকে ক্যাপোসির সারকোমা নির্ণয় করা হয়েছিল। বর্তমান ওষুধগুলোর মধ্যে রয়েছে এফাভিরেঞ্জ, টেনোফোভির, এমট্রিসিটাবিন, আজিথ্রোমাইসিন, ট্রিমেথোপ্রিম-সালফামেথোক্সাজোল, মাল্টিভিটামিন এবং একটি পুষ্টি সাপ্লিমেন্ট। তার উচ্চতা ১৭০ সেমি (৫ ফুট ৭ ইঞ্চি) এবং ওজন ৪৫ কেজি (৯৯ পাউন্ড); বডি মাস ইনডেক্স ১৫.৬ কেজি/মি2। তাপমাত্রা ৩৭°C (৯৮.৬°F), পালস ৮৯/মিনিট, রক্তচাপ ১১০/৭০ মিমি পারদ। পরীক্ষায় সের্ভিক্যাল লিম্ফেডেনোপ্যাথি দেখা যায়। তার ট্রাঙ্ক ও অঙ্গপ্রত্যঙ্গে একাধিক বেগুনী রঙের প্ল্যাক রয়েছে। ফান্ডোস্কপি পরীক্ষা দেখায় রেটিনাল ভেসেলগুলোর চারপাশে দানা-সাদা হলুদ অপাসিটি এবং বহু ডট-ব্লট হেমরেজের এলাকা। তার CD4+ টি-লিম্ফোসাইট গণনা ৩৬/মি3। নিম্নলিখিত কোনটি সবচেয়ে সম্ভাব্য নির্ণয়?
A. সাইটোমেগালোভাইরাস রেটিনাইটিস
B. হার্পস সিমপ্লেক্স কেরাটাইটিস
C. টক্সোপ্লাজমা রেটিনাইটিস
D. এইচআইভি রেটিনোপাতি
E. ভ্যারিসেলা জোস্টার রেটিনাইটিস",,,,,
R0132,"A 3-week-old newborn is brought to the physician by his parents because of poor feeding, irritability, and frequent vomiting over the past week. The vomitus is greenish in color and smells strange. His parents have tried to feed him every 4 hours, but the patient often spits up or refuses to eat. The patient was born at term and had his first bowel movement at 50 hours of life. He has since had one bowel movement daily. He is at the 50th percentile for length, 10th percentile for weight, and 40th percentile for head circumference. He does not appear to be in acute distress. His temperature is 36.9°C (98.4°F), pulse is 140/min, respirations are 40/min, and blood pressure is 90/60 mm Hg. Physical examination shows that the patient has small, low-set ears, a broad and flat nasal bridge, and a large space between the first and second toes bilaterally. The abdomen is distended. When the finger is removed following a rectal exam, there is an explosive release of stool from the patient's rectum. An x-ray of the abdomen shows a section of dilated colon followed by a segment of colon without stool or air. Which of the following is most likely to confirm the diagnosis?
A. CT scan of the abdomen
B. Transabdominal ultrasonography
C. Barium enema
D. Anorectal manometry
E. Quantitative pilocarpine iontophoresis
F. Rectal suction biopsy","একটি ৩-সপ্তাহের নবজাতককে তার বাবা-মা ডাক্তারের কাছে নিয়ে আসেন কারণ গত সপ্তাহে খারাপ খাবার গ্রহণ, বিরক্তি এবং ঘন ঘন বমি। বমির রঙ সবুজচে এবং গন্ধ অদ্ভুত। বাবা-মা প্রতি ৪ ঘণ্টায় তাকে খাবার দেওয়ার চেষ্টা করেন, তবে রোগী প্রায়ই উল্টে দেয় বা খাবার প্রত্যাখ্যান করে। শিশুটি পূর্ণগর্ভে জন্মগ্রহণ করেছে এবং জীবনের ৫০ ঘন্টায় প্রথম মলত্যাগ করেছিল। এরপর থেকে প্রতিদিন একবার মলত্যাগ হয়। তার দৈর্ঘ্য ৫০তম পার্সেন্টাইলে, ওজন ১০ম পার্সেন্টাইলে এবং মাথার পরিধি ৪০তম পার্সেন্টাইলে রয়েছে। তিনি তীব্র কষ্টে দেখাচ্ছেন না। তার তাপমাত্রা ৩৬.৯°C (৯৮.৪°F), পালস ১৪০/মিনিট, শ্বাসপ্রশ্বাস ৪০/মিনিট এবং রক্তচাপ ৯০/৬০ mm Hg। শারীরিক পরীক্ষায় দেখা যায় রোগীর ছোট, নিচু কানের কান, প্রশস্ত ও সমতল নাসারন্ধ্র সেতু, এবং উভয় পা'র প্রথম ও দ্বিতীয় আঙুলের মধ্যে বড় ফাঁক। পেট ফুলে আছে। রেক্টাল পরীক্ষা শেষে আঙ্গুলি সরানোর সময় রোগীর রেকটাম থেকে মলের বিস্ফোরণময় নিঃসরণ হয়। পেটের এক্স-রে দেখায় একটি অংশ প্রসারিত কোলন এবং তার পরে এমন একটি সেগমেন্ট যেখানে কোনো মল বা বাতাস নেই। নিম্নলিখিত কোনটি সবচেয়ে সম্ভাব্যভাবে রোগ নির্ণয় নিশ্চিত করবে?
A. পেটের সিটি স্ক্যান
B. ট্রান্সঅ্যাবডোমিনাল আল্ট্রাসাউন্ড
C. ব্যারিয়াম এনিমা
D. অ্যানোরেকটাল ম্যানোমেট্রি
E. পরিমাণগত পিলোকার্পিন আয়নটোফোরেসিস
F. রেক্টাল সাকশন বায়োপসি",,,,,
R0133,"A 3-month-old girl is brought to the emergency department because of a 2-day history of progressive difficulty breathing and a dry cough. Five weeks ago, she was diagnosed with diffuse hemangiomas involving the intrathoracic cavity and started treatment with prednisolone. She appears uncomfortable and in moderate respiratory distress. Her temperature is 38°C (100.4°F), pulse is 150/min, respirations are 50/min, and blood pressure is 88/50 mm Hg. Pulse oximetry on room air shows an oxygen saturation of 87%. Oral examination shows a white plaque covering the tongue that bleeds when scraped. Chest examination shows subcostal and intercostal retractions. Scattered fine crackles and rhonchi are heard throughout both lung fields. Laboratory studies show a leukocyte count of 21,000/mm3 and an increased serum beta-D-glucan concentration. An x-ray of the chest shows symmetrical, diffuse interstitial infiltrates. Which of the following is most likely to confirm the diagnosis?
A. Bronchoalveolar lavage
B. Urine antigen test
C. DNA test for CFTR mutation
D. CT scan of the chest
E. Tuberculin skin test
F. Spirometry","একজন ৩ মাসের মেয়ে জরুরি বিভাগে আনা হয়েছে কারণ তার দুই দিনের ক্রমবর্ধমান শ্বাসকষ্ট এবং শুকনো কাশির ইতিহাস রয়েছে। পাঁচ সপ্তাহ আগে তাকে ইনথোর্যাকিক গহ্বরে বিস্তৃত হেম্যাঞ্জিওমা নির্ণয় করা হয়েছিল এবং প্রেডনিসোলোন দিয়ে চিকিৎসা শুরু করা হয়েছিল। তিনি অস্বস্তি প্রকাশ করছেন এবং মাঝারি শ্বাসকষ্টে আছেন। তার তাপমাত্রা ৩৮°C (১০০.৪°F), পালস ১৫০/মিনিট, শ্বাসপ্রশ্বাস ৫০/মিনিট, রক্তচাপ ৮৮/৫০ mm Hg। কক্ষের বাতাসে পল্স অক্সিমেট্রি দেখায় অক্সিজেন স্যাচুরেশন ৮৭%। মৌখিক পরীক্ষা দেখায় জিহ্বার উপর একটি সাদা প্ল্যাক যা স্ক্র্যাপ করলে রক্তপাত হয়। বুকে পরীক্ষা দেখায় সাবকোস্টাল এবং ইন্টারকোস্টাল রিট্রাকশন। উভয় ফুসফুসের ক্ষেত্র জুড়ে ছড়িয়ে থাকা সূক্ষ্ম ক্র্যাকলস ও রোনকি শোনা যায়। ল্যাবরেটরি পরীক্ষায় সাদা রক্ত কণিকার সংখ্যা ২১,০০০/mm3 এবং সিরাম বেটা-D-গ্লুকান ঘনত্ব বৃদ্ধি পেয়েছে। চেস্টের এক্স-রে দেখায় সমমিত, বিস্তৃত ইন্টারস্টিশিয়াল ইনফিলট্রেটস। নিম্নলিখিত কোনটি রোগ নির্ণয় নিশ্চিত করতে সবচেয়ে সম্ভাব্য?
A. ব্রঙ্কোঅ্যালভোলার লেভেজ
B. মূত্র অ্যান্টিজেন টেস্ট
C. CFTR মিউটেশন জন্য ডিএনএ টেস্ট
D. বুকের সিটি স্ক্যান
E. টিবারকুলিন ত্বক পরীক্ষা
F. স্পাইরোমেট্রি",,,,,
R0134,"Please refer to the summary above to answer this question
Administration of which of the following is most likely to improve this patient's current symptoms?""
""Patient information
Age: 82 years
Gender: M, self-identified
Ethnicity: Caucasian
Site of care: office
History
Reason for Visit/Chief Concern: “I have been getting these large bruises on my arms and legs.”
History of Present Illness:
his wife noticed 6 weeks ago that he had bruising on the bilateral lower extremities
additional ecchymoses developed on the bilateral upper extremities 2 weeks ago
feels increasingly fatigued
has joint pain of the elbows, hips, and knees
was unable to complete his final cycle of chemotherapy for non-small cell lung carcinoma because of the pain
has not had trauma or prior episodes of significant bleeding
Past Medical History:
hypertension
benign prostatic hyperplasia
osteoarthritis
non-small cell lung carcinoma: treated with resection, currently undergoing adjuvant chemotherapy
Social History:
lives with his wife
has been eating sparingly
has smoked 2 packs of cigarettes daily for 60 years
Medications:
amlodipine, lisinopril, tamsulosin, acetaminophen; currently undergoing cisplatin-based chemotherapy
Allergies:
no known drug allergies
Physical Examination
Temp Pulse Resp. BP O2 Sat Ht Wt BMI
36.6°C
(97.8°F)
88/min 20/min 128/83 mm Hg 96%
175 cm
(5 ft 9 in)
53 kg
(117 lb)
17 kg/m2
Appearance: pale, tired-appearing, cachectic man, sitting in a wheelchair
HEENT: mild mucosal bleeding
Pulmonary: diminished breath sounds in the left lower lung field; moderate inspiratory wheezes bilaterally; no rales or rhonchi
Cardiac: normal S1 and S2; no murmurs, rubs, or gallops
Abdominal: soft; nontender; nondistended; normal bowel sounds
Extremities: symmetrically cool; no edema
Skin: coiled hairs with perifollicular hemorrhages; multiple ecchymoses of the bilateral upper and lower extremities
Neurologic: symmetrically decreased sensation to pinprick, vibration, and fine touch in the distal lower extremities""
A. Vitamin C
B. Vitamin A
C. Vitamin D
D. Vitamin B12
E. Vitamin B6
F. Vitamin K
""","উপরের সারাংশটি দেখুন এবং এই প্রশ্নের উত্তর দিন। নিম্নলিখিত কোনটির প্রশাসন রোগীর বর্তমান উপসর্গগুলো উন্নত করার সবচেয়ে বেশি সম্ভাবনা রাখে?
A. ভিটামিন সি
B. ভিটামিন এ
C. ভিটামিন ডি
D. ভিটামিন বি১২
E. ভিটামিন বি৬
F. ভিটামিন কে",,,,,
R0135,"An 11-year-old boy is brought to the physician by his mother because of a pruritic generalized rash for 2 days. He returned from a 3-day outdoor summer camp 1 week ago. During his time there, one child was sent home after being diagnosed with measles. The patient was diagnosed with a seizure disorder 6 weeks ago and he has asthma. Current medications include carbamazepine and an albuterol inhaler. His immunization records are unavailable. His temperature is 38.4°C (101.1°F), pulse is 88/min, and blood pressure is 102/60 mm Hg. Examination shows facial edema and a diffuse rash over the face, trunk, and extremities. There is cervical and inguinal lymphadenopathy. The remainder of the examination shows no abnormalities. Which of the following is the most appropriate next step in management?
A. Discontinue carbamazepine
B. Perform measles serology
C. Heterophile antibody test
D. Administer penicillin therapy
E. Perform rapid plasma reagin test
F. Administer topical miconazole
G. Perform rickettsial serology","একজন ১১ বছর বয়সী ছেলে তার মা তাকে ডাক্তারের কাছে নিয়ে এসেছেন কারণ দুই দিনের জন্য চুলকানি সহ সাধারণ র্যাশ হয়েছে। তিনি এক সপ্তাহ আগে তিন দিনব্যাপী আউটডোর গ্রীষ্মকালীন ক্যাম্প থেকে ফিরে এসেছিলেন। সেখানে থাকাকালীন, একটি শিশুকে হাম রোগ নির্ণয় হয়ে বাড়ি পাঠানো হয়েছিল। রোগীর ৬ সপ্তাহ আগে মৃগী রোগ (সিজার) নির্ণয় হয়েছে এবং তার হাঁপানি আছে। বর্তমান ওষুধের মধ্যে রয়েছে কার্বামাজেপিন এবং আলবুটেরল ইনহেলার। তার টিকাদান রেকর্ড পাওয়া যায়নি। তাপমাত্রা ৩৮.৪°C (১০১.১°F), পালস ৮৮/মিনিট, রক্তচাপ ১০২/৬০ mm Hg। পরীক্ষায় মুখে ফোলাভাব এবং মুখ, ট্রাঙ্ক ও অঙ্গগুলোতে বিস্তৃত র্যাশ দেখা যায়। গলা ও ইনগুইনাল লিম্ফ নোডের বৃদ্ধি রয়েছে। বাকি পরীক্ষা কোনো অসামান্যতা দেখায় না। নিম্নলিখিতগুলির মধ্যে কোনটি সর্বাধিক উপযুক্ত পরবর্তী ব্যবস্থাপনা পদক্ষেপ?
A. কার্বামাজেপিন বন্ধ করুন
B. হামের সেরোলজি পরীক্ষা করুন
C. হেটারোফাইল অ্যান্টিবডি টেস্ট করুন
D. পেনিসিলিন থেরাপি দিন
E. র‍্যাপিড প্লাজমা রেজেইন টেস্ট করুন
F. টপিক্যাল মাইকোনাজল প্রয়োগ করুন
G. রিকেটসিয়াল সেরোলজি পরীক্ষা করুন",,,,,
R0136,"A 49-year-old man comes to the hospital for a 10-day history of cough and worsening shortness of breath. He has sharp right-sided chest pain that worsens on inspiration and coughing. Two weeks ago, the patient was admitted to the hospital after passing out on the street from alcohol intoxication but he left against medical advice. He has coronary artery disease and hypertension, and he does not take any medications. He drinks 4 cans of beer daily and has smoked 2 packs of cigarettes daily for 20 years. His temperature is 38.5°C (101.3° F), pulse is 110/min, respirations are 29/min, and blood pressure is 110/65 mmHg. Examination shows poor dentition. There is dullness to percussion at the base of the right lung. Crackles and markedly decreased breath sounds are heard over the right middle and lower lung fields. An x-ray of the chest shows a right-sided loculated pleural effusion and consolidation of the surrounding lung with visible air bronchogram; there are no rib fractures. Thoracocentesis is performed. Examination of this patient's pleural fluid is most likely to show which of the following findings?
A. Amylase of 200 U/L
B. pH of 7.5
C. Lymphocytosis of > 90%
D. Pleural fluid LDH/serum LDH ratio of 0.5
E. Hematocrit of 30%
F. Lactate dehydrogenase of 45 U/L
G. Glucose of 30 mg/dL
H. Pleural fluid protein to serum protein ratio of 0.4","৪৯ বছর বয়সী একজন পুরুষ রোগী ১০ দিনের কাশি ও শ্বাসকষ্টের বৃদ্ধি নিয়ে হাসপাতালে আসেন। তার ডান পাশে তীক্ষ্ণ বুকের ব্যথা আছে যা শ্বাস নেওয়া এবং কাশি করার সময় বাড়ে। দুই সপ্তাহ আগে, অ্যালকোহল বিষক্রিয়ার কারণে রাস্তার মধ্যে বেহোশ হয়ে যাওয়ার পর তাকে হাসপাতালে ভর্তি করা হয়েছিল, তবে তিনি চিকিৎসকের অনুমতি না নিয়ে ছেড়ে যান। তার করোনারি আর্টেরি রোগ ও উচ্চ রক্তচাপ আছে, এবং তিনি কোনো ওষুধ নেন না। তিনি প্রতিদিন ৪ ক্যান বিয়ার পান করেন এবং ২০ বছর ধরে দিনে ২ প্যাকেট সিগারেট ধূমপান করেছেন। তার তাপমাত্রা ৩৮.৫°C (১০১.৩°F), পালস ১১০/মিনিট, শ্বাসপ্রশ্বাসের হার ২৯/মিনিট, রক্তচাপ ১১০/৬৫ mmHg। পরীক্ষায় দাঁতের অবস্থা খারাপ দেখা যায়। ডান ফুসফুসের ভিত্তিতে পেরকশন করলে ধূসরতা পাওয়া যায়। ডান মাঝারি ও নিম্ন ফুসফুস ক্ষেত্রগুলোতে ক্র্যাকলস এবং শ্বাসধ্বনির উল্লেখযোগ্য হ্রাস শোনা যায়। চেস্ট এক্স-রে দেখায় ডান পাশে লোকুলেটেড প্লিউরাল ইফিউশন এবং পার্শ্ববর্তী ফুসফুসের কনসলিডেশন, যেখানে এয়ার ব্রঙ্কোগ্রাম দেখা যায়; কোনো রিব ভাঙা নেই। থোরাকোসেন্টেসিস করা হয়। এই রোগীর প্লিউরাল তরলের পরীক্ষায় নিম্নলিখিত কোনটি সবচেয়ে সম্ভাব্যভাবে পাওয়া যাবে?
A. অ্যামাইলেজ ২০০ U/L
B. pH 7.5
C. লিম্ফোসাইটোসিস > ৯০%
D. প্লিউরাল ফ্লুইড LDH/সিরাম LDH অনুপাত 0.5
E. হেমাটোক্রিট 30%
F. ল্যাক্টেট ডিহাইড্রোজেনেজ ৪৫ U/L
G. গ্লুকোজ ৩০ mg/dL
H. প্লিউরাল ফ্লুইড প্রোটিন থেকে সিরাম প্রোটিন অনুপাত 0.4",,,,,
R0137,"A 52-year-old woman comes to the physician because of a 4-month history of progressive pain and stiffness of the fingers of her right hand that is worse at the end of the day. She works as a hair dresser and has to take frequent breaks to rest her hand. She has hypertension, for which she takes hydrochlorothiazide. Two weeks ago, she completed a course of oral antibiotics for a urinary tract infection. Her sister has systemic lupus erythematosus. She drinks one to two beers daily and occasionally more on weekends. Over the past 2 weeks, she has been taking ibuprofen as needed for the joint pain. Her vital signs are within normal limits. Physical examination shows swelling, joint-line tenderness, and decreased range of motion of the right first metacarpophalangeal joint as well as the 2nd and 4th distal interphalangeal joints of the right hand. Discrete, hard, mildly tender swellings are palpated over the 2nd and 4th distal interphalangeal joints of the right hand. Which of the following is the most likely underlying mechanism for these findings?
A. Monosodium urate crystal precipitation in the joints
B. Bacterial infection of the joint space
C. Autoimmune-mediated cartilage erosion
D. Degenerative disease of the joints
E. Calcium pyrophosphate dihydrate crystal precipitation in the joints","একজন ৫২ বছর বয়সী নারী ডাক্তারের কাছে আসেন কারণ তার ডান হাতের আঙুলগুলোর ক্রমবর্ধমান ব্যথা ও কঠিনতা ৪ মাস ধরে চলছে, যা দিনের শেষে বেশি হয়। তিনি হেয়ারড্রেসার হিসেবে কাজ করেন এবং হাতে বিশ্রাম নিতে বারবার বিরতি নিতে হয়। তাঁর উচ্চ রক্তচাপ আছে, যার জন্য তিনি হাইড্রোক্লোরোথায়াজাইড গ্রহণ করেন। দুই সপ্তাহ আগে তিনি মূত্রনালীর সংক্রমণের জন্য মৌখিক অ্যান্টিবায়োটিকের একটি কোর্স সম্পন্ন করেছেন। তার বোনকে সিস্টেমিক লুপাস ইরিথিমাটোসাস আছে। তিনি দিনে এক থেকে দুইটি বিয়ার পান করেন এবং মাঝে মাঝে সপ্তাহান্তে বেশি পান করেন। গত ২ সপ্তাহ ধরে, তিনি জয়েন্টের ব্যথার জন্য প্রয়োজনমতো আইবুপ্রোফেন গ্রহণ করছেন। তার গুরুত্বপূর্ণ চিহ্নগুলো স্বাভাবিক সীমার মধ্যে রয়েছে। শারীরিক পরীক্ষায় ডান হাতের প্রথম মেটাকার্পোফ্যালাঞ্জিয়াল জয়েন্ট এবং ডান হাতে ২য় ও ৪র্থ ডিস্টাল ইন্টারফ্যালাঞ্জিয়াল জয়েন্টে ফোলাভাব, জয়েন্ট-লাইন সংবেদনশীলতা এবং গতিসীমা হ্রাস দেখা যায়। ডান হাতের ২য় ও ৪র্থ ডিস্টাল ইন্টারফ্যালাঞ্জিয়াল জয়েন্টে পৃথক, কঠিন, সামান্য সংবেদনশীল ফোলাভাব স্পর্শ করা যায়। নিম্নলিখিত কোনটি এই ফলাফলের সবচেয়ে সম্ভাব্য অন্তর্নিহিত প্রক্রিয়া?
A. জয়েন্টে মনোসোডিয়াম ইউরেট স্ফটিকের অবক্ষেপণ
B. জয়েন্ট স্পেসের ব্যাকটেরিয়াল সংক্রমণ
C. অটোইমিউন-প্রবাহিত কার্টিলেজ ক্ষয়
D. জয়েন্টের অবক্ষয়জনিত রোগ
E. জয়েন্টে ক্যালসিয়াম পাইরোফসফেট ডাইহাইড্রেট স্ফটিকের অবক্ষেপণ",,,,,
R0138,"A 36-year-old woman comes to the physician to discuss contraceptive options. She is currently sexually active with one male partner, and they have not been using any contraception. She has no significant past medical history and takes no medications. She has smoked one pack of cigarettes daily for 15 years. She is allergic to latex and copper. A urine pregnancy test is negative. Which of the following contraceptive methods is contraindicated in this patient?
A. Progestin injection
B. Diaphragm with spermicide
C. Progestin-only pill
D. Intrauterine device
E. Condoms
F. Combined oral contraceptive pill","একজন ৩৬ বছর বয়সী নারী গাইনোকোলজিস্টের কাছে গর্ভনিরোধক বিকল্প নিয়ে আলোচনা করতে আসেন। তিনি বর্তমানে এক পুরুষ সঙ্গীর সঙ্গে যৌন সক্রিয় এবং কোনো গর্ভনিরোধক ব্যবহার করছেন না। তার কোনও উল্লেখযোগ্য পূর্ববর্তী রোগ ইতিহাস নেই এবং তিনি কোন ওষুধ গ্রহণ করেন না। তিনি ১৫ বছর ধরে প্রতিদিন একটি প্যাকেট সিগারেট ধূমপান করেন। তিনি ল্যাটেক্স এবং তামা (কপার) এর অ্যালার্জি আছে। মূত্র গর্ভধারণ পরীক্ষা নেগেটিভ হয়েছে। নিম্নলিখিত কোন গর্ভনিরোধক পদ্ধতি তার জন্য বিরুদ্ধাচরণ?
A. প্রোজেস্টিন ইনজেকশন
B. ডায়াফ্রাম সহ স্পার্মিসাইড
C. শুধুমাত্র প্রোজেস্টিনের গর্ভনিরোধক ট্যাবলেট
D. ইন্ট্রা ইউটেরাইন ডিভাইস (IUD)
E. কন্ডোম
F. সমন্বিত মৌখিক গর্ভনিরোধক ট্যাবলেট",,,,,
R0139,"A 1-month-old male infant is brought to the physician because of inconsolable crying for the past 3 hours. For the past 3 weeks, he has had multiple episodes of high-pitched unprovoked crying every day that last up to 4 hours and resolve spontaneously. He was born at term and weighed 2966 g (6 lb 9 oz); he now weighs 3800 g (8 lb 6 oz). He is exclusively breast fed. His temperature is 36.9°C (98.4°F) and pulse is 140/min. Examination shows a soft and nontender abdomen. The remainder of the examination shows no abnormalities. Which of the following is the most appropriate next step in management?
A. Perform lumbar puncture
B. Administer simethicone
C. Administer pantoprazole
D. Reassurance
E. Recommend the use of Gripe water","এক মাসের পুরুষ শিশুকে ডাক্তারের কাছে আনা হয়েছে কারণ গত ৩ ঘণ্টা ধরে অশান্তিকর কাঁদছে। গত ৩ সপ্তাহে, প্রতিদিন উচ্চস্বরে অনিয়ন্ত্রিতভাবে কাঁদার একাধিক পর্ব ঘটেছে যা সর্বোচ্চ ৪ ঘন্টা পর্যন্ত স্থায়ী হয় এবং স্বয়ংক্রিয়ভাবে থেমে যায়। তিনি পূর্ণ গর্ভকালীন সময়ে জন্মেছেন এবং ওজন ছিল ২৯৬৬ গ্রাম (৬ পাউন্ড ৯ আউন্স); এখন তার ওজন ৩৮০০ গ্রাম (৮ পাউন্ড ৬ আউন্স)। তিনি একান্তভাবে স্তন্যপান করেন। তার তাপমাত্রা ৩৬.৯°C (৯৮.৪°F) এবং পালস ১৪০/মিনিট। পরীক্ষায় নরম ও অসংবেদনশীল পেট দেখা যায়। বাকি পরীক্ষা কোনো অসামঞ্জস্য দেখায় না। নিম্নলিখিতগুলির মধ্যে কোনটি সর্বোত্তম পরবর্তী ব্যবস্থাপনা পদক্ষেপ?
A. লাম্বার পাঙ্কচার করুন
B. সিমেথিকোন দিন
C. পান্টোপ্রাজোল দিন
D. আশ্বাস প্রদান করুন
E. গ্রাইপ ওয়াটারের ব্যবহার সুপারিশ করুন",,,,,
R0140,"A 56-year-old man comes to the physician because of throat pain and increasing difficulty swallowing food for the past 5 months. He has also had episodic left ear pain for the past 3 months. He has hypertension. His only medication is amlodipine. His father died of laryngeal cancer at the age of 55 years. He has smoked one pack of cigarettes daily for 36 years. He drinks 2-3 beers daily. Vital signs are within normal limits. Examination shows left cervical lymphadenopathy. Oropharyngeal examination shows a 3-cm ulcerating left tonsillar mass. Examination of both auditory canals is unremarkable. Which of the following is the most appropriate initial step in management?
A. Esophagoscopy
B. Nasopharyngoscopy
C. Panendoscopy
D. Barium swallow
E. Laryngoscopy
""","৫৬ বছর বয়সী একজন পুরুষ রোগী গলা ব্যথা এবং গত পাঁচ মাস ধরে খাবার গিলতে বাড়তি কষ্টের অভিযোগে ডাক্তারের কাছে আসেন। তিনি গত তিন মাস ধরে মাঝে মাঝেই বাম কানেও ব্যথা অনুভব করছেন। তার রক্তচাপ বেশি (হাইপারটেনশন) আছে এবং একমাত্র ওষুধ হল অ্যামলোডিপিন। তার পিতার ৫৫ বছর বয়সে ল্যারিংজিয়াল ক্যান্সার ছিল এবং তিনি মারা গেছেন। রোগী ৩৬ বছর ধরে প্রতিদিন একটি প্যাকেট সিগারেট ধূমপান করেন এবং দিনে ২-৩টি বিয়ার পান করেন। শারীরিক পরীক্ষায় সবকিছু স্বাভাবিক, তবে বাম ঘাড়ে লিম্ফ নোডের বৃদ্ধি দেখা যায়। ওরোফ্যারিঞ্জিয়াল পরীক্ষা দেখায় বাম টনসিলের একটি ৩ সেমি আলসারযুক্ত গাঁট। দু'টি কানের পথের পরীক্ষা কোনো অস্বাভাবিকতা না দেখিয়ে শেষ হয়। নিম্নলিখিতগুলোর মধ্যে কোনটি সর্বাধিক উপযুক্ত প্রাথমিক ব্যবস্থাপনা ধাপ?
A. ইসোফ্যাগোসকপি
B. নাসোফ্যারিঞ্জিওস্কপি
C. প্যানএন্ডোস্কপি
D. ব্যারিয়াম স্বালো
E. ল্যারিংজোস্কপি",,,,,
R0141,"A 4-year-old boy is brought to the physician because of a 5-day history of sore throat and a painful swelling on the left side of his neck that has become progressively larger. He has had pain during swallowing and has refused to eat solid foods for the past 3 days. He immigrated to the United States one year ago from India. His immunization records are unavailable. His family keeps 2 cats as pets. He appears well. He is at the 60th percentile for height and 50th percentile for weight. His temperature is 37.7°C (99.9°F), pulse is 103/min, and blood pressure is 92/60 mm Hg. The oropharynx is erythematous; the tonsils are enlarged with exudates. There is a 3-cm warm, tender, nonfluctuant cervical lymph node on the left side of the neck. His hemoglobin is 12.6 g/dL, leukocyte count is 11,100/mm3, and platelet count is 180,000/mm3. In addition to obtaining a throat swab and culture, which of the following is the most appropriate next step in management?
A. Sulfadiazine and pyrimethamine therapy
B. Incision and drainage
C. Fine-needle aspiration biopsy
D. Clindamycin therapy
E. Tuberculin skin test
F. Immunoglobulin therapy
G. Excisional biopsy
H. Reassurance and follow-up in 2 weeks","একজন ৪ বছর বয়সী ছেলে ডাক্তারের কাছে আনা হয়েছে কারণ তার গলা ব্যথা এবং ঘাড়ের বাম পাশে একটি ব্যথাযুক্ত ফোলা রয়েছে যা ক্রমশ বড় হচ্ছে, এর ইতিহাস পাঁচ দিন। সে গিলতে ব্যথা পাচ্ছে এবং গত তিন দিন ধরে কঠিন খাবার খেতে অস্বীকার করেছে। তিনি এক বছর আগে ভারত থেকে যুক্তরাষ্ট্রে অভিবাসন করেছেন। তার টিকাদানের রেকর্ড পাওয়া যায় না। পরিবারে দুইটি বিড়াল পোষা প্রাণী হিসেবে রয়েছে। তিনি সুস্থ দেখাচ্ছেন। উচ্চতা ৬০তম পার্সেন্টাইলে এবং ওজন ৫০তম পার্সেন্টাইলে। তাপমাত্রা ৩৭.৭°C (৯৯.৯°F), পালস ১০৩/মিনিট, রক্তচাপ ৯২/৬০ mm Hg। অরোফ্যারিংক্স লাল; টনসিল বড় এবং এক্সুডেট আছে। বাম পাশে ঘাড়ে একটি ৩ সেমি উষ্ণ, কোমল, নন-ফ্লাকটুয়েন্ট সার্ভিক্যাল লিম্ফ নোড রয়েছে। হিমোগ্লোবিন ১২.৬ g/dL, শ্বেত রক্তকণিকা সংখ্যা ১১,১০০/mm3, প্লেটলেট সংখ্যা ১৮০,০০০/mm3। গলা স্ব্যাব ও কালচার নেওয়ার পাশাপাশি, নিম্নলিখিতগুলির মধ্যে কোনটি ব্যবস্থাপনার সর্বোত্তম পরবর্তী ধাপ?
A. সালফাডায়াজিন এবং পাইরিমেথামিন থেরাপি
B. কাটা ও ড্রেনেজ
C. ফাইন-নিডল অ্যাস্পিরেশন বায়োপসি
D. ক্লিনডামাইসিন থেরাপি
E. টিউবারকুলিন স্কিন টেস্ট
F. ইমিউনোগ্লোবুলিন থেরাপি
G. এক্সিসিয়োনাল বায়োপসি
H. আশ্বাস ও দুই সপ্তাহে ফলো-আপ",,,,,
R0142,"A 28-year-old man is brought to the emergency department after being struck by a car an hour ago as he was crossing the street. He did not lose consciousness. He is complaining of pain in his right arm, forehead, and pelvis. He also has the urge to urinate, but has been unable to do so since the accident. He takes no medications. His temperature is 37.1°C (98.9°F), pulse is 72/min, respirations are 18/min, and blood pressure is 118/82 mm Hg. There are abrasions over his scalp and face and a 1x3 cm area of ecchymosis above his right eye. Abdominal examination shows suprapubic tenderness. There is a scant amount of blood at the urethral meatus. There is no cervical spinal tenderness. Musculoskeletal examination shows tenderness and ecchymosis over his right distal forearm. An x-ray of the pelvis shows a fracture of the pelvic ramus. A CT scan of the head and neck show no abnormalities. Which of the following is the best next step in the management of this patient?
A. Retrograde urethrogram
B. Transrectal ultrasonography
C. IV pyelogram
D. Cystoscopy
E. Contrast-enhanced CT scan of the abdomen
F. Foley catheterization
G. Retroperitoneal ultrasound","একজন ২৮ বছর বয়সী পুরুষকে জরুরি বিভাগে নিয়ে আসা হয়েছে, যিনি রাস্তা পার হচ্ছিলেন এবং এক ঘণ্টা আগে গাড়ি ধাক্কা খেয়েছেন। তিনি অচেতন হননি। তিনি ডান বাহু, কপাল ও পেলভিসে ব্যথার অভিযোগ করছেন। এছাড়া তাকে প্রস্রাবের ইচ্ছা হচ্ছে, তবে দুর্ঘটনা ঘটার পর থেকে তিনি তা করতে পারছেন না। তিনি কোনো ঔষধ গ্রহণ করেন না। তার তাপমাত্রা ৩৭.১°C (৯৮.৯°F), পালস ৭২/মিনিট, শ্বাসপ্রশ্বাস ১৮/মিনিট এবং রক্তচাপ ১১৮/৮২ mm Hg। স্ক্যাল্প ও মুখে ক্ষত রয়েছে এবং ডান চোখের উপরে ১×৩ সেমি আকারের ইকাইমোসিস আছে। পেট পরীক্ষা করলে সুপ্রাপিউবিক সংবেদনশীলতা পাওয়া যায়। ইউরেথ্রাল মিয়াটাসে সামান্য পরিমাণ রক্ত রয়েছে। গলায় কোনো স্পাইনাল টেন্ডারনেস নেই। মাসল-স্কেলিটাল পরীক্ষায় ডান নিম্ন ফোরআর্মে সংবেদন ও ইকাইমোসিস দেখা যায়। পেলভিসের এক্স-রে দেখায় পেলভিক রামাসের ভাঙ্গন। মাথা ও ঘাড়ের সিটি স্ক্যানে কোনো অস্বাভাবিকতা পাওয়া যায়নি। নিচের কোনটি এই রোগীর ব্যবস্থাপনার সর্বোত্তম পরবর্তী ধাপ?
A. রেট্রোগ্রেড ইউরেথ্রোগ্রাম
B. ট্রান্সরেক্টাল আল্ট্রাসাউন্ডগ্রাফি
C. ইন্টারভেনাস পাইয়েলোগ্রাম
D. সিস্টোস্কপি
E. কনট্রাস্ট-এনহ্যান্সড অ্যাবডোমেন সিটি স্ক্যান
F. ফোলি ক্যাথেটারাইজেশন
G. রেট্রাপেরিটোনিয়াল আল্ট্রাসাউন্ড",,,,,
R0143,"A 36-year-old woman comes to the physician because of difficulty discarding items in her home. She says that the accumulation of things in her kitchen and dining room makes regular use of these spaces incredibly difficult. Her behavior started when she was in high school. She feels anxious when she tries to discard her possessions and her husband tries to clean and organize the home. This behavior frustrates her because most of the items she saves have little emotional or monetary value. She reports that there has been no improvement despite attending cognitive behavioral therapy sessions for the past 6 months. She now feels that her behavior is “taking over” her life. She does not drink, smoke, or use illicit drugs. She takes no medications. Her temperature is 36°C (96.8°F), pulse is 90/min, respirations are 12/min, and blood pressure is 116/80 mm Hg. On mental status examination, she is calm, alert, and oriented to person, place, and time. Her mood is depressed; her speech is organized, logical, and coherent; and there are no psychotic symptoms. Which of the following is the most appropriate next step in management?
A. Atomoxetine
B. Fluoxetine
C. Lamotrigine
D. Buspirone
E. Methylphenidate","৩৬ বছর বয়সী এক নারী তার বাড়িতে জিনিসপত্র ফেলে দেওয়ার ক্ষেত্রে অসুবিধা হওয়ায় ডাক্তারের কাছে আসেন। তিনি বলেন যে রান্নাঘর ও ডাইনিং রুমে জিনিসের সঞ্চয় তাদের নিয়মিত ব্যবহারকে অত্যন্ত কঠিন করে তুলছে। এই আচরণটি তার উচ্চ বিদ্যালয়ের সময় থেকে শুরু হয়। যখন তিনি নিজের সম্পদ ফেলে দিতে চেষ্টা করেন তখন তিনি উদ্বিগ্ন বোধ করেন এবং তাঁর স্বামী বাড়ি পরিষ্কার ও সাজানোর চেষ্টা করেন। অধিকাংশ সংরক্ষিত জিনিসের কোনো আবেগগত বা আর্থিক মূল্য না থাকায় এই আচরণটি তাকে বিরক্ত করে। গত ৬ মাস ধরে কগনিটিভ বিহেভিয়ারাল থেরাপি সেশনে অংশ নেওয়া সত্ত্বেও কোনও উন্নতি হয়নি। এখন তিনি অনুভব করেন যে তার আচরণ “তার জীবনকে দখল করেছে”। তিনি মদ্যপান, ধূমপান বা অবৈধ ড্রাগ ব্যবহার করেন না। কোনো ওষুধ গ্রহণ করছেন না। তাঁর তাপমাত্রা ৩৬°C (৯৬.৮°F), পালস ৯০/মিনিট, শ্বাসপ্রশ্বাস ১২/মিনিট এবং রক্তচাপ ১১৬/৮০ mm Hg। মানসিক অবস্থা পরীক্ষায় তিনি শান্ত, সতর্ক ও ব্যক্তি, স্থান ও সময় সম্পর্কে সচেতন। তাঁর মেজাজ দুঃখিত; ভাষা সংগঠিত, যুক্তিসঙ্গত ও সুসংগত; কোনো সাইকোটিক লক্ষণ নেই। নিম্নলিখিত কোনটি ব্যবস্থাপনার সর্বোত্তম পরবর্তী ধাপ হবে?
A. Atomoxetine
B. Fluoxetine
C. Lamotrigine
D. Buspirone
E. Methylphenidate",,,,,
R0144,"A 34-year-old primigravid woman comes to the physician for a prenatal visit at 37-weeks' gestation because of worsening back pain for 3 weeks. The pain is worse with extended periods of walking, standing, and sitting. She has not had any changes in bowel movements or urination. Her mother has rheumatoid arthritis. Examination of the back shows bilateral pain along the sacroiliac joint area as a posterior force is applied through the femurs while the knees are flexed. She has difficulty actively raising either leg while the knee is extended. Motor and sensory function are normal bilaterally. Deep tendon reflexes are 2+. Babinski sign is absent. Pelvic examination shows a uterus consistent in size with a 37-weeks' gestation. There is no tenderness during abdominal palpation. Which of the following is the most likely explanation for this patient's symptoms?
A. Spinal cord compression
B. Vertebral bone compression fracture
C. Placental abruption
D. Relaxation of the pelvic girdle ligaments
E. Rheumatoid arthritis
F. L5 radiculopathy","৩৪ বছর বয়সী প্রথম গর্ভধারণকারী নারী ৩৭ সপ্তাহের গর্ভাবস্থায় প্রি-নাটাল ভিজিটে ডাক্তারের কাছে আসছেন, কারণ গত ৩ সপ্তাহ ধরে পিঠের ব্যথা বাড়ছে। হাঁটা, দাঁড়ানো এবং বসে থাকা দীর্ঘ সময়ে ব্যথা তীব্র হয়। মলত্যাগ বা প্রস্রাবে কোনো পরিবর্তন নেই। তার মা রিউমাটয়েড আর্থ্রাইটিসে আক্রান্ত। পিঠ পরীক্ষা করলে স্যাক্রোইলিয়াক জয়েন্টের এলাকায় দু'পাশেই ব্যথা দেখা যায় যখন হাঁটু বাঁকিয়ে ফিমার দিয়ে পশ্চাদ্বর্তী বল প্রয়োগ করা হয়। হাঁটু প্রসারিত অবস্থায় কোনো এক পা সক্রিয়ভাবে তুলতে অসুবিধা হচ্ছে। মোটর ও সেন্সরি কার্যক্রম উভয় পাশে স্বাভাবিক। ডিপ টেন্ডন রিফ্লেক্স ২+। বাবিনস্কি সাইন নেই। পেলভিক পরীক্ষা দেখায় গর্ভাশয় ৩৭ সপ্তাহের গর্ভাবস্থার সঙ্গে সামঞ্জস্যপূর্ণ আকারের। পেট চাপলে কোনো সংবেদনশীলতা নেই। নিম্নলিখিতগুলির মধ্যে কোনটি এই রোগীর উপসর্গের সবচেয়ে সম্ভাব্য ব্যাখ্যা?
A. মেরুদণ্ডের মজ্জা সংকোচন
B. মেরুদণ্ডীয় হাড়ের সংকোচন ভাঙ্গন
C. প্লাসেন্টার বিচ্ছিন্নতা
D. পেলভিক গিয়ার্ডল লিগামেন্টের শিথিলতা
E. রিউমাটয়েড আর্থ্রাইটিস
F. L5 র‍্যাডিকুলোপ্যাথি",,,,,
R0145,"A 32-year-old woman comes to her physician because of increasing back pain for the past 10 months. The pain is worse in the morning when she wakes up and improves with activity. She used to practice yoga, but stopped 5 months ago as bending forward became increasingly difficult. She has also had bilateral hip pain for the past 4 months. She has not had any change in urination. She has celiac disease and eats a gluten-free diet. Her temperature is 37.1°C (98.8°F), pulse is 65/min, respirations are 13/min, and blood pressure is 116/72 mmHg. Examination shows the range of spinal flexion is limited. Flexion, abduction, and external rotation of bilateral hips produces pain. An x-ray of her pelvis is shown. Further evaluation of this patient is likely to show which of the following?
A. High levels of rheumatoid factor
B. HLA-B27 positive genotype
C. Presence of anti-dsDNA antibodies
D. High levels of creatine phosphokinase
E. Presence of anti-Ro and anti-La antibodies
F. HLA-DR3 positive genotype","একজন ৩২ বছর বয়সী নারী তার ডাক্তারের কাছে আসছেন গত ১০ মাস ধরে বাড়তে থাকা পিঠের ব্যথার জন্য। সকালে জাগ্রত হলে ব্যথা বেশি হয় এবং শারীরিক কার্যকলাপের সঙ্গে কমে যায়। তিনি আগে যোগব্যায়াম করতেন, তবে পাঁচ মাস আগে থেকে সামনে ঝুঁকতে অসুবিধা হওয়ায় বন্ধ করে দিয়েছেন। গত চার মাস ধরে তার দু'পাশের হিপেও ব্যথা রয়েছে। মূত্রত্যাগে কোনো পরিবর্তন নেই। তিনি সিলিয়াক রোগে আক্রান্ত এবং গ্লুটেন-মুক্ত ডায়েট অনুসরণ করেন। তার তাপমাত্রা ৩৭.১°C (৯৮.৮°F), পালস ৬৫/মিনিট, শ্বাসপ্রশ্বাস ১৩/মিনিট, রক্তচাপ ১১৬/৭২ mmHg। পরীক্ষায় দেখা যায় মেরুদণ্ডের ফ্লেক্সনের পরিসীমা সীমিত। দু'পাশের হিপের ফ্লেক্সন, অ্যাবডাকশন এবং এক্সটার্নাল রোটেশন করলে ব্যথা হয়। তার পেলভিসের এক্স-রে দেখানো হয়েছে। এই রোগীর অতিরিক্ত মূল্যায়নে নিম্নলিখিত কোনটি পাওয়া সম্ভব?
A. রিউমাটয়েড ফ্যাক্টরের উচ্চ মাত্রা
B. HLA-B27 পজিটিভ জিনোটাইপ
C. অ্যান্টি-dsDNA অ্যান্টিবডির উপস্থিতি
D. ক্রিয়েটিন ফসফোকাইনেজের উচ্চ মাত্রা
E. অ্যান্টি-Ro এবং অ্যান্টি-La অ্যান্টিবডির উপস্থিতি
F. HLA-DR3 পজিটিভ জিনোটাইপ",,,,,
R0146,"Three days after undergoing an open cholecystectomy, an obese 57-year-old woman has fever, chills, and a headache. She has right-sided chest pain that increases on inspiration and has had a productive cough for the last 12 hours. She had an episode of hypotension after the operation that resolved with intravenous fluid therapy. She underwent an abdominal hysterectomy 16 years ago for multiple fibroids of the uterus. She has smoked one pack of cigarettes daily for 17 years. She appears uncomfortable. Her temperature is 39°C (102.2°F), pulse is 98/min, respirations are 18/min, and blood pressure is 128/82 mm Hg. Inspiratory crackles are heard at the right lung base. The abdomen is soft and nontender. There is a healing surgical incision below the right ribcage. The remainder of the examination shows no abnormalities. Which of the following is the most likely diagnosis?
A. Congestive heart failure
B. Pulmonary embolism
C. Subphrenic abscess
D. Pneumonia
E. Atelectasis
F. Pneumothorax","একটি ওপেন কোলেসিস্টেক্টমি করার তিন দিন পর, 57 বছর বয়সী মোটা এক নারী জ্বর, কম্পন এবং মাথাব্যথা অনুভব করছেন। তার ডান পাশে বুকের ব্যথা আছে যা শ্বাস নেওয়ার সময় বাড়ে এবং গত 12 ঘন্টা ধরে উৎপাদনশীল কাশি হচ্ছে। অপারেশনের পরে তিনি হাইপোটেনশন এপিসোডে ভুগেছিলেন, যা ইনট্রাভেনাস তরল থেরাপির মাধ্যমে সেরে গিয়েছে। তিনি 16 বছর আগে বহু ফাইব্রয়েডের জন্য পেটের হিস্টেরেকটমি করিয়ে ছিলেন। তিনি 17 বছর ধরে প্রতিদিন এক প্যাক সিগারেট ধূমপান করেন। তিনি অস্বস্তিকর দেখাচ্ছেন। তার তাপমাত্রা 39°C (102.2°F), পালস 98/মিনিট, শ্বাসপ্রশ্বাস 18/মিনিট এবং রক্তচাপ 128/82 mm Hg। ডান ফুসফুসের ভিত্তিতে ইনস্পিরেটরি ক্র্যাকল শোনা যায়। পেট নরম ও অ-সংবেদনশীল। ডান পাঁজরের নিচে একটি সেরে যাওয়া সার্জিক্যাল ইন্সিশন রয়েছে। পরীক্ষার বাকি অংশে কোনো অসামঞ্জস্য দেখা যায় না। নিম্নের কোনটি সবচেয়ে সম্ভাব্য নির্ণয়?
A. সংযোজিত হৃদযন্ত্র ব্যর্থতা
B. ফুসফুসের এম্বোলিজম (রক্তজমাট)
C. ডায়াফ্র্যাগমের নীচে অ্যাবসেস
D. নিউমোনিয়া (ফুসফুসের প্রদাহ)
E. এটেলেক্টাসিস
F. নিউমোথোর্যাক্স (ফুসফুসের গহ্বরে বাতাস)",,,,,
R0147,"A 2-year-old boy is brought to the physician for the evaluation of fever, difficulty breathing, and coughing for the past week. In the past year, he has had four sinus infections, three upper respiratory tract infections, and an episode of severe bronchiolitis requiring hospitalization. Since birth, he has had multiple episodes of oral thrush treated with nystatin, as well as chronic diarrhea and failure to thrive. His temperature is 38.0°C (100.4°F), pulse is 130/min, respirations are 38/min, and blood pressure is 106/63 mm Hg. Pulse oximetry on room air shows an oxygen saturation of 88%. Auscultation of the lungs show bilateral crackles and wheezing. Examination shows a prominent nasal bridge, hypoplastic wing of the nose, a shortened chin, and dysplastic ears. An x-ray of the chest shows hyperinflation of the lungs, interstitial infiltrates, and atelectasis. A nasopharyngeal aspirate test for respiratory syncytial virus (RSV) is positive. This patient most likely has a deficiency of which of the following?
A. B cells
B. Complement components C5-C9
C. T cells
D. Immunoglobulin A
E. Interleukin-12 receptor
F. B and T cells
G. Leukocyte adhesion
""","২ বছর বয়সী একটি ছেলেকে জ্বর, শ্বাসকষ্ট এবং গত সপ্তাহে কাশির জন্য ডাক্তারের কাছে আনা হয়েছে। গত বছরে তার চারটি সাইনাস সংক্রমণ, তিনটি উপরের শ্বাসনালী সংক্রমণ এবং একবার গুরুতর ব্রঙ্কিওলাইটিসের কারণে হাসপাতালে ভর্তি হয়েছিল। জন্ম থেকে তাকে নিস্টাটিন দিয়ে মুখে থ্রাশের বহু এপিসোড হয়েছে, পাশাপাশি দীর্ঘস্থায়ী ডায়রিয়া ও বৃদ্ধি ব্যাহত হয়েছে। তার তাপমাত্রা ৩৮.০°C (১০০.৪°F), পালস ১৩০/মিনিট, শ্বাসপ্রশ্বাস ৩৮/মিনিট এবং রক্তচাপ ১০৬/৬৩ mm Hg। রুম এয়ারে পল্স অক্সিমেট্রি দেখায় অক্সিজেন স্যাচুরেশন ৮৮%। ফুসফুসের অডিটিংয়ে দ্বিপাক্ষিক ক্র্যাকলস ও হুইজিং দেখা যায়। পরীক্ষায় একটি উঁচু নাসাল ব্রিজ, নাকের ডানা হাইপোপ্লাস্টিক, চিবুক ছোট এবং কানের বিকৃতি লক্ষ্য করা যায়। বুকে এক্স-রে দেখায় ফুসফুসের অতিরিক্ত ফুলে যাওয়া, ইন্টারস্টিশিয়াল ইনফিলট্রেটস ও এটেলেক্টেসিস। নাসোফ্যারিঞ্জিয়াল অ্যাস্পিরেট টেস্টে রেসপিরেটরি সিংকিটিয়াল ভাইরাস (RSV) পজিটিভ হয়েছে। এই রোগীর সবচেয়ে সম্ভাব্য কোনটির ঘাটতি রয়েছে?
A. B কোষ
B. কম্প্লিমেন্ট উপাদান C5-C9
C. T কোষ
D. ইমিউনোগ্লোবুলিন A
E. ইন্টারলিউকিন-12 রিসেপ্টর
F. B এবং T কোষ
G. লিউকোসাইট আডহেশন",,,,,
R0148,"A 51-year-old man comes to the physician because of a 1-day history of progressive pain, excessive tearing, and blurry vision of his right eye. He first noticed his symptoms last evening while he was watching a movie at a theater. His left eye is asymptomatic. He wears contact lenses. He has atopic dermatitis treated with topical hydrocortisone. His temperature is 37°C (98.6°F), pulse is 85/min, and blood pressure is 135/75 mm Hg. Examination shows a visual acuity in the left eye of 20/25 and 20/40 in the right eye. The right eye shows conjunctival injection and an edematous cornea with a whitish exudate at the bottom of the anterior chamber. Fluorescein staining shows a round corneal infiltrate. Which of the following is the most appropriate pharmacotherapy?
A. Topical ketorolac and artificial tears
B. Oral acyclovir
C. Topical ofloxacin
D. Topical timolol and pilocarpine
E. Topical prednisolone
F. Topical ganciclovir","৫১ বছর বয়সী একজন পুরুষ রোগী এক দিনের ক্রমবর্ধমান ডান চোখের ব্যথা, অতিরিক্ত লালচে জল এবং দৃষ্টিকোণে ঝাপসা ভাব নিয়ে চিকিৎসকের কাছে আসেন। তিনি গত সন্ধ্যায় থিয়েটারে সিনেমা দেখার সময় প্রথমবার এই উপসর্গগুলো লক্ষ্য করেন। বাম চোখে কোনো লক্ষণ নেই। তিনি কন্ট্যাক্ট লেন্স ব্যবহার করেন। তার অতিপ্রবাহী ডার্মাটাইটিসের জন্য টপিক্যাল হাইড্রোকর্টিসোন ব্যবহার করা হয়। তাপমাত্রা ৩৭°C (৯৮.৬°F), পালস ৮৫/মিনিট, রক্তচাপ ১৩৫/৭৫ mm Hg। পরীক্ষা দেখায় বাম চোখে দৃষ্টিশক্তি ২০/২৫ এবং ডান চোখে ২০/৪০। ডান চোখে কনজাংটিভাল ইনজেকশন ও এডিমাটাস কর্নিয়া, অ্যান্টেরিয়র চেম্বারের নিচে সাদা রঙের এক্সুডেট দেখা যায়। ফ্লুরোসিন স্টেইনিংয়ে গোলাকার কর্নিয়াল ইনফিলট্রেট প্রকাশ পায়। নিম্নলিখিতগুলির মধ্যে কোনটি সর্বোত্তম ঔষধি চিকিৎসা?
A. টপিক্যাল কেটোরোলাক এবং আর্টিফিশিয়াল টিয়ার্স
B. ওরাল অ্যাসাইক্লোভির
C. টপিক্যাল অফ্লোক্সাসিন
D. টপিক্যাল টাইমলবোল এবং পিলোকার্পাইন
E. টপিক্যাল প্রেডনিসোন
F. টপিক্যাল গ্যানসিক্লোভির",,,,,
R0149,"A 37-year-old woman comes to the physician because of a 2-week history of palpitations and loose stools. She has had a 2.3-kg (5-lb) weight loss over the past month. She has had no change in appetite. She has no history of serious illness. She works in accounting and has been under more stress than usual lately. She takes no medications. She appears pale. Her temperature is 37.8°C (100.1°F), pulse is 110/min, respirations are 20/min, and blood pressure is 126/78 mm Hg. Cardiopulmonary examination shows no abnormalities. The abdomen is soft and nontender. There is a bilateral hand tremor with outstretched arms and a palpable thyroid nodule in the left lobe. Serum laboratory studies show a thyroid stimulating hormone level of 0.03 μU/mL and a thyroxine level of 28 μg/dL. A radioactive iodine uptake scan shows enhancement in a 3-cm encapsulated nodule in the lower left lobe with decreased uptake in the remaining gland. Which of the following is the most likely diagnosis?
A. Thyroid storm
B. Riedel's thyroiditis
C. Papillary carcinoma
D. Graves' disease
E. Toxic adenoma
F. Goiter
""","একজন ৩৭ বছর বয়সী নারী ডাক্তারের কাছে আসছেন কারণ তিনি গত দুই সপ্তাহ ধরে হৃদস্পন্দন দ্রুত হওয়া এবং ডায়রিয়া অনুভব করছেন। তিনি গত মাসে ২.৩ কেজি (৫ পাউন্ড) ওজন কমিয়েছেন। তার ক্ষুধা পরিবর্তিত হয়নি। গুরুতর কোনো রোগের ইতিহাস নেই। তিনি হিসাবরক্ষণ কাজ করেন এবং সম্প্রতি বেশি চাপের মধ্যে আছেন। তিনি কোনও ঔষধ গ্রহণ করছেন না। তিনি শ্বেতবর্ণ দেখাচ্ছেন। তার তাপমাত্রা ৩৭.৮°C (১০০.১°F), পালস ১১০/মিনিট, শ্বাসপ্রশ্বাস ২০/মিনিট, রক্তচাপ ১২৬/৭৮ mm Hg। কার্ডিওফুসের পরীক্ষা কোনো অস্বাভাবিকতা দেখায় না। পেট নরম ও অসংবেদনশীল। দু'হাতে প্রসারিত বাহুতে কম্পন এবং বাম লোবের একটি স্পর্শযোগ্য থাইরয়েড গাঁট রয়েছে। রক্ত পরীক্ষায় থাইরয়েড স্টিমুলেটিং হরমোন (TSH) মাত্রা ০.০৩ μU/mL এবং থাইরক্সিন স্তর ২৮ μg/dL দেখা যায়। রেডিওঅ্যাক্টিভ আইডিন আপটেক স্ক্যানে বাম নীচের লোবের একটি ৩ সেমি এনক্যাপসুলেটেড গাঁটে বৃদ্ধি ও অবশিষ্ট গ্রন্থিতে হ্রাসপ্রাপ্ত আপটেক দেখা গেছে। নিম্নলিখিতগুলির মধ্যে কোনটি সবচেয়ে সম্ভাব্য নির্ণয়?
A. থাইরয়েড স্টর্ম
B. রিডেলস থাইরয়েডাইটিস
C. প্যাপিলারি কার্সিনোমা
D. গ্রেভস রোগ
E. টক্সিক অ্যাডেনোমা
F. গোইটার",,,,,
R0150,"A 33-year-old man comes to the physician because of decreased hearing in his right ear for the past 4 months. During this period, he has also had multiple episodes of dizziness and a constant ringing noise in his right ear. Over the past 5 weeks, he has also noticed scant amounts of right-sided ear discharge. He has a history of multiple ear infections since childhood that were treated with antibiotics. Vital signs are within normal limits. Otoscopic examination shows a white pearly mass behind the right tympanic membrane. Placing a 512 Hz tuning fork in the center of the forehead shows lateralization to the right ear. Which of the following is the most appropriate therapy for this patient's symptoms?
A. Topical ciprofloxacin
B. Radiation therapy
C. Systemic corticosteroids
D. Fitting for hearing aids
E. Surgical excision","একজন ৩৩ বছর বয়সী পুরুষ রোগী ডান কানে গত চার মাস ধরে শোনার ক্ষমতা হ্রাসের জন্য চিকিৎসকের কাছে আসেন। এই সময়কালে তিনি ঘূর্ণি এবং ডান কানে ধারাবাহিক টিনিটাস (ঘণ্টা বাজানোর শব্দ) অনুভব করেছেন। শেষ পাঁচ সপ্তাহে তিনি ডান পাশে সামান্য পরিমাণে কান থেকে তরল নিঃসরণ লক্ষ্য করেন। শৈশবকাল থেকে তার বহুবার কানের সংক্রমণ হয়েছে, যা অ্যান্টিবায়োটিক দিয়ে চিকিৎসা করা হয়েছিল। বায়োমেট্রিক সাইন স্বাভাবিক। ওটোস্কোপিক পরীক্ষা দেখায় ডান টিম্পেনিক মেমব্রেনের পেছনে একটি সাদা মুক্তার মতো গঠন। কপালে ৫১২ Hz টিউনিং ফর্ক কেন্দ্রে রাখলে শব্দটি ডান কানে ল্যাটারালাইজ হয়। নিম্নলিখিতগুলির মধ্যে কোনটি রোগীর উপসর্গের জন্য সবচেয়ে উপযুক্ত থেরাপি?
A. টপিকাল সিপ্রোফ্লোক্সাসিন
B. রেডিয়েশন থেরাপি
C. সিস্টেমিক কর্টিকোস্টেরয়েড
D. হিয়ারিং এইড (শ্রবণযন্ত্র) প্রদান
E. শল্যচিকিৎসা দ্বারা অপসারণ",,,,,
R0151,"A 23-year-old primigravid woman comes to the physician at 36 weeks' gestation for her first prenatal visit. She confirmed the pregnancy with a home urine pregnancy kit a few months ago but has not yet followed up with a physician. She takes no medications. Vital signs are within normal limits. Pelvic examination shows a uterus consistent in size with a 36-week gestation. Laboratory studies show:
Hemoglobin 10.6 g/dL
Serum
Glucose 88 mg/dL
Hepatitis B surface antigen negative
Hepatitis C antibody negative
HIV antibody positive
HIV load 11,000 copies/mL (N < 1000 copies/mL)
Ultrasonography shows an intrauterine fetus consistent in size with a 36-week gestation. Which of the following is the most appropriate next step in management of this patient?""
A. Intrapartum zidovudine and vaginal delivery when labor occurs
B. Start cART and schedule cesarean delivery at 38 weeks' gestation
C. Start cART and prepare for vaginal delivery at 38 weeks' gestation
D. Intrapartum zidovudine and cesarean delivery at 38 weeks' gestation
E. Prepare for vaginal delivery at 38 weeks' gestation
F. Conduct cesarean delivery immediately","একজন ২৩ বছর বয়সী প্রথম গর্ভধারণকারী নারী ৩৬ সপ্তাহের গর্ভাবস্থায় তার প্রথম প্রি-নাটাল ভিজিটের জন্য ডাক্তারের কাছে আসেন। তিনি কয়েক মাস আগে বাড়িতে মূত্র গর্ভধারনের কিট দিয়ে গর্ভধারণ নিশ্চিত করেছিলেন, তবে এখনো কোনো ডাক্তারকে দেখেননি। তিনি কোনও ওষুধ গ্রহণ করছেন না। জীবনীচিহ্ন স্বাভাবিক সীমার মধ্যে রয়েছে। পেলভিক পরীক্ষা দেখায় ৩৬ সপ্তাহের গর্ভাবস্থার সঙ্গে সামঞ্জস্যপূর্ণ আকারের গর্ভাশয়। ল্যাবরেটরি ফলাফল:  
হিমোগ্লোবিন 10.6 g/dL  
সিরাম গ্লুকোজ 88 mg/dL  
হেপাটাইটিস বি সারফেস অ্যান্টিজেন নেগেটিভ  
হেপাটাইটিস সি অ্যান্টিবডি নেগেটিভ  
এইচআইভি অ্যান্টিবডি পজিটিভ  
এইচআইভি লোড 11,000 কপি/mL (N < 1,000 কপি/mL)  
অলট্রাসাউন্ডে দেখা যায় গর্ভের মধ্যে একটি ভ্রূণ রয়েছে যা ৩৬ সপ্তাহের আকারের সঙ্গে সামঞ্জস্যপূর্ণ। নিম্নলিখিত কোনটি এই রোগীর ব্যবস্থাপনার জন্য সবচেয়ে উপযুক্ত পরবর্তী পদক্ষেপ?
A. শ্রমকালে জিডোভুডিন এবং শ্রম শুরু হলে যোনি মাধ্যমে ডেলিভারি
B. cART শুরূ করুন এবং ৩৮ সপ্তাহে সিজেরিয়ান ডেলিভারির পরিকল্পনা করুন
C. cART শুরূ করুন এবং ৩৮ সপ্তাহে যোনি মাধ্যমে ডেলিভারির প্রস্তুতি নিন
D. শ্রমকালে জিডোভুডিন এবং ৩৮ সপ্তাহে সিজেরিয়ান ডেলিভারি
E. ৩৮ সপ্তাহে যোনি মাধ্যমে ডেলিভারির জন্য প্রস্তুতি নিন
F. তাৎক্ষণিকভাবে সিজেরিয়ান ডেলিভারি সম্পন্ন করুন",,,,,
R0152,"An otherwise healthy 28-year-old woman comes to the physician because of a 14-day history of a painful red nodules on her legs associated with malaise and mild joint pains. She reports that the nodules were initially smaller and distinct but some have fused together over the past 3-4 days and now appear like bruises. There is no preceding history of fever, trauma, or insect bites. Her vital signs are within normal limits. A photograph of the tender lesions on her shins is shown. The remainder of the examination shows no abnormalities. Complete blood count and antistreptolysin O (ASO) titers are within the reference range. Erythrocyte sedimentation rate is 30 mm/h. Which of the following is the most appropriate next step in management ?
A. Oral amoxicillin
B. Oral isoniazid
C. Antinuclear antibodies
D. X-ray of the chest
E. Stool culture
F. Skin biopsy
G. Triamcinolone injection","অন্যথা সুস্থ ২৮ বছর বয়সী এক নারী ডাক্তারের কাছে আসছেন, কারণ তার পায়ে ১৪ দিনের ইতিহাসের ব্যথাযুক্ত লাল গাঁট রয়েছে, যা ক্লান্তি ও হালকা জোড়া ব্যথার সঙ্গে যুক্ত। তিনি জানান যে গাঁটগুলো প্রথমে ছোট এবং পৃথক ছিল, তবে গত ৩-৪ দিনে কিছু একসঙ্গে মিলিয়ে এখন নীলচে দাগের মতো দেখাচ্ছে। কোনো পূর্ববর্তী জ্বর, আঘাত বা কীটপতঙ্গ কামড়ের ইতিহাস নেই। তার গুরুত্বপূর্ণ চিহ্নগুলি স্বাভাবিক সীমার মধ্যে। শিনে থাকা সংবেদনশীল ক্ষতগুলোর একটি ফটো দেখানো হয়েছে। বাকি পরীক্ষা-নিরীক্ষায় কোনও অস্বাভাবিকতা পাওয়া যায়নি। সম্পূর্ণ রক্ত গণনা এবং অ্যান্টিস্ট্রেপটোলাইসিন ও (ASO) টাইটার স্বাভাবিক সীমার মধ্যে। ইরিথ্রোসাইট সেডিমেন্টেশন রেট ৩০ মি.মি./ঘণ্টা। নিম্নলিখিতগুলোর মধ্যে কোনটি সর্বোত্তম পরবর্তী ব্যবস্থাপনা পদক্ষেপ?
A. মৌখিক অ্যামোক্সিসিলিন
B. মৌখিক আইসোনিয়াজিড
C. অ্যান্টি-নিউক্লিয়ার অ্যান্টিবডি
D. বক্ষের এক্স-রে
E. মল সংস্কৃতি
F. ত্বকের বায়োপসি
G. ট্রাইএমসিনোলোন ইনজেকশন",,,,,
R0153,"A 3-year-old boy is brought to the physician because of a 1-day history of abdominal pain and frequent urination. His mother reports that the patient has wet his bed overnight and that his urine smelled odd this morning. He has been toilet trained for 4 months and has had very few accidents since then. His last bowel movement was 3 days ago. He was born at term after a normal gestation and has reached all developmental milestones. His parents divorced 4 months ago and the patient's father has moved away. The patient began preschool 6 weeks ago. During this period, he has had two upper respiratory infections that resolved without treatment. His 12-year-old brother has type 1 diabetes mellitus. Vital signs are within normal limits. Physical examination of the abdomen shows mild suprapubic tenderness. Urine dipstick is positive for leukocyte esterase, nitrite, and blood; urinalysis shows white blood cells and gram-negative rods. Which of the following is the most likely predisposing factor for this patient's condition?
A. Social stressors
B. Constipation
C. Posterior urethral valves
D. Respiratory tract infection
E. Family history of diabetes mellitus","একটি ৩ বছর বয়সী ছেলে এক দিনের পেটের ব্যথা এবং ঘন ঘন প্রস্রাবের ইতিহাসে ডাক্তারের কাছে আনা হয়েছে। তার মা জানান যে রোগী রাতে বিছানা ভেজিয়ে ফেলেছে এবং আজ সকালে মূত্রের গন্ধ অদ্ভুত ছিল। তিনি ৪ মাস ধরে টয়লেট প্রশিক্ষিত এবং তখন থেকে খুব কমই দুর্ঘটনা ঘটেছে। শেষ বাওয়েলমুভমেন্ট ৩ দিন আগে হয়েছে। তিনি স্বাভাবিক গর্ভধারণে পূর্ণবয়সে জন্মেছেন এবং সব বিকাশগত মাইলস্টোন অর্জন করেছেন। তার বাবা-মা ৪ মাস আগে বিচ্ছিন্ন হয়েছেন এবং রোগীর বাবা দূরে চলে গেছেন। রোগী প্রিস্কুল শুরু করেছে ৬ সপ্তাহ আগে। এই সময়কালে, তিনি দুইটি উপরের শ্বাসযন্ত্রের সংক্রমণ পেয়েছিলেন যা কোনো চিকিৎসা ছাড়াই সেরে গেছে। তার ১২ বছর বয়সী ভাই টাইপ ১ ডায়াবেটিস মেলিটাসে আক্রান্ত। গুরুত্বপূর্ণ চিহ্ন স্বাভাবিক সীমার মধ্যে। পেটে হালকা সুপ্রাপিউবিক টেন্ডারনেস দেখা যায়। ইউরিন ডিপস্টিক লুকোসাইট এস্টেরেজ, নাইট্রাইট এবং রক্তের জন্য পজিটিভ; ইউরিনালাইসিসে শ্বেত রক্তকণিকা ও গ্রাম-নেগেটিভ রড দেখায়। নিম্নলিখিত কোনটি এই রোগীর অবস্থার সবচেয়ে সম্ভাব্য পূর্বপ্রবণ কারণ?
A. সামাজিক চাপ
B. কোষ্ঠকাঠিন্য
C. পোষ্টেরিয়র ইউরেথ্রাল ভালভস
D. শ্বাসযন্ত্রের সংক্রমণ
E. ডায়াবেটিস মেলিটাসের পারিবারিক ইতিহাস",,,,,
R0154,"A 43-year-old woman comes to the physician because of a 3-month history of a painless ulcer on the sole of her right foot. There is no history of trauma. She has been dressing the ulcer once daily at home with gauze. She has a 15-year history of poorly-controlled type 1 diabetes mellitus and hypertension. Current medications include insulin and lisinopril. Vital signs are within normal limits. Examination shows a 2 x 2-cm ulcer on the plantar aspect of the base of the great toe with whitish, loose tissue on the floor of the ulcer and a calloused margin. A blunt metal probe reaches the deep plantar space. Sensation to vibration and light touch is decreased over both feet. Pedal pulses are intact. An x-ray of the right foot shows no abnormalities. Which of the following is the most appropriate initial step in management?
A. Total contact casting of right foot
B. Amputation of the right forefoot
C. Increase frequency of dressing change
D. Intravenous antibiotic therapy
E. Sharp surgical debridement of the ulcer
F. Surgical revascularization of the right foot","৪৩ বছর বয়সী এক নারী ডাক্তারের কাছে আসেন কারণ তার ডান পায়ের তলদেশে ৩ মাস ধরে ব্যথাহীন আলসার রয়েছে। কোনো আঘাতের ইতিহাস নেই। তিনি বাড়িতে গজ দিয়ে প্রতিদিন একবার আলসারটি পরিষ্কার করেন। তাকে টাইপ ১ ডায়াবেটিস মেলিটাস ও হাইপারটেনশন আছে, যা খারাপভাবে নিয়ন্ত্রিত (১৫ বছরের বেশি)। বর্তমান ঔষধে ইনসুলিন এবং লিসিনোপ্রিল রয়েছে। সব গুরুত্বপূর্ণ চিহ্ন স্বাভাবিক সীমার মধ্যে। পরীক্ষা করে দেখা যায় বড় আঙুলের ভিত্তির প্ল্যান্টার দিকের ২ × ২ সেমি আলসারে ফাঁকা, সাদা রঙের শিথিল টিস্যু আছে এবং প্রান্তে কল্লাসযুক্ত। একটি ধাতব প্রোব দিয়ে গভীর প্ল্যান্টার স্পেস পর্যন্ত পৌঁছানো যায়। উভয় পায়ে কম্পন ও হালকা স্পর্শের সংবেদন কমে গেছে, তবে পেডাল পালস স্বাভাবিক। ডান পায়ের এক্স-রে কোনো অস্বাভাবিকতা দেখায় না। নিম্নলিখিতগুলোর মধ্যে কোনটি সর্বোত্তম প্রাথমিক ব্যবস্থাপনা পদক্ষেপ?
A. ডান পায়ের টোটাল কন্ট্যাক্ট ক্যাস্টিং
B. ডান ফরফুটের অ্যামপুটেশন
C. ড্রেসিং পরিবর্তনের ফ্রিকোয়েন্সি বাড়ানো
D. শিরা পথে অ্যান্টিবায়োটিক থেরাপি
E. আলসারের তীক্ষ্ণ সার্জিক্যাল ডেব্রাইডমেন্ট
F. ডান পায়ের সার্জিক্যাল রিভাসকুলারাইজেশন",,,,,
R0155,"A 30-year-old African American woman comes to the physician for the evaluation of a dry cough and chest discomfort for the past 3 days. During this period, the patient has had headaches, muscle aches, joint pain, fever, and chills. Ten days ago, she was hiking with her family in Mississippi. The patient has asthma that is treated with an albuterol inhaler. Her mother has a lung disease treated with methotrexate. The patient has smoked one pack of cigarettes daily for the past 10 years. Her temperature is 38°C (100.4°F). Physical examination shows slight wheezes throughout both lung fields. Laboratory studies and urinalysis are positive for polysaccharide antigen. Bronchoalveolar lavage using silver/PAS-staining shows macrophages filled with a dimorphic fungus with septate hyphae. Which of the following is the most likely cause of this patient's symptoms?
A. Paracoccidioides brasiliensis infection
B. Sarcoidosis
C. Legionella pneumophila infection
D. Coccidioides immitis infection
E. Aspergillus fumigatus infection
F. Pneumocystis pneumonia
G. Histoplasma capsulatum infection
H. Blastomyces dermatitidis infection","একজন ৩০ বছর বয়সী আফ্রিকান আমেরিকান নারী ডাক্তারের কাছে গত ৩ দিন ধরে শুষ্ক কাশি এবং বুকের অস্বস্তির মূল্যায়নের জন্য আসেন। এই সময়ে রোগীর মাথাব্যথা, পেশীর ব্যথা, জোড়ার ব্যথা, জ্বর ও কম্পন হয়েছে। দশ দিন আগে তিনি মিসিসিপিতে তার পরিবারসহ হাইকিং করছিলেন। রোগীকে অস্থমা আছে যা আলবুটেরল ইনহেলার দিয়ে চিকিৎসা করা হয়। তার মা একটি ফুসফুসের রোগে আক্রান্ত যেটি মেথোট্রেক্সেট দিয়ে চিকিৎসা করা হয়। রোগী গত ১০ বছর ধরে প্রতিদিন এক প্যাকেট সিগারেট ধূমপান করেন। তার তাপমাত্রা ৩৮°C (১০০.৪°F)। শারীরিক পরীক্ষায় উভয় ফুসফুসের ক্ষেত্র জুড়ে সামান্য হুইজ দেখা যায়। ল্যাবরেটরি পরীক্ষা ও ইউরিনালাইসিসে পলিস্যাকারাইড অ্যান্টিজেন পাওয়া গেছে। সিলভার/পিএএস-স্টেইনিং ব্যবহার করে ব্রঙ্কোআ্যালভিয়ার ল্যাভেজে ম্যাক্রোফেজগুলোতে একটি ডিমর্ফিক ফাঙ্গাসের সঙ্গে সেপটেট হাইফা দেখা যায়। নিম্নলিখিত কোনটি এই রোগীর উপসর্গের সবচেয়ে সম্ভাব্য কারণ?
A. প্যারাকোক্সিডিওইডেস ব্রাসিলিয়েন্সিস সংক্রমণ
B. সারকয়েডোসিস
C. লেজিওনেলা নিউমোফিলা সংক্রমণ
D. ককসিডিওইডেস ইমিটিস সংক্রমণ
E. অ্যাসপারগিলাস ফিউমিগাটাস সংক্রমণ
F. নিউমোসিস্টিস নিউমোনিয়া
G. হিস্টোপ্লাজমা ক্যাপসুলাটাম সংক্রমণ
H. ব্লাস্টোমাইসেস ডার্মাটিটিডিস সংক্রমণ",,,,,
R0156,"Three weeks after birth, an infant girl develops episodes of apnea. She has become increasingly lethargic over the past two days, and experienced two episodes of apnea lasting 10 seconds each within the last day. She was born at 31 weeks of gestation and weighed 1600-g (3-lb 8-oz). Apgar scores were 4 and 7 at 1 and 5 minutes, respectively. She takes no medications. Her temperature is 36.7°C (98.0°F), pulse is 185/min, respirations are 60/min and irregular, and blood pressure is 70/35 mm Hg. She appears pale. Physical examination shows no abnormalities. Laboratory studies show a hemoglobin of 6.5 g/dL, a reticulocyte count of 0.5%, and a mean corpuscular volume of 92 μm3. Leukocyte count, platelet count, total bilirubin and indirect bilirubin are all within reference range. Which of the following is the most likely underlying mechanism of this patient's anemia?
A. Impaired synthesis of hemoglobin β-chain
B. Defective δ-aminolevulinic acid synthase
C. Bone marrow suppression
D. Glucose-6-phosphate dehydrogenase deficiency
E. Iron deficiency
F. Impaired erythropoietin production","জন্মের তিন সপ্তাহ পর একটি শিশুকন্যা অ্যাপনিয়ার এপিসোড বিকাশ করে। গত দুই দিন ধরে তিনি ক্রমশ অলস হয়ে উঠেছেন, এবং গত এক দিনে দু'টি ১০ সেকেন্ড স্থায়ী অ্যাপনিয়া ঘটেছে। তিনি গর্ভধারণের ৩১ সপ্তাহে জন্মেছিলেন এবং ওজন ছিল ১৬০০ গ্রাম (৩ পাউন্ড ৮ আউন্স)। আপগার স্কোর ১ ও ৫ মিনিটে যথাক্রমে ৪ এবং ৭ ছিল। তিনি কোনো ঔষধ গ্রহণ করেন না। তার তাপমাত্রা ৩৬.৭°C (৯৮.০°F), পালস ১৮৫/মিনিট, শ্বাসপ্রশ্বাস ৬০/মিনিট ও অনিয়মিত, রক্তচাপ ৭০/৩৫ mm Hg। তিনি ফিকে দেখাচ্ছেন। শারীরিক পরীক্ষায় কোনো অস্বাভাবিকতা দেখা যায় না। ল্যাবরেটরি ফলাফল দেখায় হিমোগ্লোবিন ৬.৫ g/dL, রিটিকিউলোসাইট গণনা ০.৫%, এবং গড় কোষের আয়তন (MCV) ৯২ μm3। শ্বেত রক্তকণিকা সংখ্যা, প্লেটলেট সংখ্যা, মোট বিলিরুবিন ও পরোক্ষ বিলিরুবিন সবই রেফারেন্স সীমার মধ্যে। নিম্নলিখিত কোনটি এই রোগীর অ্যানিমিয়ার সবচেয়ে সম্ভাব্য অন্তর্নিহিত প্রক্রিয়া?
A. হেমোগ্লোবিনের β-চেইনের সংশ্লেষণে ব্যাঘাত
B. δ-অ্যামিনোলেভুলিনিক অ্যাসিড সিনথেসে ত্রুটি
C. হাড়ের মজ্জা দমন
D. গ্লুকোজ-৬-ফসফেট ডিহাইড্রোজেনেজ ঘাটতি
E. লোহার ঘাটতি
F. ইরিথ্রোপয়েটিন উৎপাদনে ব্যাঘাত",,,,,
R0157,"A 72-year-old woman with metastatic ovarian cancer is brought to the physician by her son because she is in immense pain and cries all the time. On a 10-point scale, she rates the pain as an 8 to 9. One week ago, a decision to shift to palliative care was made after she failed to respond to 2 years of multiple chemotherapy regimens. She is now off chemotherapy drugs and has been in hospice care. Current medications include 2 mg morphine intravenously every 2 hours and 650 mg of acetaminophen every 4 to 6 hours. The son is concerned because he read online that increasing the dose of morphine would endanger her breathing. Which of the following is the most appropriate next step in management?
A. Increase dosage of morphine
B. Initiate palliative radiotherapy
C. Change morphine to a non-opioid analgesic
D. Initiate cognitive behavioral therapy
E. Perform transcutaneous electrical nerve stimulation
F. Counsel patient and continue same opioid dose","একজন ৭২ বছর বয়সী মেটাস্ট্যাটিক ডিম্বাশয় ক্যান্সার রোগীকে তার পুত্র ডাক্তারকের কাছে নিয়ে এসেছে কারণ তিনি তীব্র ব্যথায় ভুগছেন এবং সব সময় কান্না করছেন। ১০-সংখ্যার স্কেলে, তিনি ব্যথাকে ৮ থেকে ৯ হিসেবে রেট করেন। এক সপ্তাহ আগে, বহু বছর (২ বছরের) বিভিন্ন কেমোথেরাপি রেজিমেনের প্রতিক্রিয়া না পাওয়ার পর প্যালিয়েটিভ কেয়ারে পরিবর্তনের সিদ্ধান্ত নেওয়া হয়েছিল। এখন তিনি কেমোথেরাপি ঔষধ বন্ধ করেছেন এবং হসপিস কেয়ারে আছেন। বর্তমান ওষুধে রয়েছে প্রতি ২ ঘণ্টায় ২ মিগ্রা মরফিন ইনট্রাভেনাসভাবে এবং প্রতি ৪-৬ ঘণ্টায় ৬৫০ মিগ্রা অ্যাসিটামিনোফেন। পুত্রটি উদ্বিগ্ন কারণ তিনি অনলাইনে পড়েছেন যে মরফিনের ডোজ বাড়ালে তার শ্বাসপ্রশ্বাস বিপন্ন হতে পারে। নিম্নলিখিতগুলির মধ্যে কোনটি ব্যবস্থাপনার সর্বাধিক উপযুক্ত পরবর্তী পদক্ষেপ?
A. মরফিনের ডোজ বৃদ্ধি করা
B. প্যালিয়েটিভ রেডিওথেরাপি শুরু করা
C. মরফিনকে অ-ওপিওইড ব্যথানাশক দিয়ে পরিবর্তন করা
D. কগনিটিভ বিহেভিয়ার থেরাপি (সজ্ঞাত আচরণগত থেরাপি) শুরু করা
E. ট্র্যান্সকুটেনিয়াস ইলেক্ট্রিক্যাল নার্ভ স্টিমুলেশন (TENS) করা
F. রোগীকে পরামর্শ দিয়ে একই অপিওইড ডোজ চালিয়ে যাওয়া",,,,,
R0158,"Two hours after undergoing a left femoral artery embolectomy, an obese 63-year-old woman has severe pain, numbness, and tingling of the left leg. The surgery was without complication and peripheral pulses were weakly palpable postprocedure. She has type 2 diabetes mellitus, peripheral artery disease, hypertension, and hypercholesterolemia. Prior to admission, her medications included insulin, enalapril, carvedilol, aspirin, and rosuvastatin. She appears uncomfortable. Her temperature is 37.1°C (99.3°F), pulse is 98/min, and blood pressure is 132/90 mm Hg. Examination shows a left groin surgical incision. The left lower extremity is swollen, stiff, and tender on palpation. Dorsiflexion of her left foot causes severe pain in her calf. Femoral pulses are palpated bilaterally. Pedal pulses are weaker on the left side as compared to the right side. Laboratory studies show:
Hemoglobin 12.1
Leukocyte count 11,300/mm3
Platelet count 189,000/mm3
Serum
Glucose 222 mg/dL
Creatinine 1.1 mg/dL
Urinalysis is within normal limits. Which of the following is the most likely cause of these findings?""
A. Deep vein thrombosis
B. Reperfusion injury
C. Rhabdomyolysis
D. Cholesterol embolism
E. Cellulitis","বাম ফেমোরাল আর্টারি এম্বোলেকটমি করার দুই ঘণ্টা পর, 63 বছর বয়সী মোটা এক নারী তীব্র ব্যথা, অসাড়তা এবং ঝিনঝিন অনুভূতি সহ বাম পায়ে কষ্ট পাচ্ছেন। সার্জারিটি কোনো জটিলতা ছাড়া হয়েছে এবং প্রক্রিয়ার পরে পার্শ্বিক পালস দুর্বলভাবে স্পর্শযোগ্য ছিল। তার টাইপ ২ ডায়াবেটিস মেলিটাস, পারিফেরাল আর্টারি ডিজিজ, হাইপারটেনশন ও হাইপারকোলেস্টেরলেমিয়া রয়েছে। ভর্তি হওয়ার আগে তিনি ইনসুলিন, এনালাপ্রিল, কার্ভেডিলল, অ্যাসপিরিন এবং রোসুভাস্টাটিন গ্রহণ করতেন। তিনি অস্বস্তিকর দেখাচ্ছেন। তাপমাত্রা ৩৭.১°C (৯৯.৩°F), পাল্স ৯৮/মিনিট, রক্তচাপ ১৩২/৯০ mm Hg। পরীক্ষায় বাম গ্রীনের সার্জিক্যাল ইনসিশন দেখা যায়; বাম নিম্ন অঙ্গ ফোলা, কঠোর এবং স্পর্শে সংবেদনশীল। ডর্সিফ্লেক্স করলে ক্যালফে তীব্র ব্যথা হয়। উভয় পাশে ফেমোরাল পালস স্পর্শযোগ্য, তবে পেডাল পালস বামে ডানের তুলনায় দুর্বল। ল্যাব ফলাফল: হিমোগ্লোবিন ১২.১ g/dL, শ্বেত রক্তকণিকা ১১,৩০০/mm3, প্লেটলেট ১৮৯,০০০/mm3; সিরাম গ্লুকোজ ২২২ mg/dL, ক্রিয়াটিনিন ১.১ mg/dL; ইউরিনালাইসিস স্বাভাবিক। নিম্নের কোনটি এই উপসর্গগুলোর সবচেয়ে সম্ভাব্য কারণ?
A. ডিপ ভেইন থ্রম্বোসিস
B. রিপারফিউশন ইনজুরি
C. র্যাবডোমায়োলাইসিস
D. কোলেস্টেরল এমবোলিজম
E. সেলুলাইটিস",,,,,
R0159,"A 42-year-old woman is brought to the physician by her husband because she cries frequently and refuses to get out of bed. Over the past 3 weeks, she has been feeling sad and tired most of the time. She has difficulty staying asleep at night and often wakes up early in the morning. After losing her job as a waitress 1 month ago, she has been feeling guilty for not contributing to the household income anymore. She would like to find a new position but is unable to decide “what to do with her life”. She was diagnosed with anorexia nervosa at age 18 and has gone to psychotherapy several times since then. Her weight had been stable for the past 5 years; however, within the past 3 weeks, she has had a 2.8-kg (6.2-lb) weight loss. She would like to regain some weight. She is 160 cm (5 ft 3 in) tall and currently weighs 47 kg (104 lb); BMI is 18.4 kg/m2. Her temperature is 36.3°C (97.3°F), pulse is 58/min, and blood pressure is 110/60 mm Hg. Physical examination shows no abnormalities. Mental status examination shows a depressed mood and flat affect. There is no evidence of suicidal ideation. Which of the following drugs is most likely to address both this patient's mood disorder and her desire to gain weight?
A. Bupropion
B. Lithium
C. Fluoxetine
D. Mirtazapine
E. Venlafaxine
F. Olanzapine
G. Topiramate
H. Phenelzine
""","৪২ বছর বয়সী এক নারীকে তার স্বামী ডাক্তারের কাছে নিয়ে এসেছেন কারণ তিনি প্রায়ই কাঁদেন এবং বিছানা ছাড়তে অস্বীকৃতি জানান। গত ৩ সপ্তাহ ধরে তিনি বেশিরভাগ সময় দুঃখিত ও ক্লান্ত অনুভব করছেন। রাতে ঘুমাতে সমস্যা হয় এবং প্রায়শই সকালে তাড়াতাড়ি জেগে ওঠেন। এক মাস আগে ওয়েট্রেস হিসেবে চাকরি হারানোর পর থেকে বাড়ির আয়ের অংশ না দিতে পারার জন্য তিনি অপরাধবোধ করছেন। নতুন কাজ খুঁজতে চান কিন্তু “জীবনে কী করা উচিত” তা সিদ্ধান্ত নিতে পারছেন না। ১৮ বছর বয়সে তাকে অ্যানোরেক্সিয়া নার্ভোসা নির্ণয় হয়েছিল এবং তখন থেকে কয়েকবার সাইকোথেরাপি করেছেন। গত ৫ বছরে তার ওজন স্থিতিশীল ছিল; তবে গত ৩ সপ্তাহে তিনি ২.৮ কেজি (৬.২ পাউন্ড) ওজন কমিয়েছেন। তিনি কিছু ওজন বাড়াতে চান। তাঁর উচ্চতা ১৬০ সেমি এবং বর্তমান ওজন ৪৭ কেজি; BMI ১৮.৪ কেজি/মি2। তাপমাত্রা ৩৬.৩°C, পালস ৫৮/মিনিট, রক্তচাপ ১১০/৬০ মিমি পারদ। শারীরিক পরীক্ষায় কোনো অস্বাভাবিকতা নেই। মানসিক অবস্থা পরীক্ষা দেখায় বিষণ্ন মেজাজ ও সমতল আবেগ প্রকাশ। আত্মহত্যার কোনও ইচ্ছা পাওয়া যায়নি। নিম্নলিখিত কোন ওষুধটি সম্ভবত রোগীর মেজাজজনিত ব্যাধি এবং ওজন বাড়ানোর ইচ্ছা দুটোই মোকাবেলা করতে পারে?
A. বুপ্রোপিয়ন
B. লিথিয়াম
C. ফ্লুওসেটিন
D. মির্টাজাপিন
E. ভেনলাফ্যাক্সিন
F. ওলানজাপিন
G. টোপিরামেট
H. ফেনেলজাইন",,,,,
R0160,"A 28-year-old female is brought to the emergency department after being found unconscious outside of a local night club by her friends. On arrival the patient is stuporous. Her temperature is 35°C (95°F), blood pressure is 105/75 mm Hg, pulse is 55/min, and respirations are 10/min. Examination shows dry mucous membranes. The pupils are small and react sluggishly to light. She does not respond to any commands, and painful stimuli cause her to withdraw all extremities. No injection marks can be found on her extremities. The remainder of the examination shows no abnormalities. Which of the following is the most likely cause of her symptoms?
A. Amitriptyline
B. Phencyclidine
C. MDMA
D. Heroin
E. Cannabis
""","একজন ২৮ বছর বয়সী মহিলা তার বন্ধুদের দ্বারা স্থানীয় নাইটক্লাবের বাইরে অচেতন অবস্থায় পাওয়া যাওয়ার পর জরুরি বিভাগে নিয়ে আসা হয়। পৌঁছানোর সময় রোগী stuporous (অবধি) অবস্থা দেখাচ্ছেন। তার তাপমাত্রা ৩৫°C (৯৫°F), রক্তচাপ ১০৫/৭৫ mm Hg, পালস ৫৫/মিনিট এবং শ্বাসপ্রশ্বাস ১০/মিনিট। পরীক্ষায় শুকনো মিউকাস ঝিল্লি দেখা যায়। পিউপিলগুলো ছোট এবং আলোতে ধীরগতিতে প্রতিক্রিয়া করে। তিনি কোনো কমান্ডের প্রতি সাড়া দেন না, এবং ব্যথা উদ্দীপনা হলে সব অঙ্গ প্রত্যাহার করেন। তার অঙ্গে কোনও ইনজেকশন চিহ্ন পাওয়া যায়নি। বাকি পরীক্ষায় কোন অসামান্যতা দেখা যায়নি। নিম্নলিখিতগুলির মধ্যে কোনটি তার উপসর্গের সবচেয়ে সম্ভাব্য কারণ?
A. অ্যামিট্রিপটিলিন
B. ফেন্সাইক্লিডিন
C. এমডিএমএ
D. হেরোইন
E. গাঁজা",,,,,
R0161,"A 50-year-old man is brought to the emergency department with progressive retrosternal chest pain and shortness of breath that started the day before. The pain is severe, worsens with inspiration, and radiates to his neck. He has also had a sore throat and neck pain the last 4 days. He remained bed-bound during this time and had poor appetite. One week ago, he underwent an upper endoscopy for peptic ulcer disease. He has type 2 diabetes mellitus, peptic ulcer disease, hyperlipidemia, and hypertension. His only medication is omeprazole. He does not smoke or drink alcohol. He appears in significant distress. His temperature is 39.1°C (102.3°F), pulse is 108/min, respirations are 28/min, and blood pressure is 88/46 mm Hg. The lungs are clear to auscultation. Cardiac examinations shows tachycardia but is otherwise unremarkable. The abdomen is soft and nontender. Oropharyngeal examination is limited because the patient is unable to open his mouth due to pain. His hematocrit is 42%, leukocyte count is 13,800/mm3, and platelet count is 205,000/mm3. The patient is intubated in the emergency department and appropriate treatment is started. Chest x-ray shows a widened mediastinum. Which of the following is most likely to have prevented this patient's condition?
A. Pericardiocentesis
B. Intravenous methylprednisolone administration
C. Intravenous ampicillin-sulbactam administration
D. Blood pressure control
E. Intravenous levofloxacin administration
""","একজন ৫০ বছর বয়সী পুরুষ রোগীকে জরুরি বিভাগের কাছে নিয়ে আসা হয়েছে প্রগতিশীল রেট্রোস্টার্নাল বুকের ব্যথা এবং শ্বাসকষ্টে, যা এক দিন আগে শুরু হয়েছে। ব্যথাটি তীব্র, শ্বাস নেওয়ার সঙ্গে বাড়ে এবং গলায় ছড়িয়ে পড়ে। তিনি গত ৪ দিনে গলা ব্যথা ও ঘাড়ের ব্যথাও অনুভব করেছেন। এই সময় তিনি বিছানায় সীমাবদ্ধ ছিলেন এবং ক্ষুধা কম ছিল। এক সপ্তাহ আগে পেপটিক আলসার রোগের জন্য উপরের এন্ডোস্কপি করা হয়েছিল। তার টাইপ ২ ডায়াবেটিস মেলিটাস, পেপটিক আলসার রোগ, হাইপারলিপিডেমিয়া ও উচ্চ রক্তচাপ রয়েছে। তিনি কেবল ওমেপ্রাজোল গ্রহণ করেন। ধূমপান বা অ্যালকোহল পান করেন না। তিনি উল্লেখযোগ্য কষ্টে আছেন। তার তাপমাত্রা ৩৯.১°C (১০২.৩°F), পালস ১০৮/মিনিট, শ্বাসপ্রশ্বাস ২৮/মিনিট এবং রক্তচাপ ৮৮/৪৬ mmHg। ফুসফুসের শব্দ স্বাভাবিক। হৃদযন্ত্রে ট্যাকিকার্ডিয়া দেখা যায় তবে অন্যথায় কোনো অস্বাভাবিকতা নেই। পেট নরম ও অসংবেদনশীল। মুখগহ্বর পরীক্ষা সীমিত কারণ রোগী ব্যথার কারণে মুখ খুলতে পারছেন না। তার হিমাটোক্রিট ৪২%, শ্বেত রক্তকণিকা সংখ্যা ১৩,৮০০/mm3 এবং প্লেটলেট সংখ্যা ২০৫,০০০/mm3। রোগীকে জরুরি বিভাগে ইন্টুবেট করা হয় এবং উপযুক্ত চিকিৎসা শুরু করা হয়। চেস্ট এক্স-রে দেখায় মিডিয়াস্টিনাম প্রশস্ত। নিম্নলিখিত কোনটি এই রোগীর অবস্থার প্রতিরোধে সবচেয়ে বেশি সহায়ক হতে পারত?
A. পেরিকার্ডিওসেন্টেসিস
B. ইন্ট্রাভেনাস মিথাইলপ্রেডনিসোলোন প্রদান
C. ইন্ট্রাভেনাস অ্যাম্পিসিলিন-সালব্যাকটাম প্রদান
D. রক্তচাপ নিয়ন্ত্রণ
E. ইন্ট্রাভেনাস লেভোফ্লোক্সাসিন প্রদান",,,,,
R0162,"A 60-year-old man comes to the emergency room for a persistent painful erection for the last 5 hours. He has a history of sickle cell trait, osteoarthritis, insomnia, social anxiety disorder, gout, type 2 diabetes mellitus, major depressive disorder, and hypertension. He drinks 1 can of beer daily, and smokes marijuana on the weekends. He takes propranolol, citalopram, trazodone, rasburicase, metformin, glyburide, lisinopril, and occasionally ibuprofen. He is alert and oriented but in acute distress. Temperature is 36.5°C(97.7°F), pulse is 105/min, and blood pressure is 145/95 mm Hg. Examination shows a rigid erection with no evidence of trauma, penile discharge, injection, or prosthesis. Which of the following is the most likely cause of his condition?
A. Trazodone
B. Marijuana use
C. Sickle cell trait
D. Citalopram
E. Propranolol","একজন ৬০ বছর বয়সী পুরুষ জরুরি বিভাগে আসেন গত ৫ ঘণ্টা ধরে অব্যাহত ব্যথাযুক্ত লিঙ্গ উত্তেজনা (ইরেকশন) নিয়ে। তার সিকল সেল ট্রেইট, অস্টিওআর্থ্রাইটিস, অনিদ্রা, সামাজিক উদ্বেগজনিত ব্যাধি, গাউট, টাইপ ২ ডায়াবেটিস মেলিটাস, প্রধান বিষণ্নতা ব্যাধি এবং উচ্চ রক্তচাপের ইতিহাস রয়েছে। তিনি প্রতিদিন এক ক্যান বিয়ার পান করেন এবং সপ্তাহান্তে মারিজুয়ানা সেবন করেন। তিনি প্রোপ্রানোলল, সিটালোপ্রাম, ট্রাজডোন, রাসবুরিকেজ, মেটফরমিন, গ্লাইবুরি্ড, লিসিনোপ্রিল এবং কখনও কখনও আইবুপ্রোফেন গ্রহণ করেন। তিনি সতর্ক ও দিশা জানেন তবে তীব্র অস্বস্তিতে আছেন। তার শারীরিক তাপমাত্রা ৩৬.৫°C (৯৭.৭°F), পালস ১০৫/মিনিট, এবং রক্তচাপ ১৪৫/৯৫ mm Hg। পরীক্ষায় কোনো ট্রমা, লিঙ্গ থেকে নিঃসরণ, ইনজেকশন বা প্রোস্থেসিসের চিহ্ন ছাড়া কঠোর ইরেকশন দেখা যায়। নিম্নলিখিতগুলির মধ্যে কোনটি তার অবস্থার সবচেয়ে সম্ভাব্য কারণ?
A. ট্রাজডোন
B. মারিজুয়ানা ব্যবহার
C. সিকল সেল ট্রেইট
D. সিটালোপ্রাম
E. প্রোপ্রানোলল",,,,,
R0163,"A 76-year-old man comes to the emergency department because of an episode of seeing jagged edges followed by loss of central vision in his right eye. The episode occurred 6 hours ago and lasted approximately 5 minutes. The patient has no pain. He has a 3-month history of intermittent blurriness out of his right eye and reports a 10-minute episode of slurred speech and left-sided facial droop that occurred 2 months ago. He has hypercholesterolemia, stable angina pectoris, hypertension, and a 5-year history of type 2 diabetes mellitus. Medications include glyburide, atorvastatin, labetalol, isosorbide, lisinopril, and aspirin. He feels well. He is oriented to person, place, and time. His temperature is 37°C (98.6°F), pulse is 76/min, respirations are 12/min, and blood pressure is 154/78 mm Hg. The extremities are well perfused with strong peripheral pulses. Ophthalmologic examination shows visual acuity of 20/30 in the left eye and 20/40 in the right eye. Visual fields are normal. Fundoscopic examination shows two pale spots along the supratemporal and inferotemporal arcade. Neurologic examination shows no focal findings. Cardiopulmonary examination shows systolic rumbling at the right carotid artery. The remainder of the examination shows no abnormalities. An ECG shows normal sinus rhythm with no evidence of ischemia. Which of the following is the most appropriate next step in management?
A. Echocardiography
B. Fluorescein angiography
C. Reassurance and follow-up
D. CT scan of the head
E. Temporal artery biopsy
F. Carotid duplex ultrasonography","৭৬ বছর বয়সী একজন পুরুষ জরুরি বিভাগে আসেন কারণ তিনি তার ডান চোখে ধারালো প্রান্তের মতো কিছু দেখেছেন এবং তারপর কেন্দ্রীয় দৃষ্টিশক্তি হারিয়ে গেছেন। এই ঘটনা ৬ ঘণ্টা আগে ঘটেছিল এবং প্রায় ৫ মিনিট স্থায়ী ছিল। রোগীর কোনো ব্যথা নেই। তিন মাস ধরে ডান চোখে মাঝে মাঝেই ঝাপসা দেখা যায় এবং তিনি ২ মাস আগে ১০ মিনিটের জন্য মন্দ কথা বলা ও বাম পাশে মুখের পেশি ঢিলা হওয়ার একটি ঘটনা ঘটার কথা জানান। তার হাইপারকোলেস্টেরলেমিয়া, স্থিতিশীল অ্যানজিনা পেক্টোরিস, উচ্চ রক্তচাপ এবং ৫ বছরের টাইপ ২ ডায়াবেটিস মেলিটাসের ইতিহাস আছে। ওষুধের মধ্যে রয়েছে গ্লাইবুরাইড, অ্যাটরভাস্ট্যাটিন, ল্যাবেটালল, আইসোসর্বাইড, লিসিনোপ্রিল এবং এস্পিরিন। তিনি ভাল বোধ করছেন। ব্যক্তি, স্থান ও সময় সম্পর্কে সচেতন। তার তাপমাত্রা ৩৭°C (৯৮.৬°F), পাল্স ৭৬/মিনিট, শ্বাসপ্রশ্বাস ১২/মিনিট, রক্তচাপ ১৫৪/৭৮ mm Hg। অঙ্গগুলি ভালভাবে পারফিউশনযুক্ত এবং শক্তিশালী পারিফেরাল পালস আছে। চক্ষু পরীক্ষায় বাম চোখে দৃষ্টিস্পষ্টতা ২০/৩০ এবং ডান চোখে ২০/৪০ দেখা যায়। ভিজ্যুয়াল ফিল্ড স্বাভাবিক। ফান্ডোস্কোপি পরীক্ষা দেখায় সুপ্রাটেম্পোরাল ও ইনফেরোটেম্পোরাল আর্কেড বরাবর দুটি হালকা দাগ। স্নায়বিক পরীক্ষায় কোনো স্থানীয় ফলাফল নেই। কার্ডিওপুলমোনারি পরীক্ষায় ডান ক্যারোটিড আর্টারিতে সিস্টোলিক রাম্বলিং শোনা যায়। বাকি পরীক্ষা কোন অস্বাভাবিকতা দেখায় না। ইসিজি স্বাভাবিক সাইনাস রিদম দেখায় এবং কোনো আইসকেমিয়া চিহ্ন নেই। নিম্নলিখিতগুলির মধ্যে পরবর্তী ব্যবস্থাপনা হিসেবে সবচেয়ে উপযুক্ত পদক্ষেপটি কী?
A. ইকোকার্ডিওগ্রাফি
B. ফ্লুরোসিন অ্যানজিওগ্রাফি
C. আশ্বাস ও অনুসরণ
D. মাথার সিটি স্ক্যান
E. টেম্পোরাল আর্টারি বায়োপসি
F. ক্যারোটিড ডুপ্লেক্স আলট্রাসাউন্ডগ্রাফি",,,,,
R0164,"A previously healthy 48-year-old man comes to the physician because of a 3-week history of progressively worsening jaundice, generalized itching, and epigastric discomfort. He also complains of nausea and loss of appetite. His stools have looked like clay for the past week. He has returned from a vacation in Thailand one week ago, where he got a new tattoo. He is sexually active with multiple partners and does not use protection. His vital signs are within normal limits. Examination shows jaundice and scleral icterus. Superficial excoriations are seen on all limbs. Abdominal examination shows no abnormalities. Serum studies show a fasting glucose level of 198 mg/dL, total bilirubin concentration of 10.6 mg/dL, direct bilirubin concentration of 9.8 mg/dl, and alkaline phosphatase activity of 450 U/L. Abdominal ultrasonography shows dilation of the biliary and pancreatic ducts and a 3-cm hypoechoic solid mass with irregular margins in the head of the pancreas. An elevation of which of the following serum findings is most specific for this patient's condition?
A. Cancer antigen 125
B. Anti-HBc immunoglobulin M
C. Elevated anti-neutrophil cytoplasmic antibodies
D. Cancer antigen 19-9
E. Glucagon
F. Alpha-fetoprotein","পূর্বে সুস্থ ৪৮ বছর বয়সী একজন পুরুষ রোগী তিন সপ্তাহের ধীরে ধীরে বাড়তে থাকা পিলিয়ার, সর্বজনীন চুলকানি এবং উপরের পেটের অস্বস্তির জন্য ডাক্তারের কাছে আসেন। তিনি বমি বমি ভাব ও ক্ষুধামন্দা নিয়ে অভিযোগ করেন। গত এক সপ্তাহ ধরে তার মল কাদার মতো দেখাচ্ছে। তিনি এক সপ্তাহ আগে থাইল্যান্ডে ছুটিতে গিয়ে নতুন ট্যাটু করিয়েছেন। তিনি বহু সঙ্গীর সঙ্গে যৌন সম্পর্ক বজায় রাখেন এবং কোনো সুরক্ষা ব্যবহার করেন না। তাঁর গুরুত্বপূর্ণ চিহ্নগুলো স্বাভাবিক সীমার মধ্যে। পরীক্ষায় পিলিয়া ও স্ক্লেরাল আইক্টেরাস দেখা যায়। সব অঙ্গে ত্বকের ক্ষুদ্র ঘষা আছে। পেটের পরীক্ষা কোনও অসামান্যতা দেখায়নি। রক্তে উপবাস গ্লুকোজ ১৯৮ mg/dL, মোট বিলিরুবিন ১০.৬ mg/dL, ডাইরেক্ট বিলিরুবিন ৯.৮ mg/dL এবং অ্যালকালাইন ফসফাটেজ ৪৫০ U/L দেখা যায়। পেটের আলট্রাসাউন্ডে বাইলারি ও প্যানক্রিয়াটিক নালীর প্রশস্ততা এবং প্যানক্রিয়ার হেডে অনিয়মিত সীমানা বিশিষ্ট ৩ সেমি হাইপোইকোয়িক কঠিন গঠন দেখা যায়। নিম্নলিখিত কোন সিরাম পরীক্ষার বৃদ্ধি এই রোগীর অবস্থার জন্য সবচেয়ে নির্দিষ্ট?
A. ক্যান্সার অ্যান্টিজেন ১২৫
B. Anti-HBc ইমিউনোগ্লোবুলিন M
C. বাড়তি anti-neutrophil cytoplasmic antibodies
D. ক্যান্সার অ্যান্টিজেন ১৯-৯
E. গ্লুকাগন
F. আলফা-ফেটোপ্রোটিন",,,,,
R0165,"A previously healthy 21-year-old college student is brought to the emergency department because of a 10-hour history of increasing headache, stiff neck, and sensitivity to light. He returned from a mission trip to Haiti 3 weeks ago where he worked in a rural health clinic. He appears lethargic. He is oriented to person, place, and time. His temperature is 39°C (102°F), pulse is 115/min, respirations are 20/min, and blood pressure is 100/70 mm Hg. Examination shows equal and reactive pupils. There are scattered petechiae over the trunk and lower extremities. Range of motion of the neck is decreased due to pain. Neurologic examination shows no focal findings. Blood cultures are obtained and a lumbar puncture is performed. Cerebrospinal fluid (CSF) analysis shows neutrophilic pleocytosis and decreased glucose concentration. Which of the following is most likely to have prevented this patient's condition?
A. Fluconazole therapy
B. Mefloquine therapy
C. Inactivated whole-cell vaccine
D. Toxoid vaccine
E. Polysaccharide conjugate vaccine
F. Permethrin spray
G. Erythromycin therapy
H. Live attenuated vaccine","পূর্বে সুস্থ ২১ বছর বয়সী কলেজ ছাত্রকে জরুরি বিভাগে আনা হয়েছে কারণ তার মাথাব্যথা, ঘাড়ের কঠোরতা এবং আলোতে সংবেদনশীলতার দশ ঘণ্টার বৃদ্ধি ইতিহাস রয়েছে। তিনি তিন সপ্তাহ আগে হাইতি মিশন ট্রিপ থেকে ফিরে এসেছিলেন যেখানে তিনি একটি গ্রামীণ স্বাস্থ্য ক্লিনিকে কাজ করতেন। তিনি অলস দেখাচ্ছেন। ব্যক্তি, স্থান ও সময় সম্পর্কে সচেতন। তার তাপমাত্রা ৩৯°C (১০২°F), পাল্স ১১৫/মিনিট, শ্বাসপ্রশ্বাস ২০/মিনিট এবং রক্তচাপ ১০০/৭০ mm Hg। পরীক্ষায় সমান ও প্রতিক্রিয়াশীল পিউপিল দেখা যায়। ট্রাঙ্ক ও নিম্ন অঙ্গের উপর ছড়িয়ে থাকা পেটেকিয়া রয়েছে। ঘাড়ের গতি ব্যথার কারণে কমে গেছে। স্নায়বিক পরীক্ষা কোনো ফোকাল ফলাফল দেখায় না। রক্ত সংস্কৃতি নেওয়া হয় এবং লাম্বার পাংচার করা হয়। মস্তিষ্ক-শিরা তরলে (CSF) বিশ্লেষণে নিউট্রোফিলিক প্লিওসাইটোসিস ও কম গ্লুকোজ ঘনত্ব দেখা যায়। নিম্নলিখিত কোনটি এই রোগীর অবস্থাকে প্রতিরোধ করতে সবচেয়ে সম্ভাব্যভাবে সহায়তা করত?
A. ফ্লুকোনাজল থেরাপি
B. মেফ্লোকুইন থেরাপি
C. নিষ্ক্রিয় সম্পূর্ণ কোষ টিকাদান
D. টক্সয়েড টিকাদান
E. পলিস্যাকারাইড কঞ্জুগেট টিকাদান
F. পারমেথ্রিন স্প্রে
G. এরিথ্রোমাইসিন থেরাপি
H. লাইভ অ্যাটেনুয়েটেড টিকাদান",,,,,
R0166,"A 36-year-old woman comes to the physician for a follow-up visit after she had a PET scan that showed a nodule on the thyroid gland. She has no difficulty or pain while swallowing. She was treated for non-Hodgkin lymphoma at the age of 28 years, which included external beam radiation to the head and neck and 4 cycles of chemotherapy. She appears healthy. Vital signs are within normal limits. Physical examination shows no abnormalities. Serum studies show:
Glucose 82 mg/dL
Creatinine 0.7 mg/dL
Thyroid-stimulating hormone 3 μU/mL
Ultrasound of the neck shows a 1.2-cm (0.5-in) nodule on the left lobe of the thyroid with irregular margins and microcalcifications. A fine-needle aspiration biopsy shows Psammoma bodies and cells with clear, ground-glass, empty nuclei. Which of the following is the most appropriate next step in management?""
A. Percutaneous radiotherapy
B. Radioiodine therapy
C. Observation and follow-up in 3 months
D. Thyroid scintigraphy
E. Surgical excision of the nodule
F. Total thyroidectomy
""","একজন ৩৬ বছর বয়সী নারী থাইরয়েড গ্রন্থিতে একটি গাঁট দেখানো PET স্ক্যানের পর ফলো-আপ ভিজিটে ডাক্তারের কাছে আসছেন। তিনি গিলতে কোনো কষ্ট বা ব্যথা অনুভব করছেন না। ২৮ বছর বয়সে তিনি নন-হডজকিন লিম্ফোমার জন্য চিকিৎসা করিয়েছিলেন, যার মধ্যে মাথা ও ঘাড়ের বাহ্যিক বিম রেডিয়েশন এবং চার সাইকেল কেমোথেরাপি অন্তর্ভুক্ত ছিল। তিনি সুস্থ দেখাচ্ছেন। গুরুত্বপূর্ণ চিহ্নগুলো স্বাভাবিক সীমার মধ্যে। শারীরিক পরীক্ষায় কোনো অস্বাভাবিকতা পাওয়া যায়নি। সিরাম ফলাফল:
গ্লুকোজ ৮২ mg/dL
ক্রিয়েটিনিন ০.৭ mg/dL
থাইরয়েড-স্টিমুলেটিং হরমোন ৩ μU/mL
নেকের আল্ট্রাসাউন্ডে থাইরয়েডের বাম লোবের উপর ১.২ সেমি (০.৫ ইঞ্চি) গাঁট দেখা যায়, যার প্রান্ত অনিয়মিত এবং মাইক্রোক্যালসিফিকেশন রয়েছে। ফাইন-নিডল অ্যাস্পিরেশন বায়োপসিতে প্যাম্মা বডি ও স্বচ্ছ, গ্রাউন্ড-গ্লাস, শূন্য নিউক্লিয়াসযুক্ত কোষ দেখা গেছে। নিম্নের কোনটি সর্বোত্তম পরবর্তী ব্যবস্থাপনা পদক্ষেপ?
A. পারকুটেনিয়াস রেডিওথেরাপি
B. রেডিওআইডিন থেরাপি
C. পর্যবেক্ষণ এবং ৩ মাসে পুনরায় অনুসরণ
D. থাইরয়েড স্কিন্টিগ্রাফি
E. শল্যচিকিৎসা দ্বারা গাঁট অপসারণ
F. সম্পূর্ণ থাইরয়েডেকটমি",,,,,
R0167,"A 15-year-old girl is brought to the physician for a school physical examination. She feels well. She is performing well in school and getting good grades. She is 147 cm (4 ft 10 in) tall and weighs 60 kg (132 lbs); BMI is 27.6 kg/m2. Her temperature is 37°C (98.6°F), pulse is 82/min, respirations are 16/min, and blood pressure is 138/82 mm Hg in the left arm and 110/74 mm Hg in the left leg. Physical examination shows an unusually short and broad neck with bilateral excess skin folds that extend to the shoulders and low-set ears. There is an increased carrying angle when she fully extends her arms at her sides. An x-ray of the chest shows inferior rib notching. Which of the following additional findings is most likely in this patient?
A. Horseshoe adrenal gland on abdominal CT
B. Prolonged activated partial thromboplastin time
C. Triphalangeal thumb on upper extremity x-ray
D. Mitral valve prolapse on echocardiogram
E. Uterine agenesis on pelvic exam
F. Mutation of FBN1 on genetic testing
G. Streak ovaries on pelvic ultrasound
""","একজন ১৫ বছর বয়সী মেয়ে স্কুলের শারীরিক পরীক্ষার জন্য ডাক্তারের কাছে আনা হয়। তিনি স্বাস্থ্যের দিক থেকে ভাল অনুভব করছেন। তিনি বিদ্যালয়ে ভালো পারফর্ম করছেন এবং উচ্চ গ্রেড পাচ্ছেন। তার উচ্চতা ১৪৭ সেমি (৪ ফুট ১০ ইঞ্চি) এবং ওজন ৬০ কেজি (১৩২ পাউন্ড); BMI হল ২৭.৬ কেজি/মি2। তার তাপমাত্রা ৩৭°C (৯৮.৬°F), পালস ৮২/মিনিট, শ্বাসপ্রশ্বাস ১৬/মিনিট, এবং রক্তচাপ বাম বাহুতে ১৩৮/৮২ মিমি পারদ ও বাম পায়ে ১১০/৭৪ মিমি পারদ। শারীরিক পরীক্ষায় অস্বাভাবিকভাবে ছোট ও প্রশস্ত গলা দেখা যায় যার দু'পাশে অতিরিক্ত ত্বকের ভাঁজ কাঁধ পর্যন্ত প্রসারিত এবং কান নিচু অবস্থানে রয়েছে। যখন তিনি বাহুগুলি পাশে পুরোপুরি প্রসারিত করেন তখন ক্যারিিং কোণ বৃদ্ধি পায়। বক্ষের এক্স-রে দেখায় নিম্ন রিব নটচিং। নিম্নলিখিত কোন অতিরিক্ত ফলাফল এই রোগীর ক্ষেত্রে সবচেয়ে সম্ভাব্য?
A. অবডোমিনাল সিটি স্ক্যানে হর্সশু অ্যাড্রেনাল গ্রন্থি
B. দীর্ঘস্থায়ী সক্রিয় পার্শ্বিক থ্রম্বোপ্লাস্টিন সময়
C. উপরের অঙ্গের এক্স-রে-তে ত্রিফ্যালাঞ্জিয়াল থাম্ব
D. ইকোকার্ডিওগ্রামে মিট্রাল ভালভ প্রোল্যাপস
E. পেলভিক পরীক্ষায় গর্ভাশয়ের অনুপস্থিতি (অ্যাজেনেসিস)
F. জিনেটিক টেস্টে FBN1 জিনের মিউটেশন
G. পেলভিক আল্ট্রাসাউন্ডে স্ট্রিক ওভারি",,,,,
R0168,"Five days after undergoing right knee arthroplasty for osteoarthritis, a 68-year-old man has severe pain in this right knee preventing him from participating in physical therapy. On the third postoperative day when the dressing was changed, the surgical wound appeared to be intact, slightly swollen, and had a clear secretion. He has a history of diabetes, hyperlipidemia, and hypertension. Current medications include metformin, enalapril, and simvastatin. His temperature is 37.3°C (99.1°F), pulse is 94/min, and blood pressure is 130/88 mm Hg. His right knee is swollen, erythematous, and tender to palpation. There is pain on movement of the joint. The medial parapatellar skin incision appears superficially opened in its proximal and distal part with yellow-green discharge. There is blackening of the skin on both sides of the incision. Which of the following is the next best step in the management of this patient?
A. Surgical debridement
B. Nafcillin therapy
C. Skin grafting
D. Removal of prostheses
E. Vacuum dressing
F. Antiseptic dressing
""","অস্টিওআর্থ্রাইটিসের জন্য ডান হাঁটু আর্থ্রোপ্লাস্টি করার পাঁচ দিন পর, ৬৮ বছর বয়সী একজন পুরুষকে এই ডান হাঁটুর তীব্র ব্যথা হয় যা তাকে শারীরিক থেরাপিতে অংশ নিতে বাধা দেয়। পোস্ট-অপারেটিভ তৃতীয় দিনে যখন ড্রেসিং পরিবর্তন করা হয়, তখন সার্জিক্যাল ক্ষতটি অক্ষত, সামান্য ফোলা এবং পরিষ্কার স্রাবযুক্ত দেখা যায়। রোগীর ডায়াবেটিস, হাইপারলিপিডেমিয়া ও উচ্চ রক্তচাপের ইতিহাস রয়েছে। বর্তমান ঔষধে মেটফরমিন, এনালাপ্রিল এবং সিমভাস্টাটিন অন্তর্ভুক্ত। তার তাপমাত্রা ৩৭.৩°C (৯৯.১°F), পালস ৯৪/মিনিট এবং রক্তচাপ ১৩০/৮৮ mm Hg। ডান হাঁটু ফোলা, লালচে ও স্পর্শে সংবেদনশীল। জয়েন্টের গতি করার সময় ব্যথা আছে। মিডিয়াল প্যারাপাটেলার ত্বকের কাটা প্রোক্সিমাল এবং ডিস্টাল অংশে পৃষ্ঠতলে খোলামেলা দেখা যায়, হলুদ-সবুজ স্রাব সহ। কাটার উভয় পাশে ত্বকে কালচে দাগ রয়েছে। নিম্নলিখিতগুলির মধ্যে কোনটি এই রোগীর ব্যবস্থাপনার পরবর্তী সর্বোত্তম পদক্ষেপ?
A. শল্যচিকিত্সা ডেব্রাইডমেন্ট
B. নাফসিলিন থেরাপি
C. ত্বক রোপণ
D. প্রোস্থেসিস অপসারণ
E. ভ্যাকুয়াম ড্রেসিং
F. অ্যান্টিসেপটিক ড্রেসিং",,,,,
R0169,"A 54-year-old man comes to the physician because of diarrhea that has become progressively worse over the past 4 months. He currently has 4-6 episodes of foul-smelling stools per day. Over the past 3 months, he has had fatigue and a 5-kg (11-lb) weight loss. He returned from Bangladesh 6 months ago after a year-long business assignment. He has osteoarthritis and hypertension. Current medications include amlodipine and naproxen. He appears pale and malnourished. His temperature is 37.3°C (99.1°F), pulse is 76/min, and blood pressure is 140/86 mm Hg. Examination shows pale conjunctivae and dry mucous membranes. Angular stomatitis and glossitis are present. The abdomen is distended but soft and nontender. Rectal examination shows no abnormalities. Laboratory studies show:
Hemoglobin 8.9 g/dL
Leukocyte count 4100/mm3
Platelet count 160,000/mm3
Mean corpuscular volume 110 μm3
Serum
Na+ 133 mEq/L
Cl- 98 mEq/l
K+ 3.3 mEq/L
Creatinine 1.1 mg/dL
IgA 250 mg/dL
Anti-tissue transglutaminase, IgA negative
Stool culture and studies for ova and parasites are negative. Test of the stool for occult blood is negative. Fecal fat content is 22 g/day (N < 7). Fecal lactoferrin is negative and elastase is within normal limits. Which of the following is the most appropriate next step in diagnosis?""
A. CT scan of the abdomen
B. Schilling test
C. IgG against deamidated gliadin peptide
D. Serum lipase
E. Anti-Saccharomyces cerevisiae antibody
F. Enteroscopy
G. Anti-neutrophil cytoplasmic antibody
H. PAS-stained biopsy of small bowel","নিম্নলিখিতগুলির মধ্যে কোনটি নির্ণয়ের সর্বোত্তম পরবর্তী ধাপ হবে?
A. পেটের সিটি স্ক্যান
B. শিলিং টেস্ট
C. ডি-অ্যামিডেটেড গ্লিয়াডিন পেপটাইডের বিরুদ্ধে IgG
D. সিরাম লিপেজ
E. অ্যান্টি-স্যাকারোমাইসিস সেরেভিসিয়া অ্যান্টিবডি
F. এন্টারোস্কপি
G. অ্যান্টি-নিউট্রোফিল সাইটোপ্লাজমিক অ্যান্টিবডি
H. ছোট অন্ত্রের PAS-স্টেইন্ড বায়োপসি",,,,,
R0170,"A previously healthy 4-month-old girl is brought to the emergency department by her parents because she has not stopped crying for the past 5 hours. Her parents report that she has not eaten anything during this period and that they were unable to calm her down. She has not had any trauma. She was born at term via vaginal delivery and her delivery was uncomplicated. Her vital signs are within normal limits. Examination shows a reddened and swollen 2nd toe of the left foot. A photograph of the left foot is shown. Which of the following is the most likely diagnosis?
A. Raynaud phenomenon
B. Ingrown toe nail
C. Sickle cell dactylitis
D. Insect bite
E. Acute paronychia
F. Hair tourniquet syndrome
G. Cellulitis
H. Herpetic whitlow
I. Amniotic band syndrome
J. Child abuse","একজন পূর্বে সুস্থ ৪ মাসের মেয়ে তার বাবা-মায়ের মাধ্যমে জরুরি বিভাগে আনা হয়েছে কারণ গত ৫ ঘণ্টা ধরে সে কাঁদতে থামছে না। বাবা-মা জানান যে এই সময়কালে সে কিছুই খায়নি এবং তারা তাকে শান্ত করতে পারেনি। কোনো আঘাতের ইতিহাস নেই। সে পূর্ণ গর্ভধারণে স্বাভাবিক যোনি প্রসবের মাধ্যমে জন্মগ্রহণ করেছে এবং ডেলিভারি জটিলতা মুক্ত ছিল। তার গুরুত্বপূর্ণ চিহ্নগুলো স্বাভাবিক সীমার মধ্যে রয়েছে। পরীক্ষায় বাম পায়ের দ্বিতীয় আঙুল লালচে ও ফোলা দেখা যায়। বাম পায়ের একটি ছবি দেখানো হয়েছে। নিম্নলিখিতগুলির মধ্যে কোনটি সবচেয়ে সম্ভাব্য নির্ণয়?
A. রেইনডাউ ফেনোমেনন
B. আঙুলের নখে প্রবেশ করা নখ
C. সিকল সেল ড্যাক্টিলাইটিস (আঙুলের প্রদাহ)
D. কীটের কামড়
E. তীব্র পারোনিয়া
F. চুল টুর্নিকেট সিনড্রোম
G. সেলুলাইটিস
H. হার্পেটিক হুইটলো (আঙুলের হার্পিস)
I. অ্যামনিয়োটিক ব্যান্ড সিনড্রোম
J. শিশু নির্যাতন",,,,,
R0171,"A 68-year-old man comes to the physician for a routine health maintenance examination. He has had increasing shortness of breath and a productive cough for the past 1 year. He can walk up a flight of stairs without stopping. He has hypertension and his only medication is amlodipine. He has a history of asthma during childhood. He smoked 1 pack of cigarettes daily for 30 years but quit 16 years ago. He used to work at a shipyard and retired 5 years ago. His pulse is 98/min, respirations are 25/min and blood pressure is 134/88 mm Hg. Pulse oximetry on room air shows an oxygen saturation of 93%. Scattered expiratory wheezing and rhonchi are heard throughout both lung fields. Cardiac examination shows no murmurs, rubs, or gallops. Spirometry shows an FEV1:FVC ratio of 63% and an FEV1 of 65% of predicted. His diffusing capacity for carbon monoxide (DLCO) is 40% of predicted. Which of the following is the most likely cause of this patient's findings?
A. Asthma
B. Chronic bronchitis
C. Congestive heart failure
D. Pulmonary hypertension
E. Bronchiectasis
F. Emphysema
G. Asbestosis
""","একজন ৬৮ বছর বয়সী পুরুষ রুটিন স্বাস্থ্য রক্ষণাবেক্ষণ পরীক্ষার জন্য ডাক্তারের কাছে আসেন। গত এক বছরের মধ্যে তিনি শ্বাসকষ্ট বাড়ছে এবং উৎপাদনশীল কাশি হচ্ছেন। তিনি থামা ছাড়াই একটি সিঁড়ি উঠতে পারেন। তার উচ্চ রক্তচাপ আছে এবং মাত্র ওষুধটি হল অ্যামলোডিপিন। শিশুকালে তাকে হাঁপানি (অ্যাস্টমা) ছিল। তিনি ৩০ বছর ধরে প্রতিদিন এক প্যাকেট সিগারেট ধূমপান করতেন, তবে ১৬ বছর আগে ছেড়ে দিয়েছেন। তিনি শিপইয়ার্ডে কাজ করতেন এবং পাঁচ বছর আগে অবসর নিয়েছেন। তার পালস ৯৮/মিনিট, শ্বাসের হার ২৫/মিনিট এবং রক্তচাপ ১৩৪/৮৮ মিমি পারদ। ঘরের বাতাসে পল্স অক্সিমেট্রি দেখায় অক্সিজেন স্যাচুরেশন ৯৩%। উভয় ফুসফুস ক্ষেত্র জুড়ে বিস্তৃত এক্সপিরেটরি হুইজিং এবং রনকি শোনা যায়। কার্ডিয়াক পরীক্ষায় কোনো মর্মর, ঘষা বা গ্যালপস নেই। স্পাইরোমিট্রি দেখায় FEV1:FVC অনুপাত ৬৩% এবং পূর্বাভাসের তুলনায় FEV1 ৬৫%। তার ডি.এল.সি.ও (ডিফিউজিং ক্যাপাসিটি ফর কার্বন মনোঅক্সাইড) পূর্বাভাসের ৪০%। নিম্নলিখিত কোনটি এই রোগীর ফলাফলের সবচেয়ে সম্ভাব্য কারণ?
A. হাঁপানি
B. দীর্ঘস্থায়ী ব্রঙ্কাইটিস
C. কনজেস্টিভ হার্ট ফেইলিউর
D. ফুসফুসীয় উচ্চ রক্তচাপ
E. ব্রঙ্কিয়েকটেসিস
F. এমফাইসেমা
G. অ্যাসবেস্টোসিস",,,,,
R0172,"A 16-year-old girl is brought to the physician because menarche has not yet occurred. She has no history of serious illness and takes no medications. She is 162 cm (5 ft 3 in) tall and weighs 80 kg (176 lb); BMI is 31.2 kg/m2. Breast and pubic hair development is Tanner stage 4. She also has oily skin, acne, and hyperpigmentation of the intertriginous areas of her neck and axillae. The remainder of the examination, including pelvic examination, shows no abnormalities. Which of the following is the most likely explanation for this patient's amenorrhea?
A. Insensitivity to androgens
B. Elevated serum prolactin levels
C. XO chromosomal abnormality
D. Müllerian agenesis
E. Elevated LH:FSH ratio
F. Imperforate hymen
G. Elevated β-hCG levels
H. Elevated serum TSH levels
I. Elevated serum cortisol levels
""","১৬ বছর বয়সী একটি মেয়ে রোগীর কাছে আনা হয়েছে কারণ তার মাসিক এখনও শুরু হয়নি। তার কোনো গুরুতর অসুস্থতার ইতিহাস নেই এবং তিনি কোনও ওষুধ গ্রহণ করেন না। উচ্চতা ১৬২ সেমি (৫ ফুট ৩ ইঞ্চি) এবং ওজন ৮০ কেজি (১৭৬ পাউন্ড); BMI ৩১.২ কেজি/মি2। স্তন ও লোমের বিকাশ ট্যানার স্টেজ ৪। ত্বকে তেলাক্ততা, ব্রণ এবং গলা ও বগলের সংযোগস্থলে হাইপারপিগমেন্টেশন রয়েছে। পেলভিক পরীক্ষা সহ শারীরিক পরীক্ষার অন্য সব অংশে কোনো অস্বাভাবিকতা পাওয়া যায়নি। নিম্নলিখিত কোনটি এই রোগীর অ্যামেনোরিয়ার সবচেয়ে সম্ভাব্য ব্যাখ্যা?
A. অ্যান্ড্রোজেনের প্রতি সংবেদনশীলতার অভাব
B. রক্তে প্রোল্যাকটিনের মাত্রা বৃদ্ধি
C. এক্স-ও ক্রোমোসোমাল অস্বাভাবিকতা
D. মুলেরিয়ান বিকাশহীনতা
E. লুটিনাইজিং হরমোন : ফোলিকল স্টিমুলেটিং হরমোন অনুপাত বৃদ্ধি
F. বন্ধ হাইমেন
G. বেটা-এইচসিজি মাত্রা বৃদ্ধি
H. রক্তে থাইরয়েড স্টিমুলেটিং হরমোনের মাত্রা বৃদ্ধি
I. রক্তে কর্টিসল মাত্রা বৃদ্ধি",,,,,
R0173,"A 28-year-old primigravid woman comes to the physician at 27 weeks' gestation with increased urinary frequency, a burning sensation when urinating, flank pain, and nausea. Her pregnancy has been uncomplicated. Glucose tolerance testing performed at 25 weeks' gestation was normal. She is sexually active with her husband. Her only medication is a prenatal vitamin. Her pulse is 90/min, respirations are 16/min, and blood pressure is 125/75 mm Hg. Physical examination shows marked tenderness in the right costovertebral area. Pelvic examination shows a uterus consistent with 27 weeks' gestation. Her urine dipstick is positive for leukocyte esterase and nitrites. The urine is sent for bacterial culture. Which of the following changes most likely contributed to this patient's condition?
A. Decreased ureteral smooth muscle tone
B. Increased body temperature
C. Increased urine concentration
D. Decreased urine volume
E. Increased urinary pH
F. Decreased urine glucose concentration
""","একজন ২৮ বছর বয়সী প্রথম গর্ভধারণকারী নারী ২৭ সপ্তাহের গর্ভাবস্থায় ডাক্তারের কাছে আসেন, যাঁকে মূত্রত্যাগের বারবার ইচ্ছা, প্রস্রাবে জ্বালাপোড়ার অনুভূতি, পিঠের পাশে ব্যথা এবং বমি বমি ভাব হয়েছে। তার গর্ভধারণে এখন পর্যন্ত কোনো জটিলতা নেই। ২৫ সপ্তাহে করা গ্লুকোজ টলারেন্স টেস্ট স্বাভাবিক ছিল। তিনি স্বামীর সঙ্গে যৌন সক্রিয়। তাঁর একমাত্র ওষুধ হল প্রি-নাটাল ভিটামিন। পালস ৯০/মিনিট, শ্বাসপ্রশ্বাস ১৬/মিনিট এবং রক্তচাপ ১২৫/৭৫ mm Hg। শারীরিক পরীক্ষায় ডান পার্শ্বের কস্টোভার্টিব্রাল এলাকায় স্পষ্ট সংবেদনশীলতা দেখা যায়। পেলভিক পরীক্ষা দেখায় গর্ভাশয় ২৭ সপ্তাহের সমতুল্য। মূত্র ডিপস্টিকে লিউকোসাইট এসটেরেজ এবং নাইট্রাইটস পজিটিভ হয়েছে। মূত্র ব্যাকটেরিয়াল কালচার করা হবে। নিম্নলিখিত কোন পরিবর্তনটি সম্ভবত রোগীর এই অবস্থার কারণ হয়ে থাকতে পারে?
A. ইউরেটার মসৃণ পেশীর টোন হ্রাস
B. দেহের তাপমাত্রা বৃদ্ধি
C. প্রস্রাবের ঘনত্ব বৃদ্ধি
D. প্রস্রাবের পরিমাণ হ্রাস
E. প্রস্রাবের pH বৃদ্ধি
F. প্রস্রাবে গ্লুকোজের ঘনত্ব হ্রাস",,,,,
R0174,"A 28-year-old woman comes to the physician for a follow-up examination. Two months ago, she underwent left renal transplantation for recurrent glomerulonephritis. At the time of discharge, her creatinine was 0.9 mg/dL. She feels well. Current medications include tacrolimus and azathioprine. Her pulse is 85/min and blood pressure is 135/75 mmHg. Physical examination shows a well-healed surgical scar on her left lower abdomen. The remainder of the examination shows no abnormalities. The patient should be monitored for which of the following adverse effects of her medications?
A. Constipation
B. Teeth discoloration
C. Gingival hyperplasia
D. Hepatic necrosis
E. Hirsutism
F. Kidney injury
G. Polycythemia","একজন ২৮ বছর বয়সী নারী ফলো-আপ পরীক্ষার জন্য ডাক্তারের কাছে আসেন। দুই মাস আগে, পুনরাবৃত্ত গ্লোমেরুলোনেফ্রাইটিসের কারণে তিনি বাম কিডনি ট্রান্সপ্ল্যান্ট করিয়েছেন। ছাড়ার সময় তার ক্রিয়াটিনিন ০.৯ মিগ্রা/ডিএল ছিল। তিনি ভালই অনুভব করছেন। বর্তমানে তিনি ট্যাকরোলিমাস ও আজাথিওপ্রিন গ্রহণ করছেন। তার পালস ৮৫ বার/মিনিট এবং রক্তচাপ ১৩৫/৭৫ মিমি পারদ। শারীরিক পরীক্ষায় বাম নীচের পেটে ভালভাবে সেরে ওঠা সার্জিক্যাল দাগ দেখা যায়। বাকী পরীক্ষা কোনো অস্বাভাবিকতা দেখায় না। তার ওষুধের নিম্নলিখিত কোন পার্শ্বপ্রতিক্রিয়ার জন্য তাকে পর্যবেক্ষণ করা উচিত?
A. কোষ্ঠকাঠিন্য
B. দাঁতের রঙ পরিবর্তন
C. মাড়ির অতিবৃদ্ধি
D. যকৃত নেক্রোসিস
E. অনিয়ন্ত্রিত লোম বৃদ্ধি
F. কিডনি ক্ষতি
G. পলি সিথেমিয়া (লাল রক্তকণিকার অতিরিক্ত বৃদ্ধি)",,,,,
R0175,"A 7-year-old boy is brought to the emergency department because of a 3-day history of generalized fatigue, myalgia, and fever. He has sickle cell disease. His current medications include hydroxyurea and folic acid. He appears ill. His temperature is 39.2°C (102.6°F), pulse is 103/min, and respirations are 28/min. Examination shows pale conjunctivae. The lungs are clear to auscultation. The abdomen is soft and nontender. Neurologic examination shows no focal findings, His hemoglobin concentration is 10.3 g/dL and leukocyte count is 14,100/mm3. Intravenous fluid is administered and blood cultures are obtained. Which of the following is the most appropriate next step in treatment?
A. Levofloxacin
B. Exchange transfusion
C. Prednisone
D. Vancomycin
E. Clindamycin
F. Ceftriaxone","একজন ৭ বছর বয়সী ছেলে জরুরি বিভাগে আনা হয়েছে কারণ তিন দিনের সাধারণ ক্লান্তি, পেশীর ব্যথা এবং জ্বরের ইতিহাস রয়েছে। তার সিকল সেল রোগ আছে। বর্তমানে তিনি হাইড্রোক্সিউরিয়া ও ফোলিক অ্যাসিড গ্রহণ করছেন। তিনি অসুস্থ দেখাচ্ছেন। তার তাপমাত্রা ৩৯.২°C (১০২.৬°F), পালস ১০৩/মিনিট, এবং শ্বাসপ্রশ্বাসের হার ২৮/মিনিট। পরীক্ষায় প্যালি কনজাংটিভা দেখা যায়। ফুসফুসে কোনো অস্বাভাবিক শব্দ নেই। পেট নরম ও অ-সংবেদনশীল। স্নায়ু পরীক্ষা কোন স্থানীয় ফলাফল দেখায় না। তার হিমোগ্লোবিন ঘনত্ব ১০.৩ গ/ডিএল এবং লিউকোসাইট সংখ্যা ১৪,১০০/mm3। ইন্ট্রাভেনাস তরল দেওয়া হয়েছে এবং রক্তের কালচার নেওয়া হয়েছে। নিম্নলিখিতগুলির মধ্যে কোনটি সর্বোত্তম পরবর্তী চিকিৎসা পদক্ষেপ?
A. Levofloxacin
B. Exchange transfusion
C. Prednisone
D. Vancomycin
E. Clindamycin
F. Ceftriaxone",,,,,
R0176,"A 23-year-old woman is brought to the emergency department by her friend because of a 1-hour episode of confusion. Earlier that night, they were at a dance club, and the patient was very energetic and euphoric. Thirty minutes after arriving, she became agitated and nauseous. She no longer seemed to know where she was or how she got there, and she began talking to herself. She has no major medical illness. She is an undergraduate student at a local college. She does not smoke but drinks 10-14 mixed drinks each week. Her temperature is 38.3°C (100.9°F), pulse is 115/min and regular, respirations are 16/min, and blood pressure is 138/84 mm Hg. She oriented to self but not to time or place. Throughout the examination, she grinds her teeth. Her pupils are 7 mm in diameter and minimally reactive. Her skin is diffusely flushed and diaphoretic. Cardiopulmonary examination shows no abnormalities. Serum studies show:
Na+ 129 mEq/L
K+ 3.7 mEq/L
HCO3- 22 mEq/L
Creatinine 1.2 mg/dL
Glucose 81 mg/dL
Which of the following substances is the most likely cause of this patient's presentation?""
A. Phencyclidine
B. Cocaine
C. Diphenhydramine
D. Acetaminophen
E. Ecstasy
F. Codeine
G. Methamphetamine","২৩ বছর বয়সী এক নারীকে তার বন্ধু ইমার্জেন্সি বিভাগে নিয়ে এসেছে কারণ তিনি এক ঘণ্টা ধরে বিভ্রান্তির অবস্থায় ছিলেন। একই রাতে তারা একটি ড্যান্স ক্লাবে গিয়েছিলেন, এবং রোগী খুবই উদ্যমী ও উচ্ছ্বসিত ছিলেন। পৌঁছানোর ত্রিশ মিনিট পরে তিনি উত্তেজনা ও বমিভাব অনুভব করতে শুরু করেন। এরপর তিনি নিজেকে কোথায় আছেন বা কীভাবে সেখানে এসেছেন তা জানেন না এবং নিজের সঙ্গে কথা বলতে লাগলেন। তার কোনো গুরুতর রোগের ইতিহাস নেই। তিনি স্থানীয় কলেজে স্নাতকোত্তর ছাত্রা। ধূমপান করেন না, তবে সপ্তাহে ১০-১৪টি মিশ্র পানীয় গ্রহণ করেন। তাপমাত্রা ৩৮.৩°C (১০০.৯°F), পালস ১১৫/মিনিট এবং নিয়মিত, শ্বাসপ্রশ্বাস ১৬/মিনিট, রক্তচাপ ১৩৮/৮৪ mm Hg। তিনি নিজের দিকে সচেতন তবে সময় বা স্থান সম্পর্কে নয়। পরীক্ষার পুরো সময়ে তিনি দাঁত ঘষেন। তার পিউপিলের ব্যাস ৭ মিমি এবং সামান্য প্রতিক্রিয়াশীল। ত্বক ব্যাপকভাবে লাল ও ঘামযুক্ত। কার্ডিওফুস ফাংশনে কোনো অস্বাভাবিকতা নেই। সিরাম ফলাফল:
Na+ 129 mEq/L
K+ 3.7 mEq/L
HCO3- 22 mEq/L
ক্রিয়েটিনিন 1.2 mg/dL
গ্লুকোজ 81 mg/dL
নিম্নলিখিত কোন পদার্থটি এই রোগীর উপসর্গের সবচেয়ে সম্ভাব্য কারণ?""
A. ফেন্সাইক্লিডিন (Phencyclidine)
B. কোকেইন (Cocaine)
C. ডাইফেনহাইড্রামাইন (Diphenhydramine)
D. অ্যাসিটামিনোফেন (Acetaminophen)
E. একস্টেসি (Ecstasy)
F. কোডিন (Codeine)
G. মেথ্যাম্পেটামিন (Methamphetamine)",,,,,
R0177,"A 62-year-old man comes to the physician for the evaluation of lower back pain and tingling and numbness in his legs for the past 6 months. The pain radiates bilaterally to his buttocks and legs gets worse while standing or walking downhill. Two weeks ago, he had an upper respiratory tract infection that resolved spontaneously. He has hypertension and hypercholesterolemia. His son has ankylosing spondylitis. The patient does not smoke. He drinks 2-3 beers on the weekends. Current medications include enalapril and atorvastatin. He is 180 cm (5 ft 11 in) tall and weighs 90 kg (198 lb); BMI is 27.8 kg/m2. His temperature is 37°C (98.6°F), pulse is 70/min, and blood pressure is 135/85 mm Hg. There is no tenderness to palpation over the lumbar spine. Sensation to pinprick and light touch is decreased over the lower extremities. The patient's gait is unsteady and wide based. Muscle strength is normal. Deep tendon reflexes are 1+ bilaterally. Babinski's sign is absent bilaterally. Further evaluation is most likely to reveal which of the following findings?
A. Positive HLA-B27
B. Increased hemoglobin A1c
C. Positive straight leg raise
D. Albuminocytologic dissociation on CSF analysis
E. Leaning forward relieves the pain
F. Decreased ankle-brachial index","একজন 62 বছর বয়সী পুরুষ নিম্নমুখী পিঠের ব্যথা এবং গত ছয় মাস ধরে তার পায়ে ঝিনঝিনি ও অসাড়তা নিয়ে মূল্যায়নের জন্য ডাক্তারের কাছে আসেন। ব্যথা দু'পাশেই নিতম্ব ও পায়ে বিস্তার করে এবং দাঁড়িয়ে থাকা বা ঢালু পথে হাঁটার সময় বাড়ে। দুই সপ্তাহ আগে তিনি একটি উপরের শ্বাসনালী সংক্রমণ থেকে সেরে গিয়েছিলেন যা স্বয়ংক্রিয়ভাবে ঠিক হয়ে যায়। তার উচ্চ রক্তচাপ ও হাইপারকোলেস্টেরলেমিয়া রয়েছে। তার পুত্র অ্যান্কাইলোসিং স্পন্ডিলাইটিসে আক্রান্ত। রোগী ধূমপান করেন না। তিনি সপ্তাহান্তে 2-3টি বিয়ার পান করেন। বর্তমান ঔষধগুলোর মধ্যে আছে এনালাপ্রিল এবং অ্যাটরভাস্ট্যাটিন। তার উচ্চতা 180 সেমি (5 ফুট 11 ইঞ্চি) ও ওজন 90 কেজি (198 পাউন্ড); BMI হল 27.8 কেজি/মি2। তার তাপমাত্রা 37°C (98.6°F), পালস 70/মিনিট, এবং রক্তচাপ 135/85 mm Hg। লাম্বার স্পাইন-এর ওপর কোনো টেন্ডারনেস নেই। পিনপ্রিক ও হালকা স্পর্শে সংবেদনশীলতা নিম্ন অঙ্গগুলোতে কমে গেছে। রোগীর গতি অস্থির ও প্রশস্ত ভিত্তিক। মাংসপেশীর শক্তি স্বাভাবিক। ডিপ টেনডন রিফ্লেক্স দু'পাশেই 1+। বাবিনস্কি সাইন দু'পাশেই অনুপস্থিত। আরও মূল্যায়নে সবচেয়ে সম্ভাব্য কোনটি প্রকাশ পাবে?
A. HLA-B27 পজিটিভ
B. হিমোগ্লোবিন A1c বৃদ্ধি পাওয়া
C. স্ট্রেইট লেগ রেজ টেস্টে পজিটিভ ফলাফল
D. সিএসএফ বিশ্লেষণে অ্যালবুমিনোসাইটোলোজিক বিচ্ছিন্নতা
E. অগ্রে ঝুঁকে দাঁড়ালে ব্যথা কমে যায়
F. টাখা-হাতের সূচক (অ্যান্কল-ব্র্যাকিয়াল ইনডেক্স) হ্রাস পেয়েছে",,,,,
R0178,"A 32-year-old woman comes to the physician because of a throbbing left-sided headache that started 3 hours ago. Two hours ago, she took ibuprofen with no relief. She has been vomiting every 20 minutes since the start of the headache. She reports that she could not see very well for a few minutes this morning. A similar episode occurred last week. She is otherwise healthy and has recently started taking an oral contraceptive. Her vital signs are within normal limits. Physical examination shows no abnormalities except mild sensitivity to light. Visual acuity is 20/20. Which of the following is the most appropriate initial pharmacotherapy in this patient?
A. Intranasal dihydroergotamine and subcutaneous sumatriptan
B. Oral tramadol
C. Intranasal zolmitriptan and oral amitriptyline
D. Oral verapamil
E. Intravenous prochlorperazine
F. Oral propranolol
G. Oral ketorolac and oral ergotamine
""","৩২ বছর বয়সী এক নারী ডাক্তারের কাছে আসেন কারণ তার বাম পাশে তীব্র মাথাব্যথা (থ্রবিং) হয়েছে যা ৩ ঘণ্টা আগে শুরু হয়। দুই ঘন্টা আগে তিনি ইবুপ্রোফেন নিয়েছিলেন কিন্তু কোনো উপশম পাননি। মাথাব্যথার শুরুর পর থেকে প্রতি ২০ মিনিটে বমি করছেন। তিনি জানান যে আজ সকালে কয়েক মিনিটের জন্য ভালভাবে দেখতে পারেননি। একই রকম একটি ঘটনা গত সপ্তাহেও ঘটেছিল। তিনি অন্যথায় সুস্থ এবং সম্প্রতি মৌখিক গর্ভনিরোধক গ্রহণ শুরু করেছেন। তার গুরুত্বপূর্ণ চিহ্নগুলো স্বাভাবিক সীমার মধ্যে। শারীরিক পরীক্ষায় আলোর প্রতি সামান্য সংবেদনশীলতা ছাড়া কোনো অস্বাভাবিকতা দেখা যায় না। দৃষ্টিশক্তি ২০/২০। নিম্নলিখিতগুলির মধ্যে কোনটি এই রোগীর জন্য সবচেয়ে উপযুক্ত প্রাথমিক ফার্মাকোথেরাপি?
A. নাকের মাধ্যমে ডিহাইড্রোএর্গোটামিন এবং ত্বকের নিচে সুমাট্রিপট্যান
B. মুখে নেওয়া ট্র্যামাডল
C. নাকের মাধ্যমে জোলমিট্রিপটান এবং মুখে অ্যামিট্রিপ্টিলিন
D. মুখে ভেরাপামিল
E. শিরা পথে প্রোক্লোরপারাজিন
F. মুখে প্রোপ্রানোলল
G. মুখে কেটোরোলাক এবং মুখে এর্গোটামিন",,,,,
R0179,"A 40-year-old woman comes to the physician for a 2-month history of chest pain and heartburn after meals. The patient reports that the pain is worse at night and especially when lying down. She has a history of Raynaud's disease treated with nifedipine. There is no family history of serious illness. She emigrated to the US from Nigeria 5 years ago. She does not smoke or drink alcohol. Vital signs are within normal limits. Cardiopulmonary examination shows no abnormalities. Thickening and hardening of the skin is seen on the hands and face. There are several firm, white nodules on the elbows and fingertips. Further evaluation of this patient is most likely to show which of the following findings?
A. Anti-RNA polymerase III antibodies
B. Anti-Jo-1 antibodies
C. Anti-U1 RNP antibodies
D. Anticentromere antibodies
E. Anti-Scl-70 antibodies
F. Anti-dsDNA antibodies","৪০ বছর বয়সী এক নারী ডাক্তারের কাছে দুই মাসের খাবার পর পেটের ব্যথা ও হার্টবার্ন নিয়ে আসেন। রোগী জানান যে ব্যথা রাতে এবং বিশেষ করে শোয়ার সময় বাড়ে। তার রেইনডস রোগের ইতিহাস আছে, যা নিফেডিপিন দিয়ে চিকিৎসা করা হয়েছে। গুরুতর কোনো পারিবারিক রোগের ইতিহাস নেই। তিনি ৫ বছর আগে নাইজেরিয়া থেকে যুক্তরাষ্ট্রে অভিবাসী হয়েছেন। ধূমপান বা মদ্যপান করেন না। গুরুত্বপূর্ণ চিহ্নগুলো স্বাভাবিক সীমার মধ্যে। কার্ডিওফুস ফিজিক্যাল পরীক্ষায় কোনো অস্বাভাবিকতা দেখা যায়নি। হাত ও মুখে ত্বকের পুরুত্ব এবং কঠোরতা লক্ষ্য করা যায়। কনুই ও আঙুলের ডগা অংশে কয়েকটি দৃঢ়, সাদা গাঁট (নডিউল) রয়েছে। এই রোগীর আরও মূল্যায়নে সবচেয়ে সম্ভাব্য কোন ফলাফল দেখা যাবে?
A. Anti-RNA polymerase III অ্যান্টিবডি
B. Anti-Jo-1 অ্যান্টিবডি
C. Anti-U1 RNP অ্যান্টিবডি
D. Anticentromere অ্যান্টিবডি
E. Anti-Scl-70 অ্যান্টিবডি
F. Anti-dsDNA অ্যান্টিবডি",,,,,
R0180,"A 49-year-old man comes to the physician because of tender, red nodules that appeared on his chest 3 days ago. Three weeks ago, he had similar symptoms in his right lower limb and another episode in his left foot; both episodes resolved spontaneously. He also has diarrhea and has had a poor appetite for 1 month. He has a history of dry cough and joint pain, for which he takes albuterol and aspirin as needed. He has smoked 2 packs of cigarettes daily for 15 years. He does not drink alcohol. Physical examination shows a linear, erythematous lesion on the right anterior chest wall, through which a cord-like structure can be palpated. The lungs are clear to auscultation. The abdomen is soft, nontender, and non-distended. Examination of the legs is normal. An ultrasound of the legs shows no abnormalities. Which of the following is the most appropriate next step in diagnosis of the underlying condition?
A. Serum fibrinogen level
B. Serum angiotensin-converting enzyme level
C. CT scan of the abdomen
D. X-ray of the chest
E. Serum antiphospholipid antibody level
F. Terminal ileoscopy
G. Coagulation studies
H. Ankle brachial index","একজন ৪৯ বছর বয়সী পুরুষ রোগীর বুকের ওপর তিন দিন আগে দেখা দেয়া নরম, লাল গাঁটের জন্য ডাক্তারের কাছে আসেন। তিন সপ্তাহ আগে তিনি তার ডান নিচের অঙ্গ এবং বাম পায়ে অনুরূপ উপসর্গ অনুভব করেছিলেন; উভয়টি স্বয়ংক্রিয়ভাবে সেরে গিয়েছিল। এছাড়াও তাকে এক মাস ধরে ডায়রিয়া ও ক্ষুধা কমে যাওয়া হয়েছে। তিনি শুষ্ক কাশি ও জোড়া ব্যথার ইতিহাস রয়েছে, যার জন্য প্রয়োজনমতো আলবুটেরল এবং অ্যাসপিরিন গ্রহণ করেন। তিনি ১৫ বছর ধরে প্রতিদিন দুই প্যাকেট সিগারেট ধূমপান করেন। অ্যালকোহল পান করেন না। শারীরিক পরীক্ষায় ডান সামনের বুকের দেয়ালে একটি লম্বা, লালচে দাগ দেখা যায়, যার মাধ্যমে এক ধরনের দড়ি-সদৃশ গঠন স্পর্শ করা যায়। ফুসফুসের শব্দ স্বাভাবিক। পেট নরম, অস্বস্তিহীন ও ফুলে ওঠেনি। পায়ের পরীক্ষা স্বাভাবিক। পায়ের আল্ট্রাসাউন্ডে কোনো অসামান্যতা দেখা যায়নি। নিম্নলিখিত কোনটি অন্তর্নিহিত অবস্থার নির্ণয়ের জন্য সবচেয়ে উপযুক্ত পরবর্তী পদক্ষেপ?
A. সিরাম ফাইব্রিনোজেন স্তর
B. সিরাম অ্যানজিওটেন্সিন-কনভার্টিং এনজাইম (ACE) স্তর
C. অ্যাবডোমনের সিটি স্ক্যান
D. বুকের এক্স-রে
E. সিরাম অ্যান্টি-ফসফোলিপিড অ্যান্টিবডি স্তর
F. টার্মিনাল ইলিওস্কপি
G. কোয়াগুলেশন পরীক্ষা
H. অ্যাঙ্কেল-ব্র্যাকিয়াল ইনডেক্স",,,,,
R0181,"A 56-year-old woman is brought to the emergency department by her husband because of slurred speech and left facial droop for the past 30 minutes. During this period, she has also had numbness on the left side of her face. She has never had such an episode before. She has hypertension, hypercholesterolemia, and type 2 diabetes mellitus. Her father died of lung cancer 1 week ago. The patient has smoked one pack of cigarettes daily for 30 years. She drinks one glass of wine daily. Her current medications include metformin, sitagliptin, enalapril, and atorvastatin. She is 168 cm (5 ft 6 in) tall and weighs 86 kg (190 lb); BMI is 30.5 kg/m2. She is oriented to time, place, and person. Her temperature is 37°C (98.7°F), pulse is 97/min, and blood pressure is 140/90 mm Hg. Examination shows drooping of the left side of the face. Her speech is clear. Examination shows full muscle strength. Deep tendon reflexes are 2+ bilaterally. A finger-nose test and her gait are normal. Cardiopulmonary examination shows a right-sided carotid bruit. A complete blood count and serum concentrations of creatinine, glucose, and electrolytes are within the reference ranges. An ECG shows left ventricular hypertrophy. A noncontrast CT scan of the brain shows no abnormalities. On the way back from the CT scan, her presenting symptoms resolve. Which of the following is the most likely diagnosis?
A. Conversion disorder
B. Partial seizure
C. Embolic stroke
D. Bell palsy
E. Transient ischemic attack
F. Multiple sclerosis","একজন ৫৬ বছর বয়সী নারীকে তার স্বামী জরুরি বিভাগে নিয়ে আসেন কারণ গত ৩০ মিনিট ধরে তিনি গলায় ধোঁয়া-ধোঁয়া কথা বলছেন এবং বাম পাশে মুখের ড্রপ হয়েছে। এই সময়কালে তাঁর বাম দিকে মুখে অনুভূতি হারিয়েছেন। এ ধরনের কোনো ঘটনা আগে কখনো হয়নি। তার উচ্চ রক্তচাপ, হাইপারকোলেস্টেরোলেমিয়া ও টাইপ ২ ডায়াবেটিস মেলিটাস রয়েছে। তার বাবা এক সপ্তাহ আগে ফুসফুস ক্যান্সারে মারা গেছেন। রোগী ৩০ বছর ধরে প্রতিদিন একটি প্যাক সিগারেট ধূমপান করেন এবং দৈনিক এক গ্লাস ওয়াইন পান করেন। বর্তমান ঔষধে মেটফরমিন, সিটাগ্লিপটিন, এনালাপ্রিল এবং অ্যাটরভাস্ট্যাটিন রয়েছে। তার উচ্চতা ১৬৮ সেমি (৫ ফুট ৬ ইঞ্চি) এবং ওজন ৮৬ কেজি (১৯০ পাউন্ড); BMI ৩০.৫ কেজি/মি2। তিনি সময়, স্থান ও ব্যক্তির সম্পর্কে সচেতন। তাপমাত্রা ৩৭°C (৯৮.৭°F), পালস ৯৭/মিনিট, রক্তচাপ ১৪০/৯০ mmHg। পরীক্ষায় বাম পাশে মুখের ড্রপ দেখা যায়। তার কথা পরিষ্কার। পেশীর শক্তি সম্পূর্ণ। গভীর টেন্ডন রিফ্লেক্স দু'পাশে ২+। আঙুল-নাক পরীক্ষা ও গতি স্বাভাবিক। কার্ডিওফুস ফিজিক্সে ডান পাশে ক্যারোটিড ব্রুইট শোনা যায়। CBC এবং সিরাম ক্রিয়েটিনিন, গ্লুকোজ, ইলেক্ট্রোলাইটের মাত্রা রেফারেন্স সীমার মধ্যে। ECG তে বাম ভেন্ট্রিকুলার হাইপারট্রফি দেখা যায়। মস্তিষ্কের নন-কন্ট্রাস্ট CT স্ক্যানে কোনো অস্বাভাবিকতা নেই। CT স্ক্যান থেকে ফিরে আসার পথে তার উপসর্গগুলো সরে যায়। নিম্নলিখিত কোনটি সবচেয়ে সম্ভাব্য নির্ণয়?
A. কনভার্সন ডিসঅর্ডার
B. আংশিক সিজার
C. এমবোলিক স্ট্রোক
D. বেল প্যালসি
E. অস্থায়ী ইসকেমিক আক্রমণ
F. মাল্টিপল স্ক্লেরোসিস",,,,,
R0182,"A 28-year-old woman comes to the physician because she had a positive pregnancy test at home. She reports feeling nauseated and has vomited several times over the past week. During this period, she has also had increased urinary frequency. She is sexually active with her boyfriend and they use condoms inconsistently. Her last menstrual period was 5 weeks ago. Physical examination shows no abnormalities. A urine pregnancy test is positive. A pap smear is positive for a high-grade squamous intraepithelial lesion. Colposcopy shows cervical intraepithelial neoplasia grade II and III. Which of the following is the most appropriate next step in the management of this patient?
A. Reevaluation with cytology and colposcopy 6 weeks after birth
B. Colposcopy and cytology at 6-month intervals for 12 months
C. Endocervical curettage
D. Perform loop electrosurgical excision
E. Diagnostic excisional procedure
""","একজন ২৮ বছর বয়সী নারী ডাক্তারের কাছে আসছেন কারণ তিনি বাড়িতে গর্ভধারণের টেস্টে পজিটিভ ফল পেয়েছেন। তিনি বমি বমি ভাব অনুভব করছেন এবং গত সপ্তাহে বেশ কয়েকবার বমি করেছেন। এই সময়কালে তার মূত্রত্যাগের ফ্রিকোয়েন্সি বৃদ্ধি পেয়েছে। তিনি তার বান্ধবীর সঙ্গে যৌন সক্রিয় এবং কন্ডোম অনিয়মিতভাবে ব্যবহার করেন। তাঁর শেষ মাসিক ৫ সপ্তাহ আগে ছিল। শারীরিক পরীক্ষায় কোনো অস্বাভাবিকতা দেখা যায়নি। মূত্র গর্ভধারণের টেস্ট পজিটিভ। প্যাপ স্মিয়ারে উচ্চ-গ্রেড স্কোয়ামাস ইনট্রাএপিথেলিয়াল লেশন পাওয়া গেছে। কোল্পোসকোপিতে সার্ভিক্যাল ইন্ট্রাএপিথেলিয়াল নেয়োরোসিস গ্রেড II এবং III দেখা যায়। নিম্নলিখিত কোনটি এই রোগীর ব্যবস্থাপনার সর্বোত্তম পরবর্তী ধাপ?
A. জন্মের ৬ সপ্তাহ পরে সাইটোলোজি ও কোল্পোসকপি দিয়ে পুনর্মূল্যায়ন
B. ১২ মাসের জন্য প্রতি ৬ মাসে একবার করে কোল্পোসকপি এবং সাইটোলোজি করা
C. এন্ডো-সার্ভিকাল কিউরেটেজ
D. লুপ ইলেক্ট্রোসার্জিক্যাল এক্সিশন (LEEP) সম্পাদন করা
E. ডায়াগনস্টিক এক্সিশনাল প্রক্রিয়া",,,,,
R0183,"A 26-year-old woman comes to the emergency department 30 minutes after she was bitten by her neighbor's cat. She has no history of serious illness and takes no medications. She received all recommended immunizations during childhood but has not received any since then. Vital signs are within normal limits. Physical examination shows four puncture wounds on the thenar eminence of the right hand. There is mild swelling but no erythema. There is normal range of motion of her right thumb and wrist. The wound is cleaned with povidone iodine and irrigated with saline. Which of the following is the most appropriate next step in management?
A. Obtain a wound culture
B. Administer oral amoxicillin-clavulanate
C. Close the wound surgically
D. Provide reassurance
E. Order a CT scan of the right hand
F. Close the wound with cyanoacrylate tissue adhesive
G. Administer the rabies vaccine
H. Administer tetanus toxoid and tetanus IV immunoglobulin
I. Administer oral cephalexin","২৬ বছর বয়সী এক নারী প্রতিবেশীর বিড়ালের কামড়ে ৩০ মিনিট পরে জরুরি বিভাগে আসেন। তার কোনো গুরুতর রোগের ইতিহাস নেই এবং তিনি কোনও ওষুধ গ্রহণ করেন না। শৈশবে সব সুপারিশকৃত টিকাদান সম্পন্ন করেছেন, তবে এরপর থেকে কোনটিই পাননি। জীবনীচিহ্ন স্বাভাবিক সীমার মধ্যে। শারীরিক পরীক্ষায় ডান হাতের থেনার এমিনেন্সে চারটি পাংচার ক্ষত দেখা যায়। সামান্য ফোলাভাব আছে কিন্তু কোনো লালভাব নেই। তার ডান বড় আঙুল ও কব্জির গতিসীমা স্বাভাবিক। ক্ষতকে পোভিডোন আইডিন দিয়ে পরিষ্কার করা হয়েছে এবং স্যালাইনের মাধ্যমে ধোয়া হয়েছে। নিম্নলিখিতগুলোর মধ্যে ব্যবস্থাপনার সর্বাধিক উপযুক্ত পরবর্তী পদক্ষেপ কোনটি?
A. ক্ষত থেকে কালচার নেওয়া
B. মৌখিক অ্যামোক্সিসিলিন-ক্ল্যাভুলানেট প্রদান করা
C. শল্যচিকিৎসা দ্বারা ক্ষত বন্ধ করা
D. আশ্বাস প্রদান করা
E. ডান হাতের সিটি স্ক্যান অর্ডার করা
F. সায়ানোঅ্যাক্রিলেট টিস্যু আঠা দিয়ে ক্ষত বন্ধ করা
G. রেবিস ভ্যাকসিন প্রদান করা
H. টিটেনাস টক্সয়েড এবং টিটেনাস আইভি ইমিউনোগ্লোবুলিন প্রদান করা
I. মৌখিক সেফালেক্সিন প্রদান করা",,,,,
R0184,"A 42-year-old woman, gravida 3, para 3 comes to the physician because of a 14-month history of prolonged and heavy menstrual bleeding. Menses occur at regular 28-day intervals and last 7 days with heavy flow. She also feels fatigued. She is sexually active with her husband and does not use contraception. Vital signs are within normal limits. Pelvic examination shows a firm, irregularly-shaped uterus consistent in size with a 16-week gestation. Her hemoglobin concentration is 9 g/dL, hematocrit is 30%, and mean corpuscular volume is 92 μm3. Pelvic ultrasound shows multiple intramural masses in an irregularly enlarged uterus. The ovaries appear normal bilaterally. The patient has completed childbearing and would like definitive treatment for her symptoms. Operative treatment is scheduled. Which of the following is the most appropriate next step in management?
A. Progestin-only contraceptive pills
B. Red cell concentrates
C. Danazol
D. Leuprolide
E. Levonorgestrel-releasing intrauterine device
F. Tranexamic acid
G. Methotrexate
H. Estrogen-progestin contraceptive pills","৪২ বছর বয়সী এক নারী, gravida 3, para 3, দীর্ঘস্থায়ী ও ভারী মাসিক রক্তপাতের ১৪-মাসের ইতিহাসে চিকিৎসকের কাছে আসেন। মাসিক নিয়মিত ২৮ দিনের অন্তর হয় এবং ৭ দিন ধরে ভারী প্রবাহ থাকে। তিনি ক্লান্তি অনুভব করেন। স্বামীর সঙ্গে যৌন সক্রিয় এবং গর্ভনিরোধক ব্যবহার করেন না। গুরুত্বপূর্ণ চিহ্নগুলো স্বাভাবিক সীমার মধ্যে। পেলভিক পরীক্ষা দেখায় একটি দৃঢ়, অনিয়মিত আকৃতির জরায়ু যা ১৬-সপ্তাহের গর্ভধারণের সমান আকারের। হিমোগ্লোবিন ঘনত্ব ৯ g/dL, হেমাটোক্রিট ৩০%, এবং মীন কর্পাসকুলার ভলিউম ৯২ μm3। পেলভিক আল্ট্রাসাউন্ডে অনিয়মিতভাবে বড় হওয়া জরায়ুতে একাধিক ইন্ট্রমুরাল মাসা দেখা যায়। ডিম্বাশয় দুটোই স্বাভাবিক দেখাচ্ছে। রোগী সন্তান জন্মদান শেষ করেছেন এবং তার উপসর্গের জন্য চূড়ান্ত চিকিৎসা চান। অপারেটিভ ট্রীটমেন্ট নির্ধারিত হয়েছে। নিম্নলিখিতগুলোর মধ্যে সর্বোত্তম পরবর্তী ব্যবস্থাপনা কী হবে?
A. প্রোজেস্টিন-একক গর্ভনিরোধক ট্যাবলেট
B. লাল রক্ত কণিকা সংহতি
C. ড্যানাজোল
D. লিউপ্রোলাইড
E. লেভোনর্গেস্ট্রেল-রিলিজিং ইনট্রায়ুটেরিন ডিভাইস
F. ট্র্যানেক্সামিক অ্যাসিড
G. মেথোট্রেক্সেট
H. ইস্ট্রোজেন-প্রোজেস্টিন গর্ভনিরোধক ট্যাবলেট",,,,,
R0185,"A previously healthy 5-year-old boy is brought to the physician with a recurring fever and malaise for 3 weeks. He has also had fatigue and loss of appetite. He initially presented 2 weeks ago with a maculopapular rash that has since resolved. At the time, he was given a prescription for amoxicillin-clavulanate. He denies sore throat or myalgias. He is home-schooled and has had no sick contacts. There are no pets at home, but he often visits a feline animal shelter where his mother volunteers. His temperature is 38.4°C (101.2°F). Physical examination shows a 1-cm papular lesion on the back of the right hand. He also has tender, bulky lymphadenopathy of the axillae and groin. Which of the following is the most appropriate next step in management?
A. Doxycycline therapy
B. Pyrimethamine therapy
C. Itraconazole therapy
D. Azithromycin therapy
E. Streptomycin therapy
F. Supportive care alone
""","একজন পূর্বে সুস্থ ৫ বছর বয়সী ছেলে তিন সপ্তাহ ধরে পুনরাবৃত্ত জ্বর ও ক্লান্তি নিয়ে ডাক্তারের কাছে আনা হয়েছে। তার অতিরিক্ত ক্লান্তি এবং ক্ষুধামন্দা রয়েছে। দুই সপ্তাহ আগে তিনি একটি ম্যাকুলোপ্যাপুলার র‍্যাশ দিয়ে উপস্থিত হন, যা এখন সেরে গেছে। সেই সময় তাকে অ্যামোক্সিসিলিন-ক্লাভুলানেটের প্রেসক্রিপশন দেওয়া হয়েছিল। তিনি গলা ব্যথা বা পেশীব্যথা না বলে জানান। তিনি হোম-স্কুলিং করেন এবং কোনো রোগে আক্রান্ত পরিচিত নেই। বাড়িতে কোনও পোষা প্রাণী নেই, তবে তিনি প্রায়ই একটি বিড়াল শেল্টার পরিদর্শন করেন যেখানে তার মা স্বেচ্ছাসেবক হিসেবে কাজ করেন। তার তাপমাত্রা ৩৮.৪°C (১০১.২°F)। শারীরিক পরীক্ষায় ডান হাতের পেছনে ১ সেমি আকারের একটি প্যাপুলার লেশন দেখা যায়। এছাড়াও অক্ষিল্লা ও গোড়ালির টেন্ডার, বড় লিম্ফ নোড বৃদ্ধি রয়েছে। নিম্নলিখিতগুলোর মধ্যে কোনটি সর্বাধিক উপযুক্ত পরবর্তী ব্যবস্থাপনা পদক্ষেপ?
A. ডক্সিসাইক্লিন থেরাপি
B. পাইরিমেথামিন থেরাপি
C. ইট্রাকোনাজল থেরাপি
D. আজিথ্রোমাইসিন থেরাপি
E. স্ট্রেপ্টোমাইসিন থেরাপি
F. শুধুমাত্র সহায়ক যত্ন",,,,,
R0186,"A 27-year-old woman comes to the emergency department because of progressive numbness and weakness in her left arm and left leg for 2 days. During this period, she has also had urinary urgency and incontinence. Three months ago, she had blurry vision, difficulty distinguishing colors, and headache for one week, all of which have resolved. The patient has smoked a half pack of cigarettes daily for 10 years and drinks four glasses of wine each week. Her temperature is 37°C (98.6°F), pulse is 78/min, respirations are 14/min, and blood pressure is 110/68 mm Hg. Examination shows 3/5 strength in the left arm and leg, and 5/5 strength on the right side. Upon flexion of the neck, the patient experiences a shooting electric sensation that travels down the spine. MRI of the brain shows gadolinium-enhancing lesions in the right central sulcus, cervical spinal cord, and optic nerve. Which of the following is the most appropriate next step in the management of this patient?
A. Dimethyl fumarate therapy
B. Interferon beta therapy
C. Administer lorazepam
D. Administer IV methylprednisolone
E. Plasmapheresis
F. Administer tissue plasminogen activator
G. Glatiramer acetate therapy","একজন ২৭ বছর বয়সী নারী জরুরি বিভাগে আসেন কারণ গত দুই দিন ধরে তার বাম বাহু ও বাম পায়ের ক্রমবর্ধমান অসংবেদনশীলতা এবং দুর্বলতা। এই সময়কালে তিনি মূত্রত্যাগের তীব্র ইচ্ছা এবং অপ্রতিরোধ্য মূত্রত্যাগের সমস্যাও অনুভব করছেন। তিন মাস আগে, তিনি এক সপ্তাহ ধরে ঝাপসা দৃষ্টি, রঙ পার্থক্য করতে অসুবিধা এবং মাথাব্যথা ছিলেন, যা এখন সেরে গেছে। রোগী ১০ বছর ধরে প্রতিদিন অর্ধ প্যাক সিগারেট ধূমপান করেন এবং প্রতি সপ্তাহে চার গ্লাস ওয়াইন পান করেন। তার তাপমাত্রা ৩৭°C (৯৮.৬°F), পালস ৭৮/মিনিট, শ্বাসপ্রশ্বাস ১৪/মিনিট, রক্তচাপ ১১০/৬৮ mm Hg। পরীক্ষায় বাম বাহু এবং পায়ে শক্তি ৩/৫ এবং ডান পাশে ৫/৫ দেখা যায়। গলায় বাঁকালে রোগী তার মেরুদণ্ড বরাবর নিচে নেমে যাওয়া একটি বিদ্যুতের শটিং অনুভব করেন। মস্তিষ্কের MRI-তে ডান সেন্ট্রাল সালকাস, সার্ভিক্যাল স্পাইনাল কর্ড এবং অপ্টিক নার্ভে গ্যাডোলিনিয়াম-এনহ্যান্সিং লেশন্স দেখা যায়। নিম্নলিখিতগুলির মধ্যে কোনটি এই রোগীর ব্যবস্থাপনার সর্বোত্তম পরবর্তী ধাপ?
A. ডাইমেথাইল ফিউমারেট থেরাপি
B. ইন্টারফেরন বিটা থেরাপি
C. লোরাজেপাম প্রদান করুন
D. IV মেথিলপ্রেডনিসোলোন দিন
E. প্লাজমাফারেসিস
F. টিস্যু প্লাসমিনোজেন অ্যাক্টিভেটর প্রদান করুন
G. গ্লাটিরামার এসিটেট থেরাপি",,,,,
R0187,"A previously healthy 4-year-old boy is brought to the physician by his parents because he has had a fever, diffuse joint pain, and a rash on his abdomen for the past week. Acetaminophen did not improve his symptoms. He emigrated from China with his family 2 years ago. He attends daycare. His immunization records are not available. His temperature is 38.5°C (101.3°F), pulse is 125/min, and blood pressure is 100/60 mm Hg. Examination shows polymorphous truncal rash. The eyes are pink with no exudate. The tongue is shiny and red, and the lips are cracked. The hands and feet are red and swollen. There is right-sided anterior cervical lymphadenopathy. Which of the following is the most appropriate next step in management?
A. Echocardiography
B. Throat culture
C. ANA measurement
D. Antistreptolysin O titer measurement
E. Viral immunoglobulin antibody assay
F. Monospot test
G. HHV-6 immunoglobulin M (IgM) detection","একজন পূর্বে সুস্থ ৪ বছর বয়সী ছেলে তার বাবা-মায়ের মাধ্যমে ডাক্তারের কাছে আনা হয়েছে কারণ গত সপ্তাহ থেকে তাকে জ্বর, বিস্তৃত সন্ধি ব্যথা এবং পেটের ওপর র্যাশ দেখা দিচ্ছে। অ্যাসিটামিনোফেন দিয়ে উপশম হয়নি। তিনি দুই বছর আগে পরিবারসহ চীন থেকে অভিবাসন করে এসেছেন। তিনি ডে-কেয়ার করেন। তার টিকাদানের রেকর্ড পাওয়া যায় না। তার তাপমাত্রা ৩৮.৫°C (১০১.৩°F), পালস ১২৫/মিনিট, এবং রক্তচাপ ১০০/৬০ mm Hg। পরীক্ষায় পলিমরফাস ট্রাঙ্কাল র্যাশ দেখা গেছে। চোখ গোলাপি কিন্তু কোনো এক্সুডেট নেই। জিহ্বা ঝকঝকে ও লাল, ঠোঁট ফাটলযুক্ত। হাত ও পা লাল এবং সুজিত। ডান পাশে অ্যান্টেরিয়র সার্ভিক্যাল লিম্ফ নোডে স্খলন দেখা যায়। নিম্নলিখিতগুলির মধ্যে কোনটি সর্বাধিক উপযুক্ত পরবর্তী ব্যবস্থাপনা পদক্ষেপ?
A. ইকোকার্ডিওগ্রাফি
B. গলা কালচার
C. অ্যান্টিনিউক্লিয়ার অ্যান্টিবডি (ANA) পরিমাপ
D. অ্যান্টিস্ট্রেপটোলাইসিন ও টাইটার পরিমাপ
E. ভাইরাল ইমিউনোগ্লোবুলিন অ্যান্টিবডি পরীক্ষা
F. মনোস্পট টেস্ট
G. এইচএইচভি-৬ ইমিউনোগ্লোবুলিন এম (IgM) সনাক্তকরণ",,,,,
R0188,"A 36-year-old woman comes to the physician because of an 8-month history of occasional tremor. The tremor is accompanied by sudden restlessness and nausea, which disrupts her daily work as a professional violinist. The symptoms worsen shortly before upcoming concerts but also appear when she goes for a walk in the city. She is concerned that she might have a neurological illness and have to give up her career. The patient experiences difficulty falling asleep because she cannot stop worrying that a burglar might break into her house. Her appetite is good. She drinks one glass of wine before performances """"to calm her nerves"""" and otherwise drinks 2-3 glasses of wine per week. The patient takes daily multivitamins as prescribed. She appears nervous. Her temperature is 36.8°C (98.2°F), pulse is 92/min, and blood pressure is 135/80 mm Hg. Mental status examination shows a full range of affect. On examination, a fine tremor on both hands is noted. She exhibits muscle tension. The remainder of the neurological exam shows no abnormalities. Which of the following is the most likely explanation for this patient's symptoms?""
A. Generalized anxiety disorder
B. Specific phobia
C. Essential tremor
D. Adjustment disorder
E. Panic disorder
F. Social anxiety disorder
G. Atypical depressive disorder","একজন ৩৬ বছর বয়সী নারী ডাক্তারের কাছে আসেন কারণ তিনি গত ৮ মাস ধরে মাঝে মাঝেই কাঁপুনি (ট্রেমর) অনুভব করছেন। এই কাঁপুনির সঙ্গে হঠাৎ করে অস্থিরতা ও বমিভাব থাকে, যা তার পেশাদার ভায়োলিনবাদক হিসেবে দৈনন্দিন কাজকে ব্যাহত করে। আসন্ন কনসার্টের আগে উপসর্গগুলো বাড়ে এবং শহরে হাঁটতে গিয়েও দেখা দেয়। তিনি উদ্বিগ্ন যে তাকে কোনো স্নায়বিক রোগ হতে পারে এবং তার ক্যারিয়ার ত্যাগ করতে হবে। রোগী ঘুমাতে সমস্যায় পড়েন কারণ তিনি ধারাবাহিকভাবে চিন্তা করেন যে চোর তার বাড়িতে ঢুকে যাবে। তাঁর ক্ষুধা ভাল আছে। পারফরম্যান্সের আগে তিনি এক গ্লাস ওয়াইন পান “নার্ভ শান্ত করার জন্য” এবং অন্যথায় সপ্তাহে ২-৩ গ্লাস ওয়াইন পান করেন। রোগী নির্ধারিতভাবে দৈনিক মাল্টিভিটামিন নেন। তিনি নার্ভাস দেখাচ্ছেন। তার তাপমাত্রা ৩৬.৮°C (৯৮.২°F), পালস ৯২/মিনিট, এবং রক্তচাপ ১৩৫/৮০ mm Hg। মানসিক অবস্থা পরীক্ষায় পূর্ণ পরিসরের আবেগ প্রকাশ দেখা যায়। পরীক্ষা করার সময় উভয় হাতে সূক্ষ্ম কাঁপুনি লক্ষ্য করা যায়। তিনি পেশীর টান দেখাচ্ছেন। স্নায়বিক পরীক্ষার বাকি অংশে কোনো অস্বাভাবিকতা নেই। নিম্নলিখিত কোনটি এই রোগীর উপসর্গের সবচেয়ে সম্ভাব্য ব্যাখ্যা?
A. সর্বজনীন উদ্বেগজনিত ব্যাধি
B. নির্দিষ্ট ভয় (ফোবিয়া)
C. মৌলিক কাঁপুনি
D. সমন্বয় ব্যাধি
E. আতঙ্কজনিত ব্যাধি
F. সামাজিক উদ্বেগজনিত ব্যাধি
G. অস্বাভাবিক বিষণ্নতা ব্যাধি",,,,,
R0189,"A 62-year-old man comes to the physician because of worsening involuntary movements of both arms for the past 7 months. He reports that certain daily activities have become more difficult to perform. His father had a similar condition that was treated with medications. The patient appears anxious. Vital signs are within normal limits. Examination shows a low-amplitude tremor bilaterally when the arms are outstretched that worsens when reaching out to grab a pen. Muscle strength and tone is normal bilaterally. Deep tendon reflexes are 2+ bilaterally. On mental status examination, his mood is good. His speech is normal in rate and rhythm. Which of the following is the most appropriate next step in management?
A. Deep brain stimulation
B. Thalamotomy
C. Levodopa and carbidopa therapy
D. Clonazepam therapy
E. Penicillamine therapy
F. Propranolol therapy","৬২ বছর বয়সী একজন পুরুষ রোগী গত ৭ মাস ধরে উভয় বাহুর অনৈচ্ছিক নড়াচড়া বাড়ার কারণে ডাক্তারের কাছে আসছেন। তিনি জানান কিছু দৈনন্দিন কাজ এখন সম্পাদনে কঠিন হয়ে পড়েছে। তার পিতারও একই রকম অবস্থা ছিল যা ওষুধের মাধ্যমে চিকিৎসা করা হয়েছিল। রোগী উদ্বিগ্ন দেখাচ্ছেন। গুরুত্বপূর্ণ চিহ্নগুলো স্বাভাবিক সীমার মধ্যে। পরীক্ষা করে দেখা যায় বাহুগুলো প্রসারিত রাখলে দু'পাশে কমমাত্রার কাঁপুনি (ট্রেমর) আছে, যা কলম ধরতে হাত বাড়ালে বেড়ে যায়। পেশীর শক্তি ও টোন উভয় পাশে স্বাভাবিক। ডিপ থোরেস রিফ্লেক্স ২+ উভয় পাশে। মানসিক অবস্থা পরীক্ষা দেখায় মেজাজ ভাল, কথা বলার গতি ও ছন্দ স্বাভাবিক। নিম্নলিখিতগুলির মধ্যে কোনটি সর্বোত্তম পরবর্তী ব্যবস্থাপনা হবে?
A. ডিপ ব্রেন স্টিমুলেশন
B. থ্যালামোটমি
C. লেভোডোপা ও কার্বিডোপা থেরাপি
D. ক্লোনাজেপাম থেরাপি
E. পেনিসিল্যামিন থেরাপি
F. প্রোপ্রানোলল থেরাপি",,,,,
R0190,"A 54-year-old man is brought to the emergency department 1 hour after an episode of loss of consciousness that lasted 3 minutes. Since awakening, he has had weakness of the left arm and leg, and his speech has been slurred. He has had a fever for 10 days. He has not had vomiting or headache. He was treated for bacterial sinusitis 3 weeks ago with amoxicillin-clavulanate. He has hypertension, hypothyroidism, hyperlipidemia, and type 2 diabetes mellitus. Current medications include amlodipine, hydrochlorothiazide, metformin, simvastatin, aspirin, and levothyroxine. His temperature is 38.6°C (101.4°F), pulse is 106/min, and blood pressure is 160/90 mm Hg. He is alert and oriented to person, place, and time. Examination shows multiple petechiae on his trunk and painless macules over both palms. A new grade 3/6 systolic murmur is heard best at the apex. He follows commands, but he slurs his words and has difficulty naming common objects. There is left facial droop. Muscle strength is 4/5 in the left upper and lower extremities. Deep tendon reflexes are 3+ on the left side and 2+ on the right side. The left big toe shows an extensor response. Fundoscopic examination shows retinal hemorrhages with white centers. Laboratory studies show:
Hemoglobin 15.3 g/dL
Leukocyte count 12,300/mm3
Serum
Na+ 136 mEq/L
Cl- 103 mEq/L
K+ 4.3 mEq/L
Glucose 108 mg/dL
Creatinine 1.1 mg/dL
Urine
Protein 1+
Glucose negative
Blood 1+
WBC 1-2/hpf
RBC 7-10/hpf
Which of the following is the most likely cause of these findings?""
A. Ruptured arteriovenous malformation
B. Ruptured saccular aneurysm
C. Todd's paralysis
D. Temporal encephalitis
E. Septic emboli
F. Intracranial tumor
G. Carotid artery stenosis
H. Vasospasm of a deep penetrating artery
I. Contiguous spread of infection","একজন ৫৪ বছর বয়সী পুরুষকে জরুরি বিভাগে নিয়ে আসা হয়েছে, যখন তিনি হঠাৎ অচেতন হয়ে ৩ মিনিটের জন্য মশাগুলো হারিয়ে গিয়েছিলেন। জেগে ওঠার পর থেকে তার বাম বাহু ও পায়ে দুর্বলতা দেখা দিচ্ছে এবং কথা বলতেও ধোঁয়াটে হচ্ছে। গত ১০ দিন ধরে তাকে জ্বর রয়েছে। বমি বা মাথাব্যথা নেই। তিনি ৩ সপ্তাহ আগে ব্যাকটেরিয়াল সাইনাসাইটিসের জন্য অ্যামোক্সিসিলিন-ক্লাভুলানেট দিয়ে চিকিৎসা করছিলেন। তার উচ্চ রক্তচাপ, হাইপোথাইরয়েডিজম, হাইপারলিপিডেমিয়া এবং টাইপ ২ ডায়াবেটিস মেলিটাস রয়েছে। বর্তমান ওষুধের মধ্যে আছে অ্যামলোডিপিন, হাইড্রোক্লোরোথিয়াজাইড, মেটফরমিন, সিমভাস্টাটিন, এস্পিরিন এবং লেভোথাইরক্সিন। তার তাপমাত্রা ৩৮.৬°C (১০১.৪°F), পালস ১০৬/মিনিট, রক্তচাপ ১৬০/৯০ mm Hg। তিনি সচেতন ও ব্যক্তি, স্থান ও সময় সম্পর্কে সঠিকভাবে জানেন। পরীক্ষা দেখায় ট্রাঙ্কে একাধিক পেটেকিয়া এবং উভয় হাতের তালুতে ব্যথাহীন মাকিউল রয়েছে। অ্যাপেক্সে সর্বোচ্চ শোনার একটি নতুন গ্রেড ৩/৬ সিস্টোলিক মর্মর শোনা যায়। তিনি আদেশ অনুসরণ করেন, তবে তার কথা ধোঁয়াটে এবং সাধারণ বস্তুগুলোর নাম বলতে কঠিন হয়। বাম মুখের পেশি ড্রপ হয়েছে। বাম উপরের ও নিচের অঙ্গের পেশীর শক্তি ৪/৫। গভীর টেন্ডন রিফ্লেক্স বামে ৩+, ডানে ২+। বাম বড় আঙুলে এক্সটেন্সর প্রতিক্রিয়া দেখা যায়। ফান্ডোস্কোপিক পরীক্ষা দেখায় সাদা কেন্দ্রসহ রেটিনাল হেমোরেজ। ল্যাব ফলাফল:
হিমোগ্লোবিন ১৫.৩ g/dL
লিউকোসাইট কাউন্ট ১২,৩০০/mm3
সিরাম
Na+ ১৩৬ mEq/L
Cl- ১০৩ mEq/L
K+ ৪.৩ mEq/L
গ্লুকোজ ১০৮ mg/dL
ক্রিয়েটিনিন ১.১ mg/dL
মূত্র
প্রোটিন ১+
গ্লুকোজ নেগেটিভ
রক্ত ১+
WBC ১-২/hpf
RBC ৭-১০/hpf

নিম্নলিখিতগুলির মধ্যে কোনটি এই ফলাফলের সবচেয়ে সম্ভাব্য কারণ?
A. ফাটে যাওয়া আর্টেরিওভেনাস ম্যালফরমেশন
B. ফাটে যাওয়া স্যাকুলার অ্যানিউরিজম
C. টড পারালাইসিস
D. টেম্পোরাল এনসেফালাইটিস
E. সেপটিক এমবোলি
F. ইন্ট্রাক্রেনিয়াল টিউমার
G. ক্যারোটিড আর্টেরি স্টেনোসিস
H. গভীর প্রবেশকারী ধমনীতে ভাসোস্পাজম
I. সংলগ্ন সংক্রমণের বিস্তার",,,,,
R0191,"A 16-year-old boy comes to the physician for the evaluation of fatigue over the past month. He reports that his energy levels are low and that he spends most of his time in his room. He also states that he is not in the mood for meeting friends. He used to enjoy playing soccer and going to the shooting range with his father, but recently stopped showing interest in these activities. He has been having difficulties at school due to concentration problems. His appetite is low. He has problems falling asleep. He states that he has thought about ending his life, but he has no specific plan. He lives with his parents, who frequently fight due to financial problems. He does not smoke. He drinks 2-3 cans of beer on the weekends. He does not use illicit drugs. He takes no medications. His vital signs are within normal limits. On mental status examination, he is oriented to person, place, and time. Physical examination shows no abnormalities. In addition to the administration of an appropriate medication, which of the following is the most appropriate next step in management?
A. Recommend family therapy
B. Contact child protective services
C. Recommend alcohol cessation
D. Hospitalization
E. Contact local police
F. Reassure the patient that he will feel better
G. Instruct parents to remove guns from the house","একজন ১৬ বছর বয়সী ছেলে গত এক মাস ধরে ক্লান্তি নিয়ে ডাক্তারের কাছে আসে। তিনি জানান তার শক্তির মাত্রা কম এবং অধিকাংশ সময় ঘরে কাটায়। বন্ধুদের সঙ্গে দেখা করার মনোভাব নেই। আগে তিনি ফুটবল খেলতে ও পিতার সাথে শুটিং রেঞ্জে যেতে উপভোগ করতেন, কিন্তু সম্প্রতি এসব কার্যকলাপে আগ্রহ হারিয়েছেন। স্কুলে মনোযোগের সমস্যার কারণে কঠিনতা হচ্ছে। তার ক্ষুধা কম এবং ঘুমাতে সমস্যা হয়। তিনি জীবনের শেষ করার কথা ভাবছেন, তবে কোনো নির্দিষ্ট পরিকল্পনা নেই। তিনি বাবা-মায়ের সঙ্গে থাকেন, যারা আর্থিক সমস্যার কারণে প্রায়ই ঝগড়া করে। ধূমপান করেন না। সপ্তাহান্তে ২-৩ ক্যান বিয়ার পান করেন। অবৈধ মাদকের ব্যবহার নেই। কোনো ওষুধ নেন না। তার গুরুত্বপূর্ণ চিহ্ন স্বাভাবিক সীমার মধ্যে। মানসিক অবস্থার পরীক্ষায় তিনি ব্যক্তি, স্থান এবং সময় সম্পর্কে সচেতন। শারীরিক পরীক্ষা কোনও অস্বাভাবিকতা দেখায় না। উপযুক্ত ঔষধের পাশাপাশি, নিম্নলিখিতগুলির মধ্যে কোনটি ব্যবস্থাপনার সর্বোত্তম পরবর্তী ধাপ হবে?
A. পরিবারিক থেরাপি সুপারিশ করুন
B. শিশু সুরক্ষা পরিষেবার সাথে যোগাযোগ করুন
C. অ্যালকোহল বন্ধ করার পরামর্শ দিন
D. হাসপাতালে ভর্তি করা
E. স্থানীয় পুলিশকে জানান
F. রোগীকে আশ্বস্ত করুন যে তিনি শিগগিরই ভাল বোধ করবেন
G. বাবা-মাকে বাড়ি থেকে বন্দুক সরিয়ে ফেলতে নির্দেশ দিন",,,,,
R0192,"A 1-year-old girl is brought to the physician because of fever and crying while passing urine for 2 days. She was born at term and has been healthy since. Three months ago, she was treated for a urinary tract infection with oral cefixime. Her temperature is 39°C (102.2°F), pulse is 144/min, and blood pressure is 85/40 mm Hg. Physical examination shows no abnormalities. Her leukocyte count is 14,000/mm3. Urine dipstick shows leukocyte esterase and nitrites; urinalysis shows WBCs and gram-negative rods. Urine culture results are pending. Renal ultrasonography shows hydronephrosis of the left kidney. Empirical antimicrobial therapy is initiated, following which the patient's symptoms improve. Which of the following is the most appropriate next step in diagnosis?
A. Cystoscopy
B. Intravenous pyelography
C. Dynamic renal scintigraphy
D. Urodynamic testing
E. Static renal scintigraphy
F. Voiding cystourethrography
G. CT scan of the abdomen and pelvis","এক বছর বয়সী একটি মেয়ে ডাক্তারের কাছে নিয়ে আসা হয়েছে কারণ ২ দিনের জন্য জ্বর এবং প্রস্রাবের সময় কাঁদছে। সে পূর্ণ গর্ভধারণে জন্মেছে এবং তখন থেকে সুস্থ ছিল। তিন মাস আগে, তাকে মৌখিক সেফিক্সিম দিয়ে ইউরিনারি ট্র্যাক্ট ইনফেকশন (UTI) এর চিকিৎসা করা হয়েছিল। তার তাপমাত্রা ৩৯°C (১০২.২°F), পালস ১৪৪/মিনিট, এবং রক্তচাপ ৮৫/৪০ mm Hg। শারীরিক পরীক্ষায় কোনো অস্বাভাবিকতা দেখা যায়নি। তার লিউকোসাইট গণনা ১৪,০০০/mm3। ইউরিন ডিপস্টিক দেখায় লিউকোসাইট এস্টেরেজ ও নাইট্রাইট; ইউরিনালিসিসে WBC এবং গ্রাম-নেগেটিভ রডস দেখা যায়। ইউরিন কালচার ফলাফল এখনও পাওয়া বাকি। কিডনি আল্ট্রাসাউন্ডে বাম কিডনির হাইড্রোনেফ্রোসিস দেখায়। এম্পেরিকাল অ্যান্টিমাইক্রোবিয়াল থেরাপি শুরু করা হয়, যার পর রোগীর উপসর্গগুলো উন্নতি করে। নিম্নলিখিতগুলোর মধ্যে কোনটি নির্ণয়ের জন্য সবচেয়ে উপযুক্ত পরবর্তী ধাপ?
A. সিস্টোস্কপি
B. ইন্ট্রাভেনাস পায়েলোগ্রাফি
C. ডাইনামিক রেনাল স্কিন্টিগ্রাফি
D. ইউরোডাইনামিক টেস্টিং
E. স্ট্যাটিক রেনাল স্কিন্টিগ্রাফি
F. ভয়েডিং সিস্টোরেথ্রোগ্রাফি
G. অ্যাবডোমেন ও পেলভিসের সিটি স্ক্যান",,,,,
R0193,"A 35-year-old woman comes to the physician because of progressive left flank pain and increased urinary frequency for the past two weeks. Her appetite is normal and she has not had any nausea or vomiting. She has a history of type 1 diabetes mellitus that is poorly controlled with insulin. She is sexually active with her boyfriend, and they use condoms inconsistently. Her temperature is 38° C (100.4° F), pulse is 90/min, and blood pressure is 120/80 mm Hg. The abdomen is soft and there is tenderness to palpation in the left lower quadrant; there is no guarding or rebound. There is tenderness to percussion along the left flank. She complains of pain when her left hip is passively extended. Her leukocyte count is 16,000/mm3 and urine pregnancy test is negative. Urinalysis shows 3+ glucose. An ultrasound of the abdomen shows no abnormalities. Which of the following is the most likely diagnosis?
A. Urinary tract infection
B. Ectopic pregnancy
C. Nephrolithiasis
D. Psoas muscle abscess
E. Uterine leiomyoma
F. Anterior cutaneous nerve entrapment
G. Appendicitis","একজন ৩৫ বছর বয়সী নারী দুই সপ্তাহ ধরে ক্রমবর্ধমান বাম পার্শ্বের ব্যথা এবং মূত্রত্যাগের ঘনত্ব বাড়ার কারণে ডাক্তারের কাছে আসেন। তার ক্ষুধা স্বাভাবিক এবং কোনো বমি বা বমিভাব নেই। তিনি টাইপ ১ ডায়াবেটিস মেলিটাসে আক্রান্ত, যা ইনসুলিন দিয়ে যথাযথভাবে নিয়ন্ত্রিত নয়। তিনি তার বান্ধবীর সঙ্গে যৌন সক্রিয় এবং কন্ডোম অনিয়মিতভাবে ব্যবহার করেন। তার তাপমাত্রা ৩৮° C (১০০.৪°F), পাল্স ৯০/মিনিট, রক্তচাপ ১২০/৮০ mm Hg। পেট নরম এবং বাম নিম্ন কোয়াড্রান্টে স্পর্শে ব্যথা আছে; কোনো গার্ডিং বা রিবাউন্ড নেই। বাম পার্শ্বের ওপর ট্যাপ করলে ব্যথা হয়। তিনি যখন বাম হিপকে প্যাসিভভাবে প্রসারিত করেন তখন ব্যথা অনুভব করেন। তার লিউকোসাইট গণনা ১৬,০০০/mm3 এবং মূত্র গর্ভধারণ পরীক্ষা নেগেটিভ। ইউরিনালাইসিসে ৩+ গ্লুকোজ দেখা যায়। পেটে আল্ট্রাসাউন্ডে কোনো অস্বাভাবিকতা নেই। নিম্নলিখিতগুলির মধ্যে কোনটি সবচেয়ে সম্ভাব্য নির্ণয়?
A. মূত্রনালী সংক্রমণ
B. বহিঃগর্ভধারণ
C. কিডনি পাথর
D. পসোয়াস পেশীর অ্যাবসেস
E. গর্ভাশয়ের লেইওমাইোমা
F. অগ্রভাগীয় কাটেনিয়াস স্নায়ুর আটক
G. আপেন্ডিসাইটিস",,,,,
R0194,"A 30-year-old woman, gravida 3, para 1, at 25 weeks' gestation comes to the physician because of mild itching of the vulva and anal region for 2 weeks. She has a history of 2 episodes of vulvovaginal candidiasis last year that both subsided following 1 week of treatment with butoconazole. Vital signs are within normal limits. Pelvic examination shows a uterus consistent in size with a 25-week gestation. There are no signs of vulvar or perianal erythema, edema, or fissures. Microscopy of an adhesive tape that was applied to the perianal region shows multiple ova. Which of the following is the most appropriate next step in management?
A. Praziquantel
B. Ivermectin
C. Albendazole
D. Pyrantel pamoate
E. Supportive therapy","৩০ বছর বয়সী এক নারী, গর্ভধারণ সংখ্যা ৩, সন্তান সংখ্যা ১, ২৫ সপ্তাহের গর্ভাবস্থায় ডাক্তারের কাছে আসছেন কারণ ভলভা ও মলদ্বার অঞ্চলে দুই সপ্তাহ ধরে হালকা চুলকানি। তিনি গত বছরে দু'বার ভল্ভোভ্যাজাইনাল ক্যান্ডিডিয়াসিসে আক্রান্ত হয়েছিলেন, যা বুটোকোনাজোল দিয়ে এক সপ্তাহের চিকিৎসায় সেরে গেছেন। তার সব গুরুত্বপূর্ণ সূচক স্বাভাবিক সীমার মধ্যে রয়েছে। পেলভিক পরীক্ষা দেখায় ২৫ সপ্তাহের গর্ভাবস্থার সঙ্গে সামঞ্জস্যপূর্ণ আকারের জরায়ু। ভলভার বা পারিয়ানাল এলাকায় কোনো লালভাব, ফোলাভাব বা ফাটল দেখা যায় না। পারিয়ানাল অঞ্চলে প্রয়োগ করা একটি আঠালো টেপের মাইক্রোস্কোপি পরীক্ষা দেখায় একাধিক ডিম্বাণু। নিম্নলিখিতগুলির মধ্যে কোনটি সর্বোত্তম পরবর্তী ব্যবস্থাপনা হবে?
A. প্রাজিকোয়ান্টেল
B. ইভারমেকটিন
C. আলবেনডাজোল
D. পাইর্যান্টেল প্যামোয়েট
E. সহায়ক থেরাপি",,,,,
R0195,"Laboratory studies, including serum vitamin B12 (cyanocobalamin), thyroxine (T4), and thyroid-stimulating hormone concentrations, are within normal limits. A lumbar puncture is performed. Cerebrospinal fluid (CSF) analysis is most likely to show which of the following?
A. Antiganglioside GM1 antibodies
B. Increased α-synuclein protein concentration
C. Increased 14-3-3 protein concentration
D. Oligoclonal bands
E. Anti-glutamic acid decarboxylase antibodies
F. Decreased β-amyloid protein concentration","ল্যাবরেটরি পরীক্ষা, যার মধ্যে সেরাম ভিটামিন বি১২ (সায়ানোকোবালামিন), থাইরক্সিন (T4), এবং থাইরয়েড-স্টিমুলেটিং হরমোনের ঘনত্ব অন্তর্ভুক্ত, সবই স্বাভাবিক সীমার মধ্যে রয়েছে। একটি লুম্বার পাঙ্কচার করা হয়। সেরিব্রোস্পাইনাল ফ্লুইড (CSF) বিশ্লেষণে সবচেয়ে সম্ভাব্য কোনটি দেখা যাবে?
A. অ্যান্টিগ্যাংলিওসাইড GM1 অ্যান্টিবডি
B. বর্ধিত α-সিনুক্লিন প্রোটিনের ঘনত্ব
C. বর্ধিত ১৪-৩-৩ প্রোটিনের ঘনত্ব
D. অলিগোক্লোনাল ব্যান্ড
E. অ্যান্টি-গ্লুটামিক অ্যাসিড ডিকার্বক্সিলেজ অ্যান্টিবডি
F. হ্রাসপ্রাপ্ত β-আমাইলয়েড প্রোটিনের ঘনত্ব",,,,,
R0196,"A 54-year-old man comes to the emergency department because of severe pain in his right leg that began suddenly 3 hours ago. He has had repeated cramping in his right calf while walking for the past 4 months, but it has never been this severe. He has type 2 diabetes mellitus, hypercholesterolemia, and hypertension. Current medications include insulin, enalapril, aspirin, and simvastatin. He has smoked one pack of cigarettes daily for 33 years. He does not drink alcohol. His pulse is 103/min and blood pressure is 136/84 mm Hg. Femoral pulses are palpable bilaterally. The popliteal and pedal pulses are absent on the right. Laboratory studies show:
Hemoglobin 16.1 g/dL
Serum
Urea nitrogen 14 mg/dL
Glucose 166 mg/dL
Creatinine 1.5 mg/dL
A CT angiogram of the right lower extremity is ordered. Which of the following is the most appropriate next step in management?""
A. Remote ischemic preconditioning
B. Administer mannitol
C. Administer ionic contrast
D. Perform postprocedural hemodialysis
E. Administer acetylcysteine
F. Administer normal saline
G. Administer sodium bicarbonate","একজন ৫৪ বছর বয়সী পুরুষ জরুরি বিভাগে আসেন কারণ তার ডান পায়ের তীব্র ব্যথা হঠাৎ করে ৩ ঘণ্টা আগে শুরু হয়েছে। গত ৪ মাস ধরে হাঁটার সময় ডান ক্যালফে পুনরাবৃত্তি ক্র্যাম্পিং হয়েছিল, তবে কখনো এতটা তীব্র ছিল না। তিনি টাইপ ২ ডায়াবেটিস মেলিটাস, হাইপারকোলেস্টেরোলেমিয়া এবং উচ্চ রক্তচাপ রোগী। বর্তমান ওষুধগুলোর মধ্যে রয়েছে ইনসুলিন, এনালাপ্রিল, অ্যাস্পিরিন এবং সিমভাস্টাটিন। তিনি ৩৩ বছর ধরে প্রতিদিন এক প্যাকেট সিগারেট ধূমপান করেন। অ্যালকোহল পান করেন না। তার পাল্স ১০৩ বিট/মিনিট এবং রক্তচাপ ১৩৬/৮৪ মি.মি. পারদ। উভয় পাশে ফিমোরাল পালস স্পর্শযোগ্য, তবে ডান দিকে পোপ্লিটিয়াল ও পেডাল পালস অনুপস্থিত। ল্যাবরেটরি ফলাফল: হেমোগ্লোবিন ১৬.১ গ্রাম/ডিএল; ইউরিয়া নাইট্রোজেন ১৪ মিগ্রা/ডিএল; গ্লুকোজ ১৬৬ মিগ্রা/ডিএল; ক্রিয়াটিনিন ১.৫ মিগ্রা/ডিএল। ডান নিম্ন অঙ্গের সিটি অ্যাঞ্জিওগ্রাম করা হয়েছে। নিম্নলিখিতগুলোর মধ্যে কোনটি ব্যবস্থাপনার সর্বোত্তম পরবর্তী ধাপ?
A. রিমোট ইস্কেমিক প্রি-কন্ডিশনিং
B. ম্যানিটল প্রদান করুন
C. আয়নিক কন্ট্রাস্ট প্রদান করুন
D. পোস্ট-প্রসিডিউরাল হিমোডায়ালিসিস সম্পাদন করুন
E. অ্যাসিটাইলসিস্টেইন প্রদান করুন
F. স্বাভাবিক লবণীয় তরল প্রদান করুন
G. সোডিয়াম বায়কার্বোনেট প্রদান করুন",,,,,
R0197,"A 57-year-old nulliparous woman comes to the physician 2 weeks after noticing a lump in her right breast. Her last mammogram was performed 4 years ago and showed no abnormalities. Menopause began 2 years ago, during which time the patient was prescribed hormone replacement therapy for severe hot flashes and vaginal dryness. Vital signs are within normal limits. Examination of the right breast shows a firm, nontender mass close to the nipple. There are no changes in the skin or nipple, and there is no palpable axillary adenopathy. The abdomen is soft and nontender; there is no organomegaly. Mammography shows a suspicious 2-cm mass adjacent to the nipple. Which of the following is the most appropriate next step in management?
A. Fine needle aspiration
B. Excisional biopsy
C. Bone scan
D. Measurement of serum CA 15-3
E. Mastectomy
F. Core needle biopsy
""","একজন ৫৭ বছর বয়সী নালিপারাস (শিশু না জন্মানো) নারী ডাক্তারের কাছে আসে দু'সপ্তাহ আগে তার ডান স্তনে গাঁট লক্ষ্য করার পর। শেষ মেমোগ্রামটি চার বছর আগে করা হয়েছিল এবং তাতে কোনো অস্বাভাবিকতা দেখা যায়নি। দুই বছর আগে মেনোপজ শুরু হয়, তখন রোগীকে গুরুতর হট ফ্ল্যাশ ও যোনি শুষ্কতার জন্য হরমোন রিপ্লেসমেন্ট থেরাপি দেওয়া হয়েছিল। সব গুরুত্বপূর্ণ চিহ্ন স্বাভাবিক সীমার মধ্যে রয়েছে। ডান স্তনের পরীক্ষা দেখায় নিপল-এর কাছাকাছি একটি দৃঢ়, অ-ব্যথাযুক্ত গাঁট। ত্বক বা নিপলে কোনো পরিবর্তন নেই এবং কোনও স্পর্শযোগ্য অ্যাক্সিলারি লিম্ফ নোডের বৃদ্ধি পাওয়া যায়নি। পেট নরম ও অ-ব্যথাযুক্ত; কোন অঙ্গবৃদ্ধি নেই। মেমোগ্রাম দেখায় নিপলের পাশে একটি সন্দেহজনক ২ সেমি গাঁট। নিম্নলিখিতগুলির মধ্যে সর্বাধিক উপযুক্ত পরবর্তী ব্যবস্থাপনা কী হবে?
A. ফাইন নিডল অ্যাস্পিরেশন
B. এক্সসিশনাল বায়োপসি
C. বোন স্ক্যান
D. সিরাম CA 15-3 এর পরিমাপ
E. মাস্টেকটমি
F. কোর নিডল বায়োপসি",,,,,
R0198,"A 20-year-old woman comes to the physician for the evaluation of fatigue and low energy levels for 2 months. She has not had fever or weight changes. She has no history of serious illness except for an episode of infectious mononucleosis 4 weeks ago. Menses occur at regular 28-day intervals and last 5 days with moderate flow. Her last menstrual period was 3 weeks ago. Her mother has Hashimoto's thyroiditis. Vital signs are within normal limits. Examination shows pale conjunctivae, inflammation of the corners of the mouth, and brittle nails. The remainder of the examination shows no abnormalities. Laboratory studies show:
Hemoglobin 10.3 g/dL
Mean corpuscular volume 74 μm3
Platelet count 280,000/mm3
Leukocyte count 6,000/mm3
Which of the following is the most appropriate initial step in management?""
A. Serum TSH measurement
B. Iron studies
C. Vitamin B12 levels
D. Hemoglobin electrophoresis
E. Peripheral blood smear
F. Direct Coombs test
G. Bone marrow biopsy","২০ বছর বয়সী এক নারী ক্লান্তি ও কম শক্তির জন্য দুই মাস ধরে ডাক্তারের কাছে আসছেন। তিনি জ্বর বা ওজন পরিবর্তন অনুভব করেননি। চার সপ্তাহ আগে ইনফেকশাস মনোনুক্লিওসিসের একটি এপিসোড ছাড়া অন্য কোনো গুরুতর রোগের ইতিহাস নেই। মেনস্ট্রুয়েশন নিয়মিত ২৮ দিনের অন্তরে হয় এবং ৫ দিন স্থায়ী, মাঝারি রক্তপাত সহ। শেষ মাসিক তিন সপ্তাহ আগে হয়েছে। তার মা হ্যাশিমোটোর থাইরয়েডাইটিসে আক্রান্ত। ভিটাল সাইন স্বাভাবিক সীমার মধ্যে। পরীক্ষায় ফ্যাকাস কনজাংটিভা, মুখের কোণার প্রদাহ এবং নখের ভঙ্গুরতা দেখা যায়। বাকি পরীক্ষা কোনো অস্বাভাবিকতা দেখায় না। ল্যাবরেটরি ফলাফল: হিমোগ্লোবিন ১০.৩ গি/ডিএল, MCV ৭৪ μm3, প্লেটলেট সংখ্যা ২৮০,০০০/mm3, লিউকোসাইট সংখ্যা ৬,০০০/mm3। নিম্নলিখিত কোনটি ব্যবস্থাপনার সর্বোত্তম প্রাথমিক ধাপ হবে?
A. সিরাম টিএসএইচ পরিমাপ
B. আয়রন পরীক্ষা
C. ভিটামিন বি১২ স্তর নির্ণয়
D. হিমোগ্লোবিন ইলেক্ট্রোফোরেসিস
E. পেরিফেরাল রক্ত স্লাইড পরীক্ষা
F. ডিরেক্ট কোম্বস টেস্ট
G. বোন ম্যারো বায়োপসি",,,,,
R0199,"A 14-year-old boy is brought to the physician because of increasing swelling of his legs and generalized fatigue for 1 month. During this period he has also had a productive cough and shortness of breath. He has been unable to carry out his daily activities. He has a history of recurrent respiratory tract infections and chronic nasal congestion since childhood. He has a 3-month history of foul-smelling and greasy stools. He is at 4th percentile for height and weight. His temperature is 37°C (98.6°F), pulse is 112/min, respirations are 23/min, and blood pressure is 104/64 mm Hg. Examination shows clubbing of his fingers and scoliosis. There is 2+ pitting edema of the lower extremities. Jugular venous distention is present. Inspiratory crackles are heard in the thorax. Cardiac examination shows a loud S2. The abdomen is mildly distended and the liver is palpated 2 cm below the right costal margin. Hepato-jugular reflux is present. Which of the following is the most likely diagnosis?
A. Myocarditis
B. Extrinsic restrictive lung disease
C. Minimal change disease
D. Hypertrophic cardiomyopathy
E. Protein malnutrition
F. α-1 antitrypsin deficiency
G. Goodpasture syndrome
H. Cystic fibrosis","১৪-বছর বয়সী এক ছেলেকে ডাক্তারের কাছে আনা হয়েছে তার পায়ের ক্রমবর্ধমান ফোলাভাব এবং এক মাস ধরে সাধারণ ক্লান্তির জন্য। এই সময়কালে তাকে উৎপাদনশীল কাশি ও শ্বাসকষ্টও হয়েছে। তিনি দৈনন্দিন কাজগুলো করতে পারছেন না। শিশুকাল থেকে পুনরাবৃত্তি শ্বাসযন্ত্রের সংক্রমণ এবং ক্রনিক নাসারন্ধ্র বন্ধ হওয়ার ইতিহাস রয়েছে। তিন মাস ধরে তার মল দুর্গন্ধযুক্ত ও তেলাক্ত। উচ্চতা ও ওজন উভয়ই ৪র্থ শতাংশে। তার তাপমাত্রা ৩৭°C (৯৮.৬°F), পালস ১১২/মিনিট, শ্বাসপ্রশ্বাস ২৩/মিনিট এবং রক্তচাপ ১০৪/৬৪ mm Hg। পরীক্ষায় আঙুলের ক্লাবিং ও স্কোলিওসিস দেখা যায়। নিম্ন অঙ্গগুলিতে ২+ পিটিং এডিমা রয়েছে। জাগুলার শিরা ফোলা আছে। থোর্যাক্সে ইনস্পিরেটরি ক্র্যাকল শোনা যায়। হৃদযন্ত্রের পরীক্ষায় উচ্চস্বরে S2 শোনায়। পেটে সামান্য ফুলে যাওয়া এবং ডান দিকের কস্টাল মার্জিনের নিচে ২ সেমি পর্যন্ত লিভার স্পর্শযোগ্য। হেপাটো-জাগুলার রিফ্লাক্স উপস্থিত। নিম্নলিখিতগুলির মধ্যে কোনটি সবচেয়ে সম্ভাব্য নির্ণয়?
A. মায়োকার্ডাইটিস
B. বহিঃস্থ সীমাবদ্ধ শ্বাসযন্ত্রের রোগ
C. ন্যূনতম পরিবর্তন রোগ
D. অতিরিক্ত পেশীযুক্ত হৃদরোগ
E. প্রোটিনের অপুষ্টি
F. আলফা-১ অ্যান্টিট্রিপসিন ঘাটতি
G. গুডপাস্টার সিনড্রোম
H. সিস্টিক ফাইব্রোসিস",,,,,
R0200,"A 70-year-old man comes to the physician because of fatigue and intermittent epigastric pain. The symptoms began about one year ago. He describes the pain as diffuse and 3 out of 10 in intensity. Recently, he has had unusually large black stools. He appears pale. His pulse is 72/min and his blood pressure is 110/70 mm Hg. Physical examination shows epigastric tenderness. A urea breath test is positive. Upper gastrointestinal endoscopy reveals an ulcerating mass in the gastric antrum. Biopsies of the mass show diffuse infiltrates of small lymphoid cells that are positive for CD20 antigen. A CT scan of the chest and abdomen shows normal regional lymph nodes. Which of the following is the most appropriate therapy with curative intent at this time?
A. Rituximab and chlorambucil
B. Distal gastrectomy with gastrojejunostomy
C. Rituximab, cyclophosphamide, adriamycin, and vincristine
D. Imatinib
E. External beam radiation therapy
F. Amoxicillin, clarithromycin, and omeprazole","৭০ বছর বয়সী একজন পুরুষ রোগীর কাছে ক্লান্তি এবং অন্তর্বর্তী এপিগ্যাস্ট্রিক ব্যথার জন্য আসেন। এই উপসর্গগুলো প্রায় এক বছর আগে শুরু হয়। তিনি ব্যথাকে বিস্তৃত ও তীব্রতা ১০ এর মধ্যে ৩ হিসেবে বর্ণনা করেন। সম্প্রতি, তার মল খুব বড় কালো রঙের হয়েছে। তিনি শ্বেতবর্ণ দেখাচ্ছেন। তাঁর পাল্স ৭২/মিনিট এবং রক্তচাপ ১১০/৭০ mm Hg। শারীরিক পরীক্ষায় এপিগ্যাস্ট্রিক টেন্ডারনেস দেখা যায়। ইউরিয়া ব্রেথ টেস্ট পজিটিভ। উপরের জিআইএন্ডোস্কপি গ্যাস্ট্রিক অ্যান্ট্রামে আলসারযুক্ত একটি মাস দেখিয়েছে। মাসের বায়োপসি থেকে ছোট লিম্ফয়েড কোষের বিস্তৃত ইনফিলট্রেট দেখা যায় যা CD20 অ্যান্টিজেনের জন্য পজিটিভ। চেস্ট ও অ্যাবডোমিনাল সিটি স্ক্যানে স্থানীয় লিম্ফ নোড স্বাভাবিক দেখায়। নিম্নলিখিতগুলির মধ্যে কোনটি বর্তমানে সর্বাধিক উপযুক্ত কিউরেটিভ থেরাপি?
A. রিটুক্সিম্যাব এবং ক্লোরামবুসিল
B. ডিস্টাল গ্যাস্ট্রেক্টমি সহ গ্যাস্ট্রোজেজুনোস্টোমি
C. রিটুক্সিম্যাব, সাইক্লোফসফামাইড, অ্যাড্রিয়ামিসিন এবং ভিঙ্ক্রিস্টিন
D. ইমাটিনিব
E. বহিরাগত কিরণ থেরাপি
F. অ্যামোক্সিসিলিন, ক্ল্যারিথ্রোমাইসিন এবং ওমেপ্রাজল",,,,,
