row_id,src_en,hyp_bn,tier,fluency,acceptable,tags,note
R0001,"A 65-year-old woman with COPD comes to the emergency department with 2-day history of worsening shortness of breath and cough. She often has a mild productive cough, but she noticed that her sputum is more yellow than usual. She has not had any recent fevers, chills, sore throat, or a runny nose. Her only medication is a salmeterol inhaler that she uses twice daily. Her temperature is 36.7°C (98°F), pulse is 104/min, blood pressure is 134/73 mm Hg, respiratory rate is 22/min, and oxygen saturation is 85%. She appears uncomfortable and shows labored breathing. Lung auscultation reveals coarse bibasilar inspiratory crackles. A plain film of the chest shows mild hyperinflation and flattening of the diaphragm but no consolidation. She is started on supplemental oxygen via nasal cannula. Which of the following is the most appropriate initial pharmacotherapy?
A. Roflumilast and prednisone
B. Albuterol and montelukast
C. Prednisone and salmeterol
D. Albuterol and theophylline
E. Prednisone and albuterol
F. Prednisone and tiotropium","৬৫ বছর বয়সী COPD রোগী নারী জরুরি বিভাগে দুই দিনের শ্বাসকষ্ট ও কাশের বৃদ্ধি নিয়ে আসেন। তিনি সাধারণত হালকা উৎপাদনশীল কাশি করেন, তবে এখন তার কফি বেশি হলুদ রঙের হয়েছে। সাম্প্রতিক কোনো জ্বর, কম্পন, গলা ব্যথা বা নাক দিয়ে পানি পড়া নেই। তাঁর একমাত্র ওষুধ হলো স্যালমেটারল ইনহেলার যা তিনি দিনে দুবার ব্যবহার করেন। তাপমাত্রা ৩৬.৭°C (৯৮°F), পালস ১০৪/মিনিট, রক্তচাপ ১৩৪/৭৩ mm Hg, শ্বাসের হার ২২/মিনিট, এবং অক্সিজেন স্যাচুরেশন ৮৫%। তিনি অস্বস্তিকর দেখায় ও শ্রমসাধ্য শ্বাস নিচ্ছেন। ফুসফুসে কুঁচকানো বেসিলার ইনস্পিরেটরি ক্র্যাকল শোনা যায়। চেস্টের প্লেইন রেডিওগ্রাফিতে হালকা হাইপারইনফ্লেশন এবং ডায়াফ্রাম সমতল দেখা যায়, তবে কোনো সংহতি নেই। তাকে নাসিকানাল ক্যানুলা দিয়ে সম্পূরক অক্সিজেন দেওয়া হয়। নিম্নের কোনটি সবচেয়ে উপযুক্ত প্রাথমিক ফার্মাকোথেরাপি?
A. রোফ্লুমিলাস্ট এবং প্রেডনিসোন
B. আলবিউটেরল এবং মন্টেলুকাস্ট
C. প্রেডনিসোন এবং স্যালমেটারল
D. আলবিউটেরল এবং থিওফাইলিন
E. প্রেডনিসোন এবং আলবিউটেরল
F. প্রেডনিসোন এবং টায়োট্রোপিয়াম",,,,,
R0007,"A 36-year-old woman with HIV comes to the physician because of a 3-day history of pain and watery discharge in her left eye. She also has blurry vision and noticed that she is more sensitive to light. Her right eye is asymptomatic. She had an episode of shingles 7 years ago. She was diagnosed with HIV 5 years ago. She admits that she takes her medication inconsistently. She wears contact lenses. Current medications include abacavir, lamivudine, efavirenz, and a nutritional supplement. Her temperature is 37°C (98.6°F), pulse is 89/min, and blood pressure is 110/70 mm Hg. Examination shows conjunctival injection of the left eye. Visual acuity is 20/20 in the right eye and 20/80 in the left eye. Extraocular movements are normal. Her CD4+ T-lymphocyte count is 90/mm3. A photograph of the left eye after fluorescein administration is shown. Which of the following is the most likely diagnosis?
A. Neurotrophic keratopathy
B. Pseudomonas keratitis
C. Herpes zoster keratitis
D. Fusarium keratitis
E. Herpes simplex keratitis
F. Acanthamoeba keratitis
""","একজন ৩৬ বছর বয়সী HIV আক্রান্ত নারী ডাক্তারের কাছে আসেন কারণ তার বাম চোখে ৩ দিনের ব্যথা ও জলীয় নিঃসরণ হয়েছে। তিনি ঝাপসা দৃষ্টিও অনুভব করছেন এবং আলোতে বেশি সংবেদনশীলতা লক্ষ্য করেছেন। তার ডান চোখে কোনো উপসর্গ নেই। তিনি ৭ বছর আগে শিংলস (হের্পেস জোস্টার) রোগে আক্রান্ত ছিলেন। ৫ বছর আগে তাকে HIV নির্ণয় করা হয়েছিল। তিনি স্বীকার করেন যে ওষুধগুলো অনিয়মিতভাবে নেন। তিনি কন্টাক্ট লেন্স ব্যবহার করেন। বর্তমান ওষুধগুলোর মধ্যে আছে এবাসাভির, ল্যামিভুডিন, ইফাভারেঞ্জ এবং একটি পুষ্টি সম্পূরক। তার তাপমাত্রা ৩৭°C (৯৮.৬°F), পালস ৮৯/মিনিট, রক্তচাপ ১১০/৭০ mm Hg। পরীক্ষায় বাম চোখের কনজাংটিভাল ইনজেকশন দেখা যায়। ভিজ্যুয়াল একিউটি ডান চোখে ২০/২০ এবং বামে ২০/৮০। অতিরিক্ত চোখের গতি স্বাভাবিক। তার CD4+ টি-লিম্ফোসাইট গণনা ৯০/mm3। ফ্লুরেসিন প্রয়োগের পর বাম চোখের একটি ছবি দেখানো হয়েছে। নিম্নলিখিতগুলোর মধ্যে কোনটি সবচেয়ে সম্ভাব্য নির্ণয়?
A. নিউরোট্রফিক কেরাটোপ্যাথি
B. পসুডোমোনাস কেরাটাইটিস
C. হার্পেস জোস্টার কেরাটাইটিস
D. ফুসারিয়াম কেরাটাইটিস
E. হার্পেস সিমপ্লেক্স কেরাটাইটিস
F. অ্যাক্যান্থামোইবা কেরাটাইটিস",,,,,
R0013,"An 81-year-old man is brought to the physician by his daughter after being found wandering on the street. His daughter says that over the past several months he has been more aggressive towards friends and family. She also reports several episodes in which he claimed to see two strangers in her apartment. He sometimes stares blankly for several minutes and does not react when addressed. He has hypertension, hyperlipidemia, and was diagnosed with Parkinson disease 10 months ago. His current medications include carbidopa-levodopa, hydrochlorothiazide, and atorvastatin. His temperature is 37°C (98.6°F), pulse is 99/min, and blood pressure is 150/85 mm Hg. He is confused and oriented to person and place but not to time. There is a resting tremor in his right upper extremities. There is muscle rigidity in the upper and lower extremities. He is able to walk without assistance but has a slow gait with short steps. Mental status examination shows short-term memory deficits. Which of the following is the most likely underlying cause of this patient's condition?
A. Lewy body deposition
B. Vascular infarcts
C. Frontotemporal lobe atrophy
D. Prion formation
E. Thiamine deficiency
F. Impaired CSF absorption","একজন ৮১ বছর বয়সী পুরুষকে তার মেয়ে ডাক্তারকের কাছে নিয়ে এসেছে, যাকে রাস্তায় ঘুরে বেড়াতে পাওয়া গিয়েছিল। তার মেয়ে বলেন যে গত কয়েক মাসে তিনি বন্ধু ও পরিবারের প্রতি বেশি আগ্রাসী হয়ে উঠেছেন। তিনি আরও জানান যে কিছু সময়ে রোগী দাবি করেছেন যে তিনি তাঁর অ্যাপার্টমেন্টে দুই অচেনা ব্যক্তিকে দেখছেন। কখনও কখনও তিনি কয়েক মিনিটের জন্য খালি চোখে তাকিয়ে থাকেন এবং সম্বোধন করলে প্রতিক্রিয়া দেন না। তার উচ্চ রক্তচাপ, হাইপারলিপিডেমিয়া আছে এবং ১০ মাস আগে পার্কিনসন রোগ নির্ণয় হয়েছে। বর্তমানে তিনি কারবিডোपा-লেভডোপা, হাইড্রোক্লোরথায়াজাইড ও অ্যাটরভাস্টেটিন গ্রহণ করছেন। তার তাপমাত্রা ৩৭°C (৯৮.৬°F), পাল্স ৯৯/মিনিট এবং রক্তচাপ ১৫০/৮৫ mmHg। তিনি বিভ্রান্ত এবং ব্যক্তি ও স্থানের প্রতি সচেতন তবে সময়ের প্রতি নয়। ডান উপরের অঙ্গে বিশ্রামকালে কম্পন রয়েছে। উপরে ও নিচে পেশীর কঠোরতা আছে। তিনি সহায়তা ছাড়াই হাঁটতে পারেন, তবে ধীর গতি ও ছোট পদক্ষেপ নেন। মানসিক পরীক্ষা দেখায় স্বল্পমেয়াদী স্মৃতির ঘাটতি। নিম্নলিখিতগুলির মধ্যে কোনটি এই রোগীর অবস্থার সবচেয়ে সম্ভাব্য অন্তর্নিহিত কারণ?
A. লুই বডি সঞ্চয়
B. রক্তনালি সংক্রান্ত ইনফার্কট
C. ফ্রন্টোটেম্পোরাল লোবের অ্যাট্রোফি
D. প্রায়ন গঠন
E. থিয়ামিন ঘাটতি
F. সিএসএফ শোষণে ব্যাঘাত",,,,,
R0014,"A 38-year-old man is brought to the emergency department after losing consciousness upon rising from his chair at work. The patient has had progressive cough, shortness of breath, fever, and chills for 6 days but did not seek medical attention for these symptoms. He appears distressed, flushed, and diaphoretic. He is 170 cm (5 ft 7 in) tall and weighs 120 kg (265 lbs); BMI is 41.5 kg/m2. His temperature is 39.4°C (102.9°F), pulse is 129/min, respirations are 22/min, and blood pressure is 91/50 mm Hg when supine. Crackles and bronchial breath sounds are heard over the right posterior hemithorax. A 2/6 midsystolic blowing murmur is heard along the left upper sternal border. Examination shows diffuse diaphoresis, flushed extremities, and dullness to percussion over the right posterior hemithorax. The abdomen is soft and nontender. Multiple nurses and physicians have been unable to attain intravenous access. A large-bore central venous catheter is inserted into the right internal jugular vein by standard sterile procedure. Which of the following is the most appropriate next step in the management of this patient?
A. Administer intravenous levofloxacin
B. Echocardiogram
C. Bronchoscopy
D. CT scan of the chest
E. Chest X-ray
F. Administer intravenous norepinephrine","একজন ৩৮ বছর বয়সী পুরুষকে জরুরি বিভাগে নিয়ে আসা হয়েছে, যিনি কাজের চেয়ার থেকে উঠে দাঁড়ানোর সময় অচেতন হয়ে যান। রোগীর শ্বাসকষ্ট, কাশি, জ্বর এবং ঠাণ্ডা লাগা সহ ৬ দিনের ক্রমবর্ধমান উপসর্গ রয়েছে, তবে তিনি এই লক্ষণগুলোর জন্য কোনো চিকিৎসা সেবা গ্রহণ করেননি। তিনি উদ্বিগ্ন, লালাচ্ছন্ন ও ঘামিয়ে আছেন। তার উচ্চতা ১৭০ সে.মি (৫ ফুট ৭ ইঞ্চি) এবং ওজন ১২০ কেজি (২৬৫ পাউন্ড); BMI ৪১.৫ কেজি/মি2। তাপমাত্রা ৩৯.৪°C (১০২.৯°F), পালস ১২৯/মিনিট, শ্বাসপ্রশ্বাস ২২/মিনিট, এবং supine অবস্থায় রক্তচাপ ৯১/৫০ mm Hg। ডান পেছনের হেমিথোর্যাক্সে ক্র্যাকল ও ব্রঙ্কিয়াল শ্বাসের শব্দ শোনা যায়। বাম উপরের স্টার্নাল সীমানা বরাবর একটি ২/৬ মাঝ-সিস্টোলিক ব্লোয়িং মর্মর শোনা যায়। পরীক্ষায় বিস্তৃত ঘাম, লালাচ্ছন্ন অঙ্গপ্রত্যঙ্গ এবং ডান পেছনের হেমিথোর্যাক্সে ট্যাপ করা হলে ধূসরতা দেখা যায়। পেট নরম ও অ-সংবেদনশীল। বহু নার্স ও ডাক্তারই শিরা প্রবেশের চেষ্টা ব্যর্থ হয়েছে। স্ট্যান্ডার্ড স্টেরাইল প্রক্রিয়ায় ডান অভ্যন্তরীণ জাগুলার ভেইনে একটি বড়-বোর সেন্ট্রাল ভেনাস ক্যাথেটার স্থাপন করা হয়। নিম্নলিখিতগুলির মধ্যে কোনটি এই রোগীর ব্যবস্থাপনার সর্বোত্তম পরবর্তী ধাপ?
A. ইন্ট্রাভেনাস লেভোফ্লোক্সাসিন প্রদান করুন
B. ইকোকার্ডিওগ্রাম
C. ব্রঙ্কোস্কপি
D. ছাতির সিটি স্ক্যান
E. ছাতির এক্স-রে
F. ইন্ট্রাভেনাস নোরএপিনেফ্রিন প্রদান করুন",,,,,
R0015,"A 71-year old man is brought to the emergency department because of progressively worsening shortness of breath and fatigue for 3 days. During the last month, he has also noticed dark colored urine. He had an upper respiratory infection 6 weeks ago. He underwent a cholecystectomy at the age of 30 years. He has hypertension, hyperlipidemia, and type 2 diabetes mellitus. He immigrated to the US from Italy 50 years ago. Current medications include simvastatin, lisinopril, and metformin. He appears pale. His temperature is 37.1°C (98.8°F), pulse is 96/min, respirations are 21/min, and blood pressure is 150/80 mm Hg. Auscultation of the heart shows a grade 4/6 systolic murmur over the right second intercostal space that radiates to the carotids. Laboratory studies show:
Leukocyte count 9,000/mm3
Hemoglobin 8.3 g/dL
Hematocrit 24%
Platelet count 180,000/mm3
LDH 212 U/L
Haptoglobin 15 mg/dL (N=41-165)
Serum
Na+ 138 mEq/L
K+ 4.5 mEq/L
CL- 102 mEq/L
HCO3- 24 mEq/L
Urea nitrogen 20 mg/dL
Creatinine 1.2 mg/dL
Total bilirubin 1.8 mg/dL
Stool testing for occult blood is negative. Direct Coombs test is negative. Echocardiography shows an aortic jet velocity of 4.2 m/s and a mean pressure gradient of 46 mm Hg. Which of the following is the most appropriate next step in management to treat this patient's anemia?""
A. Administration of corticosteroids
B. Administration of hydroxyurea
C. Supplementation with iron
D. Aortic valve replacement
E. Discontinuation of medication
""","71 বছর বয়সী একজন পুরুষকে শ্বাসকষ্ট এবং ক্লান্তি বাড়ার কারণে জরুরি বিভাগে আনা হয়েছে, যা গত ৩ দিন ধরে অবনতি হচ্ছে। শেষ মাসে তিনি গাঢ় রঙের মূত্র লক্ষ্য করেছেন। ৬ সপ্তাহ আগে তার উপরের শ্বাসযন্ত্রের সংক্রমণ হয়েছিল। ৩০ বছর বয়সে তিনি কোলেসিস্টেক্টমি করিয়েছেন। তাঁর উচ্চ রক্তচাপ, হাইপারলিপিডেমিয়া এবং টাইপ ২ ডায়াবেটিস মেলিটাস রয়েছে। তিনি ৫০ বছর আগে ইতালি থেকে যুক্তরাষ্ট্রে অভিবাসন করেন। বর্তমান ওষুধের মধ্যে সিমভাস্টাটিন, লিসিনোপ্রিল এবং মেটফরমিন অন্তর্ভুক্ত। তিনি শ্বেতবর্ণহীন দেখাচ্ছেন। তাপমাত্রা ৩৭.১°C (৯৮.৮°F), পালস ৯৬/মিনিট, শ্বাসপ্রশ্বাস ২১/মিনিট, রক্তচাপ ১৫০/৮০ mm Hg। হৃদয়ের অডিটে ডানদিকের দ্বিতীয় ইন্টারকোস্টাল স্পেসে গ্রেড ৪/৬ সিস্টোলিক মর্মর ক্যারোটিডে বিকিরণ করছে। ল্যাব ফলাফল:
লিউকোসাইট কাউন্ট ৯,০০০/mm3
হিমোগ্লোবিন ৮.৩ g/dL
হেমাটোক্রিট ২৪%
প্লেটলেট কাউন্ট ১৮০,০০০/mm3
LDH ২১২ U/L
হ্যাপ্টোগ্লোবিন ১৫ mg/dL (সাধারণ = ৪১-১৬৫)
সিরাম:
Na+ ১৩৮ mEq/L
K+ ৪.৫ mEq/L
Cl- ১০২ mEq/L
HCO3- ২৪ mEq/L
ইউরিয়া নাইট্রোজেন ২০ mg/dL
ক্রিয়েটিনিন ১.২ mg/dL
মোট বিলিরুবিন ১.৮ mg/dL
স্টুলে লুকায়িত রক্তের পরীক্ষা নেগেটিভ। ডাইরেক্ট কোম্বস টেস্ট নেগেটিভ। ইকোকার্ডিওগ্রাফি দেখিয়েছে অয়োরটিক জেট ভেলোসিটি ৪.২ m/s এবং গড় চাপ গ্রেডিয়েন্ট ৪৬ mm Hg। নিম্নলিখিত কোনটি রোগীর অ্যানিমিয়া চিকিৎসার জন্য সবচেয়ে উপযুক্ত পরবর্তী পদক্ষেপ?
A. কর্টিকোস্টেরয়েড প্রয়োগ
B. হাইড্রোক্সিউরিয়া প্রয়োগ
C. লৌহ সম্পূরণ
D. অয়োরটিক ভালভ প্রতিস্থাপন
E. ওষুধ বন্ধ করা",,,,,
R0016,"A 57-year-old man is brought to the emergency department for worsening pain and swelling of his left ankle for the past 2 hours. The pain is severe and awakened him from sleep. He has hypertension and hyperlipidemia. Current medications include hydrochlorothiazide and pravastatin. His temperature is 37.8°C (100.1°F), pulse is 105/min, and blood pressure is 148/96 mm Hg. Examination shows exquisite tenderness, erythema, and edema of the left ankle; active and passive range of motion is limited by pain. Arthrocentesis of the ankle joint yields cloudy fluid with a leukocyte count of 19,500/mm3 (80% segmented neutrophils). Gram stain is negative. A photomicrograph of the joint fluid aspirate under polarized light is shown. Which of the following is the most appropriate pharmacotherapy?
A. Probenecid
B. Allopurinol
C. Colchicine and allopurinol
D. Aspirin
E. Prednisone and indomethacin
F. Triamcinolone and probenecid
G. Colchicine
H. Ketorolac and aspirin","একজন ৫৭ বছর বয়সী পুরুষকে জরুরি বিভাগে নিয়ে আসা হয়েছে গত দুই ঘণ্টায় তার বাম গোড়ালির ব্যথা ও ফোলাভাব বাড়ার জন্য। ব্যথা তীব্র এবং ঘুম থেকে জাগিয়ে তুলেছে। তিনি উচ্চ রক্তচাপ ও হাইপারলিপিডেমিয়া রোগী। বর্তমানে তিনি হাইড্রোক্লোরোথিয়াজাইড ও প্রাভাস্টাটিন গ্রহণ করছেন। তার শরীরের তাপমাত্রা ৩৭.৮°C (১০০.১°F), পালস ১০৫/মিনিট, এবং রক্তচাপ ১৪৮/৯৬ mm Hg। পরীক্ষায় বাম গোড়ালিতে তীব্র সংবেদনশীলতা, লালভাব ও ফোলাভাব দেখা যায়; সক্রিয় ও নিষ্ক্রিয় গতিসীমা ব্যথার কারণে সীমিত। আর্থ্রোসেন্টেসিসে মেঘলা তরল পাওয়া গেছে যার শ্বেত রক্তকণিকা সংখ্যা ১৯,৫০০/mm3 (৮০% সেগমেন্টেড নিউট্রোফিল)। গ্রাম স্টেইন নেগেটিভ। ধ্রুবীয় আলোতে জয়েন্ট ফ্লুইডের ফটো-মাইক্রোগ্রাফ দেখানো হয়েছে। নিম্নলিখিতগুলির মধ্যে কোনটি সর্বাধিক উপযুক্ত ঔষধি থেরাপি?
A. Probenecid
B. Allopurinol
C. Colchicine and allopurinol
D. Aspirin
E. Prednisone and indomethacin
F. Triamcinolone and probenecid
G. Colchicine
H. Ketorolac and aspirin",,,,,
R0017,"A 24-year-old primigravid woman at 38 weeks' gestation comes to the physician for a prenatal visit. At the last two prenatal visits, transabdominal ultrasound showed the fetus in breech presentation. She has no medical conditions and only takes prenatal vitamins. Her pulse is 95/min, respirations are 16/min, and blood pressure is 130/76 mm Hg. The abdomen is soft and nontender; no contractions are felt. Pelvic examination shows a closed cervical os and a uterus consistent with 38 weeks' gestation. The fetal rate tracing shows a baseline heart rate of 152/min and 2 accelerations over 10 minutes. Repeat ultrasound today shows a persistent breech presentation. The patient states that she would like to attempt a vaginal delivery. Which of the following is the most appropriate next step in management?
A. Recommend cesarean section
B. Observe until spontaneous labor
C. Repeat ultrasound in one week
D. Offer external cephalic version
E. Offer internal podalic version","২৪ বছর বয়সী প্রথম গর্ভবতী নারী, ৩৮ সপ্তাহের গর্ভধারণে, প্রি-নাটাল ভিজিটের জন্য ডাক্তারের কাছে আসেন। শেষ দুইটি প্রি-নাটাল ভিজিটে ট্রান্সঅ্যাবডোমিনাল আল্ট্রাসাউন্ডে শিশুটি ব্রীচ পজিশনে দেখা গিয়েছিল। তার কোনো চিকিৎসা সংক্রান্ত সমস্যা নেই এবং তিনি শুধুমাত্র প্রি-নাটাল ভিটামিন গ্রহণ করেন। তার পালস ৯৫/মিনিট, শ্বাসপ্রশ্বাস ১৬/মিনিট, রক্তচাপ ১৩০/৭৬ mm Hg। পেট নরম ও অস্বেদনজনক; কোনো সংকোচন অনুভূত হয় না। পেলভিক পরীক্ষা দেখায় সের্ভিকাল ওস বন্ধ এবং গর্ভাশয় ৩৮ সপ্তাহের গর্ভধারণের সঙ্গে সামঞ্জস্যপূর্ণ। ফিটাল হার্ট রেট ট্রেসিংয়ে বেসলাইন হার্ট রেট ১৫২/মিনিট এবং ১০ মিনিটে ২টি ত্বরান্বিত বৃদ্ধি দেখা যায়। আজকের পুনরায় আল্ট্রাসাউন্ডেও ধারাবাহিকভাবে ব্রীচ পজিশন দেখানো হয়েছে। রোগী জানান তিনি যোনি মাধ্যমে ডেলিভারি করার চেষ্টা করতে চান। নিম্নলিখিতগুলির মধ্যে কোনটি সর্বোত্তম পরবর্তী ব্যবস্থাপনা পদক্ষেপ?
A. সিজারিয়ান সেকশন করার পরামর্শ দিন
B. স্বয়ংক্রিয় প্রসব পর্যন্ত পর্যবেক্ষণ করুন
C. এক সপ্তাহে আল্ট্রাসাউন্ড পুনরায় করান
D. বাহ্যিক মাথা পরিবর্তন (এক্সটার্নাল সেফ্যালিক ভার্সন) প্রস্তাব করুন
E. অভ্যন্তরীণ পডালিক ভার্সন প্রস্তাব করুন",,,,,
R0018,"A 2-month-old girl is admitted to the hospital because of a 1-day history of fever and difficulty breathing. She has also had nasal congestion for 2 days. She was born at 28 weeks' gestation and weighed 1105 g (2 lb 7 oz); she currently weighs 2118 g (4 lb 11 oz). Her neonatal course was complicated by respiratory distress syndrome. She required supplemental oxygen for 36 days following birth. She was diagnosed with bronchopulmonary dysplasia 3 weeks ago. The infant missed an appointment with the pediatrician 2 weeks ago. Her only medication is vitamin D drops. She appears lethargic. Her temperature is 38.6°C (101.4°F), pulse is 160/min, respirations are 55/min, and blood pressure is 80/45 mm Hg. Pulse oximetry on room air shows an oxygen saturation of 87%. Physical examination shows moderate subcostal retractions. Wheezing is heard on auscultation of the chest. Her hemoglobin concentration is 10.5 g/dL, leukocyte count is 13,000/mm3, and platelet count is 345,000/mm3. Mechanic ventilatory support is initiated. After 4 days in the pediatric intensive care unit, the patient dies. Administration of which of the following is most likely to have prevented this patient's outcome?
A. Ribavirin
B. Postnatal glucocorticoid
C. Ceftriaxone
D. Respiratory syncytial virus immune globulin
E. Palivizumab","২ মাস বয়সী একটি মেয়ে এক দিনের জ্বর ও শ্বাসকষ্টের ইতিহাসে হাসপাতালে ভর্তি হয়। তার নাক বন্ধ হওয়ার উপসর্গও দুই দিন ধরে রয়েছে। সে গর্ভধারণের ২৮ সপ্তাহে জন্মগ্রহণ করে এবং ওজন ছিল ১১০৫ গ্রাম (২ পাউন্ড ৭ আউন্স); বর্তমানে তার ওজন ২১১৮ গ্রাম (৪ পাউন্ড ১১ আউন্স)। নবজাতক সময়ে তাকে শ্বাসযন্ত্রের ডিস্ট্রেস সিনড্রোমে আক্রান্ত করা হয়েছিল। জন্মের পর ৩৬ দিন অতিরিক্ত অক্সিজেন প্রয়োজন ছিল। তিন সপ্তাহ আগে তাকে ব্রঙ্কোফুসিয়াল ডিসপ্লাসিয়া নির্ণয় করা হয়। দুই সপ্তাহ আগে শিশুরা পেডিয়াট্রিশিয়ানের সঙ্গে অ্যাপয়েন্টমেন্ট মিস করেছিল। তার একমাত্র ওষুধ হল ভিটামিন ডি ড্রপস। সে অলস দেখাচ্ছে। তাপমাত্রা ৩৮.৬°C (১০১.৪°F), পাল্স ১৬০/মিনিট, শ্বাসপ্রশ্বাসের হার ৫৫/মিনিট এবং রক্তচাপ ৮০/৪৫ mm Hg। কক্ষবায়ুতে পলস অক্সিমেট্রি দেখায় অক্সিজেন স্যাচুরেশন ৮৭%। শারীরিক পরীক্ষায় মাঝারি সাবকোস্টাল রিট্র্যাকশন দেখা যায়। বুকে শোনালে হুইজিং শোনা যায়। তার হেমোগ্লোবিন ঘনত্ব ১০.৫ g/dL, লিউকোসাইট সংখ্যা ১৩,০০০/mm3 এবং প্লেটলেট সংখ্যা ৩৪৫,০০০/mm3। মেকানিক্যাল ভেন্টিলেটরি সাপোর্ট শুরু করা হয়। পেডিয়াট্রিক ইন্টেনসিভ কেয়ার ইউনিটে ৪ দিন পর রোগীটি মারা যায়। নিম্নলিখিত কোন ওষুধের প্রশাসন সম্ভবত এই রোগীর ফলাফল প্রতিরোধ করতে পারত?
A. রিবাভিরিন
B. পোস্টনাটাল গ্লুকোকর্টিকয়েড
C. সেফট্রিয়াক্সোন
D. শ্বাসযন্ত্রের সিনকিশিয়াল ভাইরাস ইমিউন গ্লোবুলিন
E. প্যালিভিজুম্যাব",,,,,
R0022,"A 37-year-old woman, gravida 2, para 1, at 35 weeks' gestation is brought to the emergency department for the evaluation of continuous, dark, vaginal bleeding and abdominal pain for one hour. Her first child was delivered by lower segment transverse cesarean section because of a nonreassuring fetal heart rate. The patient has a history of hypertension and has been noncompliant with her hypertensive regimen. Her medications include methyldopa, folic acid, and a multivitamin. Her pulse is 90/min, respirations are 16/min, and blood pressure is 145/90 mm Hg. The abdomen is tender, and hypertonic contractions can be felt. There is blood on the vulva, the introitus, and on the medial aspect of both thighs. The fetus is in a breech presentation. The fetal heart rate is 180/min with recurrent decelerations. Which of the following is the cause of fetal compromise?
A. Rupture of the uterus
B. Placental tissue covering the cervical os
C. Rupture of aberrant fetal vessels
D. Abnormal position of the fetus
E. Detachment of the placenta","৩৭ বছর বয়সী গর্ভবতী নারী, gravida 2, para 1, ৩৫ সপ্তাহে অবিচ্ছিন্ন অন্ধকার রঙের যোনি রক্তপাত এবং পেটের ব্যথা এক ঘণ্টার জন্য জরুরি বিভাগে আনা হয়েছে। তার প্রথম সন্তান নিম্ন সেগমেন্ট ট্রান্সভার্স সিজারিয়ান সেকশনের মাধ্যমে ডেলিভারি করা হয়েছিল কারণ ফিটাল হার্ট রেট অনিরাপদ ছিল। রোগীর হাইপারটেনশন ইতিহাস আছে এবং তিনি তার ওষুধের নিয়ম মেনে চলছেন না। তার ওষুধগুলো হল মেথাইলডোपा, ফলিক অ্যাসিড এবং মাল্টিভিটামিন। তার পালস ৯০/মিনিট, শ্বাসপ্রশ্বাস ১৬/মিনিট, রক্তচাপ ১৪৫/৯০ mm Hg। পেটটি স্পর্শে নরম ও হাইপারটোনিক সংকোচন অনুভূত হয়। ভলভা, ইন্ট্রয়িটাস এবং উভয় থাইয়ের মিডিয়াল দিকের ওপর রক্ত আছে। শিশুটি ব্রিচ অবস্থায় রয়েছে। ফিটাল হার্ট রেট ১৮০/মিনিট এবং পুনরাবৃত্তি ডিকেলারেশন দেখা যাচ্ছে। নিম্নলিখিত কোনটি ভ্রূণের ক্ষতির কারণ?
A. গর্ভাশয়ের ছিঁড়ে যাওয়া
B. সার্ভিক্যাল ওসকে প্লাসেন্টাল টিস্যু আচ্ছাদন করা
C. অস্বাভাবিক ফিটাল রক্তনালী ছিঁড়ে যাওয়া
D. শিশুর অস্বাভাবিক অবস্থান
E. প্লাসেন্টার বিচ্ছিন্নতা",,,,,
R0023,"A 26-year-old primigravid woman at 10 weeks' gestation comes to the physician for a prenatal visit. Pregnancy was confirmed by an ultrasound 3 weeks earlier after the patient presented with severe nausea and vomiting. The nausea and vomiting have subsided without medication. She has no vaginal bleeding or discharge. Vital signs are within normal limits. Pelvic examination shows a uterus consistent in size with a 10-week gestation. Transvaginal ultrasonography shows a gestational sac with a mean diameter of 23 mm and an embryo 6 mm in length with absent cardiac activity. Which of the following is the most appropriate next step in management?
A. Serial β-HCG measurements
B. Misoprostol therapy
C. Oxytocin infusion
D. Cervical cerclage
E. Thrombophilia work-up
F. Methotrexate therapy
G. Levonorgestrel therapy","একজন ২৬ বছর বয়সী প্রথম গর্ভবতী নারী, যিনি ১০ সপ্তাহের গর্ভধারণে আছেন, প্রি-নাটাল পরিদর্শনের জন্য ডাক্তারের কাছে আসেন। রোগীর তীব্র বমি ও বমিভাবের পরে তিন সপ্তাহ আগে আল্ট্রাসাউন্ডে গর্ভধারণ নিশ্চিত হয়েছিল। বমি ও বমিভাব কোনো ঔষধ ছাড়াই কমে গেছে। তিনি কোনও যোনি রক্তপাত বা নিঃসরণ অনুভব করছেন না। গুরুত্বপূর্ণ চিহ্নগুলো স্বাভাবিক সীমার মধ্যে রয়েছে। পেলভিক পরীক্ষায় গর্ভাশয় ১০ সপ্তাহের গর্ভধারণের সঙ্গে সামঞ্জস্যপূর্ণ আকারের দেখা যায়। ট্রান্সভ্যাজাইনাল আল্ট্রাসাউন্ডে গেস্টেশনাল স্যাকের গড় ব্যাস ২৩ মিমি এবং দৈর্ঘ্য ৬ মিমি একটি ভ্রূণ দেখায়, যার হৃদস্পন্দন অনুপস্থিত। নিম্নলিখিতগুলির মধ্যে কোনটি সর্বোত্তম পরবর্তী ব্যবস্থাপনা পদক্ষেপ?
A. ক্রমিক β-HCG মাপা
B. মিসোপ্রস্টল থেরাপি
C. অক্সিটোসিন ইনফিউশন
D. সার্ভিকাল সার্ক্লেজ
E. থ্রম্বোফিলিয়া মূল্যায়ন
F. মেথোট্রেক্সেট থেরাপি
G. লেভোনর্গেস্ট্রেল থেরাপি",,,,,
R0025,"A 78-year-old man is brought to the physician by his daughter for a follow-up examination. The daughter noticed that he has gradually become more forgetful and withdrawn over the last year. He frequently misplaces his car keys and forgets the names of his neighbors, whom he has known for 30 years. He has difficulty recalling his address and telephone number. He recently had an episode of urinary and fecal incontinence. Last week, his neighbor found him wandering the parking lot of the grocery store. He has hypertension and hyperlipidemia. He had smoked one pack of cigarettes daily for 40 years but quit 18 years ago. His current medications include hydrochlorothiazide and atorvastatin. He appears healthy; BMI is 23 kg/m2. His temperature is 37.2°C (99.0°F), pulse is 86/min, respirations are 14/min, and blood pressure is 136/84 mm Hg. Mini-mental state examination score is 19/30. He is not bothered by his forgetfulness. Cranial nerves II-XII are intact. He has 5/5 strength and full sensation to light touch in all extremities. His patellar, Achilles, and biceps reflexes are 2+ bilaterally. His gait is steady. MRI scan of the brain shows ventriculomegaly and prominent cerebral sulci. Which of the following is the most appropriate pharmacotherapy?
A. Donepezil
B. Thiamine
C. Levodopa and carbidopa
D. Acetazolamide
E. Sertraline
F. Memantine
""","একজন ৭৮ বছর বয়সী পুরুষকে তার মেয়ে ডাক্তারের কাছে অনুসরণমূলক পরীক্ষার জন্য নিয়ে এসেছে। মেয়েটি লক্ষ্য করেছেন যে গত এক বছরে তিনি ধীরে ধীরে বেশি ভুলে যাওয়া এবং বিচ্ছিন্ন হয়ে গেছেন। তিনি প্রায়ই গাড়ির চাবি হারিয়ে ফেলেন এবং ৩০ বছর ধরে জানেন এমন প্রতিবেশীদের নাম ভুলে যান। তার ঠিকানা ও ফোন নম্বর স্মরণ করতে সমস্যার মুখোমুখি হন। সম্প্রতি তিনি মূত্র ও মলত্যাগের অক্ষমতার একটি পর্বে ছিলেন। গত সপ্তাহে, তার প্রতিবেশী তাকে মুদি দোকানের পার্কিং লটে ঘুরে বেড়াতে দেখেছেন। তাঁর উচ্চ রক্তচাপ এবং হাইপারলিপিডেমিয়া রয়েছে। তিনি ৪০ বছর ধরে প্রতিদিন এক প্যাকেট সিগারেট ধূমপান করতেন কিন্তু ১৮ বছর আগে ছেড়ে দিয়েছিলেন। তার বর্তমান ওষুধের মধ্যে আছে হাইড্রোক্লোরোথায়াজাইড এবং অ্যাটরভাস্ট্যাটিন। তিনি সুস্থ দেখাচ্ছেন; BMI ২৩ কেজি/মি2। তাপমাত্রা ৩৭.২°C (৯৯.০°F), পালস ৮৬/মিনিট, শ্বাসপ্রশ্বাস ১৪/মিনিট, রক্তচাপ ১৩৬/৮৪ মিমি পারদ। মিনিমেন্টাল স্টেট এক্সাম স্কোর ১৯/৩০। তিনি তার ভুলে যাওয়া নিয়ে উদ্বিগ্ন নন। ক্র্যানিয়াল নার্ভ II-XII স্বাভাবিক। সব অঙ্গপ্রত্যঙ্গে শক্তি ৫/৫ এবং হালকা স্পর্শে পূর্ণ সংবেদনশীলতা রয়েছে। প্যাটেলার, অ্যাকিলিস ও বাইসেপ্স রিফ্লেক্স দুপাশেই ২+। তার গতি স্থিতিশীল। মস্তিষ্কের MRI স্ক্যানে ভেন্ট্রিকুলোমেগালি এবং প্রমিনেন্ট সেরিব্রাল সলসি দেখা যায়। নিম্নলিখিতগুলির মধ্যে কোনটি সবচেয়ে উপযুক্ত ফার্মাকোথেরাপি?
A. ডোনেপেজিল
B. থায়ামিন
C. লেভোডোপা এবং কার্বিডোपा
D. অ্যাসিটাজোলামাইড
E. সেরট্রালিন
F. মেম্যান্টাইন",,,,,
R0027,"A 30-year-old woman, gravida 1, para 0, at 40 weeks' gestation is admitted to the hospital in active labor. Pregnancy was complicated by iron deficiency anemia treated with iron supplements. At the beginning of the first stage of labor, there are coordinated, regular, rhythmic contractions of high intensity that occur approximately every 10 minutes. Four hours later, the cervix is 100% effaced and 10 cm dilated; the vertex is at -1 station. Over the next two hours, there is minimal change in in fetal descent; vertex is still at -1 station. Fetal birth weight is estimated at the 75th percentile. The fetal heart rate is 145/min and is reactive with no decelerations. Contractions occurs approximately every 2 minutes with adequate pressure. Epidural anesthesia was not given, as the patient is coping well with pain. Which of the following is the most appropriate next step in management?
A. Administration of terbutaline
B. Cesarean section
C. Vacuum-assisted delivery
D. Observation for another hour
E. Forceps delivery
F. Epidural anesthesia","একজন ৩০ বছর বয়সী নারী, গর্ভধারণ ১, সন্তান জন্ম ০, ৪০ সপ্তাহের গর্ভাবস্থায় সক্রিয় প্রসবের সময় হাসপাতালে ভর্তি হয়। গর্ভধারণে লৌহ ঘাটতি রক্তাল্পতা ছিল যা লৌহ সাপ্লিমেন্ট দিয়ে চিকিৎসা করা হয়েছে। প্রথম স্তরের শুরুর দিকে সমন্বিত, নিয়মিত, ছন্দময় উচ্চ তীব্রতার সংকোচন প্রায় প্রতি ১০ মিনিটে একবার ঘটে। চার ঘণ্টা পরে জরায়ু সম্পূর্ণভাবে পাতলা (১০০ % ইফেসড) এবং ১০ সেমি প্রসারিত; ভের্টেক্স -১ স্টেশনে রয়েছে। পরবর্তী দুই ঘন্টার মধ্যে গর্ভজাত শিশুর অবতরণে খুব কম পরিবর্তন হয়েছে; ভের্টেক্স এখনও -১ স্টেশনে। শিশুর জন্ম ওজন আনুমানিক ৭৫তম পার্সেন্টাইলে। ফিটাল হার্ট রেট প্রতি মিনিটে ১৪৫ এবং তা প্রতিক্রিয়াশীল, কোনো ডেসেলারেশন নেই। সংকোচন প্রায় প্রতি ২ মিনিটে যথাযথ চাপসহ ঘটে। রোগী ব্যথা সামলাতে সক্ষম হওয়ায় এপিডুরাল অ্যানাস্থেশিয়া দেওয়া হয়নি। নিম্নলিখিতগুলির মধ্যে কোনটি সর্বাধিক উপযুক্ত পরবর্তী ব্যবস্থাপনা পদক্ষেপ?
A. টেরবুট্যালিন প্রয়োগ
B. সিজারিয়ান ডেলিভারি
C. ভ্যাকুয়াম সহায়তায় ডেলিভারি
D. আরো এক ঘণ্টা পর্যবেক্ষণ করা
E. ফোর্সেপ্স দিয়ে ডেলিভারি
F. এপিডুরাল অ্যানাস্থেশিয়া প্রদান",,,,,
R0028,"A 4-year-old girl is brought to the physician because of a 3-week history of generalized fatigue and easy bruising. During the past week, she has also had fever and severe leg pain that wakes her up at night. Her temperature is 38.3°C (100.9°F), pulse is 120/min, and respirations are 30/min. Examination shows cervical and axillary lymphadenopathy. The abdomen is soft and nontender; the liver is palpated 3 cm below the right costal margin, and the spleen is palpated 2 cm below the left costal margin. Laboratory studies show:
Hemoglobin 10.1 g/dL
Leukocyte count 63,000/mm3
Platelet count 27,000/mm3
A bone marrow aspirate predominantly shows immature cells that stain positive for CD10, CD19, and TdT. Which of the following is the most likely diagnosis?""
A. Leukemoid reaction
B. Hodgkin lymphoma
C. Hairy cell leukemia
D. Aplastic anemia
E. Idiopathic thrombocytopenic purpura
F. Acute myeloid leukemia
G. Acute lymphoblastic leukemia
H. Neuroblastoma
""","৪ বছর বয়সী একটি মেয়ে ডাক্তারের কাছে আনা হয়েছে কারণ তার তিন সপ্তাহের সাধারণ ক্লান্তি এবং সহজে রক্তক্ষরণ দেখা যাচ্ছে। গত সপ্তাহে তাকে জ্বর ও তীব্র পা ব্যথা হয় যা রাতে তাকে জাগিয়ে তোলে। তার শরীরের তাপমাত্রা ৩৮.৩°C (১০০.৯°F), পালস ১২০/মিনিট, শ্বাসপ্রশ্বাস ৩০/মিনিট। পরীক্ষায় সার্ভিকাল ও অক্ষিলার লিম্ফ নোডে ফোলাভাব দেখা যায়। পেট নরম এবং স্পর্শে ব্যথা নেই; ডান দিকের কস্টাল মার্জিন থেকে ৩ সেমি নিচে যকৃত স্পর্শযোগ্য, বাম দিকের কস্টাল মার্জিন থেকে ২ সেমি নিচে প্লীহা স্পর্শযোগ্য। ল্যাবরেটরি ফলাফল:
হিমোগ্লোবিন ১০.১ গ/ডিএল
শ্বেত রক্তকণিকা সংখ্যা ৬৩,০০০/mm3
প্লেটলেট সংখ্যা ২৭,০০০/mm3
বোন ম্যারো অ্যাস্পিরেটে প্রধানত অপরিপক্ক কোষ দেখা যায় যা CD10, CD19 এবং TdT-তে পজিটিভ রঙায়িত। নিম্নলিখিতগুলোর মধ্যে কোনটি সবচেয়ে সম্ভাব্য নির্ণয়?
A. লিউকেময়েড রিঅ্যাকশন
B. হডগকিন লিম্ফোমা
C. হেয়ারি সেল লিউকেমিয়া
D. এপ্লাস্টিক অ্যানিমিয়া
E. ইডিওপ্যাথিক থ্রম্বোসাইটোপেনিক পুরপুরা
F. তীব্র মায়েলয়েড লিউকেমিয়া
G. তীব্র লিম্ফোব্লাস্টিক লিউকেমিয়া
H. নিউরোব্লাস্টোমা",,,,,
R0030,"A 2-year-old girl is brought to the emergency department after swallowing a button battery that was lying on the table 1 hour ago. She has no shortness of breath or chest discomfort. Her pulse is 112/min and respirations are 30/min. Pulse oximetry on room air shows an oxygen saturation of 98%. Physical examination shows no abnormalities. An x-ray of the chest shows the battery lodged in the esophagus at the level of T2. Which of the following is the most appropriate next step in management?
A. Administer syrup of ipecac
B. Removal of the battery with magnet and nasogastric tube
C. Reassurance and observation
D. Follow up x-ray within 4 days
E. Administer chelation therapy
F. Endoscopic removal of the battery","একটি দুই বছর বয়সী মেয়ে টেবিলে এক ঘণ্টা আগে রাখা একটি বোতাম ব্যাটারি গিলার পর জরুরি বিভাগে আনা হয়েছে। তার শ্বাসকষ্ট বা বুকের অস্বস্তি নেই। পাল্স ১১২/মিনিট এবং শ্বাসপ্রশ্বাস ৩০/মিনিট। রুম এয়ারে পালস অক্সিমেট্রি দেখায় অক্সিজেন স্যাচুরেশন ৯৮%। শারীরিক পরীক্ষায় কোনো অসামান্যতা পাওয়া যায়নি। বক্ষের এক্স-রে দেখায় ব্যাটারি টি২ স্তরের ইসোফেগাসে আটকে আছে। নিম্নলিখিতগুলির মধ্যে কোনটি সবচেয়ে উপযুক্ত পরবর্তী ব্যবস্থাপনা পদক্ষেপ?
A. আইপেক্যাকের সিরাপ দিন
B. চুম্বক ও নাসোগ্যাস্ট্রিক টিউব ব্যবহার করে ব্যাটারি অপসারণ
C. নিশ্চিত করা এবং পর্যবেক্ষণ করা
D. ৪ দিনের মধ্যে ফলো-আপ এক্স-রে নেওয়া
E. কেলেশন থেরাপি প্রদান করুন
F. এন্ডোস্কোপিকভাবে ব্যাটারি অপসারণ করা",,,,,
R0032,"A 52-year-old man comes to the physician because of a 3.6-kg (8-lb) weight loss over the past 3 months and increasing fatigue. He was diagnosed with hepatitis C 6 years ago. His father died of colon cancer. He has smoked one pack of cigarettes daily for 35 years and drinks one beer daily. He used cocaine and heroin in the past but stopped 12 years ago. He is 176 cm (5 ft 8 in) tall and weighs 71 kg (156 lb); BMI is 22.9 kg/m2. His temperature is 37.0°C (98.6°F), pulse is 79/min, and blood pressure is 115/75 mm Hg. He appears weak and lethargic. Examination shows scleral icterus and scars on both cubital fossae. There is reddening of the palms bilaterally. There are several telangiectasias over the chest and back. The abdomen is soft and nontender. The liver is firm and of nodular consistency. Laboratory studies show:
Hemoglobin 11.6 g/dL
Mean corpuscular volume 88 μm3
Leukocyte count 9,600/mm3
Platelet count 223,000/mm3
Ultrasonography of the liver shows a solitary lesion. Which of the following findings is most likely in this patient?""
A. Positive blood cultures
B. Elevated α-fetoprotein
C. Elevated carcinoembryonic antigen
D. Exophytic tumor on colonoscopy
E. Spiculated lesion on chest CT
F. Beading of bile ducts
G. Elevated antimitochondrial antibodies","52 বছর বয়সী একজন পুরুষ গত ৩ মাসে ৩.৬ কেজি (৮ পাউন্ড) ওজন হ্রাস এবং ক্রমবর্ধমান ক্লান্তির কারণে ডাক্তারের কাছে আসেন। তিনি ৬ বছর আগে হেপাটাইটিস সি-তে নির্ণয় হয়েছিলেন। তার বাবার মৃত্যু কোলন ক্যান্সারে হয়েছে। তিনি ৩৫ বছর ধরে প্রতিদিন এক প্যাকেট সিগারেট ধূমপান করেন এবং দৈনিক একটি বিয়ার পান করেন। অতীতে কোকেইন ও হেরোইন ব্যবহার করতেন, তবে ১২ বছর আগে বন্ধ করেছেন। তার উচ্চতা ১৭৬ সেমি (৫ ফুট ৮ ইঞ্চি) এবং ওজন ৭১ কেজি (১৫৬ পাউন্ড); BMI ২২.৯ কেজি/মি2। তাপমাত্রা ৩৭.০°C (৯৮.৬°F), পালস ৭৯/মিনিট, রক্তচাপ ১১৫/৭৫ মিমি পারদ। তিনি দুর্বল ও অলস দেখাচ্ছেন। পরীক্ষায় স্ক্লেরাল আইক্টেরাস এবং উভয় কিউবিটাল ফোসার উপর দাগ দেখা যায়। দু'হাতের তালুতে লালভাব রয়েছে। বুকে ও পিঠে কয়েকটি টেল্যাঞ্জিয়েকটেসিয়া আছে। পেট নরম ও অস্বেদনশীল। যকৃত কঠিন এবং গাঁথা ধরনের। ল্যাবরেটরি ফলাফল:
হিমোগ্লোবিন ১১.৬ g/dL
মীন কর্পাস্কুলার ভলিউম ৮৮ μm3
লিউকোসাইট কাউন্ট ৯,৬০০/mm3
প্লেটলেট কাউন্ট ২২৩,০০০/mm3
যকৃতের আল্ট্রাসাউন্ডে একক লেশন দেখা যায়। নিম্নলিখিত কোনটি এই রোগীর ক্ষেত্রে সবচেয়ে সম্ভাব্য?
A. রক্ত সংস্কৃতি পজিটিভ হওয়া
B. α-ফেটোপ্রোটিনের মাত্রা বৃদ্ধি পাওয়া
C. ক্যারসিনোএম্ব্রায়োনিক অ্যান্টিজেনের মাত্রা বৃদ্ধি পাওয়া
D. কোলনস্কোপিতে এক্সোফাইটিক টিউমার দেখা যাওয়া
E. চেস্ট সিটি-তে স্পিকুলেটেড লেশন থাকা
F. পিত্তনালীর দণ্ডাকৃতি পরিবর্তন
G. অ্যান্টিমাইটোচন্ড্রিয়াল অ্যান্টিবডির মাত্রা বৃদ্ধি পাওয়া",,,,,
R0033,"A 62-year-old man comes to the physician for evaluation of an increasing right-sided cheek swelling for 2 years. He has had recurrent right-sided oral ulcers for the past 2 months. He has smoked a pack of cigarettes daily for 30 years. He drinks a beer every night. His temperature is 37.1°C (98.8°F), pulse is 71/min, respirations are 14/min, and blood pressure is 129/83 mm Hg. Examination shows a mild, nontender swelling above the angle of the right jaw. There is no overlying erythema or induration. There are multiple shallow ulcers on the right buccal mucosa and mandibular marginal gingiva. There is no lymphadenopathy. Ultrasound shows a soft tissue mass in the parotid gland. An ultrasound-guided biopsy of the mass confirms the diagnosis of parotid adenoid cystic carcinoma. A right-sided total parotidectomy is scheduled. This patient is at greatest risk for which of the following early complications?
A. Hyperesthesia of the right ear lobe
B. Hyperacusis of the right ear
C. Xerostomia when eating
D. Paralysis of the right lower lip
E. Impaired taste and sensation of the posterior 1/3 of the tongue
F. Flushing and sweating of the right cheek while eating","62 বছর বয়সী একজন পুরুষ রোগী দুই বছরের বেশি সময় ধরে বাড়তে থাকা ডান পার্শ্বের গালের ফোলার জন্য চিকিৎসকের কাছে আসেন। তিনি গত দুই মাসে পুনরাবৃত্তি হওয়া ডান পার্শ্বের মুখের আলসারও পেয়েছেন। ৩০ বছর ধরে প্রতিদিন এক প্যাকেট সিগারেট ধূমপান করেন এবং প্রতি রাতে একটি বিয়ার পান করেন। শারীরিক পরীক্ষা দেখায় ডান জোড়ার কোণ উপরে হালকা, অ-সংবেদনশীল ফোলা; কোনো লালচে বা দৃঢ়তা নেই। ডান বুকে মিউকোসা ও নিম্ন দন্তমজ্জার প্রান্তে একাধিক পৃষ্ঠতল আলসার রয়েছে। কোনো লিম্ফ নোডের বৃদ্ধি দেখা যায় না। আল্ট্রাসাউন্ডে পারোটিড গ্রন্থিতে একটি সফট টিস্যু মাস দেখা যায়; আল্ট্রাসাউন্ড-নির্দেশিত বায়োপসি দ্বারা পারোটিড অ্যাডেনয়েড সিস্টিক কার্সিনোমা নিশ্চিত হয়েছে। ডান পার্শ্বের মোট পারোটিডেক্টমি পরিকল্পনা করা হয়েছে। এই রোগীকে নিম্নলিখিত কোন প্রাথমিক জটিলতার ঝুঁকি সবচেয়ে বেশি?
A. ডান কানের লোবের অতিসংবেদনশীলতা
B. ডান কানকে শব্দের অতিরিক্ত সংবেদনশীলতা (হাইপারঅ্যাকুসিস)
C. খাবার খাওয়ার সময় মুখে শুষ্কতা
D. ডান নিচের ঠোঁটের প্যারালাইসিস
E. জিহ্বার পশ্চাৎ এক-তৃতীয়াংশের স্বাদ ও সংবেদনশীলতা হ্রাস
F. খাবার খাওয়ার সময় ডান গাল লাল হওয়া এবং ঘামা",,,,,
R0034,"A 55-year-old man comes to the physician because of a 4-month history of fatigue, increased sweating, and a 5.4-kg (12-lb) weight loss. Over the past 3 weeks, he has had gingival bleeding when brushing his teeth. Twenty years ago, he was diagnosed with a testicular tumor and treated with radiation therapy. His temperature is 37.8°C (100°F), pulse is 70/min, respirations are 12/min, and blood pressure is 130/80 mm Hg. He takes no medications. Cardiopulmonary examination shows no abnormalities. The spleen is palpated 4 cm below the left costal margin. Laboratory studies show:
Hemoglobin 9 g/dL
Mean corpuscular volume 86 μm3
Leukocyte count 110,000/mm3
Segmented neutrophils 24%
Metamyelocytes 6%
Myelocytes 34%
Promyelocytes 14%
Blasts 1%
Lymphocytes 11%
Monocytes 4%
Eosinophils 4%
Basophils 2%
Platelet count 650,000/mm3
Molecular testing confirms the diagnosis. Which of the following is the most appropriate next step in treatment?""
A. All-trans-retinoic acid therapy
B. Rituximab therapy
C. Low-dose aspirin therapy
D. Phlebotomy
E. Vincristine, prednisone, and asparaginase therapy
F. Cytarabine and daunorubicin therapy
G. Allogeneic stem cell transplantation
H. Imatinib therapy","55 বছর বয়সী একজন পুরুষ ক্লান্তি, অতিরিক্ত ঘাম এবং 5.4 কেজি (12 পাউন্ড) ওজন হ্রাসের ৪ মাসের ইতিহাস নিয়ে ডাক্তারের কাছে আসেন। গত ৩ সপ্তাহে দাঁত ব্রাশ করার সময় তার মাড়িতে রক্তপাত হয়েছে। বিশ বছর আগে তাকে টেস্টিকুলার টিউমার নির্ণয় করা হয় এবং বিকিরণ থেরাপি দিয়ে চিকিৎসা করা হয়েছিল। তার তাপমাত্রা 37.8°C (100°F), পালস 70/মিনিট, শ্বাসপ্রশ্বাস 12/মিনিট, রক্তচাপ 130/80 mm Hg। তিনি কোনো ওষুধ গ্রহণ করেন না। কার্ডিওফুসের পরীক্ষা কোনও অস্বাভাবিকতা দেখায়নি। বাম কোস্টাল মার্জিনের নিচে স্প্লীনটি 4 সেমি পর্যন্ত স্পর্শযোগ্য। ল্যাবরেটরি ফলাফল:
হিমোগ্লোবিন 9 g/dL
মিন কোর্পাসকুলার ভলিউম 86 μm3
শ্বেত রক্তকণিকা সংখ্যা 110,000/mm3
সেগমেন্টেড নিউট্রোফিল 24%
মেটামাইলোসাইট 6%
মাইলোসাইট 34%
প্রোমাইলোসাইট 14%
ব্লাস্ট 1%
লিম্ফোসাইট 11%
মনোসাইট 4%
ইওসিনোফিল 4%
বেসোফিল 2%
প্লেটলেট সংখ্যা 650,000/mm3
মৌলিক পরীক্ষা রোগ নির্ণয় নিশ্চিত করে। নিম্নলিখিতগুলির মধ্যে কোনটি সর্বাধিক উপযুক্ত পরবর্তী চিকিৎসা পদক্ষেপ?
A. অল-ট্রান্স-রেটিনয়িক অ্যাসিড থেরাপি
B. রিটুক্সিম্যাব থেরাপি
C. কম ডোজে এস্পিরিন থেরাপি
D. ফ্লেবোটমি
E. ভিঙ্ক্রিস্টিন, প্রেডনিসোন এবং অ্যাসপারাজিনেজ থেরাপি
F. সাইটারাবাইন ও ডাউনোরুবিসিন থেরাপি
G. অ্যালোজেনিক স্টেম সেল ট্রান্সপ্ল্যান্টেশন
H. ইমাটিনিব থেরাপি",,,,,
R0035,"A previously healthy 19-year-old woman comes to the physician because of vaginal discharge for 3 days. She describes the discharge as yellow and mucopurulent with a foul odor. She has also noticed vaginal bleeding after sexual activity. She has not had any itching or irritation. Her last menstrual period was 2 weeks ago. She is sexually active with one male partner, and they use condoms inconsistently. A rapid urine hCG test is negative. Her temperature is 37.3°C (99.1°F), pulse is 88/min, and blood pressure is 108/62 mm Hg. Pelvic examination shows a friable cervix. Speculum examination is unremarkable. A wet mount shows no abnormalities. Which of the following is the most appropriate diagnostic test?
A. Tzanck smear
B. Gram stain of cervical swab
C. Colposcopy
D. Pap smear
E. Nucleic acid amplification test
""","একজন পূর্বে সুস্থ ১৯ বছর বয়সী নারী তিন দিনের জন্য যোনি নিঃসরণ নিয়ে ডাক্তারের কাছে আসেন। তিনি নিঃসরণকে হলুদ এবং মিউকোপুরুলেন্ট, দুর্গন্ধযুক্ত বলে বর্ণনা করেন। যৌন ক্রিয়ার পরে তিনি যোনিতে রক্তপাতও লক্ষ্য করেছেন। তাকে কোনো চুলকানি বা জ্বালা অনুভূত হয়নি। তার শেষ মাসিক দুই সপ্তাহ আগে ছিল। তিনি এক পুরুষ সঙ্গীর সঙ্গে সক্রিয়ভাবে যৌন সম্পর্ক রাখেন এবং কন্ডোম অনিয়মিতভাবে ব্যবহার করেন। দ্রুত মূত্র hCG টেস্ট নেগেটিভ হয়েছে। তার তাপমাত্রা ৩৭.৩°C (৯৯.১°F), পালস ৮৮/মিনিট, রক্তচাপ ১০৮/৬২ mm Hg। পেলভিক পরীক্ষায় সর্ভিক্স ফ্রিবল দেখা যায়। স্পেকুলাম পরীক্ষা স্বাভাবিক। ভেজ মাউন্টে কোনো অস্বাভাবিকতা পাওয়া যায়নি। নিম্নের কোনটি সবচেয়ে উপযুক্ত নির্ণয়মূলক পরীক্ষা?
A. টজ্যাঙ্ক স্মিয়ার
B. সর্বাইকল স্ব্যাবের গ্রাম স্টেইন
C. কোলপোস্কপি
D. প্যাপ স্মিয়ার
E. ন্যুক্লিক অ্যাসিড অম্প্লিফিকেশন টেস্ট",,,,,
R0036,"A 40-year-old woman, gravida 2, para 2, comes to the physician because of fatigue, nausea, joint pain, and mild flank pain for 2 months. She has refractory acid reflux and antral and duodenal peptic ulcers for which she takes omeprazole. She also has chronic, foul-smelling, light-colored diarrhea. Five years ago she was successfully treated for infertility with bromocriptine. She reports recently feeling sad and unmotivated at work. She does not smoke or drink alcohol. She is 175 cm (5 ft 9 in) tall and weighs 100 kg (220 lb); BMI is 32.7 kg/m2. Her temperature is 37°C (98.8°F), pulse is 78/min, and blood pressure is 150/90 mm Hg. Cardiopulmonary examination shows no abnormalities. The abdomen is moderately distended and diffusely tender to palpation. There is mild costovertebral angle tenderness. Her serum calcium concentration is 12 mg/dL, phosphorus concentration is 2 mg/dL, and parathyroid hormone level is 900 pg/mL. Abdominal ultrasound shows mobile echogenic foci with acoustic shadowing in her ureteropelvic junctions bilaterally. A mutation in which of the following genes is most likely present in this patient?
A. NF2
B. VHL
C. C-Kit
D. RET
E. MEN1","৪০ বছর বয়সী এক নারী, গর্ভধারণের সংখ্যা ২ এবং সন্তান সংখ্যা ২, ক্লান্তি, বমিভাব, জোড়া ব্যথা ও দুই মাস ধরে হালকা পিঠের পার্শ্বে ব্যথার জন্য ডাক্তারের কাছে আসেন। তিনি রিফ্র্যাক্টরি অ্যাসিড রিফ্লাক্স এবং অ্যানট্রাল ও ডুওডেনাল আলসার রোগে আক্রান্ত, যার জন্য তিনি ওমেপ্রাজল গ্রহণ করেন। এছাড়াও তার দীর্ঘস্থায়ী, দুর্গন্ধযুক্ত, হালকা রঙের ডায়রিয়া রয়েছে। পাঁচ বছর আগে ব্রোমোক্রিপ্টিন দিয়ে তিনি গর্ভধারণ সমস্যার সফলভাবে চিকিৎসা করিয়েছিলেন। সম্প্রতি কাজের মধ্যে দুঃখ ও অনুপ্রেরণাহীনতা অনুভব করছেন। তিনি ধূমপান বা মদ্যপান করেন না। তার উচ্চতা ১৭৫ সেমি (৫ ফুট ৯ ইঞ্চি) এবং ওজন ১০০ কেজি (২২০ পাউন্ড); BMI ৩২.৭ কেজি/মি2। তাপমাত্রা ৩৭°C (৯৮.৮°F), পালস ৭৮/মিনিট, রক্তচাপ ১৫০/৯০ মিমি পারদ। কার্ডিওফুসের পরীক্ষায় কোনো অস্বাভাবিকতা নেই। পেট মাঝারি ফাঁপা এবং স্পর্শে বিস্তৃতভাবে সংবেদনশীল; হালকা কস্টোভার্টিব্রাল কোণ ব্যথা রয়েছে। সিরাম ক্যালসিয়ামের ঘনত্ব ১২ mg/dL, ফসফরাসের ঘনত্ব ২ mg/dL, ও প্যারাথাইরয়েড হরমোন স্তর ৯০০ pg/mL। পেটের আল্ট্রাসাউন্ডে উভয় পাশে ইউরেটার-পেলভিক জংশনে মোবাইল ইকোজেনিক ফোকি এবং অ্যাকোস্টিক শ্যাডো দেখা যায়। নিম্নলিখিত কোন জিনের মিউটেশন এই রোগীর মধ্যে সবচেয়ে সম্ভাবনা রয়েছে?
A. NF2
B. VHL
C. C-Kit
D. RET
E. MEN1",,,,,
R0037,"A 70-year-old man comes to the physician because of intermittent shortness of breath while going up stairs and walking his dog. It began about 1 month ago and seems to be getting worse. He has also developed a dry cough. He has not had any wheezing, fevers, chills, recent weight loss, or shortness of breath at rest. He has a history of Hodgkin lymphoma, for which he was treated with chemotherapy and radiation to the chest 7 years ago. He also has hypertension, for which he takes lisinopril. Ten years ago, he retired from work in the shipbuilding industry. He has smoked half a pack of cigarettes daily since the age of 21. Vital signs are within normal limits. On lung auscultation, there are mild bibasilar crackles. A plain x-ray of the chest shows bilateral ground-glass opacities at the lung bases and bilateral calcified pleural plaques. Which of the following is the greatest risk factor for this patient's current condition?
A. Occupational exposure
B. Smoking
C. Advanced age
D. Family history
E. Radiation therapy","৭০ বছর বয়সী একজন পুরুষ রোগী সিঁড়ি ওঠা এবং কুকুর হাঁটানোর সময় মাঝে মাঝে শ্বাসকষ্টের অভিযোগে ডাক্তারের কাছে আসেন। এটি প্রায় এক মাস আগে শুরু হয় এবং ধীরে ধীরে বাড়ছে। তিনি শুকনো কাশিও পেয়েছেন। কোনো শ্বাসযন্ত্রের ঘাঁটি, জ্বর, কম্পন, সাম্প্রতিক ওজন হ্রাস বা বিশ্রামে শ্বাসকষ্ট নেই। ৭ বছর আগে তিনি হজকিন লিম্ফোমা রোগে ছিলেন এবং রসায়ন থেরাপি ও বুকে বিকিরণ চিকিৎসা করিয়েছিলেন। এছাড়া তার উচ্চ রক্তচাপ আছে, যার জন্য তিনি লিসিনোপ্রিল গ্রহণ করেন। দশ বছর আগে তিনি জাহাজ নির্মাণ শিল্প থেকে অবসর নিয়েছেন। ২১ বছর বয়সে শুরু করে তিনি প্রতিদিন অর্ধেক প্যাক সিগারেট ধূমপান করেন। জীবনীগত চিহ্নগুলো স্বাভাবিক সীমার মধ্যে। ফুসফুস শোনার সময় হালকা দু'বেসিলার ক্র্যাকলস দেখা যায়। ছাতির সাধারণ এক্স-রে দেখায় উভয় দিকের বেসে গ্রাউন্ড-গ্লাস অপ্যাসিটি এবং দ্বিপাক্ষিক ক্যালসিফাইড প্লুরাল প্লাক। নিম্নলিখিত কোনটি রোগীর বর্তমান অবস্থার সবচেয়ে বড় ঝুঁকি কারণ?
A. পেশাগত সংস্পর্শ
B. ধূমপান
C. বয়সের অগ্রগতি
D. পারিবারিক ইতিহাস
E. বিকিরণ থেরাপি",,,,,
R0039,"A 28-year-old woman comes to the physician because she is unable to conceive for 3 years. She and her partner are sexually active and do not use contraception. They were partially assessed for this complaint 6 months ago. Analysis of her husband's semen has shown normal sperm counts and hormonal assays for both partners were normal. Her menses occur at regular 28-day intervals and last 5 to 6 days. Her last menstrual period was 2 weeks ago. She had a single episode of urinary tract infection 4 years ago and was treated with oral antibiotics. Vaginal examination shows no abnormalities. Bimanual examination shows a normal-sized uterus and no palpable adnexal masses. Rectal examination shows no abnormalities. Which of the following is the most appropriate next step in diagnosis?
A. Psychological counseling only
B. Postcoital testing
C. Hysteroscopy
D. Hysterosalpingogram
E. Chromosomal karyotyping
F. Endometrial biopsy","একজন ২৮ বছর বয়সী নারী ডাক্তারের কাছে আসছেন কারণ তিনি গত ৩ বছর ধরে গর্ভধারণ করতে পারছেন না। তিনি এবং তার সঙ্গী যৌন সক্রিয় এবং কোনো গর্ভনিরোধক ব্যবহার করছেন না। এই সমস্যার জন্য তারা ছয় মাস আগে আংশিকভাবে মূল্যায়ন করা হয়েছিল। স্বামীর শুক্রাণু বিশ্লেষণে স্বাভাবিক স্পার্ম সংখ্যা দেখা গেছে এবং উভয়ের হরমোন পরীক্ষা স্বাভাবিক ছিল। তার ঋতুচক্র নিয়মিত ২৮ দিনের অন্তর ঘটে এবং প্রতি সেশনে ৫-৬ দিন স্থায়ী হয়। শেষ মাসিক দুই সপ্তাহ আগে হয়েছে। তিনি চার বছর আগে একবার মূত্রনালীর সংক্রমণ রোগে আক্রান্ত হন এবং মৌখিক অ্যান্টিবায়োটিক দিয়ে চিকিৎসা নেওয়া হয়েছিল। যোনি পরীক্ষা কোনো অসামান্যতা দেখায় না। দ্বিপাক্ষিক পরীক্ষায় স্বাভাবিক আকারের গর্ভাশয় দেখা যায় এবং কোনও অ্যাডনেক্সাল টিউমার স্পর্শযোগ্য নয়। রেকটাল পরীক্ষাতেও কোনো অস্বাভাবিকতা নেই। নিম্নলিখিতগুলির মধ্যে কোনটি সর্বোত্তম পরবর্তী নির্ণয়ের ধাপ?
A. শুধুমাত্র মানসিক পরামর্শ
B. সহবাস-পরবর্তী পরীক্ষা (পোস্টকয়িটাল টেস্টিং)
C. হিস্টারোস্কপি
D. হিস্টেরোস্যাল্পিঙ্গোগ্রাম
E. ক্রোমোজোমাল ক্যারিওটাইপিং
F. এন্ডোমেট্রিয়াল বায়োপসি",,,,,
R0041,"A 47-year-old woman comes to the physician because of a 3-week history of generalized fatigue, mild fever, abdominal pain, and nausea. She attended the state fair over a month ago, where she tried a number of regional foods, and wonders if it might have been caused by something she ate. She has also noticed darkening of her urine, which she attributes to not drinking enough water recently. She has type 2 diabetes mellitus. She drinks 1-2 beers daily. She works as nursing assistant in a rehabilitation facility. Current medications include glyburide, sitagliptin, and a multivitamin. She appears tired. Her temperature is 38.1°C (100.6°F), pulse is 99/min, and blood pressure is 110/74 mm Hg. Examination shows mild scleral icterus. The liver is palpated 2-3 cm below the right costal margin and is tender. Laboratory studies show:
Hemoglobin 10.6 g/dL
Leukocyte count 11600/mm3
Platelet count 221,000/mm3
Serum
Urea nitrogen 26 mg/dL
Glucose 122 mg/dL
Creatinine 1.3 mg/dL
Bilirubin 3.6 mg/dL
Total 3.6 mg/dL
Direct 2.4 mg/dL
Alkaline phosphatase 72 U/L
AST 488 U/L
ALT 798 U/L
Hepatitis A IgG antibody (HAV-IgG) positive
Hepatitis B surface antigen (HBsAg) positive
Hepatitis B core IgG antibody (anti-HBc) positive
Hepatitis B envelope antigen (HBeAg) positive
Hepatitis C antibody (anti-HCV) negative
Which of the following is the most likely diagnosis?""
A. Inactive chronic hepatitis B infection
B. Acute hepatitis B infection
C. Active chronic hepatitis B infection
D. Resolved acute hepatitis B infection
E. Alcoholic hepatitis
F. Active hepatitis A infection
""","৪৭ বছর বয়সী এক নারী রোগীর কাছে আসছেন কারণ তিনি গত ৩ সপ্তাহ ধরে সাধারণ ক্লান্তি, হালকা জ্বর, পেটের ব্যথা এবং বমিভাব অনুভব করছেন। তিনি এক মাসেরও বেশি আগে রাজ্য মেলায় গিয়েছিলেন, যেখানে তিনি বিভিন্ন আঞ্চলিক খাবার চেষ্টা করেছিলেন, এবং ভাবছেন এটি তার খাওয়া কিছু কারণে হতে পারে কিনা। তিনি সম্প্রতি পর্যাপ্ত পানি না পান করার ফলে প্রস্রাবে অন্ধকার হওয়াকে লক্ষ্য করেছেন। তাঁর টাইপ ২ ডায়াবেটিস মেলিটাস আছে। তিনি দিনে ১-২টি বিয়ার পান করেন। তিনি একটি পুনর্বাসন কেন্দ্রে নার্সিং সহকারী হিসেবে কাজ করেন। বর্তমান ওষুধের মধ্যে রয়েছে গ্লাইবুরাইড, সিটাগ্লিপটিন এবং মাল্টিভিটামিন। তিনি ক্লান্ত দেখাচ্ছেন। তার তাপমাত্রা ৩৮.১°C (১০০.৬°F), পালস ৯৯/মিনিট, রক্তচাপ ১১০/৭৪ mm Hg। পরীক্ষায় হালকা স্ক্লেরাল জন্ডিস দেখা যায়। যকৃত ডান দিকের কস্টাল মার্জিন থেকে ২-৩ সেমি নিচে স্পর্শযোগ্য এবং নরম। ল্যাবরেটরি ফলাফল:
হিমোগ্লোবিন ১০.৬ g/dL
লিউকোসাইট সংখ্যা ১১৬০০/mm3
প্লেটলেট সংখ্যা ২২১,০০০/mm3
সিরাম ইউরিয়া নাইট্রোজেন ২৬ mg/dL
গ্লুকোজ ১২২ mg/dL
ক্রিয়াটিনিন ১.৩ mg/dL
বিলিরুবিন মোট ৩.৬ mg/dL (ডাইরেক্ট ২.৪ mg/dL)
অ্যালকালাইন ফসফেটেজ ৭২ U/L
AST ৪৮৮ U/L
ALT ৭৯৮ U/L
হেপাটাইটিস A IgG অ্যান্টিবডি (HAV-IgG) পজিটিভ
হেপাটাইটিস B সারফেস অ্যান্টিজেন (HBsAg) পজিটিভ
হেপাটাইটিস B কোর IgG অ্যান্টিবডি (anti-HBc) পজিটিভ
হেপাটাইটিস B এনভেলপ অ্যান্টিজেন (HBeAg) পজিটিভ
হেপাটাইটিস C অ্যান্টিবডি (anti-HCV) নেগেটিভ
নিম্নলিখিতগুলির মধ্যে কোনটি সবচেয়ে সম্ভাব্য নির্ণয়?
A. নিষ্ক্রিয় দীর্ঘস্থায়ী হেপাটাইটিস বি সংক্রমণ
B. তীব্র হেপাটাইটিস বি সংক্রমণ
C. সক্রিয় দীর্ঘস্থায়ী হেপাটাইটিস বি সংক্রমণ
D. সমাধানকৃত তীব্র হেপাটাইটিস বি সংক্রমণ
E. অ্যালকোহলিক হেপাটাইটিস
F. সক্রিয় হেপাটাইটিস এ সংক্রমণ",,,,,
R0042,"A 29-year-old male is brought to the emergency department 20 minutes after sustaining a stab wound to the right chest. First-responders found the patient sitting on the curb smoking a cigarette, complaining of pain where he had been stabbed. On arrival, he is alert. His temperature is 36.8°C (98.2°F), pulse is 110/min, respirations are 16/min, and blood pressure is 112/70 mmHg. Pulse oximetry on room air shows an oxygen saturation of 97%. Examination shows several 1-2 cm lacerations and ecchymoses over the face and trunk. There is no neck crepitus. There is a pocket knife in the right fourth intercostal space at the anterior axillary line and blood oozing out of the wound. There is no bubbling of the blood at the wound. The lungs are clear to auscultation with equal breath sounds. The remainder of the examination shows no abnormalities. A chest x-ray shows the knife in situ extending into the right thorax. Which of the following is the most appropriate next step in management?
A. Right needle thoracostomy
B. Right tube thoracostomy
C. Endotracheal intubation
D. Cricothyroiditomy
E. CT scan of the chest
F. Insertion of a laryngeal mask","২৯ বছর বয়সী একজন পুরুষকে ডান বুকের দিকে ছুরি আঘাতের পরে ২০ মিনিটে জরুরি বিভাগে নিয়ে আসা হয়। প্রথম প্রতিক্রিয়াকারীরা রোগীকে কর্বে বসে সিগারেট ধূমপান করতে দেখতে পান, যেখানে তাকে ছুরির আঘাত লেগেছে সেখানে ব্যথা জানাচ্ছিলেন। পৌঁছানোর সময় তিনি সচেতন। তার তাপমাত্রা ৩৬.৮°C (৯৮.২°F), পালস ১১০/মিনিট, শ্বাসপ্রশ্বাস ১৬/মিনিট, এবং রক্তচাপ ১১২/৭০ mmHg। কক্ষের বাতাসে পল্স অক্সিমেট্রি দেখায় অক্সিজেন স্যাচুরেশন ৯৭%। পরীক্ষায় মুখ ও দেহে কয়েকটি ১-২ সেমি লেসারেশন এবং ইকচিমোস দেখা যায়। গলায় কোনো ক্রেপিটাস নেই। ডান চতুর্থ আন্তঃকোষিক স্থানে অ্যান্টেরিয়র অ্যাক্সিলারি লাইনে একটি পকেট নাইফ রয়েছে এবং ক্ষতের থেকে রক্ত নিঃসরণ হচ্ছে। ক্ষেতে রক্তের বুদবুদ দেখা যায় না। ফুসফুস শোনার সময় পরিষ্কার এবং উভয় পাশে সমান শ্বাসধ্বনি পাওয়া যায়। পরীক্ষার বাকী অংশে কোনো অস্বাভাবিকতা নেই। একটি চেস্ট এক্স-রে দেখায় নাইফটি স্থানে রয়েছে এবং ডান থোর্যাক্সে প্রবেশ করেছে। নিম্নলিখিতগুলির মধ্যে কোনটি সর্বোত্তম পরবর্তী ব্যবস্থাপনা পদক্ষেপ?
A. ডান পাশে সূচি থোরাকোস্টোমি
B. ডান পাশে টিউব থোরাকোস্টোমি
C. এন্ডোট্র্যাকিয়াল ইন্টুবেশন
D. ক্রিকোথাইরয়েডিটমি
E. বক্ষের সিটি স্ক্যান
F. ল্যারিঞ্জিয়াল মাস্ক প্রবেশ করানো",,,,,
R0043,"A 32-year-old woman comes to the emergency department for a 2-week history of right upper quadrant abdominal pain. She has also been feeling tired and nauseous for the past 5 weeks. She has a history of depression and suicidal ideation. She is a social worker for an international charity foundation. She used intravenous illicit drugs in the past but quit 4 months ago. Her only medication is sertraline. Her temperature is 37.8°C (100.0°F), pulse is 100/min, and blood pressure is 128/76 mm Hg. She is alert and oriented. Scleral icterus is present. Abdominal examination shows tenderness to palpation in the right upper quadrant. The liver edge is palpated 3 cm below the right costal margin. There is no rebound tenderness or guarding. The abdomen is non-distended and the fluid wave test is negative. She is able to extend her arms with wrists in full extension and hold them steady without flapping. Laboratory studies show:
Hemoglobin 13.8 g/dL
Leukocytes 13,700/mm3
Platelets 165,000/mm3
Prothrombin time 14 seconds
Partial thromboplastin time 35 seconds
Serum:
Total bilirubin 4.8 mg/dL
Direct bilirubin 1.3 mg/dL
Aspartate aminotransferase 1852 U/L
Alanine aminotransferase 2497 U/L
Urea nitrogen 21 mg/dL
Creatinine 1.2 mg/dL
Hepatitis A IgM antibody Negative
Hepatitis B surface antigen Negative
Hepatitis B surface antibody Negative
Hepatitis B core IgM antibody Positive
Hepatitis C antibody Positive
Hepatitis C RNA Negative
Urine beta-hCG Negative
Which of the following is the most appropriate next step in management?""
A. Pegylated interferon-alpha
B. Supportive therapy
C. Tenofovir
D. Emergency liver transplantation
E. Ribavirin and interferon
F. Sofosbuvir and velpatasvir
G. Vaccination against Hepatitis B","একজন ৩২ বছর বয়সী নারী জরুরি বিভাগে দুই সপ্তাহের ডান উপরের কোয়ার্টার পেটের ব্যথা নিয়ে আসেন। তিনি গত পাঁচ সপ্তাহ ধরে ক্লান্তি ও বমিভাব অনুভব করছেন। তার বিষণ্নতা এবং আত্মহত্যার চিন্তার ইতিহাস আছে। তিনি একটি আন্তর্জাতিক দাতব্য সংস্থায় সামাজিক কর্মী হিসেবে কাজ করেন। অতীতে তিনি শিরা প্রবেশযোগ্য অবৈধ ড্রাগ ব্যবহার করতেন কিন্তু চার মাস আগে তা বন্ধ করেছেন। তার একমাত্র ওষুধ হল সেরট্রালিন। তার তাপমাত্রা ৩৭.৮°C (১০০°F), পালস ১০০/মিনিট, রক্তচাপ ১২৮/৭৬ mm Hg। তিনি সতর্ক এবং দিকনির্দেশে সচেতন। স্ক্লেরাল ইক্টেরাস দেখা যায়। পেট পরীক্ষা দেখায় ডান উপরের কোয়ার্টারে স্পর্শে সংবেদনশীলতা। লিভার এজ ডান কস্টাল মার্জিন থেকে ৩ সেমি নিচে স্পর্শযোগ্য। রিবাউন্ড টেন্ডারনেস বা গার্ডিং নেই। পেট ফোলা নয় এবং তরল তরঙ্গ পরীক্ষা নেগেটিভ। তিনি তার হাতকে পূর্ণ বর্ধিত অবস্থায় কব্জি দিয়ে প্রসারিত করে স্থির রাখতে পারেন, কোনো ফ্ল্যাপিং ছাড়া। ল্যাবরেটরি ফলাফল: হিমোগ্লোবিন ১৩.৮ g/dL; লিউকোসাইট ১৩,৭০০/mm3; প্লেটলেট ১৬৫,০০০/mm3; প্রোথ্রম্বিন সময় ১৪ সেকেন্ড; পার্শিয়াল থ্রোমবোপ্লাস্টিন সময় ৩৫ সেকেন্ড; সিরাম মোট বিলিরুবিন ৪.৮ mg/dL; ডাইরেক্ট বিলিরুবিন ১.৩ mg/dL; অ্যাসপারটেট অ্যামিনো ট্রান্সফেরেজ ১৮৫২ U/L; আলানাইন অ্যামিনো ট্রান্সফেরেজ ২৪৯৭ U/L; ইউরিয়া নাইট্রোজেন ২১ mg/dL; ক্রিয়াটিনিন ১.২ mg/dL; হেপাটাইটিস A IgM অ্যান্টিবডি নেগেটিভ; হেপাটাইটিস B সারফেস অ্যান্টিজেন নেগেটিভ; হেপাটাইটিস B সারফেস অ্যান্টিবডি নেগেটিভ; হেপাটাইটিস B কোর IgM অ্যান্টিবডি পজিটিভ; হেপাটাইটিস C অ্যান্টিবডি পজিটিভ; হেপাটাইটিস C RNA নেগেটিভ; ইউরিন বিটা-hCG নেগেটিভ। নিম্নলিখিতগুলির মধ্যে কোনটি ব্যবস্থাপনার সর্বোত্তম পরবর্তী ধাপ?
A. পেগিলেটেড ইন্টারফেরন-আলফা
B. সহায়ক থেরাপি
C. টেনোফোভির
D. জরুরি লিভার প্রতিস্থাপন
E. রিবাভিরিন এবং ইন্টারফেরন
F. সোফোসবিউভির এবং ভেলপাটাসভির
G. হেপাটাইটিস বি টিকাদান",,,,,
R0044,"A 40-year-old man comes to the physician because of a 5-kg (11-lb) weight loss over the past month and easy bruising. He has not changed his diet significantly. He also noticed that his arms now bruise more easily. He appears pale. His pulse is 70/min, his blood pressure is 125/75 mm Hg, and his temperature is 38°C (100.4°F). Examination shows a palm-sized hematoma on his right arm. His spleen is palpable 5 cm below the costal margin. His liver is enlarged. Laboratory results show:
Leukocytes 10,500/mm3
Hemoglobin 10.2 g/dL
Platelets 52,000/mm3
Fibrinogen 110 mg/dL (Reference: 150-400 mg/dL)
Cytogenetic analysis shows leukocytes with a reciprocal translocation of chromosomes 15 and 17. Which of the following is the most appropriate treatment for this patient at this time?""
A. Rituximab
B. Cyclophosphamide
C. All-trans retinoic acid
D. Platelet transfusion
E. Cryoprecipitate transfusion
F. Imatinib","৪০ বছর বয়সী একজন পুরুষ রোগীর ওজন গত মাসে ৫ কেজি (১১ পাউন্ড) কমেছে এবং সহজে রক্তক্ষরণ হচ্ছে বলে ডাক্তারের কাছে আসেন। তার খাবারে কোনো উল্লেখযোগ্য পরিবর্তন হয়নি। তিনি লক্ষ্য করেছেন যে এখন তার বাহুতে আরও সহজে দাগ পড়ছে। তিনি শ্বেতবর্ণ দেখাচ্ছেন। তার পালস ৭০/মিনিট, রক্তচাপ ১২৫/৭৫ mm Hg এবং তাপমাত্রা ৩৮°C (১০০.৪°F)। পরীক্ষা করে দেখা যায় ডান বাহুতে একটি তালুর আকারের হেমাটোমা রয়েছে। পাঁজরের প্রান্ত থেকে ৫ সেমি নিচে তার প্লীহা স্পর্শযোগ্য। লিভার বড় হয়েছে। পরীক্ষার ফলাফল:
লিউকোসাইট ১০,৫০০/mm3
হিমোগ্লোবিন ১০.২ g/dL
প্লেটলেট ৫২,০০০/mm3
ফাইব্রিনোজেন ১১০ mg/dL (রেফারেন্স: ১৫০-৪০০ mg/dL)
সাইটোজেনেটিক বিশ্লেষণে দেখা গেছে ক্রোমোসোম ১৫ এবং ১৭ এর পারস্পরিক ট্রান্সলোকেশন। এই রোগীর বর্তমান অবস্থায় সবচেয়ে উপযুক্ত চিকিৎসা কী হবে?
A. রিটুক্সিম্যাব
B. সাইক্লোফসফামাইড
C. অল-ট্রান্স রেটিনয়িক অ্যাসিড
D. প্লেটলেট ট্রান্সফিউশন
E. ক্রাইওপ্রেসিপিটেট ট্রান্সফিউশন
F. ইমাটিনিব",,,,,
R0045,"A 70-year-old man comes to the emergency room for worsening leg pain and a rash consistent with wet gangrene. He has no history of skin infections but has type 2 diabetes mellitus and has smoked 2 packs of cigarettes daily for 20 years. Three days after admission, he becomes increasingly hypoxic and tachypneic. He is emergently intubated and ventilatory support is initiated. He is 180 cm (5 ft 11 in) tall and weighs 90 kg (198 lb); BMI is 27.8 kg/m2. His pulse is 112/min and his blood pressure is 95/60 mmHg. The ventilator is set at an FIO2 of 100%, tidal volume of 540 mL, respiratory rate of 20/min, and positive end-expiratory pressure (PEEP) of 5 cm H2O. On pulmonary examination, there are diffuse crackles. Cardiac examination shows no abnormalities. Hemoglobin is 11.5 g/dL, serum lactate is 4.0 mmol/L, and serum creatinine is 2.5 mg/dL. An arterial blood gas checked 30 minutes after intubation shows a PaCO2 of 50 mm Hg and a PaO2 of 55 mm Hg. An x-ray of the chest shows new bilateral infiltrates. Which of the following is the most appropriate next step to improve tissue oxygen delivery in this patient?
A. Inhaled nitric oxide
B. Prone positioning of patient
C. Increase the tidal volume
D. Increase the positive end-expiratory pressure
E. Transfusion of red blood cells","৭০ বছর বয়সী একজন পুরুষ জরুরি বিভাগে আসেন বাড়তে থাকা পা ব্যথা এবং ভেজা গ্যাংরিনের সাথে সামঞ্জস্যপূর্ণ র‍্যাশ নিয়ে। তার ত্বকের সংক্রমণের কোনো ইতিহাস নেই, তবে টাইপ ২ ডায়াবেটিস মেলিটাস আছে এবং ২০ বছর ধরে প্রতিদিন ২ প্যাক সিগারেট ধূমপান করেন। ভর্তি হওয়ার তিন দিন পরে তিনি ক্রমশ হাইপোক্সিক ও ট্যাচিপনিক হয়ে ওঠেন। তাকে জরুরি ইনটিউবেশন করা হয় এবং ভেন্টিলেটরি সাপোর্ট শুরু করা হয়। তার উচ্চতা ১৮০ সেমি (৫ ফুট ১১ ইঞ্চি) এবং ওজন ৯০ কেজি (১৯৮ পাউন্ড); BMI ২৭.৮ কেজি/মি2। পাল্স ১১২ বার/মিনিট এবং রক্তচাপ ৯৫/৬০ mmHg। ভেন্টিলেটরকে ১০০% FIO2, টিডাল ভলিউম 540 mL, শ্বাসের হার ২০ বার/মিনিট এবং পজিটিভ এন্ড-এক্সপায়ারেটরি প্রেসার (PEEP) ৫ cm H2O সেট করা হয়েছে। ফুসফুস পরীক্ষা করলে বিস্তৃত ক্র্যাকলস দেখা যায়। হৃদয় পরীক্ষায় কোনো অস্বাভাবিকতা নেই। হিমোগ্লোবিন ১১.৫ g/dL, সিরাম ল্যাকটেট ৪.০ mmol/L এবং সিরাম ক্রিয়াটিনিন ২.৫ mg/dL। ইনটিউবেশনের ৩০ মিনিট পরে একটি আর্টেরিয়াল ব্লাড গ্যাসে PaCO2 ৫০ mm Hg এবং PaO2 55 mm Hg দেখা যায়। চেস্ট এক্স-রে নতুন দ্বিপাক্ষিক ইনফিলট্রেট দেখায়। রোগীর টিস্যু অক্সিজেন ডেলিভারি উন্নত করার জন্য নিম্নলিখিত কোনটি সবচেয়ে উপযুক্ত পরবর্তী পদক্ষেপ?
A. শ্বাসযন্ত্রে নাইট্রিক অক্সাইড
B. রোগীকে পেটের দিকে ঘোড়া করা (প্রোন পজিশনিং)
C. টিডাল ভলিউম বৃদ্ধি করা
D. PEEP বাড়ানো
E. লাল রক্তকণিকা ট্রান্সফিউশন",,,,,
R0046,"A 32-year-old man comes to the Veterans Affairs hospital because of difficulty sleeping for the past 9 weeks. He is a soldier who returned from a deployment in Afghanistan 12 weeks ago. Fifteen weeks ago, his unit was ambushed in a deserted street, and a fellow soldier was killed. He wakes up frequently during the night from vivid dreams of this incident. He blames himself for being unable to save his friend. He also has trouble falling asleep and gets up earlier than desired. During this period, he has started to avoid walking in deserted streets. Vital signs are within normal limits. Physical examination shows no abnormalities. He refuses cognitive behavioral therapy and is started on sertraline. Five weeks later, he returns to the physician and complains about persistent nightmares and difficulty sleeping. Which of the following is the most appropriate next step in management?
A. Diazepam therapy
B. Zolpidem therapy
C. Triazolam therapy
D. Phenelzine therapy
E. Prazosin therapy
F. Supportive psychotherapy
G. Interpersonal therapy","৩২ বছর বয়সী একজন পুরুষ ভেটেরান্স অ্যাফেয়ার্স হাসপাতালে আসেন গত ৯ সপ্তাহ ধরে ঘুমাতে সমস্যার জন্য। তিনি এক সৈনিক যিনি ১২ সপ্তাহ আগে আফগানিস্তানে ডিপ্লয়মেন্ট থেকে ফিরে এসেছেন। পনেরো সপ্তাহ আগে, তার ইউনিট একটি নির্জন রাস্তায় হামলায় পড়ে এবং একজন সহযোদ্ধা নিহত হন। তিনি রাতে ঘনঘন জোরালো স্বপ্নে সেই ঘটনার দৃশ্য দেখেন এবং নিজেকে দোষারোপ করেন যে বন্ধুকে বাঁচাতে পারেননি। এছাড়া তাকে শুতে সমস্যা হয় এবং ইচ্ছাকৃত সময়ের চেয়ে আগে উঠে যান। এই সময়কালে, তিনি নির্জন রাস্তায় হাঁটা এড়িয়ে চলা শুরু করেন। সব গুরুত্বপূর্ণ সূচক স্বাভাবিক সীমার মধ্যে আছে। শারীরিক পরীক্ষায় কোনো অস্বাভাবিকতা দেখা যায় না। তিনি কগনিটিভ বিহেভিয়োরাল থেরাপি প্রত্যাখ্যান করে সেরট্রালিন গ্রহণ শুরু করেন। পাঁচ সপ্তাহ পরে, তিনি আবার ডাক্তারের কাছে ফিরে এসে অব্যাহত দুঃস্বপ্ন এবং ঘুমাতে সমস্যার অভিযোগ করেন। নিম্নলিখিতগুলির মধ্যে কোনটি সর্বোত্তম পরবর্তী ব্যবস্থাপনা হবে?
A. ডায়াজেপাম থেরাপি
B. জলপিডেম থেরাপি
C. ট্রিয়াজোলাম থেরাপি
D. ফেনেলজাইন থেরাপি
E. প্রাজোসিন থেরাপি
F. সহায়ক সাইকোথেরাপি
G. ইন্টারপার্সোনাল থেরাপি",,,,,
R0047,"An endocervical swab is performed and nucleic acid amplification testing via polymerase chain reaction is conducted. It is positive for Chlamydia trachomatis and negative for Neisseria gonorrhoeae. Which of the following is the most appropriate pharmacotherapy?
A. Oral amoxicillin
B. Intravenous cefoxitin plus oral doxycycline
C. Intramuscular ceftriaxone
D. Oral levofloxacin
E. Intramuscular ceftriaxone plus oral azithromycin
F. Oral azithromycin
G. Oral doxycycline","এন্ডোসার্ভিকাল সুয়াব নেওয়া হয়েছে এবং পলিমেরেজ চেইন রিএ্যাকশন (PCR) মাধ্যমে নিউক্লিয়িক অ্যাসিড অ্যামপ্লিফিকেশন টেস্ট করা হয়েছে। ফলাফল ক্ল্যামিডিয়া ট্র্যাকোমাটিসে পজিটিভ এবং নেসেরিয়া গোনোরিয়াতে নেগেটিভ দেখায়। নিম্নলিখিতগুলির মধ্যে কোনটি সবচেয়ে উপযুক্ত ফার্মাকোথেরাপি?
A. মৌখিক অ্যামোক্সিসিলিন
B. ইন্ট্রাভেনাস সেফক্সিটিন প্লাস মৌখিক ডকসাইক্রিন
C. ইন্টারমাস্কুলার সিফট্রিয়ানোন
D. মৌখিক লেভোফ্লোক্সেসিন
E. ইন্টারমাস্কুলার সিফট্রিয়ানোন প্লাস মৌখিক আজিথ্রোমাইসিন
F. মৌখিক আজিথ্রোমাইসিন
G. মৌখিক ডকসাইক্রিন",,,,,
R0048,"A 65-year-old man comes to his primary care physician with a 6-month history of bilateral calf pain. The pain usually occurs after walking his dog a few blocks and is more severe on the right side. He has coronary artery disease, essential hypertension, and type 2 diabetes mellitus. He has smoked two packs of cigarettes daily for 43 years and drinks two alcoholic beverages a day. Current medications include metformin, lisinopril, and aspirin. He is 183 cm (5 ft 11 in) tall and weighs 113 kg (250 lb); BMI is 34.9 kg/m2. His temperature is 37°C (98.6°F), pulse is 84/min, and blood pressure is 129/72 mm Hg. Cardiac examination shows a gallop without murmurs. The legs have shiny skin with reduced hair below the knee. Femoral and popliteal pulses are palpable bilaterally. Dorsal pedal pulses are 1+ on the left and absent on the right. Ankle-brachial index (ABI) is performed in the office. ABI is 0.5 in the right leg, and 0.6 in the left leg. Which of the following is the most appropriate initial step in management?
A. Graded exercise therapy
B. Propranolol therapy
C. Spinal cord stimulation
D. Vascular bypass surgery
E. Cilostazol therapy
F. Percutaneous transluminal angioplasty with stenting","৬৫ বছর বয়সী একজন পুরুষ রোগী তার প্রাইমারি কেয়ার ডাক্তারের কাছে দ্বিপাক্ষিক পায়ের গোড়ালির ব্যথা নিয়ে আসেন, যার ইতিহাস ছয় মাসের। হাঁটতে হাঁটতে (কুকুরকে কয়েক ব্লক দূরে ঘোরাতে) সাধারণত এই ব্যথা হয় এবং ডান পাশে বেশি তীব্র। রোগীর করোনারি আর্টারী ডিজিজ, প্রাথমিক হাইপারটেনশন ও টাইপ ২ ডায়াবেটিস মেলিটাস রয়েছে। তিনি ৪৩ বছর ধরে প্রতিদিন দুই প্যাক সিগারেট ধূমপান করেন এবং দিনে দু'টি অ্যালকোহলিক পানীয় গ্রহণ করেন। বর্তমান ঔষধে আছে মেটফরমিন, লিসিনোপ্রিল ও অ্যাস্পিরিন। তার উচ্চতা ১৮৩ সেমি (৫ ফুট ১১ ইঞ্চি) ও ওজন ১১৩ কেজি (২৫০ পাউন্ড); BMI ৩৪.৯ কেজি/মি2। তাপমাত্রা ৩৭°C (৯৮.৬°F), পালস ৮৪/মিনিট, রক্তচাপ ১২৯/৭২ mm Hg। কার্ডিয়াক পরীক্ষা দেখায় গ্যালপ ছাড়া কোনো মর্মর নেই। পায়ের নিচে চামড়া ঝকঝকে এবং হাঁটুর নীচে লোম কমে গেছে। ফিমোরাল ও পোপলিটেল পালস দু'পাশেই স্পর্শযোগ্য। ডোর্সাল পেডাল পালস বামে ১+ এবং ডানে অনুপস্থিত। অফিসে অ্যান্কল-ব্র্যাকিয়াল ইনডেক্স (ABI) করা হয়; ডান পায়ের ABI ০.৫, বাম পায়ের ABI ০.৬। নিম্নলিখিতগুলোর মধ্যে কোনটি সর্বোত্তম প্রাথমিক ব্যবস্থাপনা পদক্ষেপ?
A. গ্রেডেড এক্সারসাইজ থেরাপি
B. প্রোপ্রানোলল থেরাপি
C. স্পাইনাল কর্ড স্টিমুলেশন
D. ভাস্কুলার বাইপাস সার্জারি
E. সিলোস্টাজল থেরাপি
F. পারকুটেনিয়াস ট্রান্সলুমিনাল এঞ্জিওপ্লাস্টি স্টেন্টিং সহ",,,,,
R0051,"A 36-year-old woman comes to the physician because of multiple episodes of headache over the past 3 months. The headaches last the entire day and are unilateral and throbbing. During the headaches, she has severe nausea and is unable to work and perform her daily activities. She has noticed that she becomes unusually hungry prior to the onset of headache. She locks herself in a dark room, takes ibuprofen, and avoids going out until the headache subsides. However, over the past month, the headaches have increased to 2-3 times a week and become more intense. She has hypertension treated with amlodipine. Her temperature is 37°C (98.6°F), pulse is 80/min, and blood pressure is 128/76 mm Hg. Physical and neurologic examinations show no abnormalities. Which of the following is the most appropriate therapy for long-term prevention of headaches in this patient?
A. Fluoxetine
B. Ergotamine
C. Propranolol
D. Sumatriptan
E. Naproxen","একজন ৩৬ বছর বয়সী নারী গত তিন মাসে একাধিকবার মাথাব্যথার কারণে ডাক্তারের কাছে আসছেন। এই মাথাব্যথা পুরো দিন স্থায়ী থাকে, একপাশের এবং ধুকধুক করে। মাথাব্যথার সময় তার তীব্র বমি বমি ভাব হয় এবং তিনি কাজ করতে বা দৈনন্দিন কার্যক্রম সম্পাদন করতে অক্ষম হন। তিনি লক্ষ্য করেছেন যে মাথাব্যথা শুরু হওয়ার আগে তিনি অস্বাভাবিকভাবে বেশি ক্ষুধার্ত হয়ে পড়েন। তিনি নিজেকে একটি অন্ধকার ঘরে লক করে রাখেন, আইবুপ্রোফেন গ্রহণ করেন এবং মাথাব্যথা কমে না পর্যন্ত বাইরে যাওয়া এড়িয়ে চলেন। তবে, গত মাসে মাথাব্যথা সপ্তাহে ২-৩ বার বাড়ে এবং তীব্রতা বৃদ্ধি পেয়েছে। তিনি অ্যামলোডিপিন দিয়ে চিকিৎসিত উচ্চ রক্তচাপের রোগী। তার শারীরিক তাপমাত্রা ৩৭°C (৯৮.৬°F), পালস ৮০/মিনিট, এবং রক্তচাপ ১২৮/৭৬ mm Hg। শারীরিক ও স্নায়বিক পরীক্ষায় কোনো অস্বাভাবিকতা দেখা যায়নি। নিম্নলিখিত কোনটি এই রোগীর দীর্ঘমেয়াদী মাথাব্যথা প্রতিরোধের জন্য সবচেয়ে উপযুক্ত থেরাপি?
A. ফ্লুওসেটিন
B. এরগোটামিন
C. প্রোপ্রানোলল
D. সুমাট্রিপট্যান
E. নিউপ্রোক্সেন",,,,,
R0054,"A 35-year-old woman comes to employee health services 30 minutes after a work-related incident. She works as a phlebotomist and reports that blood splashed into her right eye when she was drawing blood from a 30-year-old male patient. Immediately following the incident, she flushed her eye with water for several minutes. The patient from whom she drew blood was admitted for hemoptysis, weight loss, and night sweats. He is an intravenous drug user and is sexually active with several male and female partners. The phlebotomist has no history of serious illness and takes no medications. Her immunizations are up-to-date. Physical examination shows no abnormalities. In addition to drawing her blood for viral serologies, which of the following is the most appropriate next step?
A. Start raltegravir, tenofovir, and emtricitabine
B. Start zidovudine
C. Start tenofovir and emtricitabine
D. Provide reassurance
E. Start sofosbuvir and velpatasvir
F. Administer hepatitis B immune globulin and vaccine","একজন ৩৫ বছর বয়সী নারী কর্মচারী স্বাস্থ্য পরিষেবায় কাজ-সম্পর্কিত ঘটনার ৩০ মিনিট পর আসেন। তিনি ফ্লেবোটোমিস্ট হিসেবে কাজ করেন এবং জানান যে ৩০ বছর বয়সী পুরুষ রোগীর থেকে রক্ত সংগ্রহের সময় তার ডান চোখে রক্ত ছিটিয়ে পড়েছে। ঘটনাটির সঙ্গে সঙ্গে তিনি কয়েক মিনিট পানি দিয়ে চোখ ধুয়ে নেন। যাঁর থেকে তিনি রক্ত তুলেছিলেন সেই রোগী হেমোপটিসিস, ওজন কমা এবং রাতের ঘাম সহ ভর্তি হয়েছেন। তিনি ইনট্রাভিনাস ড্রাগ ব্যবহারকারী এবং বহু পুরুষ ও নারী সঙ্গীর সঙ্গে যৌন সক্রিয়। ফ্লেবোটোমিস্টের কোনো গুরুতর অসুস্থতার ইতিহাস নেই এবং তিনি কোনও ঔষধ গ্রহণ করেন না। তার টিকাদান আপ-টু-ডেট। শারীরিক পরীক্ষায় কোন অস্বাভাবিকতা দেখা যায়নি। ভাইরাসীয় সিরোলজি পরীক্ষা করার জন্য রক্ত তোলার পাশাপাশি, নিম্নলিখিতগুলির মধ্যে সবচেয়ে উপযুক্ত পরবর্তী পদক্ষেপ কী?
A. রালটেগ্রাভির, টেনোফোভির এবং এমট্রিসিটাবিন দিয়ে থেরাপি শুরু করুন
B. জিডোভুডিন দিয়ে থেরাপি শুরু করুন
C. টেনোফোভির ও এমট্রিসিটাবিন দিয়ে থেরাপি শুরু করুন
D. আশ্বাস দিন
E. সোফোসবুভির ও ভেলপাটাসভির দিয়ে থেরাপি শুরু করুন
F. হেপাটাইটিস বি ইমিউন গ্লোবুলিন এবং টিকাদান দিন",,,,,
R0055,"A 52-year-old man comes to to the emergency department with fatigue and shortness of breath that has become progressively worse over the past week. He had an upper respiratory tract infection 2 weeks ago, for which he was given an antibiotic. He has hypertension, type 2 diabetes mellitus, and colonic polyps diagnosed on screening colonoscopy 2 years ago. His mother has systemic lupus erythematosus and his brother has a bicuspid aortic valve. He does not smoke cigarettes or drink alcohol. Current medications include lisinopril and metformin. His temperature is 37.3°C (99.1°F), pulse is 91/min, respirations are 18/min, and blood pressure is 145/84 mm Hg. His conjunctivae are pale. Cardiac examination shows a late systolic crescendo-decrescendo murmur at the right upper sternal border. Laboratory studies show:
Leukocyte Count 9,500/mm3
Hematocrit 24%
Platelet Count 178,000/mm3
LDH 215 U/L
Haptoglobin 22 mg/dL (N=41-165 mg/dL)
Serum
Na+ 140 mEq/L
K+ 4.6 mEq/L
CL- 100 mEq/L
HCO3- 25 mEq/L
Urea nitrogen 21 mg/dL
Creatinine 1.2 mg/dL
Total bilirubin 1.9 mg/dL
A peripheral blood smear is shown. Which of the following is the most likely cause of this patient's anemia?""
A. Autoimmune destruction of erythrocytes
B. Occult blood loss
C. Erythrocyte membrane fragility
D. Erythrocyte enzyme defect
E. Mechanical destruction of erythrocytes","একজন ৫২ বছর বয়সী পুরুষ জরুরি বিভাগে ক্লান্তি এবং শ্বাসকষ্ট নিয়ে আসেন, যা গত সপ্তাহ থেকে ক্রমশ বাড়ছে। দুই সপ্তাহ আগে তিনি উপরের শ্বাসনালী সংক্রমণ হয়েছিল এবং অ্যান্টিবায়োটিক নেওয়া হয়েছিল। তার উচ্চ রক্তচাপ, টাইপ ২ ডায়াবেটিস মেলিটাস এবং স্ক্রিনিং কোলোনোস্কপি থেকে দুই বছর আগে কলনিক পলিপস নির্ণয় হয়েছে। তার মা সিস্টেমিক লুপাস ইরিথিমাটোসাসে আক্রান্ত এবং তার ভাইতে বাইকাস্পিড অর্টিক ভালভ আছে। তিনি সিগারেট ধূমপান বা মদ্যপান করেন না। বর্তমান ওষুধের মধ্যে রয়েছে লিসিনোপ্রিল এবং মেটফরমিন। তার তাপমাত্রা ৩৭.৩°C (৯৯.১°F), পালস ৯১/মিনিট, শ্বাসপ্রশ্বাস ১৮/মিনিট, রক্তচাপ ১৪৫/৮৪ mm Hg। কনজাংকটিভা ফিকে। কার্ডিয়াক পরীক্ষায় ডান উপরের স্টার্নাল বর্ডারে দেরি সিস্টোলিক ক্রেসেনডো-ডিক্রেসেনডো মর্মর শোনা যায়। ল্যাব ফলাফল:  
Leukocyte Count 9,500/mm3  
Hematocrit 24%  
Platelet Count 178,000/mm3  
LDH 215 U/L  
Haptoglobin 22 mg/dL (N=41-165 mg/dL)  
Serum Na+ 140 mEq/L, K+ 4.6 mEq/L, Cl- 100 mEq/L, HCO3- 25 mEq/L, Urea nitrogen 21 mg/dL, Creatinine 1.2 mg/dL, Total bilirubin 1.9 mg/dL। একটি পারিফেরাল রক্ত স্মিয়ার দেখানো হয়েছে। নিম্নলিখিতগুলোর মধ্যে কোনটি এই রোগীর অ্যানিমিয়ার সবচেয়ে সম্ভাব্য কারণ?
A. ইরিথ্রোসাইটের অটোইমিউন ধ্বংস
B. গোপন রক্তক্ষরণ
C. ইরিথ্রোসাইট মেমব্রেনের ভঙ্গুরতা
D. ইরিথ্রোসাইট এনজাইম ত্রুটি
E. ইরিথ্রোসাইটের যান্ত্রিক ধ্বংস",,,,,
R0058,"A 26-year-old primigravid woman at 39 weeks' gestation is admitted to the hospital in active labor. Pregnancy was complicated by mild oligohydramnios detected a week ago, which was managed with hydration. Her pulse is 92/min, respirations are 18/min, and blood pressure is 134/76 mm Hg. Pelvic examination shows 100% cervical effacement and 10 cm cervical dilation; the vertex is at 0 station. Cardiotocography is shown. Which of the following is the most appropriate next step in management?
A. Elective cesarean section
B. Emergent cesarean section
C. Reassurance
D. Maternal repositioning and oxygen administration
E. Administration of tocolytics
F. Elevation of the fetal head
G. Rapid amnioinfusion","একজন ২৬ বছর বয়সী প্রথম গর্ভধারণকারী নারী, যিনি ৩৯ সপ্তাহের গর্ভাবস্থায় সক্রিয় প্রসবের সময় হাসপাতালে ভর্তি হয়েছেন। এক সপ্তাহ আগে সনাক্ত করা হালকা অলিগোহাইড্রমিনিওসিস ছিল, যা তরল গ্রহণের মাধ্যমে নিয়ন্ত্রিত হয়েছে। তার পাল্স ৯২/মিনিট, শ্বাসপ্রশ্বাস ১৮/মিনিট এবং রক্তচাপ ১৩৪/৭৬ মিমি পারদ। পেলভিক পরীক্ষায় সার্ভিকাল ইফ্যাক্টেশন ১০০% এবং সার্ভিক্যাল ডাইলেশন ১০ সেমি দেখা যায়; ভেরটেক্স শূন্য স্টেশনে রয়েছে। কার্ডিওটোকোগ্রাফ দেখানো হয়েছে। নিম্নলিখিতগুলির মধ্যে কোনটি সর্বোত্তম পরবর্তী ব্যবস্থাপনা পদক্ষেপ?
A. ইলেক্টিভ সিজারিয়ান সেকশন
B. জরুরি সিজারিয়ান সেকশন
C. আশ্বাস প্রদান
D. মায়ের অবস্থান পরিবর্তন এবং অক্সিজেন প্রদান
E. টোকোলাইটিকসের ব্যবহার
F. ভ্রূণের মাথা উঁচু করা
G. দ্রুত অ্যানিওইনফিউশন",,,,,
R0059,"A 62-year-old man is brought to the hospital because of a 6-hour history of worsening upper abdominal pain, nausea, and vomiting. He is diagnosed with acute calculous cholecystitis and scheduled for cholecystectomy the next day. He has congestive heart failure, hyperlipidemia, and hypertension. Physical examination shows no abnormalities. Current medications include metoprolol and simvastatin. One month ago, spironolactone was added to his medication regimen. Preoperative serum studies show:
Na+ 138 mEq/L
K+ 6.1 mEq/L
Cl- 100 mEq/L
HCO3- 22 mEq/L
Urea nitrogen 13 mg/dL
Creatinine 1.0 mg/dL
An ECG shows normal sinus rhythm. In addition to discontinuation of spironolactone, which of the following is the most appropriate next step in management of this patient's hyperkalemia?""
A. Administer intravenous saline with furosemide
B. Administer intravenous sodium bicarbonate
C. Administer intravenous insulin and glucose
D. Order dietary modification
E. Administer intravenous calcium gluconate
F. Initiate hemodialysis","একজন ৬২ বছর বয়সী পুরুষকে হাসপাতালে নিয়ে আসা হয়েছে কারণ তিনি গত ৬ ঘণ্টা ধরে বাড়তে থাকা উপরের পেটের ব্যথা, বমি বমি ভাব এবং বমি করছেন। তাকে তীব্র ক্যালকুলাসযুক্ত কোলে সিস্টাইটিস নির্ণয় করা হয় এবং পরের দিন কোলে সিস্টেকটোমির জন্য পরিকল্পনা করা হয়েছে। তার হৃদযন্ত্রে কনজেস্টিভ হার্ট ফেইলিউর, হাইপারলিপিডেমিয়া এবং উচ্চ রক্তচাপ রয়েছে। শারীরিক পরীক্ষায় কোনো অস্বাভাবিকতা দেখা যায় না। বর্তমান ওষুধের মধ্যে আছে মেটোপ্রোলল এবং সিমভাস্টাটিন। এক মাস আগে তার ঔষধে স্পিরোনোল্যাকটোন যোগ করা হয়েছিল। প্রি-অপারেটিভ সিরাম ফলাফল দেখায়:
Na+ 138 mEq/L
K+ 6.1 mEq/L
Cl- 100 mEq/L
HCO3- 22 mEq/L
ইউরিয়া নাইট্রোজেন 13 mg/dL
ক্রিয়াটিনিন ১.০ mg/dL
একটি ইসিজি স্বাভাবিক সাইনাস রিদম দেখায়। স্পিরোনোল্যাকটোন বন্ধ করার পাশাপাশি, এই রোগীর হাইপারক্যালেমিয়ার ব্যবস্থাপনার জন্য সবচেয়ে উপযুক্ত পরবর্তী পদক্ষেপ কোনটি?
A. ইন্ট্রাভেনাস স্যালিন দিয়ে ফিউরোসেমাইড প্রদান করুন
B. ইন্ট্রাভেনাস সোডিয়াম বায়কার্বোনেট প্রদান করুন
C. ইন্ট্রাভেনাস ইনসুলিন এবং গ্লুকোজ প্রদান করুন
D. খাদ্যতালিকায় পরিবর্তন আদেশ দিন
E. ইন্ট্রাভেনাস ক্যালসিয়াম গ্লুকোনেট প্রদান করুন
F. হেমোডায়ালিসিস শুরু করুন",,,,,
R0061,"A 37-year-old man is brought to the emergency department by a friend after he was found lying unconscious outside his front door. The friend reports that they were “pretty drunk” the previous night, and she had dropped her friend off at his home and driven off. When she came back in the morning, she found him passed out on the ground next to the doorstep. On arrival, he is conscious and cooperative. He reports feeling cold, with severe pain in his hands and face. He remembers having lost his gloves last night. His rectal temperature is 35.2°C (95.3°F), pulse is 86/min, respirations are 17/min, and blood pressure is 124/58 mm Hg. Examination shows decreased sensations over the distal fingers, which are cold to touch. The skin over the distal phalanges is cyanotic, hard, waxy, and tender, with surrounding edema. Laboratory studies are within the reference range. An x-ray of the chest and ECG show no abnormalities. Which of the following is the most appropriate next step in management?
A. Debridement of the affected tissue
B. Intra-arterial administration of tissue plasminogen activator
C. Intravenous administration of warmed crystalloid
D. Extracorporeal blood rewarming
E. Intravenous administration of antibiotics
F. Immersion of affected extremities in warm water","একজন ৩৭ বছর বয়সী পুরুষকে তার বন্ধু জরুরি বিভাগে নিয়ে আসে, কারণ তাকে তার বাড়ির দরজার বাইরে অচেতন অবস্থায় পাওয়া গিয়েছিল। বন্ধু জানান যে তারা গত রাতে “খুবই মাতাল” ছিলেন এবং তিনি বন্ধুকে বাড়িতে পৌঁছে দিয়ে চলে গেছেন। সকালে ফিরে এসে তিনি দেখলেন তিনি দরজার পাশে মাটিতে শুয়ে আছেন। উপস্থিতিতে, তিনি সচেতন ও সহযোগী। তিনি ঠাণ্ডা অনুভব করছেন, হাতে ও মুখে তীব্র ব্যথা আছে। তিনি গত রাতে তার দস্তানা হারিয়ে ফেলেছিলেন বলে স্মরণ করেন। রেক্টাল তাপমাত্রা ৩৫.২°C (৯৫.৩°F), পালস ৮৬/মিনিট, শ্বাসপ্রশ্বাস ১৭/মিনিট, রক্তচাপ ১২৪/৫৮ mm Hg। পরীক্ষায় দূরবর্তী আঙুলগুলোর সংবেদন কমে গেছে, যা স্পর্শে ঠাণ্ডা। দূরবর্তী ফ্যাল্যাঞ্জের ত্বক সায়ানোটিক, কঠিন, মোমের মতো এবং কোমল, আশেপাশে ইডিমা রয়েছে। ল্যাব ফলাফল রেফারেন্স সীমার মধ্যে। চেস্ট এক্স-রে ও ECG কোনো অস্বাভাবিকতা দেখায় না। নিম্নলিখিতগুলোর মধ্যে কোনটি সর্বোত্তম পরবর্তী ব্যবস্থাপনা?
A. প্রভাবিত টিস্যুর ডিব্রাইডমেন্ট
B. টিস্যু প্লাজমিনোজেন অ্যাক্টিভেটরের ইনট্রা-আর্তেরিয়াল প্রদান
C. গরম ক্রিস্ট্যালয়েডের শিরায় প্রবেশ করিয়ে দেওয়া
D. এক্সট্রাকর্পোরিয়াল রক্ত পুনঃউষ্ণীকরণ
E. অ্যান্টিবায়োটিকের শিরা মাধ্যমে প্রদান
F. প্রভাবিত অঙ্গগুলোকে গরম পানিতে ডুবিয়ে রাখা",,,,,
R0062,"A previously healthy 19-year-old man is brought to the emergency department by his girlfriend after briefly losing consciousness. He passed out while moving furniture into her apartment. She said that he was unresponsive for a minute but regained consciousness and was not confused. The patient did not have any chest pain, palpitations, or difficulty breathing before or after the episode. He has had episodes of dizziness when exercising at the gym. His blood pressure is 125/75 mm Hg while supine and 120/70 mm Hg while standing. Pulse is 70/min while supine and 75/min while standing. On examination, there is a grade 3/6 systolic murmur at the left lower sternal border and a systolic murmur at the apex, both of which disappear with passive leg elevation. Which of the following is the most likely cause?
A. Prolonged QT interval
B. Hypertrophic cardiomyopathy
C. Bicuspid aortic valve
D. Mitral valve prolapse
E. Orthostatic syncope
F. Vasovagal syncope
G. Carotid sinus syndrome
H. Mitral valve stenosis","একজন পূর্বে সুস্থ ১৯ বছর বয়সী পুরুষকে তার বান্ধবী জরুরি বিভাগে নিয়ে আসে যখন তিনি সংক্ষিপ্ত সময়ের জন্য অচেতন হয়ে যান। তিনি ফার্নিচার সরিয়ে নেওয়ার সময় হঠাৎ মূর্খ হয়ে গিয়েছিলেন। বান্ধবী বললেন যে তিনি এক মিনিটের জন্য প্রতিক্রিয়া দেখাননি, তবে পুনরায় চেতনা ফিরে এলেন এবং কোনো বিভ্রান্তি ছিল না। রোগীর এপিসোডের আগে বা পরে কোনও বুকে ব্যথা, ধড়ফড়ানি বা শ্বাসকষ্ট হয়নি। জিমে ব্যায়াম করার সময় তিনি ঘূর্ণন অনুভব করেছেন। তার রক্তচাপ supine অবস্থায় 125/75 mm Hg এবং দাঁড়িয়ে থাকলে 120/70 mm Hg। পালস supine-এ 70/min এবং দাঁড়ালে 75/min। পরীক্ষায়, বাম নিচের স্টার্নাল সীমানায় গ্রেড ৩/৬ সিস্টোলিক মর্মর এবং অ্যাপেক্সে একটি সিস্টোলিক মর্মর দেখা যায়, যা প্যাসিভ লেগ এলিভেশন করলে অদৃশ্য হয়ে যায়। নিম্নলিখিতগুলির মধ্যে কোনটি সবচেয়ে সম্ভাব্য কারণ?
A. বিস্তৃত কিউটি ইন্টারভ্যাল
B. হাইপারট্রফিক কার্ডিওমায়োপ্যাথি
C. দ্বিপাক্ষিক অর্টিক ভালভ
D. মিত্রাল ভালভ প্রোলাপ্স
E. অর্থোস্ট্যাটিক সিঙ্কোপ
F. ভাসোভ্যাগাল সিঙ্কোপ
G. ক্যারোটিড সিনাস সিনড্রোম
H. মিত্রাল ভালভ স্টেনোসিস",,,,,
R0063,"A 71-year-old man comes to the physician for a routine health maintenance examination. He has occasional fatigue but otherwise feels well. He has a history of hypertension and type 2 diabetes mellitus. He is a retired chemist. His only medication is ramipril. His temperature is 37.8°C (100°F), pulse is 72/min, respirations are 18/min, and blood pressure is 130/70 mm Hg. Physical examination shows nontender cervical and axillary lymphadenopathy. The spleen is palpated 7 cm below the costal margin. Laboratory studies show a leukocyte count of 12,000/mm3 and a platelet count of 210,000/mm3. Further evaluation is most likely to show which of the following?
A. Ringed sideroblasts
B. Rouleaux formation
C. Hypergammaglobulinemia
D. Teardrop cells
E. Smudge cells
F. Polycythemia
""","একজন ৭১ বছর বয়সী পুরুষ রুটিন স্বাস্থ্য রক্ষণাবেক্ষণ পরীক্ষার জন্য ডাক্তারের কাছে আসেন। তিনি মাঝে মাঝে ক্লান্তি অনুভব করেন তবে অন্যথায় স্বাভাবিকই আছেন। তার উচ্চ রক্তচাপ এবং টাইপ ২ ডায়াবেটিস মেলিটাসের ইতিহাস আছে। তিনি অবসরপ্রাপ্ত রসায়নবিদ। তাঁর একমাত্র ওষুধ হল রামিপ্রিল। তাপমাত্রা ৩৭.৮°C (১০০°F), পাল্স ৭২/মিনিট, শ্বাসপ্রশ্বাস ১৮/মিনিট এবং রক্তচাপ ১৩০/৭০ mm Hg। শারীরিক পরীক্ষায় নন-টেন্ডার সার্ভিকাল ও অক্ষিলারি লিম্ফেডেনোপ্যাথি দেখা যায়। পাঁজরের প্রান্তের নিচে স্প্লীনটি ৭ সেমি পর্যন্ত স্পর্শ করা যায়। ল্যাবরেটরি ফলাফল দেখায় শ্বেত রক্তকণিকার সংখ্যা ১২,০০০/mm3 এবং প্লেটলেট সংখ্যা ২১০,০০০/mm3। আরও মূল্যায়নে সবচেয়ে সম্ভাব্য কোনটি দেখা যাবে?
A. রিংড সাইডারোব্লাস্টস
B. রুলো গঠন
C. হাইপারগামাগ্লোবুলিনেমিয়া
D. টিয়ারড্রপ সেলস
E. স্মেজ সেলস
F. পলিসাইথেমিয়া",,,,,
R0064,"Please refer to the summary above to answer this question
An 8-year-old boy is brought to the physician by his mother for a well-child examination at a clinic for low-income residents. Although her son's elementary school offers free afterschool programming, her son has not been interested in attending. Both the son's maternal and paternal grandmothers have major depressive disorder. The mother is curious about the benefits of afterschool programming and asks for the physician's input. Based on the study results, which of the following statements best addresses the mother's question?""
""High-quality afterschool programming during childhood promotes long-term adult mental health
Background
High-quality afterschool programming in children has been found to improve standardized test scores, dropout rates, and college attendance. The APPLE (Afterschool Programming for Psychiatric Long-term Endpoints) study seeks to examine the effect of such programs on long-term adult mental health.
Design, Setting, and Participants
Socioeconomically disadvantaged children ages 5-10 were recruited for this study. Participants with a history of intellectual/developmental disability or existing psychiatric illness were excluded. Eligible families were identified by screening government social service agencies in Milwaukee, Wisconsin, and of all qualified families who were invited to participate in free afterschool enrichment activities for their children, 320 children were enrolled. The socioeconomic characteristics of study participants were found to be similar to those of the population being studied.
160 children were randomly assigned to free afterschool enrichment activities and 160 to a waiting list that served as a control; the parents of 12 children declined participation after their children were randomly assigned to the control group. Of the 83 children participating in the study's 20-year follow-up, 62 were in the treatment group and 21 were in the control group.
Interventions
The intervention involved free afterschool programming for the first three years of the study. The programming lasted three hours per day and was held five days per week, consisting of an hour of creative problem-based math/reading instruction supplemented with two hours of music, art, and athletic group activities. Children in the control group were placed on the waiting list for the intervention.
Main Outcomes and Measures
Data on incidence of common DSM 5-validated mental health conditions was collected at the study's 20-year follow-up evaluation and confirmed by chart review.
Results
Table - Association of major depression, ADHD, bipolar disorder, and psychotic disorder at 20-year follow-up of participants who received afterschool enrichment during childhood*.
*Adjusted for income and family history of psychiatric illness.
Major Depressive Disorder Attention Deficit Hyperactivity Disorder Bipolar Disorder (I or II) without Psychosis Any Psychotic Disorder
Hazard Ratio (95% CI) P -value Hazard Ratio (95% CI) P -value Hazard Ratio (95% CI) P -value Hazard Ratio (95% CI) P -value
Control 1.0 [reference] -- 1.0 [reference] -- 1.0 [reference] -- 1.0 [reference] --
Afterschool Enrichment 0.69 (0.59-0.87) < 0.001 0.80 (0.74-0.92) 0.02 0.64 (0.59-1.35) 0.34 0.84 (0.51-1.23) 0.22
Conclusions
This study highlights the potential of high-quality afterschool programming during childhood in promoting long-term adult mental health.
Source of funding: Wisconsin Children's Mental Health Foundation, National Early Childhood Education Coalition""
A. High-quality afterschool programming has a greater effect on reducing ADHD risk in adults than major depressive disorder risk.
B. The patient's family history of psychiatric illness prevents any conclusions from being drawn from the study.
C. High-quality afterschool programming would decrease this patient's risk of developing attention deficit hyperactivity disorder.
D. High-quality afterschool programming for low-income 8-year-olds may correlate with decreased bipolar disorder risk in adults.
E. High-quality afterschool programming would decrease this patient's risk of developing major depressive disorder.
F. High-quality afterschool programming should be free of charge for low-income children to improve adult mental health.
G. High-quality afterschool programming has a greater effect on reducing psychotic disorder risk in adults than bipolar disorder risk.
H. High-quality afterschool programming for low-income 8-year-olds may correlate with decreased ADHD risk in adults.","উপরের সারাংশটি দেখুন এবং এই প্রশ্নের উত্তর দিন। একটি ৮-বছর বয়সী ছেলে তার মায়ের মাধ্যমে নিম্ন আয়ের বাসিন্দাদের জন্য ক্লিনিকে ওয়েল-চাইল্ড পরীক্ষা করতে নিয়ে আসা হয়েছে। যদিও তার প্রাথমিক বিদ্যালয় বিনামূল্যে আফটারস্কুল প্রোগ্রামিং প্রদান করে, তবুও সে এতে অংশ নিতে আগ্রহী নয়। ছেলের মা'এর মাতৃ এবং পিতৃ দাদীমায়েরা উভয়ই মেজর ডিপ্রেসিভ ডিসঅর্ডার রোগে আক্রান্ত। মা আফটারস্কুল প্রোগ্রামের সুবিধা সম্পর্কে জানতে চান এবং ডাক্তারকে মতামত চাচ্ছেন। গবেষণার ফলাফলের ভিত্তিতে, নিম্নলিখিত কোন বিবৃতি মা'এর প্রশ্নের সর্বোত্তম উত্তর দেয়?  
“শিশুকালীন উচ্চমানের আফটারস্কুল প্রোগ্রামিং দীর্ঘমেয়াদী বয়সকালের মানসিক স্বাস্থ্যের উন্নতি করে।”
A. উচ্চমানের আফটারস্কুল প্রোগ্রামিং প্রাপ্তবয়স্কদের মধ্যে ADHD ঝুঁকি কমাতে মেজর ডিপ্রেসিভ ডিসঅর্ডার ঝুঁকির চেয়ে বেশি প্রভাব ফেলে।
B. রোগীর পারিবারিক মানসিক রোগের ইতিহাস গবেষণার থেকে কোনো উপসংহার টানা সম্ভব নয়।
C. উচ্চমানের আফটারস্কুল প্রোগ্রামিং এই রোগীর অ্যাটেনশন ডেফিসিট হাইপারঅ্যাকটিভিটি ডিসঅর্ডার (ADHD) বিকাশের ঝুঁকি কমাবে।
D. নিম্ন আয়ের ৮ বছর বয়সী শিশুদের জন্য উচ্চমানের আফটারস্কুল প্রোগ্রামিং প্রাপ্তবয়স্কদের মধ্যে বাইপোলার ডিসঅর্ডারের ঝুঁকি হ্রাসের সঙ্গে সম্পর্কিত হতে পারে।
E. উচ্চমানের আফটারস্কুল প্রোগ্রামিং এই রোগীর মেজর ডিপ্রেসিভ ডিসঅর্ডার বিকাশের ঝুঁকি কমাবে।
F. নিম্ন আয়ের শিশুদের জন্য উচ্চমানের আফটারস্কুল প্রোগ্রামিং বিনা মূল্যে হওয়া উচিত যাতে বয়সকালের মানসিক স্বাস্থ্যের উন্নতি হয়।
G. উচ্চমানের আফটারস্কুল প্রোগ্রামিং প্রাপ্তবয়স্কদের মধ্যে সাইকোটিক ডিসঅর্ডার ঝুঁকি কমাতে বাইপোলার ডিসঅর্ডার ঝুঁকির চেয়ে বেশি প্রভাব ফেলে।
H. নিম্ন আয়ের ৮ বছর বয়সী শিশুদের জন্য উচ্চমানের আফটারস্কুল প্রোগ্রামিং প্রাপ্তবয়স্কদের মধ্যে ADHD ঝুঁকি হ্রাসের সঙ্গে সম্পর্কিত হতে পারে।",,,,,
R0066,"A 17-year-old girl is brought to the physician by her mother for the evaluation of irregular menstrual bleeding. Menses have occurred at 60- to 90-day intervals since menarche at the age of 12 years. Her last menstrual period was 4 weeks ago. She is sexually active with one male partner, and they use condoms consistently. She reports that she currently has no desire to have children. She is 165 cm (5 ft 5 in) tall and weighs 85 kg (187 lb); BMI is 31 kg/m2. Examination shows scattered pustules on the forehead and oily skin. There is coarse hair on the chin and upper lip. Fingerstick blood glucose concentration is 190 mg/dL. A urine pregnancy test is negative. Which of the following is the most appropriate pharmacotherapy?
A. Letrozole
B. Danazol
C. Leuprolide
D. Clomiphene citrate
E. Metformin
F. Combination oral contraceptives
G. Insulin","একজন ১৭ বছর বয়সী মেয়ে তার মা তাকে ডাক্তারের কাছে নিয়ে গেছেন অনিয়মিত মাসিক রক্তপাতের মূল্যায়নের জন্য। মেনার্চের পর থেকে (বয়স ১২) প্রতি ৬০-৯০ দিনের অন্তর মাসিক হয়েছে। শেষবারের মাসিক চার সপ্তাহ আগে ছিল। তিনি এক পুরুষ সঙ্গীর সঙ্গে যৌন সক্রিয় এবং নিয়মিত কন্ডোম ব্যবহার করেন। তিনি বর্তমানে সন্তান ধারণের কোনো ইচ্ছা নেই বলে জানান। তার উচ্চতা ১৬৫ সেমি (৫ ফুট ৫ ইঞ্চি) ও ওজন ৮৫ কেজি (১৮৭ পাউন্ড); BMI ৩১ কেজি/মি2। পরীক্ষায় কপালে ছড়িয়ে থাকা ফোস্কা এবং তেলযুক্ত ত্বক দেখা যায়। চিবুক ও উপরের ঠোঁটে মোটা লোম রয়েছে। আঙুলের রক্তে গ্লুকোজ ঘনত্ব ১৯০ mg/dL। মূত্র গর্ভধারণ পরীক্ষা নেগেটিভ। নিম্নলিখিতগুলির মধ্যে কোনটি সবচেয়ে উপযুক্ত ফার্মাকোথেরাপি?
A. লেট্রোজোল
B. ড্যানাজল
C. লিউপ্রোলাইড
D. ক্লোমিফেন সিট্রেট
E. মেটফরমিন
F. সমন্বিত মৌখিক গর্ভনিরোধক
G. ইনসুলিন",,,,,
R0071,"A mother brings her 3-year-old son to his pediatrician because he is having tantrums. The boy has no history of serious illness and is on track with developmental milestones. His mother recently returned to work 2 weeks ago. She explains that, since then, her son has had a tantrum roughly every other morning, usually when she is getting him dressed or dropping him off at daycare. He cries loudly for about 5 minutes, saying that he does not want to go to daycare while thrashing his arms and legs. According to the daycare staff, he is well-behaved during the day. In the evenings, he has tantrums about twice per week, typically when he is told he must finish his dinner or that it is time for bed. These tantrums have been occurring for about 6 months. The mother is concerned her son may have a behavioral disorder. Which of the following is the most likely cause of the boy's behavior?
A. Autism spectrum disorder
B. Conduct disorder
C. Normal development
D. Oppositional defiant disorder
E. Attention deficit hyperactivity disorder
F. Disruptive mood dysregulation disorder","একজন মা তার ৩-বছর বয়সী ছেলেকে পেডিয়াট্রিশিয়ানের কাছে নিয়ে যান কারণ সে ক্রমাগত ট্যান্ট্রাম (অত্যধিক রাগ) দেখাচ্ছে। শিশুর কোনো গুরুতর রোগের ইতিহাস নেই এবং বিকাশগত মাইলস্টোনে সঠিক পথে রয়েছে। তার মা দুই সপ্তাহ আগে কাজ ফিরে গেছেন। তিনি জানান, তখন থেকে ছেলেটি প্রায় প্রতি অন্য সকালে একটি ট্যান্ট্রাম করে, সাধারণত যখন তিনি তাকে পোশাক পরাতে বা ডে-কেয়ারে নামিয়ে দেন। সে প্রায় ৫ মিনিট ধরে জোরে কাঁদে এবং বলে যে সে ডে-কেয়ার যেতে চায় না, সঙ্গে হাতে ও পা নাড়াচাড়া করে। ডে-কেয়ার স্টাফের মতে, দিনভর সে ভাল আচরণ করে। সন্ধ্যায়, সপ্তাহে দু'বার প্রায় ট্যান্ট্রাম হয়, সাধারণত যখন তাকে খাবার শেষ করতে বা শোয়ার সময় বলতে হয়। এই ট্যান্ট্রামগুলো প্রায় ৬ মাস ধরে চলছে। মা উদ্বিগ্ন যে তার ছেলেটির কোনো আচরণগত ব্যাধি থাকতে পারে। নিম্নলিখিতগুলোর মধ্যে কোনটি শিশুর আচরণের সবচেয়ে সম্ভাব্য কারণ?
A. অটিজম স্পেকট্রাম ডিসঅর্ডার
B. কন্ডাক্ট ডিসঅর্ডার
C. স্বাভাবিক বিকাশ
D. অপোজিশনাল ডিফিয়েন্ট ডিসঅর্ডার
E. অ্যাটেনশন ডেফিসিট হাইপারএক্টিভিটি ডিজঅর্ডার
F. ডিসরাপটিভ মুড ডাইজরেগুলেশন ডিসঅর্ডার",,,,,
R0072,"A 61-year-old woman with a history of stage IV pancreatic cancer comes to the emergency department with insomnia due to intractable midepigastric pain. The pain had been constant for months but has worsened over the past few weeks despite the fact that she is already taking hydrocodone 10 mg and ibuprofen 400 mg. She has a past medical history of chronic pain and major depressive disorder. In the past month, she has been taking her pain medications with increasing frequency, going from twice a day to four times a day. Her other medications include venlafaxine and eszopiclone. She describes her mood as low, but states she does not have any suicidal thoughts. She appears fatigued and slightly cachectic. Her temperature is 36°C (96.8°F), pulse is 100/min, and blood pressure is 128/65 mm Hg. Physical examination shows a mass in the midepigastric region. Which of the following is the most appropriate next step in management?
A. Discontinue hydrocodone and ibuprofen, and start IV ketorolac
B. Switch from hydrocodone to hydromorphone
C. Administer regional block of the celiac plexus using lidocaine
D. Switch from eszopiclone to zolpidem
E. Allow the patient to take hydrocodone and ibuprofen up to every four hours
""","61 বছর বয়সী এক নারী, যিনি স্টেজ IV প্যানক্রিয়াটিক ক্যান্সারের ইতিহাস রয়েছে, তিনি অনিদ্রা ও অপ্রতিরোধ্য মাইডইপিগাস্ট্রিক ব্যথার কারণে জরুরি বিভাগে আসেন। ব্যথা মাসের পর মাস স্থায়ী ছিল কিন্তু গত কয়েক সপ্তাহে বাড়ছে যদিও তিনি ইতিমধ্যে হাইড্রোকোডোন ১০ মি.গ্রা এবং আইবুপ্রোফেন ৪০০ মি.গ্রা গ্রহণ করছেন। তার অতীত রোগের ইতিহাসে ক্রনিক ব্যথা ও প্রধান ডিপ্রেসিভ ডিসঅর্ডার রয়েছে। গত মাসে তিনি তার ব্যথা নিয়ন্ত্রণের ঔষধের ব্যবহার বাড়িয়ে দুবার থেকে চারবার দিনে নিতে শুরু করেছেন। তার অন্যান্য ওষুধের মধ্যে ভেনলাফ্যাক্সিন এবং এসজোপিক্লোন আছে। তিনি নিজের মেজাজকে নিম্ন বলে বর্ণনা করেন, তবে বলেন যে কোনো আত্মহত্যার চিন্তা নেই। তিনি ক্লান্ত এবং সামান্য ক্যাশেক্টিক দেখাচ্ছেন। তার তাপমাত্রা ৩৬°C (৯৬.৮°F), পালস ১০০/মিনিট, রক্তচাপ ১২৮/৬৫ মিমি পারদ। শারীরিক পরীক্ষায় মাইডইপিগাস্ট্রিক অঞ্চলে একটি গাঁট দেখা যায়। নিম্নলিখিতগুলির মধ্যে কোনটি সর্বোত্তম পরবর্তী ব্যবস্থাপনা পদক্ষেপ?
A. হাইড্রোকোডোন ও আইবুপ্রোফেন বন্ধ করে IV কেটোরোলাক শুরু করা
B. হাইড্রোকোডোন থেকে হাইড্রমরফোনে পরিবর্তন করা
C. লিডোকেইন ব্যবহার করে সেলিয়াক প্লেক্সাসের রিজিওনাল ব্লক প্রদান করা
D. এসজোপিক্লোনকে জোল্পিডেমে পরিবর্তন করা
E. রোগীকে প্রতি চার ঘন্টা পরপর হাইড্রোকোডোন ও আইবুপ্রোফেন নিতে দেওয়া",,,,,
R0077,"A 20-year-old primigravid woman comes to the physician in October for her first prenatal visit. She has delayed the visit because she wanted a “natural birth” but was recently convinced to get a checkup after feeling more tired than usual. She feels well. Menarche was at the age of 12 years and menses used to occur at regular 28-day intervals and last 3-7 days. The patient emigrated from Mexico 2 years ago. Her immunization records are unavailable. Pelvic examination shows a uterus consistent in size with a 28-week gestation. Laboratory studies show:
Hemoglobin 12.4 g/dL
Leukocyte count 8,000/mm3
Blood group B negative
Serum
Glucose 88 mg/dL
Creatinine 1.1 mg/dL
TSH 3.8 μU/mL
Rapid plasma reagin negative
HIV antibody negative
Hepatitis B surface antigen negative
Urinalysis shows no abnormalities. Urine culture is negative. Chlamydia and gonorrhea testing are negative. A Pap smear is normal. Administration of which of the following vaccines is most appropriate at this time?""
A. Influenza and hepatitis B
B. Tdap and influenza
C. Tdap and MMR
D. Varicella and Tdap
E. Haemophilus influenzae B and HPV
F. Tdap and HPV
G. Varicella and influenza
H. Hepatitis B and MMR
I. MMR, Haemophilus influenzae B, and varicella
J. Influenza only
K. Varicella and hepatitis B
L. H. influenzae B and influenza","নিম্নলিখিত কোন টিকাদানটি এই সময়ে সবচেয়ে উপযুক্ত?
A. ইনফ্লুয়েঞ্জা এবং হেপাটাইটিস বি
B. টিডিএপি এবং ইনফ্লুয়েঞ্জা
C. টিডিএপি এবং এমএমআর
D. ভ্যারিসেলা এবং টিডিএপি
E. হিমোফিলাস ইনফ্লুয়েঞ্জা বি এবং এইচপিভি
F. টিডিএপি এবং এইচপিভি
G. ভ্যারিসেলা এবং ইনফ্লুয়েঞ্জা
H. হেপাটাইটিস বি এবং এমএমআর
I. এমএমআর, হিমোফিলাস ইনফ্লুয়েঞ্জা বি, এবং ভ্যারিসেলা
J. শুধুমাত্র ইনফ্লুয়েঞ্জা
K. ভ্যারিসেলা এবং হেপাটাইটিস বি
L. হিমোফিলাস ইনফ্লুয়েঞ্জা বি এবং ইনফ্লুয়েঞ্জা",,,,,
R0078,"A 49-year-old man comes to the physician because he has had multiple falls and multiple episodes of dizziness over the past 6 weeks. There is no personal or family history of serious illness. He drinks one pint of rum daily. He works as a foreman in a factory that produces industrial solvents. He is alert and oriented to time, place, and person. His temperature is 36.7°C (98.1°F), pulse is 88/min, and blood pressure is 108/70 mm Hg. Examination shows a wide-based gait. The patient is unable to stand with his feet together without support. There is a coarse tremor of the hands when he is asked to grab a pen. Muscle strength and tone are normal in all extremities. Sensation to pain, vibration, and position is intact bilaterally. Rapid alternating movements of the hands is impaired. Mental status examination shows no abnormalities. Which of the following is the most likely cause of this patient's condition?
A. Korsakoff syndrome
B. Subacute combined degeneration
C. Methanol poisoning
D. Cerebellar degeneration
E. Wernicke's encephalopathy","একজন ৪৯ বছর বয়সী পুরুষ রোগী ডাক্তারের কাছে আসেন কারণ গত ৬ সপ্তাহে তিনি বহুবার পড়ে গেছেন এবং ঘূর্ণি অনুভব করেছেন। কোনো ব্যক্তিগত বা পারিবারিক গুরুতর রোগের ইতিহাস নেই। তিনি প্রতিদিন এক পিন্ট রাম পান করেন। তিনি একটি ফ্যাক্টরিতে শিল্প দ্রাবক উৎপাদনকারী কর্মস্থলে ফোরম্যান হিসেবে কাজ করেন। তিনি সতর্ক ও সময়, স্থান এবং ব্যক্তি সম্পর্কে সচেতন। তার তাপমাত্রা ৩৬.৭°C (৯৮.১°F), পালস ৮৮/মিনিট, রক্তচাপ ১০৮/৭০ mm Hg। পরীক্ষায় দেখা যায় বিস্তৃত ভিত্তিক হাঁটা। রোগী সমর্থন ছাড়া পা একত্রে দাঁড়াতে পারেন না। কলম ধরতে বললে হাতে একটি মোটা কম্পন থাকে। সব অঙ্গের পেশীর শক্তি ও টোন স্বাভাবিক। ব্যথা, কম্পন এবং অবস্থান সংবেদন দুপাশেই ঠিক আছে। হাতের দ্রুত বিকল্পগত গতি দুর্বল। মানসিক অবস্থা পরীক্ষায় কোনো অসামঞ্জস্য দেখা যায় না। নিম্নলিখিত কোনটি রোগীর এই অবস্থার সবচেয়ে সম্ভাব্য কারণ?
A. কোরসাকফ সিনড্রোম
B. উপ-তীব্র সমন্বিত অবক্ষয়
C. মেথানল বিষক্রিয়া
D. সেরেবেলার অবক্ষয়
E. ওয়ার্নিকের এনসেফালোপ্যাথি",,,,,
R0083,"A 14-year-old girl is brought to the physician because of a 1-week history of fever, malaise, and chest pain. She describes the pain as 6 out of 10 in intensity and that it is more severe if she takes a deep breath. The pain is centrally located in the chest and does not radiate. Three weeks ago, she had a sore throat that resolved without treatment. She has no personal history of serious illness. She appears ill. Her temperature is 38.7°C (101.7°F). Examination shows several subcutaneous nodules on the elbows and wrist bilaterally. Breath sounds are normal. A soft early systolic murmur is heard best at the apex in the left lateral position. Abdominal examination is unremarkable. Laboratory studies show:
Hemoglobin 12.6 g/dL
Leukocyte count 12,300/mm3
Platelet count 230,000/mm3
Erythrocyte sedimentation rate 40 mm/hr
Serum
Antistreptolysin O titer 327 U/mL (N < 200 U/mL)
She is treated with aspirin and penicillin and her symptoms resolve. An echocardiography of the heart done 14 days later shows no abnormalities. Which of the following is the most appropriate next step in management?""
A. Intramuscular benzathine penicillin every 4 weeks for 10 years
B. Low-dose prednisone therapy for a month
C. Oral penicillin V before dental procedures
D. Intramuscular benzathine penicillin every 4 weeks until the age of 40
E. Intramuscular benzathine penicillin every 4 weeks until the age of 21
F. Intramuscular benzathine penicillin every 4 weeks for 5 years","একটি ১৪-বছরের মেয়ে এক সপ্তাহের জ্বর, ক্লান্তি এবং বুকে ব্যথার ইতিহাস নিয়ে ডাক্তারের কাছে আনা হয়। সে ব্যথাটিকে তীব্রতা অনুযায়ী ১০ এর মধ্যে ৬ হিসেবে বর্ণনা করে এবং গভীর শ্বাস নিলে এটি আরও বেশি তীব্র হয়। ব্যথাটি কেন্দ্রীয়ভাবে বুকে অবস্থিত এবং অন্য কোথাও ছড়িয়ে পড়ে না। তিন সপ্তাহ আগে, তার গলা ব্যথা ছিল যা কোনো চিকিৎসা ছাড়াই সেরে যায়। তার কোনও গুরুতর রোগের ব্যক্তিগত ইতিহাস নেই। সে অসুস্থ দেখাচ্ছে। তাপমাত্রা ৩৮.৭°C (১০১.৭°F)। পরীক্ষা করে কনুই ও কব্জিতে দু'পাশে বেশ কয়েকটি সাবকিউটেনিয়াস নডিউল দেখা যায়। শ্বাসের শব্দ স্বাভাবিক। বাম পাশের ল্যাটারাল অবস্থানে অ্যাপেক্সে একটি মৃদু প্রাথমিক সিস্টোলিক মর্মর শোনা যায়। পেটের পরীক্ষা অস্বাভাবিক নয়। ল্যাব ফলাফল:
হিমোগ্লোবিন ১২.৬ গি/ডিএল
শ্বেত রক্তকণিকা সংখ্যা ১২,৩০০/মিমি3
প্লেটলেট সংখ্যা ২৩০,০০০/মিমি3
ইরিথ্রোসাইট সেডিমেন্টেশন রেট ৪০ মিমি/ঘণ্টা
সিরাম অ্যান্টিস্ট্রেপটোলাইসিন ও টাইটার ৩২৭ ইউ/মিলি (N < ২০০ ইউ/মিলি)
তারকে অ্যাসপিরিন এবং পেনিসিলিন দিয়ে চিকিৎসা করা হয় এবং তার উপসর্গগুলো সেরে যায়। ১৪ দিন পর হৃদয়ের ইকোকার্ডিওগ্রাফিতে কোনো অস্বাভাবিকতা দেখা যায় না। নিম্নলিখিত কোনটি সর্বাধিক উপযুক্ত পরবর্তী ব্যবস্থাপনা পদক্ষেপ?
A. প্রতি ৪ সপ্তাহে একবার ইনট্রামাসকুলার বেনজাথিন পেনিসিলিন, মোট ১০ বছর পর্যন্ত
B. এক মাসের জন্য কম ডোজ প্রেডনিসোন থেরাপি
C. দন্তচিকিৎসা করার আগে মৌখিক পেনিসিলিন V গ্রহণ
D. বয়স ৪০ পর্যন্ত প্রতি ৪ সপ্তাহে ইনট্রামাসকুলার বেনজাথিন পেনিসিলিন
E. বয়স ২১ পর্যন্ত প্রতি ৪ সপ্তাহে ইনট্রামাসকুলার বেনজাথিন পেনিসিলিন
F. প্রতি ৪ সপ্তাহে একবার ইনট্রামাসকুলার বেনজাথিন পেনিসিলিন, মোট ৫ বছর পর্যন্ত",,,,,
R0085,"A 20-year-old college student comes to the physician because she has been extremely sad for the past 3 weeks and has to cry constantly. Three weeks ago, her boyfriend left her after they were together for 4 years. She has no appetite and has had a 2.3-kg (5.1-lb) weight loss. She has missed several classes because she could not stop crying or get out of bed. She thinks about her ex-boyfriend all the time. She says that she experienced similar symptoms for about 2 months after previous relationships ended. The patient is 158 cm (5 ft 2 in) tall and weighs 45 kg (100 lb); BMI is 18 kg/m2. Her temperature is 36.1°C (97°F), pulse is 65/min, and blood pressure is 110/60 mm Hg. Physical examination shows no abnormalities. On mental status examination she appears sad and cries easily. Which of the following is the most likely diagnosis?
A. Borderline personality disorder
B. Bereavement
C. Adjustment disorder with depressed mood
D. Persistent depressive disorder
E. Major depressive disorder
F. Acute stress disorder
G. Anorexia nervosa","২০ বছর বয়সী একটি কলেজ শিক্ষার্থী ডাক্তারের কাছে এসেছেন কারণ তিনি গত তিন সপ্তাহ ধরে অত্যন্ত দুঃখিত এবং ক্রমাগত কাঁদছেন। তিন সপ্তাহ আগে, তার প্রেমিক চার বছরের সম্পর্কের পর তাকে ছেড়ে চলে গিয়েছিলেন। তার ক্ষুধা নেই এবং ২.৩ কেজি (৫.১ পাউন্ড) ওজন কমেছে। তিনি কয়েকটি ক্লাস মিস করেছেন কারণ থেমে না থাকা কাঁদা বা বিছানা থেকে ওঠা সম্ভব হচ্ছিল না। তিনি সব সময়ই তার প্রাক্তন প্রেমিকের কথা ভাবেন। তিনি বলেন যে পূর্ববর্তী সম্পর্ক শেষ হওয়ার পরও প্রায় দুই মাস ধরে একই রকম লক্ষণ অনুভব করেছিলেন। রোগীর উচ্চতা ১৫৮ সেমি (৫ ফুট ২ ইঞ্চি) এবং ওজন ৪৫ কেজি (১০০ পাউন্ড); BMI ১৮ কেজি/মি2। তার তাপমাত্রা ৩৬.১°C (৯৭°F), পাল্স ৬৫/মিনিট, রক্তচাপ ১১০/৬০ mm Hg। শারীরিক পরীক্ষায় কোনো অস্বাভাবিকতা দেখা যায়নি। মানসিক অবস্থা পরীক্ষা দেখায় তিনি দুঃখী এবং সহজে কাঁদেন। নিম্নলিখিতগুলির মধ্যে কোনটি সবচেয়ে সম্ভাব্য নির্ণয়?
A. বর্ডারলাইন পার্সোনালিটি ডিসঅর্ডার
B. শোকগ্রস্ত অবস্থা
C. ডিপ্রেসিভ মুড সহ অ্যাডজাস্টমেন্ট ডিজঅর্ডার
D. দীর্ঘস্থায়ী ডিপ্রেসিভ ডিসঅর্ডার
E. গুরুতর বিষণ্নতা ব্যাধি
F. আকস্মিক স্ট্রেস ডিজঅর্ডার
G. অনোরেক্সিয়া নার্ভোসা",,,,,
R0087,"A 68-year-old man comes to the physician for a routine health maintenance examination. His wife has noticed that his left eye looks smaller than his right eye. He has had left shoulder and arm pain for 3 months. He has hypertension and coronary artery disease. Current medications include enalapril, metoprolol, aspirin, and atorvastatin. His medical history is significant for gonorrhea, for which he was treated in his 30's. He has smoked two packs of cigarettes daily for 35 years. He does not drink alcohol. His temperature is 37°C (98.6°F), pulse is 71/min, and blood pressure is 126/84 mm Hg. The pupils are unequal; when measured in dim light, the left pupil is 3 mm and the right pupil is 5 mm. There is drooping of the left eyelid. The remainder of the examination shows no abnormalities. Application of apraclonidine drops in both eyes results in a left pupil size of 5 mm and a right pupil size of 4 mm. Which of the following is the most appropriate next step in management?
A. Applanation tonometry
B. Erythrocyte sedimentation rate
C. Rapid plasma reagin
D. CT scan of the chest
E. Anti-acetylcholine receptor antibodies","একজন ৬৮ বছর বয়সী পুরুষ রুটিন স্বাস্থ্য রক্ষণাবেক্ষণ পরীক্ষার জন্য ডাক্তারের কাছে আসেন। তার স্ত্রী লক্ষ্য করেছেন যে তার বাম চোখ ডান চোখের তুলনায় ছোট দেখাচ্ছে। তিনি গত ৩ মাস ধরে বাম কাঁধ ও বাহুর ব্যথা অনুভব করছেন। তাঁর উচ্চ রক্তচাপ এবং করোনারি আর্টারি রোগ রয়েছে। বর্তমান ওষুধগুলোর মধ্যে আছে এনালাপ্রিল, মেটোপ্রোলল, অ্যাসপিরিন এবং এটরভাস্টাটিন। তার চিকিৎসা ইতিহাসে গনোরিয়া উল্লেখযোগ্য, যা তিনি ত্রিশের দশকে চিকিৎসা করিয়েছিলেন। তিনি ৩৫ বছর ধরে প্রতিদিন দুই প্যাক সিগারেট ধূমপান করেন। অ্যালকোহল পান করেন না। তাঁর তাপমাত্রা ৩৭°C (৯৮.৬°F), পালস ৭১/মিনিট, এবং রক্তচাপ ১২৬/৮৪ mm Hg। চোখের শিরা অসম; কম আলোতে মাপলে বাম পিউপিল ৩ mm এবং ডান পিউপিল ৫ mm। বাম চোখের পলক ঝুলে আছে। পরীক্ষার বাকী অংশে কোনো অস্বাভাবিকতা দেখা যায়নি। দুটোই চোখে আপ্রাক্লোনিডিন টিপলে বাম পিউপিলের আকার হয় ৫ mm এবং ডান পিউপিলের আকার হয় ৪ mm। নিম্নলিখিতগুলোর মধ্যে কোনটি সর্বোত্তম পরবর্তী ব্যবস্থাপনা পদক্ষেপ?
A. অ্যাপ্লেশন টোনোমেট্রি
B. ইরিথ্রোসাইট সেডিমেন্টেশন রেট (ESR)
C. র‍্যাপিড প্লাজমা রেগেইন (RPR) পরীক্ষা
D. বুকের সিটি স্ক্যান
E. অ্যান্টি-অ্যাসিটাইলকোলিন রিসেপ্টর অ্যান্টিবডি",,,,,
R0088,"A 17-year-old high school student comes to the physician because of a 6-month history of insomnia. On school nights, he goes to bed around 11 p.m. but has had persistent problems falling asleep and instead studies at his desk until he feels sleepy around 2 a.m. He does not wake up in the middle of the night. He is worried that he does not get enough sleep. He has significant difficulties waking up on weekdays and has repeatedly been late to school. At school, he experiences daytime sleepiness and drinks 1-2 cups of coffee in the mornings. He tries to avoid daytime naps. On the weekends, he goes to bed around 2 a.m. and sleeps in until 10 a.m., after which he feels rested. He has no history of severe illness and does not take medication. Which of the following most likely explains this patient's sleep disorder?
A. Delayed sleep-wake disorder
B. Psychophysiologic insomnia
C. Advanced sleep-wake disorder
D. Irregular sleep-wake disorder
E. Non-24 h sleep-wake disorder
F. Inadequate sleep hygiene","একজন ১৭ বছর বয়সী উচ্চ বিদ্যালয়ের ছাত্র ৬ মাসের অনিদ্রার ইতিহাস নিয়ে ডাক্তারের কাছে আসেন। স্কুলের রাতে, তিনি প্রায় রাত ১১টায় শোয়া যান কিন্তু ঘুমিয়ে পড়তে ধারাবাহিক সমস্যার মুখোমুখি হন এবং পরিবর্তে ডেস্কে বসে পড়াশোনা করেন যতক্ষণ না তিনি রাত ২টার দিকে ঘুমঘুম করতে শুরু করেন। তিনি রাতে মাঝপথে জেগে ওঠেন না। তিনি উদ্বিগ্ন যে পর্যাপ্ত ঘুম পাচ্ছেন না। সপ্তাহের দিনগুলোতে তিনি সকালে উঠতে কঠিনতা অনুভব করেন এবং বারবার স্কুলে দেরি হয়ে যান। স্কুলে, তিনি দিনের বেলা নিদ্রালুতা অনুভব করেন এবং সকালবেলায় ১-২ কাপ কফি পান করেন। তিনি দিনের ন্যাপ এড়ানোর চেষ্টা করেন। সপ্তাহান্তে, তিনি প্রায় রাত ২টায় শোয়া যান এবং সকাল ১০টা পর্যন্ত ঘুমিয়ে থাকেন, এরপর তিনি বিশ্রামপ্রাপ্ত বোধ করেন। তার কোনো গুরুতর রোগের ইতিহাস নেই এবং তিনি কোনো ওষুধ গ্রহণ করেন না। নিম্নলিখিত কোনটি সবচেয়ে সম্ভাব্যভাবে এই রোগীর নিদ্রা ব্যাধি ব্যাখ্যা করে?
A. বিলম্বিত ঘুম-জাগরণ ব্যাধি
B. মানসিক-দেহগত অনিদ্রা
C. অগ্রসর ঘুম-জাগরণ ব্যাধি
D. অনিয়মিত ঘুম-জাগরণ ব্যাধি
E. নন-২৪ ঘন্টার ঘুম-জাগরণ ব্যাধি
F. নিদ্রা স্বাস্থ্যবিধির অভাব",,,,,
R0089,"A 21-year-old college student comes to the physician for intermittent palpitations. She does not have chest pain or shortness of breath. The symptoms started 2 days ago, on the night after she came back to her dormitory after a 4-hour-long bus trip from home. A day ago, she went to a party with friends. The palpitations have gotten worse since then and occur more frequently. The patient has smoked 5 cigarettes daily for the past 3 years. She drinks 4-6 alcoholic beverages with friends once or twice a week and occasionally uses marijuana. She is sexually active with her boyfriend and takes oral contraceptive pills. She does not appear distressed. Her pulse is 100/min and irregular, blood pressure is 140/85 mm Hg, and respirations are at 25/min. Physical examination shows a fine tremor in both hands, warm extremities, and swollen lower legs. The lungs are clear to auscultation. An ECG is shown below. Which of the following is the most appropriate next step in management?
A. Measure TSH levels
B. Observe and wait
C. Administer intravenous adenosine
D. Measure D-Dimer levels
E. Administer subcutaneous enoxaparin
F. Send urine toxicology","২১ বছর বয়সী কলেজ শিক্ষার্থী অন্তর্বর্তী প্যালপিটেশন (হৃদস্পন্দনের অস্বাভাবিকতা) নিয়ে ডাক্তারের কাছে আসেন। তার কোনো বুকে ব্যথা বা শ্বাসকষ্ট নেই। লক্ষণগুলো দুই দিন আগে শুরু হয়, যখন তিনি বাড়ি থেকে চার ঘণ্টার বাস ভ্রমণের পর ডরমিটরিতে ফিরে এসেছিলেন। একদিন আগে তিনি বন্ধুদের সঙ্গে পার্টিতে গিয়েছিলেন। তখন থেকে প্যালপিটেশন আরও বেড়েছে এবং ঘনঘন হচ্ছে। রোগী গত তিন বছর ধরে প্রতিদিন পাঁচটি সিগারেট ধূমপান করেন। সপ্তাহে এক বা দুইবার বন্ধুদের সঙ্গে চার থেকে ছয় গ্লাস অ্যালকোহল পান করেন এবং মাঝে মাঝে মারিজুয়ানা ব্যবহার করেন। তিনি বয়ফ্রেন্ডের সাথে যৌন সক্রিয় এবং মৌখিক গর্ভনিরোধক গ্রহণ করছেন। তিনি উদ্বিগ্ন দেখাচ্ছেন না। তার পালস প্রতি মিনিটে ১০০, অনিয়মিত; রক্তচাপ ১৪০/৮৫ mm Hg; শ্বাসপ্রশ্বাস প্রতি মিনিটে ২৫। শারীরিক পরীক্ষায় উভয় হাতে সূক্ষ্ম কম্পন, অঙ্গগুলি গরম এবং নিচের পা ফোলা দেখা যায়। শ্বাসযন্ত্র শোনার সময় পরিষ্কার। নীচে ইসিজি (ইলেক্ট্রোকার্ডিওগ্রাম) দেখানো আছে। নিম্নলিখিতগুলোর মধ্যে কোনটি সর্বাধিক উপযুক্ত পরবর্তী ব্যবস্থাপনা পদক্ষেপ?
A. টি-এস-এইচ (থাইরয়েড স্টিমুলেটিং হরমোন) স্তর মাপুন
B. পর্যবেক্ষণ করুন এবং অপেক্ষা করুন
C. শিরায় ইনট্রাভেনাস অ্যাডেনোসিন দিন
D. ডি-ডাইমার (D-dimer) স্তর মাপুন
E. সাবকিউটেনিয়াস (চামড়ার নিচে) এনোক্সাপ্যারিন দিন
F. মূত্রের টক্সিকোলজি পরীক্ষা পাঠান",,,,,
R0091,"An 8-year old boy is brought to the emergency department because he has been lethargic and has had several episodes of nausea and vomiting for the past day. He has also had increased thirst over the past two months. He has lost 5.4 kg (11.9 lbs) during this time. He is otherwise healthy and has no history of serious illness. His temperature is 37.5 °C (99.5 °F), blood pressure is 95/68 mm Hg, pulse is 110/min, and respirations are 30/min. He is somnolent and slightly confused. His mucous membranes are dry. Laboratory studies show:
Hemoglobin 16.2 g/dL
Leukocyte count 9,500/mm3
Platelet count 380,000/mm3
Serum
Na+ 130 mEq/L
K+ 5.5 mEq/L
Cl- 99 mEq/L
HCO3- 16 mEq/L
Creatinine 1.2 mg/dL
Glucose 570 mg/dL
Ketones positive
Blood gases, arterial
pH 7.25
pCO2 21 mm Hg
Which of the following is the most appropriate next step in management?""
A. Intravenous hydration with 0.9% normal saline and insulin
B. Intravenous hydration with 5% dextrose solution and 0.45% normal saline
C. Intravenous hydration with 0.45% normal saline and insulin
D. Intravenous hydration with 0.9% normal saline and potassium chloride
E. Intravenous hydration with 5% dextrose solution and potassium chloride
F. Intravenous insulin therapy
G. Intravenous sodium bicarbonate
""","একজন ৮ বছর বয়সী ছেলে জরুরি বিভাগে আনা হয়েছে কারণ তিনি গত একদিন ধরে অলস অবস্থায় ছিলেন এবং বহুবার বমি ও বমিভাবের অভিজ্ঞতা পেয়েছেন। অতিরিক্ত দুই মাস ধরে তার তৃষ্ণা বৃদ্ধি পেয়েছে। এই সময়ে তিনি ৫.৪ কেজি (১১.৯ পাউন্ড) ওজন কমিয়েছেন। অন্যথায় তিনি সুস্থ এবং কোনো গুরুতর রোগের ইতিহাস নেই। তার শারীরিক পরীক্ষা: তাপমাত্রা ৩৭.৫ °C (৯৯.৫ °F), রক্তচাপ ৯৫/৬৮ mm Hg, পালস ১১০/মিনিট, শ্বাসপ্রশ্বাস ৩০/মিনিট। তিনি নিদ্রালু এবং সামান্য বিভ্রান্ত। তার মিউকাস ঝিল্লি শুকনো। ল্যাবরেটরি ফলাফল: হিমোগ্লোবিন ১৬.২ g/dL; লিউকোসাইট গণনা ৯,৫০০/mm3; প্লেটলেট গণনা ৩৮০,০০০/mm3; সিরাম Na+ ১৩০ mEq/L, K+ ৫.৫ mEq/L, Cl- ৯৯ mEq/L, HCO3- ১৬ mEq/L, ক্রিয়াটিনিন ১.২ mg/dL, গ্লুকোজ ৫৭০ mg/dL, কিটোনস পজিটিভ; রক্ত গ্যাস (ধমনীীয়) pH ৭.২৫, pCO2 ২১ mm Hg। নিম্নলিখিতগুলির মধ্যে কোনটি সর্বোত্তম পরবর্তী ব্যবস্থাপনা পদক্ষেপ?
A. ইন্ট্রাভেনাস হাইড্রেশন ০.৯% নরমাল স্যালাইন এবং ইনসুলিন সহ
B. ইন্ট্রাভেনাস হাইড্রেশন ৫% ডেক্সট্রোজ সমাধান এবং ০.৪৫% নরমাল স্যালাইন সহ
C. ইন্ট্রাভেনাস হাইড্রেশন ০.৪৫% নরমাল স্যালাইন এবং ইনসুলিন সহ
D. ইন্ট্রাভেনাস হাইড্রেশন ০.৯% নরমাল স্যালাইন এবং পটাশিয়াম ক্লোরাইড সহ
E. ইন্ট্রাভেনাস হাইড্রেশন ৫% ডেক্সট্রোজ সমাধান এবং পটাশিয়াম ক্লোরাইড সহ
F. ইন্ট্রাভেনাস ইনসুলিন থেরাপি
G. ইন্ট্রাভেনাস সোডিয়াম বায়োকার্বোনেট",,,,,
R0092,"A 60-year-old man comes to the physician because of recurrent nose bleeds that occur with light trauma or at random times during the day. Over the past 6 months, the patient has felt weak and fatigued and has had a 10-kg (22-lb) weight loss. He has poor appetite and describes abdominal discomfort. He does not have night sweats. His pulse is 72/min, blood pressure is 130/70 mm Hg, and his temperature is 37.5°C (99.5°F). The spleen is palpated 10 cm below the left costal margin. Multiple bruises are noted on both upper extremities. Laboratory studies show.
Hemoglobin 9.8 g/dL
Hematocrit 29.9%
Leukocyte count 4,500/mm3
Neutrophils 30%
Platelet count 74,000/mm3
Serum
Lactate dehydrogenase 410 IU/L
A peripheral blood smear detects tartrate-resistant acid phosphatase activity. Which of the following is the most appropriate initial treatment for this patient?""
A. Transfusion of packed red blood cells
B. Cyclophosphamide
C. Transfusion of platelets
D. Rituximab
E. Melphalan
F. Cladribine","একজন ৬০ বছর বয়সী পুরুষ হালকা আঘাত বা দিনের যেকোনো সময় র‍্যান্ডমভাবে নাক থেকে রক্তপাতের পুনরাবৃত্তি হওয়ার জন্য ডাক্তারের কাছে আসেন। গত ৬ মাসে রোগী দুর্বলতা ও ক্লান্তি অনুভব করছেন এবং ১০ কেজি (২২ পাউন্ড) ওজন কমেছেন। তার ক্ষুধা কম এবং তিনি পেটের অস্বস্তি বর্ণনা করেন। রাতে ঘাম পান না। তার পালস ৭২/মিনিট, রক্তচাপ ১৩০/৭০ mm Hg, তাপমাত্রা ৩৭.৫°C (৯৯.৫°F)। ডানদিকের কোস্টাল মার্জিনের নিচে ১০ সেমি দূরে পলিপার গৃহীত হয়েছে। উভয় উপরের অঙ্গের উপর একাধিক চোট দেখা যায়। ল্যাবরেটরি ফলাফল দেখায়:  
হিমোগ্লোবিন ৯.৮ g/dL  
হিমাটোক্রিট ২৯.৯%  
শ্বেত রক্তকণিকা সংখ্যা ৪,৫০০/mm3  
নিউট্রোফিল ৩০%  
প্লেটলেট সংখ্যা ৭৪,০০০/mm3  
সিরাম ল্যাক্টেট ডিহাইড্রোজেনেজ ৪১০ IU/L  
একটি পারিফেরাল রক্ত স্মিয়ার টার্টারেট-রেসিস্ট্যান্ট অ্যাসিড ফসফাটেজ কার্যকলাপ সনাক্ত করে। নিম্নলিখিতগুলোর মধ্যে কোনটি এই রোগীর জন্য সবচেয়ে উপযুক্ত প্রাথমিক চিকিৎসা?
A. প্যাকড লাল রক্তকণিকা (RBC) ট্রান্সফিউশন
B. সাইক্লোফসফামাইড
C. প্লেটলেটের ট্রান্সফিউশন
D. রিটুক্সিম্যাব
E. মেলফালেন
F. ক্লাড্রিবিন",,,,,
R0093,"A 28-year-old woman, gravida 2, para 1, at 14 weeks' gestation, comes to the physician with a 3-day history of abnormal vaginal discharge. She has not had fever, chills, or abdominal pain. One week ago, her 2-year-old daughter had a urinary tract infection that quickly resolved after antibiotic therapy. The patient reports that she is sexually active with one male partner and they do not use condoms. Vital signs are within normal limits. Pelvic examination shows an inflamed and friable cervix. There is mucopurulent, foul-smelling discharge from the cervical os. There is no uterine or cervical motion tenderness. Vaginal pH measurement shows a pH of 3.5. Which of the following is the most appropriate initial step in management?
A. Wet mount preparation
B. Amine test
C. Urine analysis and culture
D. Nucleic acid amplification test
E. Potassium hydroxide preparation","একজন ২৮ বছর বয়সী নারী, gravida 2, para 1, গর্ভধারণের ১৪ সপ্তাহে, তিন দিনের অস্বাভাবিক যোনি নিঃসরণের ইতিহাস নিয়ে ডাক্তারের কাছে আসেন। তার জ্বর, কাঁপুনি বা পেটের ব্যথা নেই। এক সপ্তাহ আগে, তার দুই বছর বয়সী মেয়ে ইউরিনারি ট্র্যাক্ট ইনফেকশন (UTI) হয়েছিল যা অ্যান্টিবায়োটিক থেরাপি দিয়ে দ্রুত সেরে গিয়েছে। রোগী জানান তিনি একজন পুরুষ পার্টনারের সঙ্গে যৌন সক্রিয় এবং কন্ডোম ব্যবহার করেন না। ভিটাল সাইন স্বাভাবিক সীমার মধ্যে। পেলভিক পরীক্ষায় প্রদাহিত ও নরম সার্ভিক্স দেখা যায়। সার্ভিক্যাল অস্থি থেকে মিউকোপিউরুলেন্ট, দুর্গন্ধযুক্ত নিঃসরণ রয়েছে। গর্ভাশয় বা সার্ভিক্যাল মোশন টেন্ডারনেস নেই। যোনির pH পরিমাপে pH ৩.৫ পাওয়া যায়। নিম্নলিখিতগুলোর মধ্যে কোনটি সর্বোত্তম প্রাথমিক ব্যবস্থাপনা ধাপ?
A. ওয়েট মাউন্ট প্রস্তুতি
B. অ্যামিন টেস্ট
C. মূত্র বিশ্লেষণ ও কালচার
D. নিউক্লিক অ্যাসিড অ্যমপ্লিফিকেশন টেস্ট
E. পটাশিয়াম হাইড্রোক্সাইড প্রস্তুতি",,,,,
R0098,"A 67-year-old woman comes to the physician for the evaluation of bilateral knee pain for the past year. She reports that the pain is worse with movement and is relieved with rest. She has type 2 diabetes mellitus. The patient says her mother takes leflunomide for a “joint condition.” The patient's medications include metformin and a multivitamin. She is 165 cm (5 ft 5 in) tall and weighs 85 kg (187 lb); BMI is 31.2 kg/m2. Vital signs are within normal limits. Physical examination shows pain both in complete flexion and extension, crepitus on joint movement, and joint stiffness and restricted range of motion of both knees. X-ray of the knee joints shows irregular joint space narrowing, subchondral sclerosis, osteophytes, and several subchondral cysts. There is no reddening or swelling. Which of the following is the most appropriate pharmacotherapy?
A. Intra-articular glucocorticoid injections
B. Administration of ibuprofen
C. Administration of infliximab
D. Administration of celecoxib
E. Administration of oral prednisolone
F. Administration of methotrexate","৬৭ বছর বয়সী এক নারী গত এক বছরের জন্য দ্বিপাক্ষিক হাঁটুর ব্যথা নিয়ে ডাক্তারের কাছে আসেন। তিনি জানান যে চলাচলের সময় ব্যথা বাড়ে এবং বিশ্রামে কমে যায়। তার টাইপ ২ ডায়াবেটিস মেলিটাস আছে। রোগীর মা “সংযোগস্থল সংক্রান্ত রোগ” এর জন্য লেফ্লুনোমাইড গ্রহণ করেন। রোগীর বর্তমান ওষুধের মধ্যে রয়েছে মেটফরমিন এবং একটি মাল্টিভিটামিন। তিনি ১৬৫ সেমি (৫ ফুট ৫ ইঞ্চি) উচ্চতা এবং ৮৫ কেজি (১৮৭ পাউন্ড) ওজন; BMI ৩১.২ কেজি/মি2। গুরুত্বপূর্ণ চিহ্নগুলো স্বাভাবিক সীমার মধ্যে। শারীরিক পরীক্ষায় সম্পূর্ণ বাঁকানো ও প্রসারণে উভয় হাঁটুর ব্যথা, গতি করার সময় ক্রেপিটাস, জয়েন্টের কঠোরতা এবং গতিসীমা হ্রাস দেখা যায়। হাঁটুয়ের এক্স-রে দেখায় অনিয়মিত সংযোগস্থল ফাঁকা সংকোচন, সাবকন্ড্রাল স্ক্লেরোসিস, অস্টিওফাইট ও কয়েকটি সাবকন্ড্রাল সিস্ট। কোনো লালভাব বা ফুলে ওঠা নেই। নিম্নলিখিত কোনটি সর্বাধিক উপযুক্ত ঔষধীয় চিকিৎসা?
A. ইন্ট্রা-আর্থিকুলার গ্লুকোকর্টিকয়েড ইনজেকশন
B. আইবুপ্রোফেনের ব্যবহার
C. ইনফ্লিক্সিম্যাবের ব্যবহার
D. সেলেকক্সিবের ব্যবহার
E. মৌখিক প্রেডনিসোলোনের ব্যবহার
F. মেথোট্রেক্সেটের ব্যবহার",,,,,
R0099,"A 9-year-old boy is brought to the physician for a well-child examination. His mother says his teachers report him being easily distracted, lagging behind his classmates in most of the subjects, and frequently falling asleep during class. She says that her son has complained of leg pain on multiple occasions. He is at the 45th percentile for height and 35th percentile for weight. Vital signs are within normal limits. Examination shows ptosis and a high-arched palate. Muscle strength is decreased in the face and hands. Muscle strength of the quadriceps and hamstrings is normal. Sensation is intact. Percussion of the thenar eminence causes the thumb to abduct and then relax slowly. Which of the following is the most likely diagnosis?
A. Becker muscular dystrophy
B. Hyperkalemic periodic paralysis
C. Spinal muscular atrophy
D. McArdle disease
E. Myotonic dystrophy
F. Juvenile dermatomyositis
G. Duchenne muscular dystrophy
""","একজন ৯ বছর বয়সী ছেলে ভাল-শিশু পরীক্ষার জন্য ডাক্তারের কাছে আনা হয়েছে। তার মা বলেন যে শিক্ষকরা জানিয়েছেন তিনি সহজে মনোযোগ হারান, অধিকাংশ বিষয়ের ক্ষেত্রে সহপাঠীদের পিছিয়ে থাকেন এবং ক্লাসের সময় প্রায়ই ঘুমিয়ে পড়েন। এছাড়া তিনি বহুবার পা ব্যথার অভিযোগ করেছেন। উচ্চতা ৪৫তম পার্সেন্টাইলে ও ওজন ৩৫তম পার্সেন্টাইলে রয়েছে। গুরুত্বপূর্ণ চিহ্নগুলো স্বাভাবিক সীমার মধ্যে। পরীক্ষায় পটোসিস এবং উঁচু-আর্কড পালেট দেখা যায়। মুখ ও হাতে পেশীর শক্তি কমে আছে, তবে কোয়াড্রিসেপস ও হ্যামস্ট্রিংয়ের শক্তি স্বাভাবিক। সংবেদনশীলতা অক্ষত। থেনার এমিনেন্সের পারকুশন করলে বড় আঙুলটি বিচ্ছিন্ন হয় এবং ধীরে ধীরে শিথিল হয়। নিম্নলিখিতগুলির মধ্যে কোনটি সবচেয়ে সম্ভাব্য নির্ণয়?
A. বেকার মস্কুলার ডিসট্রফি
B. হাইপারক্যালেমিক পর্যায়ক্রমিক প্যারালিসিস
C. স্পাইনাল মস্কুলার অ্যাট্রোফি
D. ম্যাকআর্ডল রোগ
E. মায়োটোনিক ডিসট্রফি
F. যুবক ডার্মাটোমাইসাইটিস
G. ডুচেন মস্কুলার ডিসট্রফি",,,,,
R0101,"A 29-year-old, gravida 1 para 0, at 10 weeks' gestation comes to the physician for progressively worsening emesis, nausea, and a 2-kg (4.7-lb) weight loss over the past 2 weeks. The most recent bouts of vomiting occur around 3-4 times a day, and she is stressed that she had to take a sick leave from work the last 2 days. She is currently taking ginger and vitamin B6 with limited relief. Her pulse is 80/min, blood pressure is 100/60 mmHg, and respiratory rate is 13/min. Orthostatic vital signs are within normal limits. The patient is alert and oriented. Her abdomen is soft and nontender. Urinalysis shows no abnormalities. Her hematocrit is 40%. Venous blood gas shows:
pH 7.43
pO2 42 mmHg
pCO2 54 mmHg
HCO3- 31 mEq/L
SO2 80%
In addition to oral fluid resuscitation, which of the following is the most appropriate next step in management?""
A. IV fluid resuscitation
B. Administration of supplemental oxygen
C. Scheduled meal times
D. Monitoring and stress counseling
E. PO bismuth subsalicylate
F. Trial of metoclopramide
G. Discontinuation of ginger and vitamin B6
H. Addition of doxylamine","একজন ২৯ বছর বয়সী গর্ভবতী (গ্রাভিডা ১ পারা ০), যিনি গর্ভধারণের ১০ সপ্তাহে আছেন, তিনি ক্রমশ বাড়তে থাকা বমি, বমিভাব এবং গত দুই সপ্তাহে ২ কেজি ওজন হ্রাসের জন্য ডাক্তারের কাছে আসেন। সাম্প্রতিককালে প্রতিদিন প্রায় ৩-৪ বার বমি হয়, এবং শেষ দুই দিন কাজ থেকে অসুস্থ ছুটি নিতে হয়েছে বলে তিনি চাপগ্রস্ত। বর্তমানে তিনি আদা এবং ভিটামিন বি৬ গ্রহণ করছেন তবে তাতে সীমিত স্বস্তি পাচ্ছেন। তার পালস ৮০/মিনিট, রক্তচাপ ১০০/৬০ mmHg, শ্বাসের হার ১৩/মিনিট। অরথোস্ট্যাটিক সাইনস নরমাল সীমার মধ্যে। রোগী সচেতন ও দিশা জানেন। পেট নরম এবং স্পর্শে ব্যথা নেই। ইউরিনালাইসিসে কোনো অসামান্যতা দেখা যায়নি। হিমাটোক্রিট ৪০%। শিরা রক্ত গ্যাস দেখায়: pH 7.43, pO2 42 mmHg, pCO2 54 mmHg, HCO3- 31 mEq/L, SO2 80%。 মৌখিক তরল পুনরুজ্জীবনের পাশাপাশি, নিম্নলিখিত কোনটি ব্যবস্থাপনার সর্বোত্তম পরবর্তী ধাপ হবে?
A. IV তরল রিসাসিটেশন
B. অতিরিক্ত অক্সিজেন প্রদান
C. নির্ধারিত খাবারের সময়সূচি
D. মনিটরিং এবং স্ট্রেস কাউন্সেলিং
E. মৌখিক বিসমথ সাবসালিসিলেট
F. মেটোক্লোপ্রামাইডের ট্রায়াল
G. আদা ও ভিটামিন বি৬ বন্ধ করা
H. ডক্সিলামিন যোগ করা",,,,,
R0102,"A 9-year-old girl is brought to the physician by her mother because of a 3-day history of face and foot swelling, dark urine, and a rash on her hands and feet. The mother reports that her daughter has had a low-grade fever, shortness of breath, and a dry cough for the past 8 days. She has had generalized weakness and pain in her right knee and ankle. She has a ventricular septum defect that was diagnosed at birth. The patient appears lethargic. Her temperature is 38.4 (101.1°F), pulse is 130/min, respirations are 34/min, and blood pressure is 110/60 mm Hg. Examination shows small, non-blanching, purple lesions on her palms, soles, and under her fingernails. There is edema of the eyelids and feet. Funduscopic examination shows retinal hemorrhages. Holosystolic and early diastolic murmurs are heard. Laboratory studies show:
Hemoglobin 11.3 g/dL
Erythrocyte sedimentation rate 61 mm/h
Leukocyte count 15,000/mm3
Platelet count 326,000/mm3
Urine
Blood 4+
Glucose negative
Protein 1+
Ketones negative
Transthoracic echocardiography shows a small outlet ventricular septum defect and a mild right ventricular enlargement. There are no wall motion abnormalities, valvular heart disease, or deficits in the pump function of the heart. Blood cultures grow Streptococcus pyogenes. Which of the following is the most likely diagnosis?""
A. Pneumonia
B. Infective endocarditis
C. Rheumatic fever
D. Hand-Foot-and-Mouth Disease
E. Acute lymphoblastic leukemia
F. Systemic lupus erythematosus
G. Myocarditis
H. Kawasaki disease","৯ বছর বয়সী একটি মেয়েকে তার মা ডাক্তারের কাছে নিয়ে এসেছেন কারণ গত ৩ দিনের মুখ ও পা ফোলাভাব, গাঢ় প্রস্রাব এবং হাত-পায়ে র্যাশ দেখা দিয়েছে। মা জানান যে তার কন্যার নিম্নমাত্রার জ্বর, শ্বাসকষ্ট এবং শুকনো কাশি গত ৮ দিন ধরে রয়েছে। সে সাধারণ দুর্বলতা এবং ডান হাঁটু ও গোড়ালিতে ব্যথা অনুভব করছে। জন্মের সময়ই একটি ভেন্ট্রিকুলার সেপটাম ডিফেক্ট (VSD) নির্ণয় করা হয়েছিল। রোগীটি অলস দেখাচ্ছে। তার তাপমাত্রা ৩৮.৪ °C (১০১.১ °F), পাল্স ১৩০/মিনিট, শ্বাসপ্রশ্বাস ৩৪/মিনিট এবং রক্তচাপ ১১০/৬০ mm Hg। পরীক্ষায় হাতের তালু, পায়ের তলা ও নখের নিচে ছোট, না-ফিকে হওয়া বেগুনি দাগ দেখা যায়। চোখের পাত ও পা ফোলাভাব আছে। ফান্ডাসকোপিক পরীক্ষা রেটিনাল হেমোরেজ দেখিয়েছে। পুরো সিস্টলিক এবং প্রারম্ভিক ডায়াস্টোলিক মর্মর শোনা যাচ্ছে। ল্যাব ফলাফল:
হিমোগ্লোবিন ১১.৩ g/dL
ইএসআর ৬১ mm/h
শ্বেত রক্তকণিকা সংখ্যা ১৫,০০০/mm3
প্লেটলেট সংখ্যা ৩২৬,০০০/mm3
মূত্র:
রক্ত ৪+
গ্লুকোজ নেগেটিভ
প্রোটিন ১+
কিটোন নেগেটিভ
ট্রান্সথোরাসিক ইকোকার্ডিওগ্রাফি দেখায় একটি ছোট আউটলেট ভেন্ট্রিকুলার সেপটাম ডিফেক্ট এবং হালকা ডান ভেন্ট্রিকুলার বৃদ্ধি। কোনো ওয়াল মুভমেন্ট অস্বাভাবিকতা, ভালভের রোগ বা হৃদপিণ্ডের পাম্প ফাংশনে ঘাটতি নেই। রক্ত সংস্কৃতি থেকে স্ট্রেপ্টোকক্কাস পাইওজেনেস বেড়ে এসেছে। নিম্নলিখিতগুলির মধ্যে কোনটি সবচেয়ে সম্ভাব্য নির্ণয়?
A. নিউমোনিয়া
B. সংক্রামক এন্ডোকার্ডাইটিস
C. রিউমাটিক জ্বর
D. হ্যান্ড-ফুট-অ্যান্ড-মাউথ রোগ
E. তীব্র লিম্ফোব্লাস্টিক লুকেমিয়া
F. সিস্টেমিক লুপাস ইরিথেমাটোসিস
G. মায়োকার্ডাইটিস
H. কাওসাকি রোগ",,,,,
R0103,"A 26-year-old woman comes to the physician for a pre-employment examination. She has no complaints. She has a history of polycystic ovarian syndrome. She exercises daily and plays soccer recreationally on the weekends. Her mother was diagnosed with hypertension at a young age. She does not smoke and drinks 2 glasses of wine on the weekends. Her current medications include an oral contraceptive pill and a daily multivitamin. Her vital signs are within normal limits. Cardiac examination shows a grade 1/6 decrescendo diastolic murmur heard best at the apex. Her lungs are clear to auscultation bilaterally. Peripheral pulses are normal and there is no lower extremity edema. An electrocardiogram shows sinus rhythm with a normal axis. Which of the following is the most appropriate next step in management?
A. Exercise stress test
B. No further testing
C. Transthoracic echocardiogram
D. X-ray of the chest
E. CT scan of the chest with contrast
F. Transesophageal echocardiography","একজন ২৬ বছর বয়সী নারী প্রি-এমপ্লয়মেন্ট পরীক্ষার জন্য ডাক্তারের কাছে আসেন। তার কোনো অভিযোগ নেই। তিনি পলিসিস্টিক ওভেরি সিনড্রোমের ইতিহাস রয়েছে। তিনি প্রতিদিন ব্যায়াম করেন এবং সপ্তাহান্তে অবসর সময়ে সকার খেলেন। তাঁর মা কম বয়সে হাইপারটেনশন নির্ণয় হয়েছিল। তিনি ধূমপান করেন না এবং সপ্তাহান্তে ২ গ্লাস ওয়াইন পান করেন। তার বর্তমান ঔষধের মধ্যে রয়েছে একটি মৌখিক গর্ভনিরোধক ট্যাবলেট এবং দৈনিক মাল্টিভিটামিন। তাঁর গুরুত্বপূর্ণ চিহ্নগুলো স্বাভাবিক সীমার মধ্যে আছে। কার্ডিয়াক পরীক্ষায় শীর্ষে (অ্যাপেক্স) সর্বোত্তমভাবে শোনা যায় গ্রেড ১/৬ ডেক্রেসেনডো ডায়াস্টোলিক মর্মর। তার ফুসফুস দু'পাশেই পরিষ্কার শোনাচ্ছে। পারিফেরাল পালস স্বাভাবিক এবং কোনো নিম্ন অঙ্গের ইডিমা নেই। একটি ইলেক্ট্রোকার্ডিওগ্রাম সাইনাস রিদম সহ স্বাভাবিক অক্ষ দেখায়। নিম্নলিখিতগুলির মধ্যে কোনটি সর্বাধিক উপযুক্ত পরবর্তী ব্যবস্থাপনা ধাপ?
A. ব্যায়াম স্ট্রেস টেস্ট
B. আর কোনো পরীক্ষা প্রয়োজন নেই
C. ট্রান্সথোরাসিক ইকোকার্ডিওগ্রাম
D. বক্ষের এক্স-রে
E. কনট্রাস্ট সহ বক্ষের সিটি স্ক্যান
F. ট্রান্সইসোফেজিয়াল ইকোকার্ডিওগ্রাফি",,,,,
R0104,"A 31-year-old woman is brought to the physician because of increasing restlessness over the past 2 weeks. She reports that she continuously paces around the house and is unable to sit still for more than 10 minutes at a time. During this period, she has had multiple episodes of anxiety with chest tightness and shortness of breath. She was diagnosed with a psychotic illness 2 months ago. Her current medications include haloperidol and a multivitamin. She appears agitated. Vital signs are within normal limits. Physical examination shows no abnormalities. The examination was interrupted multiple times when she became restless and began to walk around the room. To reduce the likelihood of the patient developing her current symptoms, a drug with which of the following mechanisms of action should have been prescribed instead of her current medication?
A. H2 receptor antagonism
B. NMDA receptor antagonism
C. GABA receptor antagonism
D. 5-HT2Areceptor antagonism
E. α2 receptor antagonism
F. D1 receptor antagonism
""","একজন ৩১ বছর বয়সী নারী গত দুই সপ্তাহে বাড়তে থাকা বিশ্রামহীনতার কারণে ডাক্তারের কাছে আনা হয়েছে। তিনি জানান যে তিনি ক্রমাগত ঘরে ঘুরে বেড়াচ্ছেন এবং একবারে ১০ মিনিটের বেশি বসে থাকতে পারছেন না। এই সময়কালে, তার বুকে টান ও শ্বাসকষ্টসহ বহুবার উদ্বেগের এপিসোড ঘটেছে। দুই মাস আগে তাকে সাইকোটিক রোগ নির্ণয় করা হয়েছিল। বর্তমানে তিনি হ্যালোপেরিডল এবং একটি মাল্টিভিটামিন গ্রহণ করছেন। তিনি উত্তেজিত দেখাচ্ছেন। ভাইটাল সাইন স্বাভাবিক সীমার মধ্যে। শারীরিক পরীক্ষায় কোনো অস্বাভাবিকতা পাওয়া যায়নি। পরীক্ষা চলাকালে তিনি বিশ্রামহীন হয়ে ঘরে ঘুরে বেড়িয়ে বহুবার পরীক্ষাটি বাধাগ্রস্ত করেছেন। রোগীকে বর্তমান উপসর্গগুলি বিকাশের সম্ভাবনা কমাতে, তার বর্তমান ওষুধের পরিবর্তে কোন ক্রিয়ার পদ্ধতি সম্পন্ন একটি ওষুধ প্রেসক্রাইব করা উচিত ছিল?
A. H2 রিসেপ্টর অ্যান্টাগোনিজম
B. NMDA রিসেপ্টর অ্যান্টাগোনিজম
C. GABA রিসেপ্টর অ্যান্টাগোনিজম
D. 5-HT2A রিসেপ্টর অ্যান্টাগোনিজম
E. α2 রিসেপ্টর অ্যান্টাগোনিজম
F. D1 রিসেপ্টর অ্যান্টাগোনিজম",,,,,
R0106,"A 34-year-old man comes to the physician because of fatigue and shortness of breath with moderate exertion for the past 2 months. Over the past 10 days, he has had low-grade fevers and night sweats. He has no history of serious illness except for a bicuspid aortic valve diagnosed 5 years ago. He has smoked one pack of cigarettes daily for 10 years and drinks 3-5 beers on social occasions. He does not use illicit drugs. The patient takes no medications. He appears weak. His temperature is 37.7°C (99.9°F), pulse is 70/min, and blood pressure is 128/64 mm Hg. The lungs are clear to auscultation. A grade 2/6 systolic murmur is heard best at the right sternal border and second intercostal space. There are several hemorrhages underneath his fingernails on both hands and multiple tender, red nodules on his fingers. Which of the following is the most likely causal organism?
A. Streptococcus gallolyticus
B. Staphylococcus epidermidis
C. Enterococcus faecalis
D. Streptococcus sanguinis
E. Streptococcus pneumoniae
F. Staphylococcus aureus
G. Streptococcus pyogenes
H. Candida albicans","একজন ৩৪ বছর বয়সী পুরুষ গত দুই মাস ধরে মাঝারি পরিশ্রমে ক্লান্তি ও শ্বাসকষ্টের কারণে ডাক্তারের কাছে আসেন। গত ১০ দিনে তিনি হালকা জ্বর এবং রাতের ঘাম অনুভব করছেন। তার কোনো গুরুতর রোগের ইতিহাস নেই, শুধুমাত্র পাঁচ বছর আগে নির্ণয় করা একটি দ্বিকোষিক অর্টিক ভালভ আছে। তিনি দশ বছর ধরে প্রতিদিন এক প্যাকেট সিগারেট ধূমপান করেন এবং সামাজিক অনুষ্ঠানে ৩-৫টি বিয়ার পান করেন। অবৈধ মাদকের ব্যবহার নেই। রোগী কোনো ওষুধ গ্রহণ করছেন না। তিনি দুর্বল দেখাচ্ছেন। তার তাপমাত্রা ৩৭.৭°C (৯৯.৯°F), পালস ৭০/মিনিট, রক্তচাপ ১২৮/৬৪ mm Hg। ফুসফুসে শ্বাসের শব্দ স্বাভাবিক। ডান স্টার্নাল বর্ডার ও দ্বিতীয় ইন্টারকোস্টাল স্পেসে গ্রেড ২/৬ সিস্টোলিক মর্মর শোনা যায়। উভয় হাতে নখের নিচে বেশ কিছু রক্তক্ষরণ এবং আঙুলে একাধিক কোমল, লাল গাঁট রয়েছে। নিম্নলিখিত কোনটি সবচেয়ে সম্ভাব্য কারণকারী অণুজীব?
A. স্ট্রেপটোকক্কাস গ্যালোলাইটিকাস
B. স্ট্যাফিলোকক্কাস এপিডার্মিডিস
C. এন্টেরোকক্কাস ফেসালিস
D. স্ট্রেপটোকক্কাস স্যাঙ্গুইনিস
E. স্ট্রেপটোকক্কাস নিউমোনিয়াই
F. স্ট্যাফিলোকক্কাস অরিয়াস
G. স্ট্রেপটোকক্কাস পায়োজেনেস
H. ক্যান্ডিডা আলবিক্যান্স",,,,,
R0110,"A 26-year-old African-American woman comes to the physician because of a 4-day history of a nonproductive cough and chest pain. The pain is sharp and worse when she breathes deeply. During this time, she has also had two episodes of hematuria. Over the past 6 months, she has had intermittent pain, stiffness, and swelling in her fingers and left knee. She had two miscarriages at age 22 and 24. Her only medication is minocycline for acne vulgaris. Her temperature is 38.1°C (100.6°F), pulse is 75/min, and blood pressure is 138/85 mm Hg. Physical examination shows an erythematous rash on her face. There is mild tenderness over the metacarpophalangeal joints bilaterally with no warmth or erythema. Further evaluation of this patient is most likely to show which of the following findings?
A. Anti-histone antibodies
B. Low serum levels of C3 and C4
C. Prolonged bleeding time
D. Erosions of the metacarpophalangeal joints
E. Bilateral enlargement of the hilar lymph nodes
F. Cytotoxic glomerular antibodies","একজন ২৬ বছর বয়সী আফ্রিকান-আমেরিকান নারী রোগীর কাছে ডাক্তারের কাছে আসেন কারণ তিনি গত ৪ দিনের মধ্যে অপ্রোডাক্টিভ কাশি এবং বুকের ব্যথা অনুভব করছেন। ব্যথাটি তীক্ষ্ণ এবং গভীর শ্বাস নেওয়ার সময় বাড়ে। এই সময়কালে, তিনি দুইবার হেমাটুরিয়া (মূত্রে রক্ত) ঘটেছেন। গত ৬ মাসে, তার আঙুল ও বাম হাঁটুর মাঝে পর্যায়ক্রমিক ব্যথা, কঠোরতা এবং ফোলাভাব হয়েছে। তিনি ২২ এবং ২৪ বছর বয়সে দু'টি গর্ভপাত করেছেন। তার একমাত্র ঔষধ হল অ্যাকনে ভলগারিসের জন্য মিনোসাইক্লিন। তার তাপমাত্রা ৩৮.১°C (১০০.৬°F), পালস ৭৫/মিনিট, এবং রক্তচাপ ১৩৮/৮৫ mm Hg। শারীরিক পরীক্ষায় তার মুখে একটি লালচে দাগ দেখা যায়। উভয় মেটাকার্পোফ্যালাঞ্জিয়াল জয়েন্টে হালকা সংবেদনশীলতা আছে কিন্তু কোনো গরম বা লালচে ভাব নেই। এই রোগীর আরও মূল্যায়নে সবচেয়ে সম্ভাব্য কোনটি পাওয়া যাবে?
A. অ্যান্টি-হিস্টোন অ্যান্টিবডি
B. সিরাম C3 এবং C4 এর নিম্ন স্তর
C. বর্ধিত রক্তক্ষরণ সময়
D. মেটাকার্পোফ্যালাঞ্জিয়াল জয়েন্টের ক্ষয়
E. হিলার লিম্ফ নোডের দ্বিপাক্ষিক বৃদ্ধি
F. সাইটোটক্সিক গ্লোমেরুলার অ্যান্টিবডি",,,,,
R0112,"A previously healthy 18-year-old woman comes to the physician because of a 2-day history of swelling and itchiness of her mouth and lips. It decreases when she eats cold foods such as frozen fruit. Four days ago, she underwent orthodontic wire-placement on her upper and lower teeth. Since then, she has been taking ibuprofen twice daily for the pain. For the past 6 months, she has been on a strict vegan diet. She is sexually active with one partner and uses condoms consistently. She had chickenpox that resolved spontaneously when she was 6 years old. Her vitals are within normal limits. Examination shows diffuse erythema and edema of the buccal mucosa with multiple serous vesicles and shallow ulcers. Stroking the skin with pressure does not cause blistering of the skin. The remainder of the examination shows no abnormalities. Which of the following is the most likely cause of these symptoms?
A. Pemphigus vulgaris
B. Dermatitis herpetiformis
C. Vitamin deficiency
D. Herpes labialis
E. Allergic contact dermatitis
F. Reactivation of varicella zoster virus
G. IgE-mediated hypersensitivity
""","পূর্বে সুস্থ ১৮ বছর বয়সী এক নারী ডাক্তারের কাছে আসেন কারণ তার মুখ ও ঠোঁটের ফোলাভাব এবং চুলকানির দুই দিনের ইতিহাস রয়েছে। তিনি যখন হিমশীতল খাবার যেমন জমাট ফল খান, তখন এই উপসর্গ কমে যায়। চার দিন আগে তিনি উপরের ও নিচের দাঁতে অরথোডন্টিক তার স্থাপন করিয়েছিলেন। তৎপর থেকে ব্যথা নিয়ন্ত্রণে তিনি দিনে দুবার আইবুপ্রোফেন গ্রহণ করছেন। গত ছয় মাস ধরে তিনি কঠোর শাকাহারী ডায়েট অনুসরণ করে আসছেন। তিনি এক সঙ্গীর সঙ্গে যৌন সক্রিয় এবং ধারাবাহিকভাবে কন্ডোম ব্যবহার করেন। ৬ বছর বয়সে তাকে চিকেনপক্স হয়েছিল যা স্বতঃস্ফূর্তভাবে সেরে গিয়েছিল। তার শারীরিক পরিমাপ স্বাভাবিক সীমার মধ্যে রয়েছে। পরীক্ষায় দেখা যায় মুখের মিউকোসা (বুকাল মিউকোসা) তে বিস্তৃত লালচে রঙ এবং ফোলাভাব, সঙ্গে একাধিক সিরাস ভেসিকল ও অগভীর আলসার। চামড়ায় চাপ দিয়ে ঘষলে কোনো ব্লিস্টার তৈরি হয় না। বাকি পরীক্ষায় কোন অসঙ্গতি পাওয়া যায়নি। নিম্নের কোনটি এই উপসর্গগুলোর সবচেয়ে সম্ভাব্য কারণ?
A. পেমফিগাস ভলগারিস
B. ডার্মাটাইটিস হার্পেটিফর্মিস
C. ভিটামিনের ঘাটতি
D. হেরপেস ল্যাবিয়ালিস
E. অ্যালার্জিক কন্ট্যাক্ট ডার্মাটাইটিস
F. ভ্যারিসেলা জোস্টার ভাইরাসের পুনরায় সক্রিয়তা
G. IgE-নির্ভর হাইপারসেন্সিটিভিটি",,,,,
R0116,"A 50-year-old woman comes to the physician because of intermittent pain and numbness in her right hand for 6 weeks. She has a pins-and-needles sensation that worsens at night and is relieved when she shakes her hand. She also has episodic left knee pain throughout the day. She has a history of hypertension controlled with lisinopril. She takes over-the-counter medications for constipation. Her BMI is 35 kg/m2. Her mother has a history of rheumatoid arthritis. She looks fatigued. Her pulse is 57/min and blood pressure is 120/75 mm Hg. On physical examination, there is normal range of motion in the wrists and digits. Sensation is decreased to light touch in the thumb and index finger. There is no thenar muscle atrophy. Deep tendon reflexes are 1+ and there is mild edema in the legs. Which of the following treatments is most likely to benefit the patient?
A. L-thyroxine
B. Methotrexate
C. Ibuprofen
D. Surgical decompression
E. Oral prednisone","একজন ৫০ বছর বয়সী নারী ডাক্তারের কাছে আসছেন কারণ তার ডান হাতের মাঝে মাঝে ব্যথা ও অসাড়তা হয়েছে ৬ সপ্তাহ ধরে। রাতে এই পিন-এন্ড-নিডল (চুলকানি) অনুভূতি বাড়ে এবং হাত নাড়া দিলে কমে যায়। তিনি দিনের মধ্যে বাম হাঁটুর মাঝেমধ্যে ব্যথাও অনুভব করেন। তার উচ্চ রক্তচাপের ইতিহাস আছে যা লিসিনোপ্রিল দিয়ে নিয়ন্ত্রিত। তিনি কোষ্ঠকাঠিন্যের জন্য ওভার-দ্য-কাউন্টার ঔষধ গ্রহণ করেন। তাঁর BMI ৩৫ কেজি/মি2। তাঁর মায়ের রিউমাটয়েড আর্থ্রাইটিসের ইতিহাস আছে। তিনি ক্লান্ত দেখাচ্ছেন। তার পালস ৫৭/মিনিট এবং রক্তচাপ ১২০/৭৫ mm Hg। শারীরিক পরীক্ষায় কব্জি ও আঙুলে স্বাভাবিক গতির পরিসীমা দেখা যায়। থাম্ব ও ইনডেক্স ফিঙ্গারে হালকা স্পর্শের সংবেদন কমে আছে। থেনার পেশিতে কোনো ক্ষয় নেই। ডিপ টেন্ডন রিফ্লেক্স ১+ এবং পায়ে সামান্য ইডিমা রয়েছে। নিম্নলিখিত কোন চিকিৎসা রোগীর জন্য সবচেয়ে উপকারী হবে?
A. এল-থাইরক্সিন
B. মেথোট্রেক্সেট
C. আইবুপ্রোফেন
D. শল্যচিকিৎসা ডিকম্প্রেশন
E. ওরাল প্রেডনিসোন",,,,,
R0117,"A 65-year-old Asian woman comes to the physician for a routine health maintenance examination. On questioning, she has had occasional night sweats during the past 2 months. She has not had fevers or weight loss. Seven months ago, she had an acute myocardial infarction and was treated with percutaneous coronary intervention. She has hypertension, hyperlipidemia, and gastroesophageal reflux disease. She has smoked one pack of cigarettes daily for 37 years. Current medications include aspirin, atorvastatin, ramipril, metoprolol, and esomeprazole. She is 178 cm (5 ft 10 in) tall and weighs 89 kg (207 lbs); BMI is 29.7 kg/m2. Her temperature is 37.4°C (99.3°F), pulse is 84/min, respirations are 18/min, and blood pressure is 145/80 mm Hg. The lungs are clear to auscultation. Cardiac examination shows an S4. There is a nontender skin lesion near the right large toenail. A photograph of the lesion is shown. The remainder of the examination shows no abnormalities. Which of the following is the most likely diagnosis?
A. Cholesterol embolism
B. Traumatic subungual hemorrhage
C. Malignant melanoma
D. Onychomycosis
E. Squamous cell carcinoma","৬৫ বছর বয়সী এশীয় এক নারী রুটিন স্বাস্থ্য রক্ষণাবেক্ষণ পরীক্ষার জন্য ডাক্তারের কাছে আসেন। প্রশ্নোত্তরে তিনি গত দুই মাসে মাঝে মাঝেই রাতের ঘাম হওয়ার কথা জানান, তবে জ্বর বা ওজন হ্রাসের কোনো অভিযোগ নেই। সাত মাস আগে তিনি তীব্র মায়োকার্ডিয়াল ইনফার্কশন (হৃদরোগ) হয়েছিল এবং পারকুটেনিয়াস করোনারি ইন্টারভেনশনের মাধ্যমে চিকিৎসা পেয়েছিলেন। তার উচ্চ রক্তচাপ, হাইপারলিপিডেমিয়া ও গ্যাস্ট্রোইসোফেজিয়াল রিফ্লাক্স রোগ রয়েছে। তিনি ৩৭ বছর ধরে প্রতিদিন এক প্যাকেট সিগারেট ধূমপান করেন। বর্তমান ঔষধের মধ্যে আছে অ্যাস্পিরিন, এটরভাস্টাটিন, রামিপ্রিল, মেটোপ্রোলল এবং এসোমেপ্রাজোল। তার উচ্চতা ১৭৮ সেমি (৫ ফুট ১০ ইঞ্চি) ও ওজন ৮৯ কেজি (২০৭ পাউন্ড); BMI ২৯.৭ কেজি/মি2। তাপমাত্রা ৩৭.৪°C (৯৯.৩°F), পালস ৮৪/মিনিট, শ্বাসপ্রশ্বাস ১৮/মিনিট এবং রক্তচাপ ১৪৫/৮০ mmHg। ফুসফুসের শব্দ স্বাভাবিক; হৃদযন্ত্রে S4 ধ্বনি পাওয়া যায়। ডান বড় পায়ের নখের কাছাকাছি একটি অ-ব্যথাযুক্ত ত্বকের ক্ষত রয়েছে, যার ছবি প্রদর্শিত হয়েছে। বাকি পরীক্ষায় কোনো অসামঞ্জস্য দেখা যায় না। নিম্নলিখিতগুলোর মধ্যে কোনটি সবচেয়ে সম্ভাব্য নির্ণয়?
A. কোলেস্টেরল এমবোলিজম
B. আঘাতজনিত নখের নিচের রক্তক্ষরণ
C. ম্যালিগন্যান্ট মেলানোমা
D. অনিকোমাইসিস (নখের ছত্রাক সংক্রমণ)
E. স্কোয়ামাস সেল কার্সিনোমা",,,,,
R0125,"A 31-year-old woman is brought to the emergency department because of a severe right-sided temporal headache with conjunctival swelling and anterior bulging of the left eye for 1 hour. The patient has had right-sided purulent nasal discharge and nasal congestion for the past 2 days. There is no personal or family history of serious illness. The patient does not smoke or drink alcohol. She takes no medications. She appears to be in acute distress. Her temperature is 40°C (104°F), pulse is 105/min, and blood pressure is 125/80 mm Hg. Examination shows bilateral ptosis. The pupils are equal and reactive to light; lateral gaze of the left eye is limited. Ophthalmic examination shows periorbital edema and chemosis of the left eye. The remainder of the examination shows no abnormalities. The patient most likely requires treatment with which of the following?
A. Timolol eye drops
B. Oral warfarin
C. Oral clindamycin and amoxicillin
D. Intranasal sumatriptan
E. Surgical debridement
F. Intravenous vancomycin, ceftriaxone, and metronidazole
G. Intravenous dihydroergotamine
""","একজন ৩১ বছর বয়সী নারীকে জরুরি বিভাগে আনা হয়েছে কারণ তিনি এক ঘণ্টা ধরে ডান পার্শ্বের টেম্পোরাল মাথাব্যথা, কনজাংটিভাল ফোলাভাব এবং বাম চোখের সামনের দিকে বেরিয়ে আসা (বুল্জিং) অনুভব করছেন। রোগী গত দুই দিন থেকে ডান পাশে পিউরুলেন্ট নাসিক স্রাব ও নাক বন্ধ থাকা রিপোর্ট করেছেন। কোনো ব্যক্তিগত বা পারিবারিক গুরুতর অসুস্থতার ইতিহাস নেই। রোগী ধূমপান করেন না এবং অ্যালকোহল পান করে না। তিনি কোনও ঔষধ গ্রহণ করছেন না। তিনি তীব্র কষ্টে আছেন বলে দেখা যায়। তার শারীরিক তাপমাত্রা ৪০°C (১০৪°F), পালস ১০৫/মিনিট, রক্তচাপ ১২৫/৮০ mmHg। পরীক্ষায় দ্বিপাক্ষিক পটোসিস দেখা গেছে। pupils সমান এবং আলোতে প্রতিক্রিয়াশীল; বাম চোখের পার্শ্বীয় দৃষ্টিতে সীমাবদ্ধতা রয়েছে। চক্ষু পরীক্ষা দেখায় বাম চোখে পারি-অরবিটাল এডিমা ও কেমোসিস। বাকী পরীক্ষায় কোনো অস্বাভাবিকতা পাওয়া যায়নি। রোগীর সবচেয়ে সম্ভাব্য প্রয়োজনীয় চিকিৎসা কোনটি?
A. টিমোলল আই ড্রপস
B. মৌখিক ওয়ারফারিন
C. মৌখিক ক্লিন্ডামাইসিন এবং অ্যামোক্সিসিলিন
D. ইন্ট্রানাসাল সুমাট্রিপট্যান
E. শল্যচিকিৎসা ডেব্রাইডমেন্ট
F. ইন্ট্রাভেনাস ভ্যানকোমাইসিন, সেফট্রিয়াক্সন এবং মেট্রোনিডাজোল
G. ইন্ট্রাভেনাস ডিহাইড্রোএর্গোটামিন",,,,,
R0126,"A 35-year-old man comes to the physician because of a 2-month history of upper abdominal pain that occurs immediately after eating. The pain is sharp, localized to the epigastrium, and does not radiate. He reports that he has been eating less frequently to avoid the pain and has had a 4-kg (8.8-lb) weight loss during this time. He has smoked a pack of cigarettes daily for 20 years and drinks 3 beers daily. His vital signs are within normal limits. He is 165 cm (5 ft 5 in) tall and weighs 76.6 kg (169 lb); BMI is 28 kg/m2. Physical examination shows mild upper abdominal tenderness with no guarding or rebound. Bowel sounds are normal. Laboratory studies are within the reference range. This patient is at greatest risk for which of the following conditions?
A. Malignant transformation
B. Biliary tract infection
C. Gastric perforation
D. Pseudocyst formation
E. Intestinal fistula formation
F. Pyloric scarring
G. Gastrointestinal hemorrhage
H. Subhepatic abscess formation","একজন ৩৫ বছর বয়সী পুরুষ রোগীর উপরের পেটের ব্যথা নিয়ে দুই মাসের ইতিহাস রয়েছে, যা খাবার খাওয়ার সঙ্গে সঙ্গে হয়। ব্যথাটি তীক্ষ্ণ, এপিগ্যাস্ট্রিয়ামে সীমাবদ্ধ এবং বিকিরণ করে না। তিনি ব্যথা কমাতে কমবার খাবার খান এবং এই সময়ে ৪ কেজি ওজন হ্রাস পেয়েছেন। তিনি ২০ বছর ধরে প্রতিদিন এক প্যাকেট সিগারেট ধূমপান করেন এবং দিনে তিনটি বিয়ার পান করেন। তার গুরুত্বপূর্ণ চিহ্নগুলো স্বাভাবিক সীমার মধ্যে। উচ্চতা ১৬৫ সেমি, ওজন ৭৬.৬ কেজি; BMI ২৮ কেজি/মি2। শারীরিক পরীক্ষায় উপরের পেটের হালকা সংবেদনশীলতা দেখা যায়, কোনো গার্ডিং বা রিবাউন্ড নেই। অন্ত্রের শব্দ স্বাভাবিক। ল্যাবরেটরি ফলাফল রেফারেন্স সীমার মধ্যে। এই রোগী নিম্নলিখিত কোন অবস্থার জন্য সর্বোচ্চ ঝুঁকিতে রয়েছে?
A. ক্যান্সারিক রূপান্তর
B. পিত্তনালী সংক্রমণ
C. পাকস্থলীর ছিদ্র
D. নকল সিস্টের গঠন
E. অন্ত্র ফিস্টুলা গঠন
F. পাইলোরিক দাগ
G. গ্যাস্ট্রোইনটেস্টাইনাল রক্তক্ষরণ
H. যকৃতের নিচে অ্যাবসেস গঠন",,,,,
R0127,"A 68-year-old woman comes to the physician for a follow-up visit for elevated blood pressure. Two weeks ago, her blood pressure was 154/78 mm Hg at a routine visit. Subsequent home blood pressure measurements at days 5, 10, and 14 have been: 156/76 mm Hg, 158/80 mm Hg, and 160/80 mm Hg. She has trouble falling asleep but otherwise feels well. She had a cold that resolved with over-the-counter medication 2 weeks ago. She has a history of primary hypothyroidism and a cyst in the right kidney, which was found incidentally 20 years ago. She takes levothyroxine. She is 178 cm (5 ft 10 in) tall and weighs 67 kg (148 lb); BMI is 21.3 kg/m2. Her pulse is 82/min, and blood pressure is 162/79 mm Hg. Examination shows no abnormalities. Laboratory studies, including thyroid function studies, serum electrolytes, and serum creatinine, are within normal limits. Which of the following is the most likely underlying cause of this patient's blood pressure findings?
A. Increase in kidney size
B. Decrease in arterial compliance
C. Episodic hypoxic vasoconstriction
D. Medication-induced vasoconstriction
E. Increase in LV end-diastolic volume
F. Increase in cardiac output
G. Decrease in renal artery blood flow
H. Decrease in baroreceptor sensitivity
I. Increase in aldosterone production","68 বছর বয়সী এক নারী উচ্চ রক্তচাপের জন্য ফলো-আপ ভিজিটে ডাক্তারের কাছে আসেন। দুই সপ্তাহ আগে তার রুটিন চেক-আপে রক্তচাপ ছিল 154/78 mm Hg। পরবর্তী বাড়িতে মাপা রক্তচাপ দিন 5, 10 এবং 14-এ যথাক্রমে: 156/76 mm Hg, 158/80 mm Hg, এবং 160/80 mm Hg। তিনি ঘুমাতে সমস্যায় পড়েন কিন্তু অন্যথায় স্বাভাবিক বোধ করেন। দুই সপ্তাহ আগে তিনি ওভার-দ্য-কাউন্টার ঔষধ দিয়ে একটি সর্দি থেকে সুস্থ হয়েছেন। তার প্রাইমারি হাইপোথাইরয়েডিজম এবং 20 বছর আগে দুর্ঘটনাক্রমে পাওয়া ডান কিডনি সিস্টের ইতিহাস আছে। তিনি লেভোথাইরক্সিন গ্রহণ করেন। উচ্চতা 178 সেমি (5 ft 10 in) ও ওজন 67 kg (148 lb); BMI 21.3 kg/m2। পালস 82/min, রক্তচাপ 162/79 mm Hg। পরীক্ষায় কোনো অস্বাভাবিকতা দেখা যায় না। থাইরয়েড ফাংশন টেস্ট, সিরাম ইলেক্ট্রোলাইট ও ক্রিয়াটিনিন সহ ল্যাব ফলাফল স্বাভাবিক সীমার মধ্যে। নিম্নের কোনটি এই রোগীর রক্তচাপের মূল কারণ হিসেবে সবচেয়ে সম্ভাব্য?
A. কিডনির আকার বৃদ্ধি
B. ধমনী কমপ্লায়েন্সের হ্রাস
C. পর্যায়ক্রমিক হাইপোক্সিক ভাসোসংকোচন
D. ওষুধ-সৃষ্ট ভাসোসংকোচন
E. বাম ভেন্ট্রিকলের শেষ-ডায়াস্টোলিক আয়তনের বৃদ্ধি
F. কার্ডিয়াক আউটপুটের বৃদ্ধি
G. কিডনি ধমনী রক্তপ্রবাহের হ্রাস
H. বারোরিসেপ্টরের সংবেদনশীলতার হ্রাস
I. অ্যালডোস্টেরন উৎপাদনের বৃদ্ধি",,,,,
R0128,"A 33-year-old nulliparous woman comes to the physician because of a 5-month history of increased flow and duration of her menses. Menses previously occurred at regular 32-day intervals and lasted 4 days with normal flow. They now last 10 days and the flow is heavy with the passage of clots. During this period, she has also had dyspareunia and cyclical lower abdominal pain. Her mother died of cervical cancer at the age of 58 years. Her BMI is 31 kg/m2. Her temperature is 37°C (98.6°F), pulse is 86/min, and blood pressure is 110/70 mm Hg. Pelvic examination shows an asymmetrically enlarged, nodular uterus consistent in size with a 12-week gestation. A urine pregnancy test is negative. Which of the following is the most likely cause of this patient's findings?
A. Endometrial tissue within the ovaries
B. Endometrial tissue within the uterine wall
C. Excessive serum androgen levels
D. Benign tumor of the myometrium
E. Malignant transformation of endometrial tissue
F. Inflammation of the endometrium
G. Abnormal thickening of endometrial tissue
H. Pedunculated endometrial mass
I. Malignant proliferation of trophoblasts","একজন ৩৩ বছর বয়সী নালিপ্যারাস মহিলা ডাক্তারের কাছে আসছেন কারণ তিনি গত ৫ মাস ধরে তার ঋতুচক্রে রক্তপাতের পরিমাণ ও সময়কাল বৃদ্ধি পেয়েছে। পূর্বে ঋতু নিয়মিতভাবে প্রতি ৩২ দিন অন্তর ঘটতো এবং ৪ দিন স্থায়ী হতো, স্বাভাবিক প্রবাহসহ। এখন তা ১০ দিন পর্যন্ত চলে এবং রক্তপাত ভারী, গাঁটের সঙ্গে। এই সময়কালে তিনি যৌনবেদন (ডাইস্প্যারিনিয়া) ও চক্রাকারে নিম্ন পেটের ব্যথা অনুভব করছেন। তার মা ৫৮ বছর বয়সে সার্ভিক্যাল ক্যান্সার থেকে মারা গেছেন। তার BMI ৩১ কেজি/মি2। তাপমাত্রা ৩৭°C (৯৮.৬°F), পালস ৮৬/মিনিট, রক্তচাপ ১১০/৭০ mm Hg। পেলভিক পরীক্ষা দেখায় একটি অসমানভাবে বড়, গাঁটযুক্ত গর্ভাশয় যা প্রায় ১২ সপ্তাহের গর্ভধারণের আকারের সমান। মূত্র গর্ভাবস্থা টেস্ট নেগেটিভ। নিম্নলিখিত কোনটি এই রোগীর উপসর্গগুলোর সবচেয়ে সম্ভাব্য কারণ?
A. ডিম্বাশয়ের মধ্যে এন্ডোমেট্রিয়াল টিস্যু
B. গর্ভাশয়ের প্রাচীরের মধ্যে এন্ডোমেট্রিয়াল টিস্যু
C. অতিরিক্ত সেরাম অ্যান্ড্রোজেন স্তর
D. মায়োমেট্রিয়ামের সুস্থ (সৌম্য) টিউমার
E. এন্ডোমেট্রিয়াল টিস্যুর ক্যান্সারাস রূপান্তর
F. এন্ডোমেট্রিয়ামের প্রদাহ
G. এন্ডোমেট্রিয়াল টিস্যুর অস্বাভাবিক পুরুত্ব বৃদ্ধি
H. পেডাঙ্কুলেটেড (ডাঁটা) এন্ডোমেট্রিয়াল গঠন
I. ট্রোফোব্লাস্টের ক্যান্সারাস বৃদ্ধিপ্রবণতা",,,,,
R0129,"A 21-year-old primigravid woman comes to the physician at 10 weeks' gestation because of progressive fatigue for the past 3 weeks. She reports that she has had a 3.2-kg (7-lb) weight loss after conceiving despite an increase in appetite. She has become increasingly anxious and has trouble falling asleep. There is no personal or family history of serious illness. Medications include folic acid and a multivitamin. She is 165 cm (5 ft 5 in) tall and weighs 55 kg (120 lb); BMI is 20 kg/m2. Her temperature is 37.4°C (99.4°F), pulse is 120/min, respirations are 18/min, and blood pressure is 150/70 mm Hg. The globes of the eyes are prominent. The thyroid gland is firm and diffusely enlarged. Neurologic examination shows a fine resting tremor of the hands. There is a midsystolic click at the apex and a grade 2/6 early systolic murmur at the upper left sternal border. Serum thyroid-stimulating hormone concentration is 0.1 μU/mL. An ECG is normal except for sinus tachycardia. Which of the following is the most appropriate next step in management?
A. Lugol's iodine
B. Thyroidectomy
C. Propylthiouracil
D. Methimazole
E. Radioactive iodine ablation
F. Observation
G. Atenolol","একজন ২১ বছর বয়সী প্রথম গর্ভধারণকারী নারী ১০ সপ্তাহের গর্ভাবস্থায় ডাক্তারের কাছে আসছেন, কারণ গত ৩ সপ্তাহ ধরে ক্রমবর্ধমান ক্লান্তি। তিনি জানান যে গর্ভধারণের পরেও ক্ষুধা বাড়লেও তিনি ৩.২ কেজি (৭ পাউন্ড) ওজন কমিয়েছেন। তিনি ক্রমশ উদ্বিগ্ন হয়ে পড়েছেন এবং ঘুমাতে সমস্যায় ভুগছেন। কোনো ব্যক্তিগত বা পারিবারিক গুরুতর রোগের ইতিহাস নেই। তিনি ফোলিক অ্যাসিড ও মাল্টিভিটামিন গ্রহণ করছেন। তার উচ্চতা ১৬৫ সেমি (৫ ফুট ৫ ইঞ্চি) এবং ওজন ৫৫ কেজি (১২০ পাউন্ড); BMI ২০ কেজি/মি2। তাপমাত্রা ৩৭.৪°C (৯৯.৪°F), পালস ১২০/মিনিট, শ্বাসপ্রশ্বাস ১৮/মিনিট, রক্তচাপ ১৫০/৭০ mm Hg। চোখের গ্লোবগুলি উঁচুতে দেখা যায়। থাইরয়েড গ্রন্থি দৃঢ় এবং সমগ্রভাবে বড়। স্নায়বিক পরীক্ষায় হাতে সূক্ষ্ম বিশ্রামকালে কম্পন দেখা যায়। অ্যাপেক্সে মধ্যসিস্টোলিক ক্লিক এবং বাম উপরের স্টার্নাল সীমান্তে গ্রেড ২/৬ প্রাথমিক সিস্টোলিক মর্মর শোনা যায়। সিরাম থাইরয়েড-স্টিমুলেটিং হরমোনের ঘনত্ব ০.১ μU/mL। ইসিজি স্বাভাবিক, শুধুমাত্র সিনাস ট্যাকিকার্ডিয়া ছাড়া। নিম্নলিখিতগুলির মধ্যে কোনটি সর্বোত্তম পরবর্তী ব্যবস্থাপনা হবে?
A. লুগলের আয়োডিন
B. থাইরয়েডেকটমি
C. প্রোপিলথায়োরাসিল
D. মেথিমাজোল
E. রেডিওঅ্যাক্টিভ আয়োডিন অ্যাব্লেশন
F. পর্যবেক্ষণ
G. এটেনোলল",,,,,
R0133,"A 3-month-old girl is brought to the emergency department because of a 2-day history of progressive difficulty breathing and a dry cough. Five weeks ago, she was diagnosed with diffuse hemangiomas involving the intrathoracic cavity and started treatment with prednisolone. She appears uncomfortable and in moderate respiratory distress. Her temperature is 38°C (100.4°F), pulse is 150/min, respirations are 50/min, and blood pressure is 88/50 mm Hg. Pulse oximetry on room air shows an oxygen saturation of 87%. Oral examination shows a white plaque covering the tongue that bleeds when scraped. Chest examination shows subcostal and intercostal retractions. Scattered fine crackles and rhonchi are heard throughout both lung fields. Laboratory studies show a leukocyte count of 21,000/mm3 and an increased serum beta-D-glucan concentration. An x-ray of the chest shows symmetrical, diffuse interstitial infiltrates. Which of the following is most likely to confirm the diagnosis?
A. Bronchoalveolar lavage
B. Urine antigen test
C. DNA test for CFTR mutation
D. CT scan of the chest
E. Tuberculin skin test
F. Spirometry","একজন ৩ মাসের মেয়ে জরুরি বিভাগে আনা হয়েছে কারণ তার দুই দিনের ক্রমবর্ধমান শ্বাসকষ্ট এবং শুকনো কাশির ইতিহাস রয়েছে। পাঁচ সপ্তাহ আগে তাকে ইনথোর্যাকিক গহ্বরে বিস্তৃত হেম্যাঞ্জিওমা নির্ণয় করা হয়েছিল এবং প্রেডনিসোলোন দিয়ে চিকিৎসা শুরু করা হয়েছিল। তিনি অস্বস্তি প্রকাশ করছেন এবং মাঝারি শ্বাসকষ্টে আছেন। তার তাপমাত্রা ৩৮°C (১০০.৪°F), পালস ১৫০/মিনিট, শ্বাসপ্রশ্বাস ৫০/মিনিট, রক্তচাপ ৮৮/৫০ mm Hg। কক্ষের বাতাসে পল্স অক্সিমেট্রি দেখায় অক্সিজেন স্যাচুরেশন ৮৭%। মৌখিক পরীক্ষা দেখায় জিহ্বার উপর একটি সাদা প্ল্যাক যা স্ক্র্যাপ করলে রক্তপাত হয়। বুকে পরীক্ষা দেখায় সাবকোস্টাল এবং ইন্টারকোস্টাল রিট্রাকশন। উভয় ফুসফুসের ক্ষেত্র জুড়ে ছড়িয়ে থাকা সূক্ষ্ম ক্র্যাকলস ও রোনকি শোনা যায়। ল্যাবরেটরি পরীক্ষায় সাদা রক্ত কণিকার সংখ্যা ২১,০০০/mm3 এবং সিরাম বেটা-D-গ্লুকান ঘনত্ব বৃদ্ধি পেয়েছে। চেস্টের এক্স-রে দেখায় সমমিত, বিস্তৃত ইন্টারস্টিশিয়াল ইনফিলট্রেটস। নিম্নলিখিত কোনটি রোগ নির্ণয় নিশ্চিত করতে সবচেয়ে সম্ভাব্য?
A. ব্রঙ্কোঅ্যালভোলার লেভেজ
B. মূত্র অ্যান্টিজেন টেস্ট
C. CFTR মিউটেশন জন্য ডিএনএ টেস্ট
D. বুকের সিটি স্ক্যান
E. টিবারকুলিন ত্বক পরীক্ষা
F. স্পাইরোমেট্রি",,,,,
R0135,"An 11-year-old boy is brought to the physician by his mother because of a pruritic generalized rash for 2 days. He returned from a 3-day outdoor summer camp 1 week ago. During his time there, one child was sent home after being diagnosed with measles. The patient was diagnosed with a seizure disorder 6 weeks ago and he has asthma. Current medications include carbamazepine and an albuterol inhaler. His immunization records are unavailable. His temperature is 38.4°C (101.1°F), pulse is 88/min, and blood pressure is 102/60 mm Hg. Examination shows facial edema and a diffuse rash over the face, trunk, and extremities. There is cervical and inguinal lymphadenopathy. The remainder of the examination shows no abnormalities. Which of the following is the most appropriate next step in management?
A. Discontinue carbamazepine
B. Perform measles serology
C. Heterophile antibody test
D. Administer penicillin therapy
E. Perform rapid plasma reagin test
F. Administer topical miconazole
G. Perform rickettsial serology","একজন ১১ বছর বয়সী ছেলে তার মা তাকে ডাক্তারের কাছে নিয়ে এসেছেন কারণ দুই দিনের জন্য চুলকানি সহ সাধারণ র্যাশ হয়েছে। তিনি এক সপ্তাহ আগে তিন দিনব্যাপী আউটডোর গ্রীষ্মকালীন ক্যাম্প থেকে ফিরে এসেছিলেন। সেখানে থাকাকালীন, একটি শিশুকে হাম রোগ নির্ণয় হয়ে বাড়ি পাঠানো হয়েছিল। রোগীর ৬ সপ্তাহ আগে মৃগী রোগ (সিজার) নির্ণয় হয়েছে এবং তার হাঁপানি আছে। বর্তমান ওষুধের মধ্যে রয়েছে কার্বামাজেপিন এবং আলবুটেরল ইনহেলার। তার টিকাদান রেকর্ড পাওয়া যায়নি। তাপমাত্রা ৩৮.৪°C (১০১.১°F), পালস ৮৮/মিনিট, রক্তচাপ ১০২/৬০ mm Hg। পরীক্ষায় মুখে ফোলাভাব এবং মুখ, ট্রাঙ্ক ও অঙ্গগুলোতে বিস্তৃত র্যাশ দেখা যায়। গলা ও ইনগুইনাল লিম্ফ নোডের বৃদ্ধি রয়েছে। বাকি পরীক্ষা কোনো অসামান্যতা দেখায় না। নিম্নলিখিতগুলির মধ্যে কোনটি সর্বাধিক উপযুক্ত পরবর্তী ব্যবস্থাপনা পদক্ষেপ?
A. কার্বামাজেপিন বন্ধ করুন
B. হামের সেরোলজি পরীক্ষা করুন
C. হেটারোফাইল অ্যান্টিবডি টেস্ট করুন
D. পেনিসিলিন থেরাপি দিন
E. র‍্যাপিড প্লাজমা রেজেইন টেস্ট করুন
F. টপিক্যাল মাইকোনাজল প্রয়োগ করুন
G. রিকেটসিয়াল সেরোলজি পরীক্ষা করুন",,,,,
R0136,"A 49-year-old man comes to the hospital for a 10-day history of cough and worsening shortness of breath. He has sharp right-sided chest pain that worsens on inspiration and coughing. Two weeks ago, the patient was admitted to the hospital after passing out on the street from alcohol intoxication but he left against medical advice. He has coronary artery disease and hypertension, and he does not take any medications. He drinks 4 cans of beer daily and has smoked 2 packs of cigarettes daily for 20 years. His temperature is 38.5°C (101.3° F), pulse is 110/min, respirations are 29/min, and blood pressure is 110/65 mmHg. Examination shows poor dentition. There is dullness to percussion at the base of the right lung. Crackles and markedly decreased breath sounds are heard over the right middle and lower lung fields. An x-ray of the chest shows a right-sided loculated pleural effusion and consolidation of the surrounding lung with visible air bronchogram; there are no rib fractures. Thoracocentesis is performed. Examination of this patient's pleural fluid is most likely to show which of the following findings?
A. Amylase of 200 U/L
B. pH of 7.5
C. Lymphocytosis of > 90%
D. Pleural fluid LDH/serum LDH ratio of 0.5
E. Hematocrit of 30%
F. Lactate dehydrogenase of 45 U/L
G. Glucose of 30 mg/dL
H. Pleural fluid protein to serum protein ratio of 0.4","৪৯ বছর বয়সী একজন পুরুষ রোগী ১০ দিনের কাশি ও শ্বাসকষ্টের বৃদ্ধি নিয়ে হাসপাতালে আসেন। তার ডান পাশে তীক্ষ্ণ বুকের ব্যথা আছে যা শ্বাস নেওয়া এবং কাশি করার সময় বাড়ে। দুই সপ্তাহ আগে, অ্যালকোহল বিষক্রিয়ার কারণে রাস্তার মধ্যে বেহোশ হয়ে যাওয়ার পর তাকে হাসপাতালে ভর্তি করা হয়েছিল, তবে তিনি চিকিৎসকের অনুমতি না নিয়ে ছেড়ে যান। তার করোনারি আর্টেরি রোগ ও উচ্চ রক্তচাপ আছে, এবং তিনি কোনো ওষুধ নেন না। তিনি প্রতিদিন ৪ ক্যান বিয়ার পান করেন এবং ২০ বছর ধরে দিনে ২ প্যাকেট সিগারেট ধূমপান করেছেন। তার তাপমাত্রা ৩৮.৫°C (১০১.৩°F), পালস ১১০/মিনিট, শ্বাসপ্রশ্বাসের হার ২৯/মিনিট, রক্তচাপ ১১০/৬৫ mmHg। পরীক্ষায় দাঁতের অবস্থা খারাপ দেখা যায়। ডান ফুসফুসের ভিত্তিতে পেরকশন করলে ধূসরতা পাওয়া যায়। ডান মাঝারি ও নিম্ন ফুসফুস ক্ষেত্রগুলোতে ক্র্যাকলস এবং শ্বাসধ্বনির উল্লেখযোগ্য হ্রাস শোনা যায়। চেস্ট এক্স-রে দেখায় ডান পাশে লোকুলেটেড প্লিউরাল ইফিউশন এবং পার্শ্ববর্তী ফুসফুসের কনসলিডেশন, যেখানে এয়ার ব্রঙ্কোগ্রাম দেখা যায়; কোনো রিব ভাঙা নেই। থোরাকোসেন্টেসিস করা হয়। এই রোগীর প্লিউরাল তরলের পরীক্ষায় নিম্নলিখিত কোনটি সবচেয়ে সম্ভাব্যভাবে পাওয়া যাবে?
A. অ্যামাইলেজ ২০০ U/L
B. pH 7.5
C. লিম্ফোসাইটোসিস > ৯০%
D. প্লিউরাল ফ্লুইড LDH/সিরাম LDH অনুপাত 0.5
E. হেমাটোক্রিট 30%
F. ল্যাক্টেট ডিহাইড্রোজেনেজ ৪৫ U/L
G. গ্লুকোজ ৩০ mg/dL
H. প্লিউরাল ফ্লুইড প্রোটিন থেকে সিরাম প্রোটিন অনুপাত 0.4",,,,,
R0139,"A 1-month-old male infant is brought to the physician because of inconsolable crying for the past 3 hours. For the past 3 weeks, he has had multiple episodes of high-pitched unprovoked crying every day that last up to 4 hours and resolve spontaneously. He was born at term and weighed 2966 g (6 lb 9 oz); he now weighs 3800 g (8 lb 6 oz). He is exclusively breast fed. His temperature is 36.9°C (98.4°F) and pulse is 140/min. Examination shows a soft and nontender abdomen. The remainder of the examination shows no abnormalities. Which of the following is the most appropriate next step in management?
A. Perform lumbar puncture
B. Administer simethicone
C. Administer pantoprazole
D. Reassurance
E. Recommend the use of Gripe water","এক মাসের পুরুষ শিশুকে ডাক্তারের কাছে আনা হয়েছে কারণ গত ৩ ঘণ্টা ধরে অশান্তিকর কাঁদছে। গত ৩ সপ্তাহে, প্রতিদিন উচ্চস্বরে অনিয়ন্ত্রিতভাবে কাঁদার একাধিক পর্ব ঘটেছে যা সর্বোচ্চ ৪ ঘন্টা পর্যন্ত স্থায়ী হয় এবং স্বয়ংক্রিয়ভাবে থেমে যায়। তিনি পূর্ণ গর্ভকালীন সময়ে জন্মেছেন এবং ওজন ছিল ২৯৬৬ গ্রাম (৬ পাউন্ড ৯ আউন্স); এখন তার ওজন ৩৮০০ গ্রাম (৮ পাউন্ড ৬ আউন্স)। তিনি একান্তভাবে স্তন্যপান করেন। তার তাপমাত্রা ৩৬.৯°C (৯৮.৪°F) এবং পালস ১৪০/মিনিট। পরীক্ষায় নরম ও অসংবেদনশীল পেট দেখা যায়। বাকি পরীক্ষা কোনো অসামঞ্জস্য দেখায় না। নিম্নলিখিতগুলির মধ্যে কোনটি সর্বোত্তম পরবর্তী ব্যবস্থাপনা পদক্ষেপ?
A. লাম্বার পাঙ্কচার করুন
B. সিমেথিকোন দিন
C. পান্টোপ্রাজোল দিন
D. আশ্বাস প্রদান করুন
E. গ্রাইপ ওয়াটারের ব্যবহার সুপারিশ করুন",,,,,
R0140,"A 56-year-old man comes to the physician because of throat pain and increasing difficulty swallowing food for the past 5 months. He has also had episodic left ear pain for the past 3 months. He has hypertension. His only medication is amlodipine. His father died of laryngeal cancer at the age of 55 years. He has smoked one pack of cigarettes daily for 36 years. He drinks 2-3 beers daily. Vital signs are within normal limits. Examination shows left cervical lymphadenopathy. Oropharyngeal examination shows a 3-cm ulcerating left tonsillar mass. Examination of both auditory canals is unremarkable. Which of the following is the most appropriate initial step in management?
A. Esophagoscopy
B. Nasopharyngoscopy
C. Panendoscopy
D. Barium swallow
E. Laryngoscopy
""","৫৬ বছর বয়সী একজন পুরুষ রোগী গলা ব্যথা এবং গত পাঁচ মাস ধরে খাবার গিলতে বাড়তি কষ্টের অভিযোগে ডাক্তারের কাছে আসেন। তিনি গত তিন মাস ধরে মাঝে মাঝেই বাম কানেও ব্যথা অনুভব করছেন। তার রক্তচাপ বেশি (হাইপারটেনশন) আছে এবং একমাত্র ওষুধ হল অ্যামলোডিপিন। তার পিতার ৫৫ বছর বয়সে ল্যারিংজিয়াল ক্যান্সার ছিল এবং তিনি মারা গেছেন। রোগী ৩৬ বছর ধরে প্রতিদিন একটি প্যাকেট সিগারেট ধূমপান করেন এবং দিনে ২-৩টি বিয়ার পান করেন। শারীরিক পরীক্ষায় সবকিছু স্বাভাবিক, তবে বাম ঘাড়ে লিম্ফ নোডের বৃদ্ধি দেখা যায়। ওরোফ্যারিঞ্জিয়াল পরীক্ষা দেখায় বাম টনসিলের একটি ৩ সেমি আলসারযুক্ত গাঁট। দু'টি কানের পথের পরীক্ষা কোনো অস্বাভাবিকতা না দেখিয়ে শেষ হয়। নিম্নলিখিতগুলোর মধ্যে কোনটি সর্বাধিক উপযুক্ত প্রাথমিক ব্যবস্থাপনা ধাপ?
A. ইসোফ্যাগোসকপি
B. নাসোফ্যারিঞ্জিওস্কপি
C. প্যানএন্ডোস্কপি
D. ব্যারিয়াম স্বালো
E. ল্যারিংজোস্কপি",,,,,
R0142,"A 28-year-old man is brought to the emergency department after being struck by a car an hour ago as he was crossing the street. He did not lose consciousness. He is complaining of pain in his right arm, forehead, and pelvis. He also has the urge to urinate, but has been unable to do so since the accident. He takes no medications. His temperature is 37.1°C (98.9°F), pulse is 72/min, respirations are 18/min, and blood pressure is 118/82 mm Hg. There are abrasions over his scalp and face and a 1x3 cm area of ecchymosis above his right eye. Abdominal examination shows suprapubic tenderness. There is a scant amount of blood at the urethral meatus. There is no cervical spinal tenderness. Musculoskeletal examination shows tenderness and ecchymosis over his right distal forearm. An x-ray of the pelvis shows a fracture of the pelvic ramus. A CT scan of the head and neck show no abnormalities. Which of the following is the best next step in the management of this patient?
A. Retrograde urethrogram
B. Transrectal ultrasonography
C. IV pyelogram
D. Cystoscopy
E. Contrast-enhanced CT scan of the abdomen
F. Foley catheterization
G. Retroperitoneal ultrasound","একজন ২৮ বছর বয়সী পুরুষকে জরুরি বিভাগে নিয়ে আসা হয়েছে, যিনি রাস্তা পার হচ্ছিলেন এবং এক ঘণ্টা আগে গাড়ি ধাক্কা খেয়েছেন। তিনি অচেতন হননি। তিনি ডান বাহু, কপাল ও পেলভিসে ব্যথার অভিযোগ করছেন। এছাড়া তাকে প্রস্রাবের ইচ্ছা হচ্ছে, তবে দুর্ঘটনা ঘটার পর থেকে তিনি তা করতে পারছেন না। তিনি কোনো ঔষধ গ্রহণ করেন না। তার তাপমাত্রা ৩৭.১°C (৯৮.৯°F), পালস ৭২/মিনিট, শ্বাসপ্রশ্বাস ১৮/মিনিট এবং রক্তচাপ ১১৮/৮২ mm Hg। স্ক্যাল্প ও মুখে ক্ষত রয়েছে এবং ডান চোখের উপরে ১×৩ সেমি আকারের ইকাইমোসিস আছে। পেট পরীক্ষা করলে সুপ্রাপিউবিক সংবেদনশীলতা পাওয়া যায়। ইউরেথ্রাল মিয়াটাসে সামান্য পরিমাণ রক্ত রয়েছে। গলায় কোনো স্পাইনাল টেন্ডারনেস নেই। মাসল-স্কেলিটাল পরীক্ষায় ডান নিম্ন ফোরআর্মে সংবেদন ও ইকাইমোসিস দেখা যায়। পেলভিসের এক্স-রে দেখায় পেলভিক রামাসের ভাঙ্গন। মাথা ও ঘাড়ের সিটি স্ক্যানে কোনো অস্বাভাবিকতা পাওয়া যায়নি। নিচের কোনটি এই রোগীর ব্যবস্থাপনার সর্বোত্তম পরবর্তী ধাপ?
A. রেট্রোগ্রেড ইউরেথ্রোগ্রাম
B. ট্রান্সরেক্টাল আল্ট্রাসাউন্ডগ্রাফি
C. ইন্টারভেনাস পাইয়েলোগ্রাম
D. সিস্টোস্কপি
E. কনট্রাস্ট-এনহ্যান্সড অ্যাবডোমেন সিটি স্ক্যান
F. ফোলি ক্যাথেটারাইজেশন
G. রেট্রাপেরিটোনিয়াল আল্ট্রাসাউন্ড",,,,,
R0144,"A 34-year-old primigravid woman comes to the physician for a prenatal visit at 37-weeks' gestation because of worsening back pain for 3 weeks. The pain is worse with extended periods of walking, standing, and sitting. She has not had any changes in bowel movements or urination. Her mother has rheumatoid arthritis. Examination of the back shows bilateral pain along the sacroiliac joint area as a posterior force is applied through the femurs while the knees are flexed. She has difficulty actively raising either leg while the knee is extended. Motor and sensory function are normal bilaterally. Deep tendon reflexes are 2+. Babinski sign is absent. Pelvic examination shows a uterus consistent in size with a 37-weeks' gestation. There is no tenderness during abdominal palpation. Which of the following is the most likely explanation for this patient's symptoms?
A. Spinal cord compression
B. Vertebral bone compression fracture
C. Placental abruption
D. Relaxation of the pelvic girdle ligaments
E. Rheumatoid arthritis
F. L5 radiculopathy","৩৪ বছর বয়সী প্রথম গর্ভধারণকারী নারী ৩৭ সপ্তাহের গর্ভাবস্থায় প্রি-নাটাল ভিজিটে ডাক্তারের কাছে আসছেন, কারণ গত ৩ সপ্তাহ ধরে পিঠের ব্যথা বাড়ছে। হাঁটা, দাঁড়ানো এবং বসে থাকা দীর্ঘ সময়ে ব্যথা তীব্র হয়। মলত্যাগ বা প্রস্রাবে কোনো পরিবর্তন নেই। তার মা রিউমাটয়েড আর্থ্রাইটিসে আক্রান্ত। পিঠ পরীক্ষা করলে স্যাক্রোইলিয়াক জয়েন্টের এলাকায় দু'পাশেই ব্যথা দেখা যায় যখন হাঁটু বাঁকিয়ে ফিমার দিয়ে পশ্চাদ্বর্তী বল প্রয়োগ করা হয়। হাঁটু প্রসারিত অবস্থায় কোনো এক পা সক্রিয়ভাবে তুলতে অসুবিধা হচ্ছে। মোটর ও সেন্সরি কার্যক্রম উভয় পাশে স্বাভাবিক। ডিপ টেন্ডন রিফ্লেক্স ২+। বাবিনস্কি সাইন নেই। পেলভিক পরীক্ষা দেখায় গর্ভাশয় ৩৭ সপ্তাহের গর্ভাবস্থার সঙ্গে সামঞ্জস্যপূর্ণ আকারের। পেট চাপলে কোনো সংবেদনশীলতা নেই। নিম্নলিখিতগুলির মধ্যে কোনটি এই রোগীর উপসর্গের সবচেয়ে সম্ভাব্য ব্যাখ্যা?
A. মেরুদণ্ডের মজ্জা সংকোচন
B. মেরুদণ্ডীয় হাড়ের সংকোচন ভাঙ্গন
C. প্লাসেন্টার বিচ্ছিন্নতা
D. পেলভিক গিয়ার্ডল লিগামেন্টের শিথিলতা
E. রিউমাটয়েড আর্থ্রাইটিস
F. L5 র‍্যাডিকুলোপ্যাথি",,,,,
R0145,"A 32-year-old woman comes to her physician because of increasing back pain for the past 10 months. The pain is worse in the morning when she wakes up and improves with activity. She used to practice yoga, but stopped 5 months ago as bending forward became increasingly difficult. She has also had bilateral hip pain for the past 4 months. She has not had any change in urination. She has celiac disease and eats a gluten-free diet. Her temperature is 37.1°C (98.8°F), pulse is 65/min, respirations are 13/min, and blood pressure is 116/72 mmHg. Examination shows the range of spinal flexion is limited. Flexion, abduction, and external rotation of bilateral hips produces pain. An x-ray of her pelvis is shown. Further evaluation of this patient is likely to show which of the following?
A. High levels of rheumatoid factor
B. HLA-B27 positive genotype
C. Presence of anti-dsDNA antibodies
D. High levels of creatine phosphokinase
E. Presence of anti-Ro and anti-La antibodies
F. HLA-DR3 positive genotype","একজন ৩২ বছর বয়সী নারী তার ডাক্তারের কাছে আসছেন গত ১০ মাস ধরে বাড়তে থাকা পিঠের ব্যথার জন্য। সকালে জাগ্রত হলে ব্যথা বেশি হয় এবং শারীরিক কার্যকলাপের সঙ্গে কমে যায়। তিনি আগে যোগব্যায়াম করতেন, তবে পাঁচ মাস আগে থেকে সামনে ঝুঁকতে অসুবিধা হওয়ায় বন্ধ করে দিয়েছেন। গত চার মাস ধরে তার দু'পাশের হিপেও ব্যথা রয়েছে। মূত্রত্যাগে কোনো পরিবর্তন নেই। তিনি সিলিয়াক রোগে আক্রান্ত এবং গ্লুটেন-মুক্ত ডায়েট অনুসরণ করেন। তার তাপমাত্রা ৩৭.১°C (৯৮.৮°F), পালস ৬৫/মিনিট, শ্বাসপ্রশ্বাস ১৩/মিনিট, রক্তচাপ ১১৬/৭২ mmHg। পরীক্ষায় দেখা যায় মেরুদণ্ডের ফ্লেক্সনের পরিসীমা সীমিত। দু'পাশের হিপের ফ্লেক্সন, অ্যাবডাকশন এবং এক্সটার্নাল রোটেশন করলে ব্যথা হয়। তার পেলভিসের এক্স-রে দেখানো হয়েছে। এই রোগীর অতিরিক্ত মূল্যায়নে নিম্নলিখিত কোনটি পাওয়া সম্ভব?
A. রিউমাটয়েড ফ্যাক্টরের উচ্চ মাত্রা
B. HLA-B27 পজিটিভ জিনোটাইপ
C. অ্যান্টি-dsDNA অ্যান্টিবডির উপস্থিতি
D. ক্রিয়েটিন ফসফোকাইনেজের উচ্চ মাত্রা
E. অ্যান্টি-Ro এবং অ্যান্টি-La অ্যান্টিবডির উপস্থিতি
F. HLA-DR3 পজিটিভ জিনোটাইপ",,,,,
R0146,"Three days after undergoing an open cholecystectomy, an obese 57-year-old woman has fever, chills, and a headache. She has right-sided chest pain that increases on inspiration and has had a productive cough for the last 12 hours. She had an episode of hypotension after the operation that resolved with intravenous fluid therapy. She underwent an abdominal hysterectomy 16 years ago for multiple fibroids of the uterus. She has smoked one pack of cigarettes daily for 17 years. She appears uncomfortable. Her temperature is 39°C (102.2°F), pulse is 98/min, respirations are 18/min, and blood pressure is 128/82 mm Hg. Inspiratory crackles are heard at the right lung base. The abdomen is soft and nontender. There is a healing surgical incision below the right ribcage. The remainder of the examination shows no abnormalities. Which of the following is the most likely diagnosis?
A. Congestive heart failure
B. Pulmonary embolism
C. Subphrenic abscess
D. Pneumonia
E. Atelectasis
F. Pneumothorax","একটি ওপেন কোলেসিস্টেক্টমি করার তিন দিন পর, 57 বছর বয়সী মোটা এক নারী জ্বর, কম্পন এবং মাথাব্যথা অনুভব করছেন। তার ডান পাশে বুকের ব্যথা আছে যা শ্বাস নেওয়ার সময় বাড়ে এবং গত 12 ঘন্টা ধরে উৎপাদনশীল কাশি হচ্ছে। অপারেশনের পরে তিনি হাইপোটেনশন এপিসোডে ভুগেছিলেন, যা ইনট্রাভেনাস তরল থেরাপির মাধ্যমে সেরে গিয়েছে। তিনি 16 বছর আগে বহু ফাইব্রয়েডের জন্য পেটের হিস্টেরেকটমি করিয়ে ছিলেন। তিনি 17 বছর ধরে প্রতিদিন এক প্যাক সিগারেট ধূমপান করেন। তিনি অস্বস্তিকর দেখাচ্ছেন। তার তাপমাত্রা 39°C (102.2°F), পালস 98/মিনিট, শ্বাসপ্রশ্বাস 18/মিনিট এবং রক্তচাপ 128/82 mm Hg। ডান ফুসফুসের ভিত্তিতে ইনস্পিরেটরি ক্র্যাকল শোনা যায়। পেট নরম ও অ-সংবেদনশীল। ডান পাঁজরের নিচে একটি সেরে যাওয়া সার্জিক্যাল ইন্সিশন রয়েছে। পরীক্ষার বাকি অংশে কোনো অসামঞ্জস্য দেখা যায় না। নিম্নের কোনটি সবচেয়ে সম্ভাব্য নির্ণয়?
A. সংযোজিত হৃদযন্ত্র ব্যর্থতা
B. ফুসফুসের এম্বোলিজম (রক্তজমাট)
C. ডায়াফ্র্যাগমের নীচে অ্যাবসেস
D. নিউমোনিয়া (ফুসফুসের প্রদাহ)
E. এটেলেক্টাসিস
F. নিউমোথোর্যাক্স (ফুসফুসের গহ্বরে বাতাস)",,,,,
R0149,"A 37-year-old woman comes to the physician because of a 2-week history of palpitations and loose stools. She has had a 2.3-kg (5-lb) weight loss over the past month. She has had no change in appetite. She has no history of serious illness. She works in accounting and has been under more stress than usual lately. She takes no medications. She appears pale. Her temperature is 37.8°C (100.1°F), pulse is 110/min, respirations are 20/min, and blood pressure is 126/78 mm Hg. Cardiopulmonary examination shows no abnormalities. The abdomen is soft and nontender. There is a bilateral hand tremor with outstretched arms and a palpable thyroid nodule in the left lobe. Serum laboratory studies show a thyroid stimulating hormone level of 0.03 μU/mL and a thyroxine level of 28 μg/dL. A radioactive iodine uptake scan shows enhancement in a 3-cm encapsulated nodule in the lower left lobe with decreased uptake in the remaining gland. Which of the following is the most likely diagnosis?
A. Thyroid storm
B. Riedel's thyroiditis
C. Papillary carcinoma
D. Graves' disease
E. Toxic adenoma
F. Goiter
""","একজন ৩৭ বছর বয়সী নারী ডাক্তারের কাছে আসছেন কারণ তিনি গত দুই সপ্তাহ ধরে হৃদস্পন্দন দ্রুত হওয়া এবং ডায়রিয়া অনুভব করছেন। তিনি গত মাসে ২.৩ কেজি (৫ পাউন্ড) ওজন কমিয়েছেন। তার ক্ষুধা পরিবর্তিত হয়নি। গুরুতর কোনো রোগের ইতিহাস নেই। তিনি হিসাবরক্ষণ কাজ করেন এবং সম্প্রতি বেশি চাপের মধ্যে আছেন। তিনি কোনও ঔষধ গ্রহণ করছেন না। তিনি শ্বেতবর্ণ দেখাচ্ছেন। তার তাপমাত্রা ৩৭.৮°C (১০০.১°F), পালস ১১০/মিনিট, শ্বাসপ্রশ্বাস ২০/মিনিট, রক্তচাপ ১২৬/৭৮ mm Hg। কার্ডিওফুসের পরীক্ষা কোনো অস্বাভাবিকতা দেখায় না। পেট নরম ও অসংবেদনশীল। দু'হাতে প্রসারিত বাহুতে কম্পন এবং বাম লোবের একটি স্পর্শযোগ্য থাইরয়েড গাঁট রয়েছে। রক্ত পরীক্ষায় থাইরয়েড স্টিমুলেটিং হরমোন (TSH) মাত্রা ০.০৩ μU/mL এবং থাইরক্সিন স্তর ২৮ μg/dL দেখা যায়। রেডিওঅ্যাক্টিভ আইডিন আপটেক স্ক্যানে বাম নীচের লোবের একটি ৩ সেমি এনক্যাপসুলেটেড গাঁটে বৃদ্ধি ও অবশিষ্ট গ্রন্থিতে হ্রাসপ্রাপ্ত আপটেক দেখা গেছে। নিম্নলিখিতগুলির মধ্যে কোনটি সবচেয়ে সম্ভাব্য নির্ণয়?
A. থাইরয়েড স্টর্ম
B. রিডেলস থাইরয়েডাইটিস
C. প্যাপিলারি কার্সিনোমা
D. গ্রেভস রোগ
E. টক্সিক অ্যাডেনোমা
F. গোইটার",,,,,
R0153,"A 3-year-old boy is brought to the physician because of a 1-day history of abdominal pain and frequent urination. His mother reports that the patient has wet his bed overnight and that his urine smelled odd this morning. He has been toilet trained for 4 months and has had very few accidents since then. His last bowel movement was 3 days ago. He was born at term after a normal gestation and has reached all developmental milestones. His parents divorced 4 months ago and the patient's father has moved away. The patient began preschool 6 weeks ago. During this period, he has had two upper respiratory infections that resolved without treatment. His 12-year-old brother has type 1 diabetes mellitus. Vital signs are within normal limits. Physical examination of the abdomen shows mild suprapubic tenderness. Urine dipstick is positive for leukocyte esterase, nitrite, and blood; urinalysis shows white blood cells and gram-negative rods. Which of the following is the most likely predisposing factor for this patient's condition?
A. Social stressors
B. Constipation
C. Posterior urethral valves
D. Respiratory tract infection
E. Family history of diabetes mellitus","একটি ৩ বছর বয়সী ছেলে এক দিনের পেটের ব্যথা এবং ঘন ঘন প্রস্রাবের ইতিহাসে ডাক্তারের কাছে আনা হয়েছে। তার মা জানান যে রোগী রাতে বিছানা ভেজিয়ে ফেলেছে এবং আজ সকালে মূত্রের গন্ধ অদ্ভুত ছিল। তিনি ৪ মাস ধরে টয়লেট প্রশিক্ষিত এবং তখন থেকে খুব কমই দুর্ঘটনা ঘটেছে। শেষ বাওয়েলমুভমেন্ট ৩ দিন আগে হয়েছে। তিনি স্বাভাবিক গর্ভধারণে পূর্ণবয়সে জন্মেছেন এবং সব বিকাশগত মাইলস্টোন অর্জন করেছেন। তার বাবা-মা ৪ মাস আগে বিচ্ছিন্ন হয়েছেন এবং রোগীর বাবা দূরে চলে গেছেন। রোগী প্রিস্কুল শুরু করেছে ৬ সপ্তাহ আগে। এই সময়কালে, তিনি দুইটি উপরের শ্বাসযন্ত্রের সংক্রমণ পেয়েছিলেন যা কোনো চিকিৎসা ছাড়াই সেরে গেছে। তার ১২ বছর বয়সী ভাই টাইপ ১ ডায়াবেটিস মেলিটাসে আক্রান্ত। গুরুত্বপূর্ণ চিহ্ন স্বাভাবিক সীমার মধ্যে। পেটে হালকা সুপ্রাপিউবিক টেন্ডারনেস দেখা যায়। ইউরিন ডিপস্টিক লুকোসাইট এস্টেরেজ, নাইট্রাইট এবং রক্তের জন্য পজিটিভ; ইউরিনালাইসিসে শ্বেত রক্তকণিকা ও গ্রাম-নেগেটিভ রড দেখায়। নিম্নলিখিত কোনটি এই রোগীর অবস্থার সবচেয়ে সম্ভাব্য পূর্বপ্রবণ কারণ?
A. সামাজিক চাপ
B. কোষ্ঠকাঠিন্য
C. পোষ্টেরিয়র ইউরেথ্রাল ভালভস
D. শ্বাসযন্ত্রের সংক্রমণ
E. ডায়াবেটিস মেলিটাসের পারিবারিক ইতিহাস",,,,,
R0154,"A 43-year-old woman comes to the physician because of a 3-month history of a painless ulcer on the sole of her right foot. There is no history of trauma. She has been dressing the ulcer once daily at home with gauze. She has a 15-year history of poorly-controlled type 1 diabetes mellitus and hypertension. Current medications include insulin and lisinopril. Vital signs are within normal limits. Examination shows a 2 x 2-cm ulcer on the plantar aspect of the base of the great toe with whitish, loose tissue on the floor of the ulcer and a calloused margin. A blunt metal probe reaches the deep plantar space. Sensation to vibration and light touch is decreased over both feet. Pedal pulses are intact. An x-ray of the right foot shows no abnormalities. Which of the following is the most appropriate initial step in management?
A. Total contact casting of right foot
B. Amputation of the right forefoot
C. Increase frequency of dressing change
D. Intravenous antibiotic therapy
E. Sharp surgical debridement of the ulcer
F. Surgical revascularization of the right foot","৪৩ বছর বয়সী এক নারী ডাক্তারের কাছে আসেন কারণ তার ডান পায়ের তলদেশে ৩ মাস ধরে ব্যথাহীন আলসার রয়েছে। কোনো আঘাতের ইতিহাস নেই। তিনি বাড়িতে গজ দিয়ে প্রতিদিন একবার আলসারটি পরিষ্কার করেন। তাকে টাইপ ১ ডায়াবেটিস মেলিটাস ও হাইপারটেনশন আছে, যা খারাপভাবে নিয়ন্ত্রিত (১৫ বছরের বেশি)। বর্তমান ঔষধে ইনসুলিন এবং লিসিনোপ্রিল রয়েছে। সব গুরুত্বপূর্ণ চিহ্ন স্বাভাবিক সীমার মধ্যে। পরীক্ষা করে দেখা যায় বড় আঙুলের ভিত্তির প্ল্যান্টার দিকের ২ × ২ সেমি আলসারে ফাঁকা, সাদা রঙের শিথিল টিস্যু আছে এবং প্রান্তে কল্লাসযুক্ত। একটি ধাতব প্রোব দিয়ে গভীর প্ল্যান্টার স্পেস পর্যন্ত পৌঁছানো যায়। উভয় পায়ে কম্পন ও হালকা স্পর্শের সংবেদন কমে গেছে, তবে পেডাল পালস স্বাভাবিক। ডান পায়ের এক্স-রে কোনো অস্বাভাবিকতা দেখায় না। নিম্নলিখিতগুলোর মধ্যে কোনটি সর্বোত্তম প্রাথমিক ব্যবস্থাপনা পদক্ষেপ?
A. ডান পায়ের টোটাল কন্ট্যাক্ট ক্যাস্টিং
B. ডান ফরফুটের অ্যামপুটেশন
C. ড্রেসিং পরিবর্তনের ফ্রিকোয়েন্সি বাড়ানো
D. শিরা পথে অ্যান্টিবায়োটিক থেরাপি
E. আলসারের তীক্ষ্ণ সার্জিক্যাল ডেব্রাইডমেন্ট
F. ডান পায়ের সার্জিক্যাল রিভাসকুলারাইজেশন",,,,,
R0158,"Two hours after undergoing a left femoral artery embolectomy, an obese 63-year-old woman has severe pain, numbness, and tingling of the left leg. The surgery was without complication and peripheral pulses were weakly palpable postprocedure. She has type 2 diabetes mellitus, peripheral artery disease, hypertension, and hypercholesterolemia. Prior to admission, her medications included insulin, enalapril, carvedilol, aspirin, and rosuvastatin. She appears uncomfortable. Her temperature is 37.1°C (99.3°F), pulse is 98/min, and blood pressure is 132/90 mm Hg. Examination shows a left groin surgical incision. The left lower extremity is swollen, stiff, and tender on palpation. Dorsiflexion of her left foot causes severe pain in her calf. Femoral pulses are palpated bilaterally. Pedal pulses are weaker on the left side as compared to the right side. Laboratory studies show:
Hemoglobin 12.1
Leukocyte count 11,300/mm3
Platelet count 189,000/mm3
Serum
Glucose 222 mg/dL
Creatinine 1.1 mg/dL
Urinalysis is within normal limits. Which of the following is the most likely cause of these findings?""
A. Deep vein thrombosis
B. Reperfusion injury
C. Rhabdomyolysis
D. Cholesterol embolism
E. Cellulitis","বাম ফেমোরাল আর্টারি এম্বোলেকটমি করার দুই ঘণ্টা পর, 63 বছর বয়সী মোটা এক নারী তীব্র ব্যথা, অসাড়তা এবং ঝিনঝিন অনুভূতি সহ বাম পায়ে কষ্ট পাচ্ছেন। সার্জারিটি কোনো জটিলতা ছাড়া হয়েছে এবং প্রক্রিয়ার পরে পার্শ্বিক পালস দুর্বলভাবে স্পর্শযোগ্য ছিল। তার টাইপ ২ ডায়াবেটিস মেলিটাস, পারিফেরাল আর্টারি ডিজিজ, হাইপারটেনশন ও হাইপারকোলেস্টেরলেমিয়া রয়েছে। ভর্তি হওয়ার আগে তিনি ইনসুলিন, এনালাপ্রিল, কার্ভেডিলল, অ্যাসপিরিন এবং রোসুভাস্টাটিন গ্রহণ করতেন। তিনি অস্বস্তিকর দেখাচ্ছেন। তাপমাত্রা ৩৭.১°C (৯৯.৩°F), পাল্স ৯৮/মিনিট, রক্তচাপ ১৩২/৯০ mm Hg। পরীক্ষায় বাম গ্রীনের সার্জিক্যাল ইনসিশন দেখা যায়; বাম নিম্ন অঙ্গ ফোলা, কঠোর এবং স্পর্শে সংবেদনশীল। ডর্সিফ্লেক্স করলে ক্যালফে তীব্র ব্যথা হয়। উভয় পাশে ফেমোরাল পালস স্পর্শযোগ্য, তবে পেডাল পালস বামে ডানের তুলনায় দুর্বল। ল্যাব ফলাফল: হিমোগ্লোবিন ১২.১ g/dL, শ্বেত রক্তকণিকা ১১,৩০০/mm3, প্লেটলেট ১৮৯,০০০/mm3; সিরাম গ্লুকোজ ২২২ mg/dL, ক্রিয়াটিনিন ১.১ mg/dL; ইউরিনালাইসিস স্বাভাবিক। নিম্নের কোনটি এই উপসর্গগুলোর সবচেয়ে সম্ভাব্য কারণ?
A. ডিপ ভেইন থ্রম্বোসিস
B. রিপারফিউশন ইনজুরি
C. র্যাবডোমায়োলাইসিস
D. কোলেস্টেরল এমবোলিজম
E. সেলুলাইটিস",,,,,
R0161,"A 50-year-old man is brought to the emergency department with progressive retrosternal chest pain and shortness of breath that started the day before. The pain is severe, worsens with inspiration, and radiates to his neck. He has also had a sore throat and neck pain the last 4 days. He remained bed-bound during this time and had poor appetite. One week ago, he underwent an upper endoscopy for peptic ulcer disease. He has type 2 diabetes mellitus, peptic ulcer disease, hyperlipidemia, and hypertension. His only medication is omeprazole. He does not smoke or drink alcohol. He appears in significant distress. His temperature is 39.1°C (102.3°F), pulse is 108/min, respirations are 28/min, and blood pressure is 88/46 mm Hg. The lungs are clear to auscultation. Cardiac examinations shows tachycardia but is otherwise unremarkable. The abdomen is soft and nontender. Oropharyngeal examination is limited because the patient is unable to open his mouth due to pain. His hematocrit is 42%, leukocyte count is 13,800/mm3, and platelet count is 205,000/mm3. The patient is intubated in the emergency department and appropriate treatment is started. Chest x-ray shows a widened mediastinum. Which of the following is most likely to have prevented this patient's condition?
A. Pericardiocentesis
B. Intravenous methylprednisolone administration
C. Intravenous ampicillin-sulbactam administration
D. Blood pressure control
E. Intravenous levofloxacin administration
""","একজন ৫০ বছর বয়সী পুরুষ রোগীকে জরুরি বিভাগের কাছে নিয়ে আসা হয়েছে প্রগতিশীল রেট্রোস্টার্নাল বুকের ব্যথা এবং শ্বাসকষ্টে, যা এক দিন আগে শুরু হয়েছে। ব্যথাটি তীব্র, শ্বাস নেওয়ার সঙ্গে বাড়ে এবং গলায় ছড়িয়ে পড়ে। তিনি গত ৪ দিনে গলা ব্যথা ও ঘাড়ের ব্যথাও অনুভব করেছেন। এই সময় তিনি বিছানায় সীমাবদ্ধ ছিলেন এবং ক্ষুধা কম ছিল। এক সপ্তাহ আগে পেপটিক আলসার রোগের জন্য উপরের এন্ডোস্কপি করা হয়েছিল। তার টাইপ ২ ডায়াবেটিস মেলিটাস, পেপটিক আলসার রোগ, হাইপারলিপিডেমিয়া ও উচ্চ রক্তচাপ রয়েছে। তিনি কেবল ওমেপ্রাজোল গ্রহণ করেন। ধূমপান বা অ্যালকোহল পান করেন না। তিনি উল্লেখযোগ্য কষ্টে আছেন। তার তাপমাত্রা ৩৯.১°C (১০২.৩°F), পালস ১০৮/মিনিট, শ্বাসপ্রশ্বাস ২৮/মিনিট এবং রক্তচাপ ৮৮/৪৬ mmHg। ফুসফুসের শব্দ স্বাভাবিক। হৃদযন্ত্রে ট্যাকিকার্ডিয়া দেখা যায় তবে অন্যথায় কোনো অস্বাভাবিকতা নেই। পেট নরম ও অসংবেদনশীল। মুখগহ্বর পরীক্ষা সীমিত কারণ রোগী ব্যথার কারণে মুখ খুলতে পারছেন না। তার হিমাটোক্রিট ৪২%, শ্বেত রক্তকণিকা সংখ্যা ১৩,৮০০/mm3 এবং প্লেটলেট সংখ্যা ২০৫,০০০/mm3। রোগীকে জরুরি বিভাগে ইন্টুবেট করা হয় এবং উপযুক্ত চিকিৎসা শুরু করা হয়। চেস্ট এক্স-রে দেখায় মিডিয়াস্টিনাম প্রশস্ত। নিম্নলিখিত কোনটি এই রোগীর অবস্থার প্রতিরোধে সবচেয়ে বেশি সহায়ক হতে পারত?
A. পেরিকার্ডিওসেন্টেসিস
B. ইন্ট্রাভেনাস মিথাইলপ্রেডনিসোলোন প্রদান
C. ইন্ট্রাভেনাস অ্যাম্পিসিলিন-সালব্যাকটাম প্রদান
D. রক্তচাপ নিয়ন্ত্রণ
E. ইন্ট্রাভেনাস লেভোফ্লোক্সাসিন প্রদান",,,,,
R0162,"A 60-year-old man comes to the emergency room for a persistent painful erection for the last 5 hours. He has a history of sickle cell trait, osteoarthritis, insomnia, social anxiety disorder, gout, type 2 diabetes mellitus, major depressive disorder, and hypertension. He drinks 1 can of beer daily, and smokes marijuana on the weekends. He takes propranolol, citalopram, trazodone, rasburicase, metformin, glyburide, lisinopril, and occasionally ibuprofen. He is alert and oriented but in acute distress. Temperature is 36.5°C(97.7°F), pulse is 105/min, and blood pressure is 145/95 mm Hg. Examination shows a rigid erection with no evidence of trauma, penile discharge, injection, or prosthesis. Which of the following is the most likely cause of his condition?
A. Trazodone
B. Marijuana use
C. Sickle cell trait
D. Citalopram
E. Propranolol","একজন ৬০ বছর বয়সী পুরুষ জরুরি বিভাগে আসেন গত ৫ ঘণ্টা ধরে অব্যাহত ব্যথাযুক্ত লিঙ্গ উত্তেজনা (ইরেকশন) নিয়ে। তার সিকল সেল ট্রেইট, অস্টিওআর্থ্রাইটিস, অনিদ্রা, সামাজিক উদ্বেগজনিত ব্যাধি, গাউট, টাইপ ২ ডায়াবেটিস মেলিটাস, প্রধান বিষণ্নতা ব্যাধি এবং উচ্চ রক্তচাপের ইতিহাস রয়েছে। তিনি প্রতিদিন এক ক্যান বিয়ার পান করেন এবং সপ্তাহান্তে মারিজুয়ানা সেবন করেন। তিনি প্রোপ্রানোলল, সিটালোপ্রাম, ট্রাজডোন, রাসবুরিকেজ, মেটফরমিন, গ্লাইবুরি্ড, লিসিনোপ্রিল এবং কখনও কখনও আইবুপ্রোফেন গ্রহণ করেন। তিনি সতর্ক ও দিশা জানেন তবে তীব্র অস্বস্তিতে আছেন। তার শারীরিক তাপমাত্রা ৩৬.৫°C (৯৭.৭°F), পালস ১০৫/মিনিট, এবং রক্তচাপ ১৪৫/৯৫ mm Hg। পরীক্ষায় কোনো ট্রমা, লিঙ্গ থেকে নিঃসরণ, ইনজেকশন বা প্রোস্থেসিসের চিহ্ন ছাড়া কঠোর ইরেকশন দেখা যায়। নিম্নলিখিতগুলির মধ্যে কোনটি তার অবস্থার সবচেয়ে সম্ভাব্য কারণ?
A. ট্রাজডোন
B. মারিজুয়ানা ব্যবহার
C. সিকল সেল ট্রেইট
D. সিটালোপ্রাম
E. প্রোপ্রানোলল",,,,,
R0166,"A 36-year-old woman comes to the physician for a follow-up visit after she had a PET scan that showed a nodule on the thyroid gland. She has no difficulty or pain while swallowing. She was treated for non-Hodgkin lymphoma at the age of 28 years, which included external beam radiation to the head and neck and 4 cycles of chemotherapy. She appears healthy. Vital signs are within normal limits. Physical examination shows no abnormalities. Serum studies show:
Glucose 82 mg/dL
Creatinine 0.7 mg/dL
Thyroid-stimulating hormone 3 μU/mL
Ultrasound of the neck shows a 1.2-cm (0.5-in) nodule on the left lobe of the thyroid with irregular margins and microcalcifications. A fine-needle aspiration biopsy shows Psammoma bodies and cells with clear, ground-glass, empty nuclei. Which of the following is the most appropriate next step in management?""
A. Percutaneous radiotherapy
B. Radioiodine therapy
C. Observation and follow-up in 3 months
D. Thyroid scintigraphy
E. Surgical excision of the nodule
F. Total thyroidectomy
""","একজন ৩৬ বছর বয়সী নারী থাইরয়েড গ্রন্থিতে একটি গাঁট দেখানো PET স্ক্যানের পর ফলো-আপ ভিজিটে ডাক্তারের কাছে আসছেন। তিনি গিলতে কোনো কষ্ট বা ব্যথা অনুভব করছেন না। ২৮ বছর বয়সে তিনি নন-হডজকিন লিম্ফোমার জন্য চিকিৎসা করিয়েছিলেন, যার মধ্যে মাথা ও ঘাড়ের বাহ্যিক বিম রেডিয়েশন এবং চার সাইকেল কেমোথেরাপি অন্তর্ভুক্ত ছিল। তিনি সুস্থ দেখাচ্ছেন। গুরুত্বপূর্ণ চিহ্নগুলো স্বাভাবিক সীমার মধ্যে। শারীরিক পরীক্ষায় কোনো অস্বাভাবিকতা পাওয়া যায়নি। সিরাম ফলাফল:
গ্লুকোজ ৮২ mg/dL
ক্রিয়েটিনিন ০.৭ mg/dL
থাইরয়েড-স্টিমুলেটিং হরমোন ৩ μU/mL
নেকের আল্ট্রাসাউন্ডে থাইরয়েডের বাম লোবের উপর ১.২ সেমি (০.৫ ইঞ্চি) গাঁট দেখা যায়, যার প্রান্ত অনিয়মিত এবং মাইক্রোক্যালসিফিকেশন রয়েছে। ফাইন-নিডল অ্যাস্পিরেশন বায়োপসিতে প্যাম্মা বডি ও স্বচ্ছ, গ্রাউন্ড-গ্লাস, শূন্য নিউক্লিয়াসযুক্ত কোষ দেখা গেছে। নিম্নের কোনটি সর্বোত্তম পরবর্তী ব্যবস্থাপনা পদক্ষেপ?
A. পারকুটেনিয়াস রেডিওথেরাপি
B. রেডিওআইডিন থেরাপি
C. পর্যবেক্ষণ এবং ৩ মাসে পুনরায় অনুসরণ
D. থাইরয়েড স্কিন্টিগ্রাফি
E. শল্যচিকিৎসা দ্বারা গাঁট অপসারণ
F. সম্পূর্ণ থাইরয়েডেকটমি",,,,,
R0168,"Five days after undergoing right knee arthroplasty for osteoarthritis, a 68-year-old man has severe pain in this right knee preventing him from participating in physical therapy. On the third postoperative day when the dressing was changed, the surgical wound appeared to be intact, slightly swollen, and had a clear secretion. He has a history of diabetes, hyperlipidemia, and hypertension. Current medications include metformin, enalapril, and simvastatin. His temperature is 37.3°C (99.1°F), pulse is 94/min, and blood pressure is 130/88 mm Hg. His right knee is swollen, erythematous, and tender to palpation. There is pain on movement of the joint. The medial parapatellar skin incision appears superficially opened in its proximal and distal part with yellow-green discharge. There is blackening of the skin on both sides of the incision. Which of the following is the next best step in the management of this patient?
A. Surgical debridement
B. Nafcillin therapy
C. Skin grafting
D. Removal of prostheses
E. Vacuum dressing
F. Antiseptic dressing
""","অস্টিওআর্থ্রাইটিসের জন্য ডান হাঁটু আর্থ্রোপ্লাস্টি করার পাঁচ দিন পর, ৬৮ বছর বয়সী একজন পুরুষকে এই ডান হাঁটুর তীব্র ব্যথা হয় যা তাকে শারীরিক থেরাপিতে অংশ নিতে বাধা দেয়। পোস্ট-অপারেটিভ তৃতীয় দিনে যখন ড্রেসিং পরিবর্তন করা হয়, তখন সার্জিক্যাল ক্ষতটি অক্ষত, সামান্য ফোলা এবং পরিষ্কার স্রাবযুক্ত দেখা যায়। রোগীর ডায়াবেটিস, হাইপারলিপিডেমিয়া ও উচ্চ রক্তচাপের ইতিহাস রয়েছে। বর্তমান ঔষধে মেটফরমিন, এনালাপ্রিল এবং সিমভাস্টাটিন অন্তর্ভুক্ত। তার তাপমাত্রা ৩৭.৩°C (৯৯.১°F), পালস ৯৪/মিনিট এবং রক্তচাপ ১৩০/৮৮ mm Hg। ডান হাঁটু ফোলা, লালচে ও স্পর্শে সংবেদনশীল। জয়েন্টের গতি করার সময় ব্যথা আছে। মিডিয়াল প্যারাপাটেলার ত্বকের কাটা প্রোক্সিমাল এবং ডিস্টাল অংশে পৃষ্ঠতলে খোলামেলা দেখা যায়, হলুদ-সবুজ স্রাব সহ। কাটার উভয় পাশে ত্বকে কালচে দাগ রয়েছে। নিম্নলিখিতগুলির মধ্যে কোনটি এই রোগীর ব্যবস্থাপনার পরবর্তী সর্বোত্তম পদক্ষেপ?
A. শল্যচিকিত্সা ডেব্রাইডমেন্ট
B. নাফসিলিন থেরাপি
C. ত্বক রোপণ
D. প্রোস্থেসিস অপসারণ
E. ভ্যাকুয়াম ড্রেসিং
F. অ্যান্টিসেপটিক ড্রেসিং",,,,,
R0169,"A 54-year-old man comes to the physician because of diarrhea that has become progressively worse over the past 4 months. He currently has 4-6 episodes of foul-smelling stools per day. Over the past 3 months, he has had fatigue and a 5-kg (11-lb) weight loss. He returned from Bangladesh 6 months ago after a year-long business assignment. He has osteoarthritis and hypertension. Current medications include amlodipine and naproxen. He appears pale and malnourished. His temperature is 37.3°C (99.1°F), pulse is 76/min, and blood pressure is 140/86 mm Hg. Examination shows pale conjunctivae and dry mucous membranes. Angular stomatitis and glossitis are present. The abdomen is distended but soft and nontender. Rectal examination shows no abnormalities. Laboratory studies show:
Hemoglobin 8.9 g/dL
Leukocyte count 4100/mm3
Platelet count 160,000/mm3
Mean corpuscular volume 110 μm3
Serum
Na+ 133 mEq/L
Cl- 98 mEq/l
K+ 3.3 mEq/L
Creatinine 1.1 mg/dL
IgA 250 mg/dL
Anti-tissue transglutaminase, IgA negative
Stool culture and studies for ova and parasites are negative. Test of the stool for occult blood is negative. Fecal fat content is 22 g/day (N < 7). Fecal lactoferrin is negative and elastase is within normal limits. Which of the following is the most appropriate next step in diagnosis?""
A. CT scan of the abdomen
B. Schilling test
C. IgG against deamidated gliadin peptide
D. Serum lipase
E. Anti-Saccharomyces cerevisiae antibody
F. Enteroscopy
G. Anti-neutrophil cytoplasmic antibody
H. PAS-stained biopsy of small bowel","নিম্নলিখিতগুলির মধ্যে কোনটি নির্ণয়ের সর্বোত্তম পরবর্তী ধাপ হবে?
A. পেটের সিটি স্ক্যান
B. শিলিং টেস্ট
C. ডি-অ্যামিডেটেড গ্লিয়াডিন পেপটাইডের বিরুদ্ধে IgG
D. সিরাম লিপেজ
E. অ্যান্টি-স্যাকারোমাইসিস সেরেভিসিয়া অ্যান্টিবডি
F. এন্টারোস্কপি
G. অ্যান্টি-নিউট্রোফিল সাইটোপ্লাজমিক অ্যান্টিবডি
H. ছোট অন্ত্রের PAS-স্টেইন্ড বায়োপসি",,,,,
R0173,"A 28-year-old primigravid woman comes to the physician at 27 weeks' gestation with increased urinary frequency, a burning sensation when urinating, flank pain, and nausea. Her pregnancy has been uncomplicated. Glucose tolerance testing performed at 25 weeks' gestation was normal. She is sexually active with her husband. Her only medication is a prenatal vitamin. Her pulse is 90/min, respirations are 16/min, and blood pressure is 125/75 mm Hg. Physical examination shows marked tenderness in the right costovertebral area. Pelvic examination shows a uterus consistent with 27 weeks' gestation. Her urine dipstick is positive for leukocyte esterase and nitrites. The urine is sent for bacterial culture. Which of the following changes most likely contributed to this patient's condition?
A. Decreased ureteral smooth muscle tone
B. Increased body temperature
C. Increased urine concentration
D. Decreased urine volume
E. Increased urinary pH
F. Decreased urine glucose concentration
""","একজন ২৮ বছর বয়সী প্রথম গর্ভধারণকারী নারী ২৭ সপ্তাহের গর্ভাবস্থায় ডাক্তারের কাছে আসেন, যাঁকে মূত্রত্যাগের বারবার ইচ্ছা, প্রস্রাবে জ্বালাপোড়ার অনুভূতি, পিঠের পাশে ব্যথা এবং বমি বমি ভাব হয়েছে। তার গর্ভধারণে এখন পর্যন্ত কোনো জটিলতা নেই। ২৫ সপ্তাহে করা গ্লুকোজ টলারেন্স টেস্ট স্বাভাবিক ছিল। তিনি স্বামীর সঙ্গে যৌন সক্রিয়। তাঁর একমাত্র ওষুধ হল প্রি-নাটাল ভিটামিন। পালস ৯০/মিনিট, শ্বাসপ্রশ্বাস ১৬/মিনিট এবং রক্তচাপ ১২৫/৭৫ mm Hg। শারীরিক পরীক্ষায় ডান পার্শ্বের কস্টোভার্টিব্রাল এলাকায় স্পষ্ট সংবেদনশীলতা দেখা যায়। পেলভিক পরীক্ষা দেখায় গর্ভাশয় ২৭ সপ্তাহের সমতুল্য। মূত্র ডিপস্টিকে লিউকোসাইট এসটেরেজ এবং নাইট্রাইটস পজিটিভ হয়েছে। মূত্র ব্যাকটেরিয়াল কালচার করা হবে। নিম্নলিখিত কোন পরিবর্তনটি সম্ভবত রোগীর এই অবস্থার কারণ হয়ে থাকতে পারে?
A. ইউরেটার মসৃণ পেশীর টোন হ্রাস
B. দেহের তাপমাত্রা বৃদ্ধি
C. প্রস্রাবের ঘনত্ব বৃদ্ধি
D. প্রস্রাবের পরিমাণ হ্রাস
E. প্রস্রাবের pH বৃদ্ধি
F. প্রস্রাবে গ্লুকোজের ঘনত্ব হ্রাস",,,,,
R0174,"A 28-year-old woman comes to the physician for a follow-up examination. Two months ago, she underwent left renal transplantation for recurrent glomerulonephritis. At the time of discharge, her creatinine was 0.9 mg/dL. She feels well. Current medications include tacrolimus and azathioprine. Her pulse is 85/min and blood pressure is 135/75 mmHg. Physical examination shows a well-healed surgical scar on her left lower abdomen. The remainder of the examination shows no abnormalities. The patient should be monitored for which of the following adverse effects of her medications?
A. Constipation
B. Teeth discoloration
C. Gingival hyperplasia
D. Hepatic necrosis
E. Hirsutism
F. Kidney injury
G. Polycythemia","একজন ২৮ বছর বয়সী নারী ফলো-আপ পরীক্ষার জন্য ডাক্তারের কাছে আসেন। দুই মাস আগে, পুনরাবৃত্ত গ্লোমেরুলোনেফ্রাইটিসের কারণে তিনি বাম কিডনি ট্রান্সপ্ল্যান্ট করিয়েছেন। ছাড়ার সময় তার ক্রিয়াটিনিন ০.৯ মিগ্রা/ডিএল ছিল। তিনি ভালই অনুভব করছেন। বর্তমানে তিনি ট্যাকরোলিমাস ও আজাথিওপ্রিন গ্রহণ করছেন। তার পালস ৮৫ বার/মিনিট এবং রক্তচাপ ১৩৫/৭৫ মিমি পারদ। শারীরিক পরীক্ষায় বাম নীচের পেটে ভালভাবে সেরে ওঠা সার্জিক্যাল দাগ দেখা যায়। বাকী পরীক্ষা কোনো অস্বাভাবিকতা দেখায় না। তার ওষুধের নিম্নলিখিত কোন পার্শ্বপ্রতিক্রিয়ার জন্য তাকে পর্যবেক্ষণ করা উচিত?
A. কোষ্ঠকাঠিন্য
B. দাঁতের রঙ পরিবর্তন
C. মাড়ির অতিবৃদ্ধি
D. যকৃত নেক্রোসিস
E. অনিয়ন্ত্রিত লোম বৃদ্ধি
F. কিডনি ক্ষতি
G. পলি সিথেমিয়া (লাল রক্তকণিকার অতিরিক্ত বৃদ্ধি)",,,,,
R0176,"A 23-year-old woman is brought to the emergency department by her friend because of a 1-hour episode of confusion. Earlier that night, they were at a dance club, and the patient was very energetic and euphoric. Thirty minutes after arriving, she became agitated and nauseous. She no longer seemed to know where she was or how she got there, and she began talking to herself. She has no major medical illness. She is an undergraduate student at a local college. She does not smoke but drinks 10-14 mixed drinks each week. Her temperature is 38.3°C (100.9°F), pulse is 115/min and regular, respirations are 16/min, and blood pressure is 138/84 mm Hg. She oriented to self but not to time or place. Throughout the examination, she grinds her teeth. Her pupils are 7 mm in diameter and minimally reactive. Her skin is diffusely flushed and diaphoretic. Cardiopulmonary examination shows no abnormalities. Serum studies show:
Na+ 129 mEq/L
K+ 3.7 mEq/L
HCO3- 22 mEq/L
Creatinine 1.2 mg/dL
Glucose 81 mg/dL
Which of the following substances is the most likely cause of this patient's presentation?""
A. Phencyclidine
B. Cocaine
C. Diphenhydramine
D. Acetaminophen
E. Ecstasy
F. Codeine
G. Methamphetamine","২৩ বছর বয়সী এক নারীকে তার বন্ধু ইমার্জেন্সি বিভাগে নিয়ে এসেছে কারণ তিনি এক ঘণ্টা ধরে বিভ্রান্তির অবস্থায় ছিলেন। একই রাতে তারা একটি ড্যান্স ক্লাবে গিয়েছিলেন, এবং রোগী খুবই উদ্যমী ও উচ্ছ্বসিত ছিলেন। পৌঁছানোর ত্রিশ মিনিট পরে তিনি উত্তেজনা ও বমিভাব অনুভব করতে শুরু করেন। এরপর তিনি নিজেকে কোথায় আছেন বা কীভাবে সেখানে এসেছেন তা জানেন না এবং নিজের সঙ্গে কথা বলতে লাগলেন। তার কোনো গুরুতর রোগের ইতিহাস নেই। তিনি স্থানীয় কলেজে স্নাতকোত্তর ছাত্রা। ধূমপান করেন না, তবে সপ্তাহে ১০-১৪টি মিশ্র পানীয় গ্রহণ করেন। তাপমাত্রা ৩৮.৩°C (১০০.৯°F), পালস ১১৫/মিনিট এবং নিয়মিত, শ্বাসপ্রশ্বাস ১৬/মিনিট, রক্তচাপ ১৩৮/৮৪ mm Hg। তিনি নিজের দিকে সচেতন তবে সময় বা স্থান সম্পর্কে নয়। পরীক্ষার পুরো সময়ে তিনি দাঁত ঘষেন। তার পিউপিলের ব্যাস ৭ মিমি এবং সামান্য প্রতিক্রিয়াশীল। ত্বক ব্যাপকভাবে লাল ও ঘামযুক্ত। কার্ডিওফুস ফাংশনে কোনো অস্বাভাবিকতা নেই। সিরাম ফলাফল:
Na+ 129 mEq/L
K+ 3.7 mEq/L
HCO3- 22 mEq/L
ক্রিয়েটিনিন 1.2 mg/dL
গ্লুকোজ 81 mg/dL
নিম্নলিখিত কোন পদার্থটি এই রোগীর উপসর্গের সবচেয়ে সম্ভাব্য কারণ?""
A. ফেন্সাইক্লিডিন (Phencyclidine)
B. কোকেইন (Cocaine)
C. ডাইফেনহাইড্রামাইন (Diphenhydramine)
D. অ্যাসিটামিনোফেন (Acetaminophen)
E. একস্টেসি (Ecstasy)
F. কোডিন (Codeine)
G. মেথ্যাম্পেটামিন (Methamphetamine)",,,,,
R0177,"A 62-year-old man comes to the physician for the evaluation of lower back pain and tingling and numbness in his legs for the past 6 months. The pain radiates bilaterally to his buttocks and legs gets worse while standing or walking downhill. Two weeks ago, he had an upper respiratory tract infection that resolved spontaneously. He has hypertension and hypercholesterolemia. His son has ankylosing spondylitis. The patient does not smoke. He drinks 2-3 beers on the weekends. Current medications include enalapril and atorvastatin. He is 180 cm (5 ft 11 in) tall and weighs 90 kg (198 lb); BMI is 27.8 kg/m2. His temperature is 37°C (98.6°F), pulse is 70/min, and blood pressure is 135/85 mm Hg. There is no tenderness to palpation over the lumbar spine. Sensation to pinprick and light touch is decreased over the lower extremities. The patient's gait is unsteady and wide based. Muscle strength is normal. Deep tendon reflexes are 1+ bilaterally. Babinski's sign is absent bilaterally. Further evaluation is most likely to reveal which of the following findings?
A. Positive HLA-B27
B. Increased hemoglobin A1c
C. Positive straight leg raise
D. Albuminocytologic dissociation on CSF analysis
E. Leaning forward relieves the pain
F. Decreased ankle-brachial index","একজন 62 বছর বয়সী পুরুষ নিম্নমুখী পিঠের ব্যথা এবং গত ছয় মাস ধরে তার পায়ে ঝিনঝিনি ও অসাড়তা নিয়ে মূল্যায়নের জন্য ডাক্তারের কাছে আসেন। ব্যথা দু'পাশেই নিতম্ব ও পায়ে বিস্তার করে এবং দাঁড়িয়ে থাকা বা ঢালু পথে হাঁটার সময় বাড়ে। দুই সপ্তাহ আগে তিনি একটি উপরের শ্বাসনালী সংক্রমণ থেকে সেরে গিয়েছিলেন যা স্বয়ংক্রিয়ভাবে ঠিক হয়ে যায়। তার উচ্চ রক্তচাপ ও হাইপারকোলেস্টেরলেমিয়া রয়েছে। তার পুত্র অ্যান্কাইলোসিং স্পন্ডিলাইটিসে আক্রান্ত। রোগী ধূমপান করেন না। তিনি সপ্তাহান্তে 2-3টি বিয়ার পান করেন। বর্তমান ঔষধগুলোর মধ্যে আছে এনালাপ্রিল এবং অ্যাটরভাস্ট্যাটিন। তার উচ্চতা 180 সেমি (5 ফুট 11 ইঞ্চি) ও ওজন 90 কেজি (198 পাউন্ড); BMI হল 27.8 কেজি/মি2। তার তাপমাত্রা 37°C (98.6°F), পালস 70/মিনিট, এবং রক্তচাপ 135/85 mm Hg। লাম্বার স্পাইন-এর ওপর কোনো টেন্ডারনেস নেই। পিনপ্রিক ও হালকা স্পর্শে সংবেদনশীলতা নিম্ন অঙ্গগুলোতে কমে গেছে। রোগীর গতি অস্থির ও প্রশস্ত ভিত্তিক। মাংসপেশীর শক্তি স্বাভাবিক। ডিপ টেনডন রিফ্লেক্স দু'পাশেই 1+। বাবিনস্কি সাইন দু'পাশেই অনুপস্থিত। আরও মূল্যায়নে সবচেয়ে সম্ভাব্য কোনটি প্রকাশ পাবে?
A. HLA-B27 পজিটিভ
B. হিমোগ্লোবিন A1c বৃদ্ধি পাওয়া
C. স্ট্রেইট লেগ রেজ টেস্টে পজিটিভ ফলাফল
D. সিএসএফ বিশ্লেষণে অ্যালবুমিনোসাইটোলোজিক বিচ্ছিন্নতা
E. অগ্রে ঝুঁকে দাঁড়ালে ব্যথা কমে যায়
F. টাখা-হাতের সূচক (অ্যান্কল-ব্র্যাকিয়াল ইনডেক্স) হ্রাস পেয়েছে",,,,,
R0183,"A 26-year-old woman comes to the emergency department 30 minutes after she was bitten by her neighbor's cat. She has no history of serious illness and takes no medications. She received all recommended immunizations during childhood but has not received any since then. Vital signs are within normal limits. Physical examination shows four puncture wounds on the thenar eminence of the right hand. There is mild swelling but no erythema. There is normal range of motion of her right thumb and wrist. The wound is cleaned with povidone iodine and irrigated with saline. Which of the following is the most appropriate next step in management?
A. Obtain a wound culture
B. Administer oral amoxicillin-clavulanate
C. Close the wound surgically
D. Provide reassurance
E. Order a CT scan of the right hand
F. Close the wound with cyanoacrylate tissue adhesive
G. Administer the rabies vaccine
H. Administer tetanus toxoid and tetanus IV immunoglobulin
I. Administer oral cephalexin","২৬ বছর বয়সী এক নারী প্রতিবেশীর বিড়ালের কামড়ে ৩০ মিনিট পরে জরুরি বিভাগে আসেন। তার কোনো গুরুতর রোগের ইতিহাস নেই এবং তিনি কোনও ওষুধ গ্রহণ করেন না। শৈশবে সব সুপারিশকৃত টিকাদান সম্পন্ন করেছেন, তবে এরপর থেকে কোনটিই পাননি। জীবনীচিহ্ন স্বাভাবিক সীমার মধ্যে। শারীরিক পরীক্ষায় ডান হাতের থেনার এমিনেন্সে চারটি পাংচার ক্ষত দেখা যায়। সামান্য ফোলাভাব আছে কিন্তু কোনো লালভাব নেই। তার ডান বড় আঙুল ও কব্জির গতিসীমা স্বাভাবিক। ক্ষতকে পোভিডোন আইডিন দিয়ে পরিষ্কার করা হয়েছে এবং স্যালাইনের মাধ্যমে ধোয়া হয়েছে। নিম্নলিখিতগুলোর মধ্যে ব্যবস্থাপনার সর্বাধিক উপযুক্ত পরবর্তী পদক্ষেপ কোনটি?
A. ক্ষত থেকে কালচার নেওয়া
B. মৌখিক অ্যামোক্সিসিলিন-ক্ল্যাভুলানেট প্রদান করা
C. শল্যচিকিৎসা দ্বারা ক্ষত বন্ধ করা
D. আশ্বাস প্রদান করা
E. ডান হাতের সিটি স্ক্যান অর্ডার করা
F. সায়ানোঅ্যাক্রিলেট টিস্যু আঠা দিয়ে ক্ষত বন্ধ করা
G. রেবিস ভ্যাকসিন প্রদান করা
H. টিটেনাস টক্সয়েড এবং টিটেনাস আইভি ইমিউনোগ্লোবুলিন প্রদান করা
I. মৌখিক সেফালেক্সিন প্রদান করা",,,,,
R0184,"A 42-year-old woman, gravida 3, para 3 comes to the physician because of a 14-month history of prolonged and heavy menstrual bleeding. Menses occur at regular 28-day intervals and last 7 days with heavy flow. She also feels fatigued. She is sexually active with her husband and does not use contraception. Vital signs are within normal limits. Pelvic examination shows a firm, irregularly-shaped uterus consistent in size with a 16-week gestation. Her hemoglobin concentration is 9 g/dL, hematocrit is 30%, and mean corpuscular volume is 92 μm3. Pelvic ultrasound shows multiple intramural masses in an irregularly enlarged uterus. The ovaries appear normal bilaterally. The patient has completed childbearing and would like definitive treatment for her symptoms. Operative treatment is scheduled. Which of the following is the most appropriate next step in management?
A. Progestin-only contraceptive pills
B. Red cell concentrates
C. Danazol
D. Leuprolide
E. Levonorgestrel-releasing intrauterine device
F. Tranexamic acid
G. Methotrexate
H. Estrogen-progestin contraceptive pills","৪২ বছর বয়সী এক নারী, gravida 3, para 3, দীর্ঘস্থায়ী ও ভারী মাসিক রক্তপাতের ১৪-মাসের ইতিহাসে চিকিৎসকের কাছে আসেন। মাসিক নিয়মিত ২৮ দিনের অন্তর হয় এবং ৭ দিন ধরে ভারী প্রবাহ থাকে। তিনি ক্লান্তি অনুভব করেন। স্বামীর সঙ্গে যৌন সক্রিয় এবং গর্ভনিরোধক ব্যবহার করেন না। গুরুত্বপূর্ণ চিহ্নগুলো স্বাভাবিক সীমার মধ্যে। পেলভিক পরীক্ষা দেখায় একটি দৃঢ়, অনিয়মিত আকৃতির জরায়ু যা ১৬-সপ্তাহের গর্ভধারণের সমান আকারের। হিমোগ্লোবিন ঘনত্ব ৯ g/dL, হেমাটোক্রিট ৩০%, এবং মীন কর্পাসকুলার ভলিউম ৯২ μm3। পেলভিক আল্ট্রাসাউন্ডে অনিয়মিতভাবে বড় হওয়া জরায়ুতে একাধিক ইন্ট্রমুরাল মাসা দেখা যায়। ডিম্বাশয় দুটোই স্বাভাবিক দেখাচ্ছে। রোগী সন্তান জন্মদান শেষ করেছেন এবং তার উপসর্গের জন্য চূড়ান্ত চিকিৎসা চান। অপারেটিভ ট্রীটমেন্ট নির্ধারিত হয়েছে। নিম্নলিখিতগুলোর মধ্যে সর্বোত্তম পরবর্তী ব্যবস্থাপনা কী হবে?
A. প্রোজেস্টিন-একক গর্ভনিরোধক ট্যাবলেট
B. লাল রক্ত কণিকা সংহতি
C. ড্যানাজোল
D. লিউপ্রোলাইড
E. লেভোনর্গেস্ট্রেল-রিলিজিং ইনট্রায়ুটেরিন ডিভাইস
F. ট্র্যানেক্সামিক অ্যাসিড
G. মেথোট্রেক্সেট
H. ইস্ট্রোজেন-প্রোজেস্টিন গর্ভনিরোধক ট্যাবলেট",,,,,
R0187,"A previously healthy 4-year-old boy is brought to the physician by his parents because he has had a fever, diffuse joint pain, and a rash on his abdomen for the past week. Acetaminophen did not improve his symptoms. He emigrated from China with his family 2 years ago. He attends daycare. His immunization records are not available. His temperature is 38.5°C (101.3°F), pulse is 125/min, and blood pressure is 100/60 mm Hg. Examination shows polymorphous truncal rash. The eyes are pink with no exudate. The tongue is shiny and red, and the lips are cracked. The hands and feet are red and swollen. There is right-sided anterior cervical lymphadenopathy. Which of the following is the most appropriate next step in management?
A. Echocardiography
B. Throat culture
C. ANA measurement
D. Antistreptolysin O titer measurement
E. Viral immunoglobulin antibody assay
F. Monospot test
G. HHV-6 immunoglobulin M (IgM) detection","একজন পূর্বে সুস্থ ৪ বছর বয়সী ছেলে তার বাবা-মায়ের মাধ্যমে ডাক্তারের কাছে আনা হয়েছে কারণ গত সপ্তাহ থেকে তাকে জ্বর, বিস্তৃত সন্ধি ব্যথা এবং পেটের ওপর র্যাশ দেখা দিচ্ছে। অ্যাসিটামিনোফেন দিয়ে উপশম হয়নি। তিনি দুই বছর আগে পরিবারসহ চীন থেকে অভিবাসন করে এসেছেন। তিনি ডে-কেয়ার করেন। তার টিকাদানের রেকর্ড পাওয়া যায় না। তার তাপমাত্রা ৩৮.৫°C (১০১.৩°F), পালস ১২৫/মিনিট, এবং রক্তচাপ ১০০/৬০ mm Hg। পরীক্ষায় পলিমরফাস ট্রাঙ্কাল র্যাশ দেখা গেছে। চোখ গোলাপি কিন্তু কোনো এক্সুডেট নেই। জিহ্বা ঝকঝকে ও লাল, ঠোঁট ফাটলযুক্ত। হাত ও পা লাল এবং সুজিত। ডান পাশে অ্যান্টেরিয়র সার্ভিক্যাল লিম্ফ নোডে স্খলন দেখা যায়। নিম্নলিখিতগুলির মধ্যে কোনটি সর্বাধিক উপযুক্ত পরবর্তী ব্যবস্থাপনা পদক্ষেপ?
A. ইকোকার্ডিওগ্রাফি
B. গলা কালচার
C. অ্যান্টিনিউক্লিয়ার অ্যান্টিবডি (ANA) পরিমাপ
D. অ্যান্টিস্ট্রেপটোলাইসিন ও টাইটার পরিমাপ
E. ভাইরাল ইমিউনোগ্লোবুলিন অ্যান্টিবডি পরীক্ষা
F. মনোস্পট টেস্ট
G. এইচএইচভি-৬ ইমিউনোগ্লোবুলিন এম (IgM) সনাক্তকরণ",,,,,
R0188,"A 36-year-old woman comes to the physician because of an 8-month history of occasional tremor. The tremor is accompanied by sudden restlessness and nausea, which disrupts her daily work as a professional violinist. The symptoms worsen shortly before upcoming concerts but also appear when she goes for a walk in the city. She is concerned that she might have a neurological illness and have to give up her career. The patient experiences difficulty falling asleep because she cannot stop worrying that a burglar might break into her house. Her appetite is good. She drinks one glass of wine before performances """"to calm her nerves"""" and otherwise drinks 2-3 glasses of wine per week. The patient takes daily multivitamins as prescribed. She appears nervous. Her temperature is 36.8°C (98.2°F), pulse is 92/min, and blood pressure is 135/80 mm Hg. Mental status examination shows a full range of affect. On examination, a fine tremor on both hands is noted. She exhibits muscle tension. The remainder of the neurological exam shows no abnormalities. Which of the following is the most likely explanation for this patient's symptoms?""
A. Generalized anxiety disorder
B. Specific phobia
C. Essential tremor
D. Adjustment disorder
E. Panic disorder
F. Social anxiety disorder
G. Atypical depressive disorder","একজন ৩৬ বছর বয়সী নারী ডাক্তারের কাছে আসেন কারণ তিনি গত ৮ মাস ধরে মাঝে মাঝেই কাঁপুনি (ট্রেমর) অনুভব করছেন। এই কাঁপুনির সঙ্গে হঠাৎ করে অস্থিরতা ও বমিভাব থাকে, যা তার পেশাদার ভায়োলিনবাদক হিসেবে দৈনন্দিন কাজকে ব্যাহত করে। আসন্ন কনসার্টের আগে উপসর্গগুলো বাড়ে এবং শহরে হাঁটতে গিয়েও দেখা দেয়। তিনি উদ্বিগ্ন যে তাকে কোনো স্নায়বিক রোগ হতে পারে এবং তার ক্যারিয়ার ত্যাগ করতে হবে। রোগী ঘুমাতে সমস্যায় পড়েন কারণ তিনি ধারাবাহিকভাবে চিন্তা করেন যে চোর তার বাড়িতে ঢুকে যাবে। তাঁর ক্ষুধা ভাল আছে। পারফরম্যান্সের আগে তিনি এক গ্লাস ওয়াইন পান “নার্ভ শান্ত করার জন্য” এবং অন্যথায় সপ্তাহে ২-৩ গ্লাস ওয়াইন পান করেন। রোগী নির্ধারিতভাবে দৈনিক মাল্টিভিটামিন নেন। তিনি নার্ভাস দেখাচ্ছেন। তার তাপমাত্রা ৩৬.৮°C (৯৮.২°F), পালস ৯২/মিনিট, এবং রক্তচাপ ১৩৫/৮০ mm Hg। মানসিক অবস্থা পরীক্ষায় পূর্ণ পরিসরের আবেগ প্রকাশ দেখা যায়। পরীক্ষা করার সময় উভয় হাতে সূক্ষ্ম কাঁপুনি লক্ষ্য করা যায়। তিনি পেশীর টান দেখাচ্ছেন। স্নায়বিক পরীক্ষার বাকি অংশে কোনো অস্বাভাবিকতা নেই। নিম্নলিখিত কোনটি এই রোগীর উপসর্গের সবচেয়ে সম্ভাব্য ব্যাখ্যা?
A. সর্বজনীন উদ্বেগজনিত ব্যাধি
B. নির্দিষ্ট ভয় (ফোবিয়া)
C. মৌলিক কাঁপুনি
D. সমন্বয় ব্যাধি
E. আতঙ্কজনিত ব্যাধি
F. সামাজিক উদ্বেগজনিত ব্যাধি
G. অস্বাভাবিক বিষণ্নতা ব্যাধি",,,,,
R0189,"A 62-year-old man comes to the physician because of worsening involuntary movements of both arms for the past 7 months. He reports that certain daily activities have become more difficult to perform. His father had a similar condition that was treated with medications. The patient appears anxious. Vital signs are within normal limits. Examination shows a low-amplitude tremor bilaterally when the arms are outstretched that worsens when reaching out to grab a pen. Muscle strength and tone is normal bilaterally. Deep tendon reflexes are 2+ bilaterally. On mental status examination, his mood is good. His speech is normal in rate and rhythm. Which of the following is the most appropriate next step in management?
A. Deep brain stimulation
B. Thalamotomy
C. Levodopa and carbidopa therapy
D. Clonazepam therapy
E. Penicillamine therapy
F. Propranolol therapy","৬২ বছর বয়সী একজন পুরুষ রোগী গত ৭ মাস ধরে উভয় বাহুর অনৈচ্ছিক নড়াচড়া বাড়ার কারণে ডাক্তারের কাছে আসছেন। তিনি জানান কিছু দৈনন্দিন কাজ এখন সম্পাদনে কঠিন হয়ে পড়েছে। তার পিতারও একই রকম অবস্থা ছিল যা ওষুধের মাধ্যমে চিকিৎসা করা হয়েছিল। রোগী উদ্বিগ্ন দেখাচ্ছেন। গুরুত্বপূর্ণ চিহ্নগুলো স্বাভাবিক সীমার মধ্যে। পরীক্ষা করে দেখা যায় বাহুগুলো প্রসারিত রাখলে দু'পাশে কমমাত্রার কাঁপুনি (ট্রেমর) আছে, যা কলম ধরতে হাত বাড়ালে বেড়ে যায়। পেশীর শক্তি ও টোন উভয় পাশে স্বাভাবিক। ডিপ থোরেস রিফ্লেক্স ২+ উভয় পাশে। মানসিক অবস্থা পরীক্ষা দেখায় মেজাজ ভাল, কথা বলার গতি ও ছন্দ স্বাভাবিক। নিম্নলিখিতগুলির মধ্যে কোনটি সর্বোত্তম পরবর্তী ব্যবস্থাপনা হবে?
A. ডিপ ব্রেন স্টিমুলেশন
B. থ্যালামোটমি
C. লেভোডোপা ও কার্বিডোপা থেরাপি
D. ক্লোনাজেপাম থেরাপি
E. পেনিসিল্যামিন থেরাপি
F. প্রোপ্রানোলল থেরাপি",,,,,
R0190,"A 54-year-old man is brought to the emergency department 1 hour after an episode of loss of consciousness that lasted 3 minutes. Since awakening, he has had weakness of the left arm and leg, and his speech has been slurred. He has had a fever for 10 days. He has not had vomiting or headache. He was treated for bacterial sinusitis 3 weeks ago with amoxicillin-clavulanate. He has hypertension, hypothyroidism, hyperlipidemia, and type 2 diabetes mellitus. Current medications include amlodipine, hydrochlorothiazide, metformin, simvastatin, aspirin, and levothyroxine. His temperature is 38.6°C (101.4°F), pulse is 106/min, and blood pressure is 160/90 mm Hg. He is alert and oriented to person, place, and time. Examination shows multiple petechiae on his trunk and painless macules over both palms. A new grade 3/6 systolic murmur is heard best at the apex. He follows commands, but he slurs his words and has difficulty naming common objects. There is left facial droop. Muscle strength is 4/5 in the left upper and lower extremities. Deep tendon reflexes are 3+ on the left side and 2+ on the right side. The left big toe shows an extensor response. Fundoscopic examination shows retinal hemorrhages with white centers. Laboratory studies show:
Hemoglobin 15.3 g/dL
Leukocyte count 12,300/mm3
Serum
Na+ 136 mEq/L
Cl- 103 mEq/L
K+ 4.3 mEq/L
Glucose 108 mg/dL
Creatinine 1.1 mg/dL
Urine
Protein 1+
Glucose negative
Blood 1+
WBC 1-2/hpf
RBC 7-10/hpf
Which of the following is the most likely cause of these findings?""
A. Ruptured arteriovenous malformation
B. Ruptured saccular aneurysm
C. Todd's paralysis
D. Temporal encephalitis
E. Septic emboli
F. Intracranial tumor
G. Carotid artery stenosis
H. Vasospasm of a deep penetrating artery
I. Contiguous spread of infection","একজন ৫৪ বছর বয়সী পুরুষকে জরুরি বিভাগে নিয়ে আসা হয়েছে, যখন তিনি হঠাৎ অচেতন হয়ে ৩ মিনিটের জন্য মশাগুলো হারিয়ে গিয়েছিলেন। জেগে ওঠার পর থেকে তার বাম বাহু ও পায়ে দুর্বলতা দেখা দিচ্ছে এবং কথা বলতেও ধোঁয়াটে হচ্ছে। গত ১০ দিন ধরে তাকে জ্বর রয়েছে। বমি বা মাথাব্যথা নেই। তিনি ৩ সপ্তাহ আগে ব্যাকটেরিয়াল সাইনাসাইটিসের জন্য অ্যামোক্সিসিলিন-ক্লাভুলানেট দিয়ে চিকিৎসা করছিলেন। তার উচ্চ রক্তচাপ, হাইপোথাইরয়েডিজম, হাইপারলিপিডেমিয়া এবং টাইপ ২ ডায়াবেটিস মেলিটাস রয়েছে। বর্তমান ওষুধের মধ্যে আছে অ্যামলোডিপিন, হাইড্রোক্লোরোথিয়াজাইড, মেটফরমিন, সিমভাস্টাটিন, এস্পিরিন এবং লেভোথাইরক্সিন। তার তাপমাত্রা ৩৮.৬°C (১০১.৪°F), পালস ১০৬/মিনিট, রক্তচাপ ১৬০/৯০ mm Hg। তিনি সচেতন ও ব্যক্তি, স্থান ও সময় সম্পর্কে সঠিকভাবে জানেন। পরীক্ষা দেখায় ট্রাঙ্কে একাধিক পেটেকিয়া এবং উভয় হাতের তালুতে ব্যথাহীন মাকিউল রয়েছে। অ্যাপেক্সে সর্বোচ্চ শোনার একটি নতুন গ্রেড ৩/৬ সিস্টোলিক মর্মর শোনা যায়। তিনি আদেশ অনুসরণ করেন, তবে তার কথা ধোঁয়াটে এবং সাধারণ বস্তুগুলোর নাম বলতে কঠিন হয়। বাম মুখের পেশি ড্রপ হয়েছে। বাম উপরের ও নিচের অঙ্গের পেশীর শক্তি ৪/৫। গভীর টেন্ডন রিফ্লেক্স বামে ৩+, ডানে ২+। বাম বড় আঙুলে এক্সটেন্সর প্রতিক্রিয়া দেখা যায়। ফান্ডোস্কোপিক পরীক্ষা দেখায় সাদা কেন্দ্রসহ রেটিনাল হেমোরেজ। ল্যাব ফলাফল:
হিমোগ্লোবিন ১৫.৩ g/dL
লিউকোসাইট কাউন্ট ১২,৩০০/mm3
সিরাম
Na+ ১৩৬ mEq/L
Cl- ১০৩ mEq/L
K+ ৪.৩ mEq/L
গ্লুকোজ ১০৮ mg/dL
ক্রিয়েটিনিন ১.১ mg/dL
মূত্র
প্রোটিন ১+
গ্লুকোজ নেগেটিভ
রক্ত ১+
WBC ১-২/hpf
RBC ৭-১০/hpf

নিম্নলিখিতগুলির মধ্যে কোনটি এই ফলাফলের সবচেয়ে সম্ভাব্য কারণ?
A. ফাটে যাওয়া আর্টেরিওভেনাস ম্যালফরমেশন
B. ফাটে যাওয়া স্যাকুলার অ্যানিউরিজম
C. টড পারালাইসিস
D. টেম্পোরাল এনসেফালাইটিস
E. সেপটিক এমবোলি
F. ইন্ট্রাক্রেনিয়াল টিউমার
G. ক্যারোটিড আর্টেরি স্টেনোসিস
H. গভীর প্রবেশকারী ধমনীতে ভাসোস্পাজম
I. সংলগ্ন সংক্রমণের বিস্তার",,,,,
R0191,"A 16-year-old boy comes to the physician for the evaluation of fatigue over the past month. He reports that his energy levels are low and that he spends most of his time in his room. He also states that he is not in the mood for meeting friends. He used to enjoy playing soccer and going to the shooting range with his father, but recently stopped showing interest in these activities. He has been having difficulties at school due to concentration problems. His appetite is low. He has problems falling asleep. He states that he has thought about ending his life, but he has no specific plan. He lives with his parents, who frequently fight due to financial problems. He does not smoke. He drinks 2-3 cans of beer on the weekends. He does not use illicit drugs. He takes no medications. His vital signs are within normal limits. On mental status examination, he is oriented to person, place, and time. Physical examination shows no abnormalities. In addition to the administration of an appropriate medication, which of the following is the most appropriate next step in management?
A. Recommend family therapy
B. Contact child protective services
C. Recommend alcohol cessation
D. Hospitalization
E. Contact local police
F. Reassure the patient that he will feel better
G. Instruct parents to remove guns from the house","একজন ১৬ বছর বয়সী ছেলে গত এক মাস ধরে ক্লান্তি নিয়ে ডাক্তারের কাছে আসে। তিনি জানান তার শক্তির মাত্রা কম এবং অধিকাংশ সময় ঘরে কাটায়। বন্ধুদের সঙ্গে দেখা করার মনোভাব নেই। আগে তিনি ফুটবল খেলতে ও পিতার সাথে শুটিং রেঞ্জে যেতে উপভোগ করতেন, কিন্তু সম্প্রতি এসব কার্যকলাপে আগ্রহ হারিয়েছেন। স্কুলে মনোযোগের সমস্যার কারণে কঠিনতা হচ্ছে। তার ক্ষুধা কম এবং ঘুমাতে সমস্যা হয়। তিনি জীবনের শেষ করার কথা ভাবছেন, তবে কোনো নির্দিষ্ট পরিকল্পনা নেই। তিনি বাবা-মায়ের সঙ্গে থাকেন, যারা আর্থিক সমস্যার কারণে প্রায়ই ঝগড়া করে। ধূমপান করেন না। সপ্তাহান্তে ২-৩ ক্যান বিয়ার পান করেন। অবৈধ মাদকের ব্যবহার নেই। কোনো ওষুধ নেন না। তার গুরুত্বপূর্ণ চিহ্ন স্বাভাবিক সীমার মধ্যে। মানসিক অবস্থার পরীক্ষায় তিনি ব্যক্তি, স্থান এবং সময় সম্পর্কে সচেতন। শারীরিক পরীক্ষা কোনও অস্বাভাবিকতা দেখায় না। উপযুক্ত ঔষধের পাশাপাশি, নিম্নলিখিতগুলির মধ্যে কোনটি ব্যবস্থাপনার সর্বোত্তম পরবর্তী ধাপ হবে?
A. পরিবারিক থেরাপি সুপারিশ করুন
B. শিশু সুরক্ষা পরিষেবার সাথে যোগাযোগ করুন
C. অ্যালকোহল বন্ধ করার পরামর্শ দিন
D. হাসপাতালে ভর্তি করা
E. স্থানীয় পুলিশকে জানান
F. রোগীকে আশ্বস্ত করুন যে তিনি শিগগিরই ভাল বোধ করবেন
G. বাবা-মাকে বাড়ি থেকে বন্দুক সরিয়ে ফেলতে নির্দেশ দিন",,,,,
R0192,"A 1-year-old girl is brought to the physician because of fever and crying while passing urine for 2 days. She was born at term and has been healthy since. Three months ago, she was treated for a urinary tract infection with oral cefixime. Her temperature is 39°C (102.2°F), pulse is 144/min, and blood pressure is 85/40 mm Hg. Physical examination shows no abnormalities. Her leukocyte count is 14,000/mm3. Urine dipstick shows leukocyte esterase and nitrites; urinalysis shows WBCs and gram-negative rods. Urine culture results are pending. Renal ultrasonography shows hydronephrosis of the left kidney. Empirical antimicrobial therapy is initiated, following which the patient's symptoms improve. Which of the following is the most appropriate next step in diagnosis?
A. Cystoscopy
B. Intravenous pyelography
C. Dynamic renal scintigraphy
D. Urodynamic testing
E. Static renal scintigraphy
F. Voiding cystourethrography
G. CT scan of the abdomen and pelvis","এক বছর বয়সী একটি মেয়ে ডাক্তারের কাছে নিয়ে আসা হয়েছে কারণ ২ দিনের জন্য জ্বর এবং প্রস্রাবের সময় কাঁদছে। সে পূর্ণ গর্ভধারণে জন্মেছে এবং তখন থেকে সুস্থ ছিল। তিন মাস আগে, তাকে মৌখিক সেফিক্সিম দিয়ে ইউরিনারি ট্র্যাক্ট ইনফেকশন (UTI) এর চিকিৎসা করা হয়েছিল। তার তাপমাত্রা ৩৯°C (১০২.২°F), পালস ১৪৪/মিনিট, এবং রক্তচাপ ৮৫/৪০ mm Hg। শারীরিক পরীক্ষায় কোনো অস্বাভাবিকতা দেখা যায়নি। তার লিউকোসাইট গণনা ১৪,০০০/mm3। ইউরিন ডিপস্টিক দেখায় লিউকোসাইট এস্টেরেজ ও নাইট্রাইট; ইউরিনালিসিসে WBC এবং গ্রাম-নেগেটিভ রডস দেখা যায়। ইউরিন কালচার ফলাফল এখনও পাওয়া বাকি। কিডনি আল্ট্রাসাউন্ডে বাম কিডনির হাইড্রোনেফ্রোসিস দেখায়। এম্পেরিকাল অ্যান্টিমাইক্রোবিয়াল থেরাপি শুরু করা হয়, যার পর রোগীর উপসর্গগুলো উন্নতি করে। নিম্নলিখিতগুলোর মধ্যে কোনটি নির্ণয়ের জন্য সবচেয়ে উপযুক্ত পরবর্তী ধাপ?
A. সিস্টোস্কপি
B. ইন্ট্রাভেনাস পায়েলোগ্রাফি
C. ডাইনামিক রেনাল স্কিন্টিগ্রাফি
D. ইউরোডাইনামিক টেস্টিং
E. স্ট্যাটিক রেনাল স্কিন্টিগ্রাফি
F. ভয়েডিং সিস্টোরেথ্রোগ্রাফি
G. অ্যাবডোমেন ও পেলভিসের সিটি স্ক্যান",,,,,
R0194,"A 30-year-old woman, gravida 3, para 1, at 25 weeks' gestation comes to the physician because of mild itching of the vulva and anal region for 2 weeks. She has a history of 2 episodes of vulvovaginal candidiasis last year that both subsided following 1 week of treatment with butoconazole. Vital signs are within normal limits. Pelvic examination shows a uterus consistent in size with a 25-week gestation. There are no signs of vulvar or perianal erythema, edema, or fissures. Microscopy of an adhesive tape that was applied to the perianal region shows multiple ova. Which of the following is the most appropriate next step in management?
A. Praziquantel
B. Ivermectin
C. Albendazole
D. Pyrantel pamoate
E. Supportive therapy","৩০ বছর বয়সী এক নারী, গর্ভধারণ সংখ্যা ৩, সন্তান সংখ্যা ১, ২৫ সপ্তাহের গর্ভাবস্থায় ডাক্তারের কাছে আসছেন কারণ ভলভা ও মলদ্বার অঞ্চলে দুই সপ্তাহ ধরে হালকা চুলকানি। তিনি গত বছরে দু'বার ভল্ভোভ্যাজাইনাল ক্যান্ডিডিয়াসিসে আক্রান্ত হয়েছিলেন, যা বুটোকোনাজোল দিয়ে এক সপ্তাহের চিকিৎসায় সেরে গেছেন। তার সব গুরুত্বপূর্ণ সূচক স্বাভাবিক সীমার মধ্যে রয়েছে। পেলভিক পরীক্ষা দেখায় ২৫ সপ্তাহের গর্ভাবস্থার সঙ্গে সামঞ্জস্যপূর্ণ আকারের জরায়ু। ভলভার বা পারিয়ানাল এলাকায় কোনো লালভাব, ফোলাভাব বা ফাটল দেখা যায় না। পারিয়ানাল অঞ্চলে প্রয়োগ করা একটি আঠালো টেপের মাইক্রোস্কোপি পরীক্ষা দেখায় একাধিক ডিম্বাণু। নিম্নলিখিতগুলির মধ্যে কোনটি সর্বোত্তম পরবর্তী ব্যবস্থাপনা হবে?
A. প্রাজিকোয়ান্টেল
B. ইভারমেকটিন
C. আলবেনডাজোল
D. পাইর্যান্টেল প্যামোয়েট
E. সহায়ক থেরাপি",,,,,
R0195,"Laboratory studies, including serum vitamin B12 (cyanocobalamin), thyroxine (T4), and thyroid-stimulating hormone concentrations, are within normal limits. A lumbar puncture is performed. Cerebrospinal fluid (CSF) analysis is most likely to show which of the following?
A. Antiganglioside GM1 antibodies
B. Increased α-synuclein protein concentration
C. Increased 14-3-3 protein concentration
D. Oligoclonal bands
E. Anti-glutamic acid decarboxylase antibodies
F. Decreased β-amyloid protein concentration","ল্যাবরেটরি পরীক্ষা, যার মধ্যে সেরাম ভিটামিন বি১২ (সায়ানোকোবালামিন), থাইরক্সিন (T4), এবং থাইরয়েড-স্টিমুলেটিং হরমোনের ঘনত্ব অন্তর্ভুক্ত, সবই স্বাভাবিক সীমার মধ্যে রয়েছে। একটি লুম্বার পাঙ্কচার করা হয়। সেরিব্রোস্পাইনাল ফ্লুইড (CSF) বিশ্লেষণে সবচেয়ে সম্ভাব্য কোনটি দেখা যাবে?
A. অ্যান্টিগ্যাংলিওসাইড GM1 অ্যান্টিবডি
B. বর্ধিত α-সিনুক্লিন প্রোটিনের ঘনত্ব
C. বর্ধিত ১৪-৩-৩ প্রোটিনের ঘনত্ব
D. অলিগোক্লোনাল ব্যান্ড
E. অ্যান্টি-গ্লুটামিক অ্যাসিড ডিকার্বক্সিলেজ অ্যান্টিবডি
F. হ্রাসপ্রাপ্ত β-আমাইলয়েড প্রোটিনের ঘনত্ব",,,,,
R0197,"A 57-year-old nulliparous woman comes to the physician 2 weeks after noticing a lump in her right breast. Her last mammogram was performed 4 years ago and showed no abnormalities. Menopause began 2 years ago, during which time the patient was prescribed hormone replacement therapy for severe hot flashes and vaginal dryness. Vital signs are within normal limits. Examination of the right breast shows a firm, nontender mass close to the nipple. There are no changes in the skin or nipple, and there is no palpable axillary adenopathy. The abdomen is soft and nontender; there is no organomegaly. Mammography shows a suspicious 2-cm mass adjacent to the nipple. Which of the following is the most appropriate next step in management?
A. Fine needle aspiration
B. Excisional biopsy
C. Bone scan
D. Measurement of serum CA 15-3
E. Mastectomy
F. Core needle biopsy
""","একজন ৫৭ বছর বয়সী নালিপারাস (শিশু না জন্মানো) নারী ডাক্তারের কাছে আসে দু'সপ্তাহ আগে তার ডান স্তনে গাঁট লক্ষ্য করার পর। শেষ মেমোগ্রামটি চার বছর আগে করা হয়েছিল এবং তাতে কোনো অস্বাভাবিকতা দেখা যায়নি। দুই বছর আগে মেনোপজ শুরু হয়, তখন রোগীকে গুরুতর হট ফ্ল্যাশ ও যোনি শুষ্কতার জন্য হরমোন রিপ্লেসমেন্ট থেরাপি দেওয়া হয়েছিল। সব গুরুত্বপূর্ণ চিহ্ন স্বাভাবিক সীমার মধ্যে রয়েছে। ডান স্তনের পরীক্ষা দেখায় নিপল-এর কাছাকাছি একটি দৃঢ়, অ-ব্যথাযুক্ত গাঁট। ত্বক বা নিপলে কোনো পরিবর্তন নেই এবং কোনও স্পর্শযোগ্য অ্যাক্সিলারি লিম্ফ নোডের বৃদ্ধি পাওয়া যায়নি। পেট নরম ও অ-ব্যথাযুক্ত; কোন অঙ্গবৃদ্ধি নেই। মেমোগ্রাম দেখায় নিপলের পাশে একটি সন্দেহজনক ২ সেমি গাঁট। নিম্নলিখিতগুলির মধ্যে সর্বাধিক উপযুক্ত পরবর্তী ব্যবস্থাপনা কী হবে?
A. ফাইন নিডল অ্যাস্পিরেশন
B. এক্সসিশনাল বায়োপসি
C. বোন স্ক্যান
D. সিরাম CA 15-3 এর পরিমাপ
E. মাস্টেকটমি
F. কোর নিডল বায়োপসি",,,,,
