row_id,src_en,hyp_bn,tier,fluency,acceptable,tags,note
R0001,"A 65-year-old woman with COPD comes to the emergency department with 2-day history of worsening shortness of breath and cough. She often has a mild productive cough, but she noticed that her sputum is more yellow than usual. She has not had any recent fevers, chills, sore throat, or a runny nose. Her only medication is a salmeterol inhaler that she uses twice daily. Her temperature is 36.7°C (98°F), pulse is 104/min, blood pressure is 134/73 mm Hg, respiratory rate is 22/min, and oxygen saturation is 85%. She appears uncomfortable and shows labored breathing. Lung auscultation reveals coarse bibasilar inspiratory crackles. A plain film of the chest shows mild hyperinflation and flattening of the diaphragm but no consolidation. She is started on supplemental oxygen via nasal cannula. Which of the following is the most appropriate initial pharmacotherapy?
A. Roflumilast and prednisone
B. Albuterol and montelukast
C. Prednisone and salmeterol
D. Albuterol and theophylline
E. Prednisone and albuterol
F. Prednisone and tiotropium","একজন ৬৫ বছর বয়সী নারী যিনি সিওপিডি আছে জরুরি বিভাগে আসেন দুই দিনের ইতিহাস সহ শ্বাসকষ্ট এবং কাশির অবনতি। তিনি প্রায়ই হালকা উৎপাদনশীল কাশি করেন, তবে তিনি লক্ষ্য করেছেন যে তার শ্লেষ্মা সাধারণের চেয়ে বেশি হলুদ। তার সাম্প্রতিক কোনো জ্বর, ঠাণ্ডা, গলা ব্যথা বা নাক দিয়ে পানি বের হওয়া নেই। তার একমাত্র ওষুধ হল স্যালমেটেরল ইনহেলার যা তিনি দিনে দু'বার ব্যবহার করেন। তাপমাত্রা হল ৩৬.৭ ডিগ্রি সেলসিয়া (৯৮ ডিগ্রি ফারেনহাইট), নাড়ি প্রতি মিনিটে ১০৪, রক্তচাপ ১৩৪/৭৩ মিমি পারদ, শ্বাসের হার প্রতি মিনিটে ২২, এবং অক্সিজেন স্যাচুরেশন ৮৫%। তিনি অস্বস্তিকর দেখায় এবং শ্বাসকষ্টপূর্ণ শ্বাস প্রদর্শন করেন। ফুসফুসের স্টেথোস্কোপি পরীক্ষা কুঁচকানো দ্বিবেসিলার ইনস্পিরেটরি ক্র্যাকলস প্রকাশ করে। একটি সাধারণ চেস্টের রেডিওগ্রাফি হালকা অতিস্ফীতি এবং ডায়াফ্রামের সমতলতা দেখায় তবে কোনো সংহতি নেই। তিনি নাসিক ক্যনুলা দিয়ে অতিরিক্ত অক্সিজেন প্রদান শুরু করা হয়। নিম্নলিখিতগুলোর মধ্যে কোনটি সর্বোত্তম প্রাথমিক ফার্মাকোথেরাপি?
A. রফ্লুমিলাস্ট এবং প্রেডনিসোন
B. অ্যালবিউটেরল এবং মন্টেলুকাস্ট
C. প্রেডনিসোন এবং স্যালমেটেরল
D. অ্যালবিউটেরল এবং থিওফিলিন
E. প্রেডনিসোন এবং অ্যালবিউটেরল
F. প্রেডনিসোন এবং টিওট্রোপিয়াম",,,,,
R0002,"A 62-year-old man is brought to the emergency department with fatigue, dry cough, and shortness of breath for 3 days. He reports a slight fever and has also had 3 episodes of watery diarrhea earlier that morning. Last week, he attended a business meeting at a hotel and notes some of his coworkers have also become sick. He has a history of hypertension and hyperlipidemia. He takes atorvastatin, hydrochlorothiazide, and lisinopril. He appears in mild distress. His temperature is 102.1°F (38.9°C), pulse is 56/min, respirations are 16/min, and blood pressure is 150/85 mm Hg. Diffuse crackles are heard in the thorax. Examination shows a soft and nontender abdomen. Laboratory studies show:
Hemoglobin 13.5 g/dL
Leukocyte count 15,000/mm3
Platelet count 130,000/mm3
Serum
Na+ 129 mEq/L
Cl- 100 mEq/L
K+ 4.6 mEq/L
HCO3- 22 mEq/L
Urea nitrogen 14 mg/dL
Creatinine 1.3 mg/dL
An x-ray of the chest shows infiltrates in both lungs. Which of the following is the most appropriate next step in diagnosis?""
A. Direct immunofluorescent antibody test
B. Stool culture
C. Lung biopsy
D. Serum immunoglobulin testing
E. Polymerase chain reaction
F. CT Chest
G. Urine antigen assay","একজন ৬২ বছর বয়সী পুরুষকে জরুরি বিভাগে আনা হয়েছে ক্লান্তি, শুষ্ক কাশি এবং তিন দিন ধরে শ্বাসকষ্টের সঙ্গে। তিনি সামান্য জ্বরের কথা জানান এবং সেই সকালে জলীয় ডায়রিয়ার তিনটি পর্বও হয়েছে। গত সপ্তাহে, তিনি একটি হোটেলে ব্যবসায়িক মিটিং-এ অংশগ্রহণ করেন এবং লক্ষ্য করেন তার কিছু সহকর্মীও অসুস্থ হয়ে পড়েছেন। তার উচ্চ রক্তচাপ ও উচ্চ লিপিডের ইতিহাস রয়েছে। তিনি অ্যাটরভাস্টাটিন, হাইড্রোক্লোরোথায়াজাইড, এবং লিসিনোপ্রিল গ্রহণ করেন। তিনি সামান্য অস্বস্তিতে দেখাচ্ছেন। তার তাপমাত্রা ১০২.১°F (৩৮.৯°C), পালস ৫৬/মিনিট, শ্বাসের হার ১৬/মিনিট, এবং রক্তচাপ ১৫০/৮৫ মিমি পারদ। থোর্যাক্সে বিস্তৃত ক্র্যাকল শোনা যায়। পরীক্ষায় নরম ও অসংবেদনশীল উদর দেখা যায়। ল্যাবরেটরি ফলাফল দেখায়:
হিমোগ্লোবিন ১৩.৫ গ্রাম/ডেসিলিটার
লিউকোসাইট গণনা ১৫,০০০ ঘন মিলিমিটার
প্লেটলেট গণনা ১৩০,০০০ ঘন মিলিমিটার
সিরাম
সোডিয়াম ১২৯ মিলিইকুইভ্যালেন্ট/লিটার
ক্লোরাইড ১০০ মিলিইকুইভ্যালেন্ট/লিটার
পটাশিয়াম ৪.৬ মিলিইকুইভ্যালেন্ট/লিটার
বাইকার্বনেট ২২ মিলিইকুইভ্যালেন্ট/লিটার
ইউরিয়া নাইট্রোজেন ১৪ মিলিগ্রাম/ডেসিলিটার
ক্রিয়াটিনিন ১.৩ মিলিগ্রাম/ডেসিলিটার
এক্স-রে চেস্টে উভয় ফুসফুসে ইনফিলট্রেট দেখা যায়। নিম্নলিখিতগুলির মধ্যে কোনটি নির্ণয়ের সর্বোত্তম পরবর্তী ধাপ?
A. ডাইরেক্ট ইমিউনফ্লুরোসেন্ট অ্যান্টিবডি পরীক্ষা
B. মল সংস্কৃতি
C. ফুসফুস বায়োপসি
D. সিরাম ইমিউনোগ্লোবুলিন পরীক্ষা
E. পলিমারেজ চেইন রিঅ্যাকশন
F. সিটি চেস্ট
G. মূত্র অ্যান্টিজেন পরীক্ষা",,,,,
R0003,"A 63-year-old woman is brought to the emergency department 1 hour after the onset of right-sided weakness. She was eating breakfast when suddenly she could not lift her spoon. She cried out to her husband but her speech was slurred. For the past 4 months, she has been more anxious than usual and felt fatigued. She used to exercise regularly but had to give up her exercise routine 3 months ago because of lightheadedness and shortness of breath with exertion. She has a history of hypertension. She is a tax accountant and has had increased stress at work recently. She takes lisinopril daily and alprazolam as needed. Her temperature is 37.2°C (99.0°F), pulse is 138/min, respirations are 14/min, and blood pressure is 146/86 mm Hg. Her lungs are clear to auscultation bilaterally and she has an S1 with variable intensity. On neurologic examination, she has a right facial droop and 2/5 strength in the right shoulder, elbow, wrist, and fingers. Sensation is diminished in the right face and arm. Further evaluation is most likely to show which of the following?
A. Irregularly irregular rhythm without P waves on ECG
B. Yellow cerebrospinal fluid on lumbar puncture
C. Enhancing periventricular lesions on brain MRI
D. Left-sided carotid stenosis on duplex ultrasound
E. Crescent-shaped hyperdense lesion on head CT
F. Ring-enhancing lesion on brain MRI
G. Intraparenchymal hyperdensity on head CT
H. Biconvex hyperdense lesion on head CT
I. Spikes and sharp waves in temporal region on EEG
""","৬৩ বছর বয়সী একজন নারীকে জরুরি বিভাগে ডান পাশে দুর্বলতার সূচনা থেকে ১ ঘন্টা পরে আনা হয়। তিনি নাস্তা খাচ্ছিলেন যখন হঠাৎ তার চামচ তুলতে পারলেন না। তিনি তাঁর স্বামীকে ডাকলেন কিন্তু তাঁর কথা গলায়ে গেল। গত ৪ মাস ধরে তিনি সাধারণের চেয়ে বেশি উদ্বিগ্ন ছিলেন এবং ক্লান্তি অনুভব করছিলেন। তিনি নিয়মিত ব্যায়াম করতেন কিন্তু শারীরিক পরিশ্রমে হালকা মাথা ঘোরা ও শ্বাসকষ্টের কারণে ৩ মাস আগে তাঁর ব্যায়ামের রুটিন ছেড়ে দিতে হয়েছিল। তার উচ্চ রক্তচাপের ইতিহাস রয়েছে। তিনি একজন কর হিসাবরক্ষক এবং সম্প্রতি কাজের চাপ বাড়েছে। তিনি দৈনিক লিসিনোপ্রিল গ্রহণ করেন এবং প্রয়োজনে আল্প্রাজোলাম নেন। তার তাপমাত্রা ৩৭.২ ডিগ্রি সেলসিয়াস (৯৯.০ ডিগ্রি ফারেনহাইট), পাল্স ১৩৮ প্রতি মিনিট, শ্বাসের হার ১৪ প্রতি মিনিট, এবং রক্তচাপ ১৪৬/৮৬ মিমি পারদ। তার ফুসফুস দুপাশে শ্বাসের শব্দ শুনতে পরিষ্কার এবং তার এস১ এর তীব্রতা পরিবর্তনশীল। স্নায়বিক পরীক্ষায়, তার ডান মুখের ঝুলে থাকা এবং ডান কাঁধ, কনুই, কব্জি ও আঙুলে ২/৫ শক্তি রয়েছে। সংবেদন ডান মুখ ও বাহুতে কমে গেছে। পরবর্তী মূল্যায়নে সবচেয়ে সম্ভাব্যভাবে নিম্নলিখিত কোনটি দেখা যাবে?
A. ইসিজিতে পি তরঙ্গ ছাড়া অনিয়মিত-অনিয়মিত রিদম
B. লাম্বার পাংচারনে হলুদ মস্তিষ্ক-শিরা তরল
C. মস্তিষ্কের এমআরআই তে পারিভেন্ট্রিকুলার ক্ষতগুলিতে কন্ট্রাস্ট বৃদ্ধির চিহ্ন
D. ডুপ্লেক্স আল্ট্রাসাউন্ডে বাম পাশে ক্যারোটিড সংকোচন
E. মাথার সিটি তে অর্ধচন্দ্রাকার উচ্চ ঘনত্বের ক্ষত
F. মস্তিষ্কের এমআরআই তে রিং আকৃতির কন্ট্রাস্ট বৃদ্ধিযুক্ত ক্ষত
G. মাথার সিটি তে পারেনকাইমের ভিতরে উচ্চ ঘনত্ব
H. মাথার সিটি তে বিকনভেক্স আকৃতির উচ্চ ঘনত্বের ক্ষত
I. ইইজিতে টেম্পোরাল অঞ্চলে স্পাইক ও শার্প তরঙ্গ",,,,,
R0004,"A 76-year-old Japanese man is admitted to the hospital because of a 3-month history of loose stools and worsening peripheral edema. He also reports fatigue, a 10-pound weight loss over the past 6 weeks, and a tingling sensation in his hands and feet over the same time period. Aside from the family dog, he has not had contact with animals for over 1 year and has not traveled outside the country. He has hypertension and benign prostatic hyperplasia. Five years ago, he underwent a partial gastrectomy with jejunal anastomosis for gastric cancer. Current medications include hydrochlorothiazide and tamsulosin. His temperature is 36.8°C (98.2°F), pulse is 103/min, and blood pressure is 132/83 mm Hg. Examination shows a soft and nontender abdomen. There is a well-healed scar on the upper abdomen. Cardiopulmonary examination shows no abnormalities. The conjunctivae appear pale. Sensation to vibration and position is absent over the lower extremities. His hemoglobin concentration is 9.9 g/dL, MCV is 108 μm3, total protein 3.9 g/dL, and albumin 1.9 g/dL. Which of the following is the most likely cause of this patient's condition?
A. Neoplastic growth
B. Increased intestinal motility
C. Bacterial overgrowth
D. Bypass of the pyloric sphincter
E. Anastomotic stricture","একজন ৭৬ বছর বয়সী জাপানি পুরুষকে হাসপাতালে ভর্তি করা হয়েছে কারণ তিন মাসের সময়কালে ঢিলা মল এবং বাড়তে থাকা পার্শ্বিক ফোলাভাবের ইতিহাস রয়েছে। তিনি ক্লান্তি, গত ৬ সপ্তাহে ১০ পাউন্ড ওজন কমা এবং একই সময়কালে তার হাত ও পায়ের ঝিনঝিনি অনুভূতি রিপোর্ট করেন। পরিবারের কুকুর ছাড়া, তিনি এক বছরের বেশি সময় ধরে প্রাণীর সঙ্গে কোনো সংস্পর্শে আসেননি এবং দেশের বাইরে ভ্রমণ করেননি। তার উচ্চ রক্তচাপ এবং বিনাইন প্রোস্ট্যাটিক হাইপারপ্লাসিয়া রয়েছে। পাঁচ বছর আগে, গ্যাস্ট্রিক ক্যান্সারের জন্য তিনি জেজুনাল অ্যানস্টোমোসিস সহ আংশিক গ্যাস্ট্রেক্টমি করিয়েছেন। বর্তমান ওষুধগুলোর মধ্যে হাইড্রোক্লোরোথায়াজাইড এবং টামসুলোসিন রয়েছে। তার তাপমাত্রা ৩৬.৮ ডিগ্রি সেলসিয়াস (৯৮.২ ডিগ্রি ফারেনহাইট), পাল্স ১০৩/মিনিট, এবং রক্তচাপ ১৩২/৮৩ মিমি পারদ। পরীক্ষায় নরম ও অসংবেদনশীল উদর দেখা যায়। উপরে উদরের উপর একটি ভালভাবে সেরে ওঠা দাগ রয়েছে। কার্ডিওফুসের পরীক্ষা কোনো অস্বাভাবিকতা দেখায় না। কনজাংটিভা ফিকে দেখা যায়। কম্পন ও অবস্থান সংবেদন নিম্ন অঙ্গগুলিতে অনুপস্থিত। তার হিমোগ্লোবিন ঘনত্ব ৯.৯ গ্রাম/ডিএল, এমসিভি ১০৮ মাইক্রোমিটার ঘন, মোট প্রোটিন ৩.৯ গ্রাম/ডিএল, এবং অ্যালবুমিন ১.৯ গ্রাম/ডিএল। নিম্নের কোনটি এই রোগীর অবস্থার সবচেয়ে সম্ভাব্য কারণ হতে পারে?
A. নিওপ্লাস্টিক বৃদ্ধি
B. বর্ধিত অন্ত্রগত গতি
C. ব্যাকটেরিয়া ওভারগ্রোথ
D. পাইলোরিক স্পিঙ্ক্টারের বাইপাস
E. অ্যানস্টোমোটিক সংকোচন",,,,,
R0005,"A 30-year-old woman comes to the physician because of increased urinary frequency over the past month. She also reports having dry mouth and feeling thirsty all the time despite drinking several liters of water per day. She has not had any weight changes and her appetite is normal. She has a history of obsessive compulsive disorder treated with citalopram. She drinks 1-2 cans of beer per day. Her vital signs are within normal limits. Physical examination shows no abnormalities. Laboratory studies show:
Serum
Na+ 130 mEq/L
Glucose 110 mg/dL
Osmolality 265 mOsmol/kg
Urine
Osmolality 230 mOsmol/kg
The patient is asked to stop drinking water for 3 hours. Following water restriction, urine osmolality is measured every hour, whereas serum osmolality is measured every 2 hours. Repeated laboratory measurements show a serum osmolality of 280 mOsmol/kg and a urine osmolality of 650 mOsmol/kg. Which of the following is the most likely diagnosis?""
A. Cerebral salt wasting
B. Central diabetes insipidus
C. Urinary tract infection
D. Syndrome of inappropriate ADH secretion
E. Diabetes mellitus
F. Beer potomania
G. Primary polydipsia
H. Nephrogenic diabetes insipidus","একজন ৩০ বছর বয়সী নারী ডাক্তারের কাছে আসেন কারণ গত এক মাসে মূত্রত্যাগের ফ্রিকোয়েন্সি বৃদ্ধি পেয়েছে। তিনি এছাড়াও শুষ্ক মুখ এবং সব সময় তৃষ্ণা অনুভব করার কথা জানান, যদিও প্রতিদিন কয়েক লিটার পানি পান করেন। তার ওজন পরিবর্তন হয়নি এবং ক্ষুধা স্বাভাবিক রয়েছে। তিনি সিটালোপ্রাম দিয়ে চিকিৎসিত অবসেসিভ কম্পালসিভ ডিসঅর্ডারের ইতিহাস আছে। তিনি দিনে ১-২ ক্যান বিয়ার পান করেন। তার গুরুত্বপূর্ণ চিহ্নগুলি স্বাভাবিক সীমার মধ্যে। শারীরিক পরীক্ষায় কোনো অস্বাভাবিকতা দেখা যায় না। ল্যাবরেটরি ফলাফল দেখায়:
সিরাম
সোডিয়াম ১৩০ মিলিইকুইভ্যালেন্ট/লিটার
গ্লুকোজ ১১০ মিলিগ্রাম/ডেসিলিটার
ওসমোলালিটি ২৬৫ মিলিওস্মোল/কেজি
মূত্র
ওসমোলালিটি ২৩০ মিলিওস্মোল/কেজি
রোগীকে ৩ ঘন্টা পানি না পান করতে বলা হয়। জল সীমাবদ্ধতার পরে, প্রতি ঘণ্টায় মূত্রের ওসমোলালিটি এবং প্রতি ২ ঘন্টায় সিরামের ওসমোলালিটি পরিমাপ করা হয়। পুনরাবৃত্ত ল্যাবরেটরি মাপ দেখায় যে সিরামের ওসমোলালিটি ২৮০ মিলিওস্মোল/কেজি এবং মূত্রের ওসমোলালিটি ৬৫০ মিলিওস্মোল/কেজি। নিম্নলিখিতগুলির মধ্যে কোনটি সবচেয়ে সম্ভাব্য নির্ণয়?
A. সেরিব্রাল সল্ট ওয়েস্টিং
B. কেন্দ্রীয় ডায়াবেটিস ইনসিপিডাস
C. মূত্রনালীর সংক্রমণ
D. অযথা এডিএইচ নিঃসরণ সিন্ড্রোম
E. ডায়াবেটিস মেলিটাস
F. বিয়ার পোটোমিয়া
G. প্রাথমিক পলিডিপসিয়া
H. নেফ্রোজেনিক ডায়াবেটিস ইনসিপিডাস",,,,,
R0006,"A 50-year-old man comes to the emergency department because of severe lower chest pain for the past hour. The pain radiates to the back and is associated with nausea. He has had two episodes of non-bloody vomiting since the pain started. He has a history of hypertension and type 2 diabetes mellitus. He has smoked one pack of cigarettes daily for 30 years. He drinks five to six beers per day. His medications include enalapril and metformin. His temperature is 38.5°C (101.3°F), pulse is 110/min, and blood pressure is 90/60 mm Hg. The lungs are clear to auscultation. Examination shows a distended abdomen with epigastric tenderness and guarding but no rebound; bowel sounds are decreased. Laboratory studies show:
Hemoglobin 14.5 g/dL
Leukocyte count 5,100/mm3
Platelet count 280,000/mm3
Serum
Na+ 133 mEq/L
K+ 3.5 mEq/L
Cl- 98 mEq/L
Total bilirubin 1.0 mg/dL
Amylase 160 U/L
Lipase 880 U/L (N = 14-280)
An ECG shows sinus tachycardia. Which of the following is the most likely diagnosis?""
A. Acute mesenteric ischemia
B. Boerhaave syndrome
C. Aortic dissection
D. Peptic ulcer disease
E. Pericarditis
F. Myocardial infarction
G. Acute pancreatitis","৫০ বছর বয়সী একজন পুরুষ জরুরি বিভাগে আসেন কারণ গত এক ঘন্টা থেকে তীব্র নিম্ন স্তরের বুকের ব্যথা। ব্যথা পিঠে ছড়িয়ে পড়ে এবং বমিভাবের সঙ্গে যুক্ত। তিনি ব্যথা শুরু হওয়ার পর থেকে দুইটি রক্তবিহীন বমির পর্ব অনুভব করেছেন। তার উচ্চ রক্তচাপ ও টাইপ ২ ডায়াবেটিসের ইতিহাস রয়েছে। তিনি ত্রিশ বছর ধরে প্রতিদিন এক প্যাকেট সিগারেট ধূমপান করেন। দিনে পাঁচ থেকে ছয়টি বিয়ার পান করেন। তার ওষুধের মধ্যে রয়েছে এনালাপ্রিল এবং মেটফরমিন। তাপমাত্রা ৩৮.৫ ডিগ্রি সেলসিয়া (১০১.৩ ডিগ্রি ফারেনহাইট), পাল্স প্রতি মিনিটে ১১০, রক্তচাপ ৯০/৬০ মিমি পারদ। শ্বাসনালী শোনায় পরিষ্কার। পরীক্ষা দেখায় পেট ফুলে আছে, এপিগ্যাস্ট্রিক সংবেদনশীলতা ও গার্ডিং রয়েছে কিন্তু রিবাউন্ড নেই; অন্ত্রের শব্দ কমে গেছে। ল্যাবরেটরি ফলাফল:
হিমোগ্লোবিন ১৪.৫ গ্রাম/ডেসিলিটার
শ্বেত রক্তকণিকা সংখ্যা ৫১০০ ঘন মিলিমিটার
প্লেটলেট সংখ্যা ২৮০০০০ ঘন মিলিমিটার
সিরাম সোডিয়াম ১৩৩ মিলিইকুইভ্যালেন্ট/লিটার
পটাশিয়াম ৩.৫ মিলিইকুইভ্যালেন্ট/লিটার
ক্লোরাইড ৯৮ মিলিইকুইভ্যালেন্ট/লিটার
মোট বিলিরুবিন ১.০ মিলিগ্রাম/ডেসিলিটার
অ্যামাইলেজ ১৬০ ইউনিট/লিটার
লিপেজ ৮৮০ ইউনিট/লিটার (স্বাভাবিক = ১৪-২৮০)
ইসিজি সাইনাস ট্যাকিকার্ডিয়া দেখায়। নিম্নের কোনটি সবচেয়ে সম্ভাব্য নির্ণয়?
A. তীব্র মেসেন্টেরিক রক্তাল্পতা
B. বোরহাভে সিনড্রোম
C. অর্টিক ডিসেকশন
D. পেপটিক আলসার রোগ
E. পারিকার্ডিটিস
F. মায়োকার্ডিয়াল ইনফার্কশন
G. তীব্র অগ্ন্যাশয় প্রদাহ",,,,,
R0007,"A 36-year-old woman with HIV comes to the physician because of a 3-day history of pain and watery discharge in her left eye. She also has blurry vision and noticed that she is more sensitive to light. Her right eye is asymptomatic. She had an episode of shingles 7 years ago. She was diagnosed with HIV 5 years ago. She admits that she takes her medication inconsistently. She wears contact lenses. Current medications include abacavir, lamivudine, efavirenz, and a nutritional supplement. Her temperature is 37°C (98.6°F), pulse is 89/min, and blood pressure is 110/70 mm Hg. Examination shows conjunctival injection of the left eye. Visual acuity is 20/20 in the right eye and 20/80 in the left eye. Extraocular movements are normal. Her CD4+ T-lymphocyte count is 90/mm3. A photograph of the left eye after fluorescein administration is shown. Which of the following is the most likely diagnosis?
A. Neurotrophic keratopathy
B. Pseudomonas keratitis
C. Herpes zoster keratitis
D. Fusarium keratitis
E. Herpes simplex keratitis
F. Acanthamoeba keratitis
""","একজন ৩৬ বছর বয়সী নারী যিনি এইচআইভি পজিটিভ, ডাক্তারের কাছে আসছেন কারণ তার বাম চোখে ৩ দিনের ইতিহাসে ব্যথা এবং জলীয় নিঃসরণ রয়েছে। তিনি ঝাপসা দৃষ্টিও অনুভব করছেন এবং লক্ষ্য করেছেন যে তিনি আলোতে বেশি সংবেদনশীল। তার ডান চোখে কোনো উপসর্গ নেই। সাত বছর আগে তিনি শিংলসের একটি এপিসোডে আক্রান্ত ছিলেন। পাঁচ বছর আগে তাকে এইচআইভি নির্ণয় করা হয়েছিল। তিনি স্বীকার করেন যে তিনি তার ওষুধগুলি অনিয়মিতভাবে গ্রহণ করেন। তিনি কন্ট্যাক্ট লেন্স ব্যবহার করেন। বর্তমান ওষুধগুলির মধ্যে রয়েছে অ্যাবাকাভির, লামিভুডিন, ইফেভারেঞ্জ এবং একটি পুষ্টিকর সাপ্লিমেন্ট। তার তাপমাত্রা ৩৭ ডিগ্রি সেলসিয়া (৯৮.৬ ডিগ্রি ফারেনহাইট), পালস ৮৯/min, এবং রক্তচাপ ১১০/৭০ মিমি পারদ। পরীক্ষায় বাম চোখে কনজাঙ্ক্টিভাল ইনজেকশন দেখা যায়। দৃষ্টিশক্তি ডান চোখে ২০/২০ এবং বাম চোখে ২০/৮০। বাহ্যিক অক্ষের গতি স্বাভাবিক। তার CD4+ টি-লিম্ফোসাইট গণনা হল ৯০/ঘন মিলিমিটার। ফ্লুরোসিন প্রয়োগের পরে বাম চোখের একটি ফটো দেখানো হয়েছে। নিচের কোনটি সবচেয়ে সম্ভাব্য নির্ণয়?
A. নিউরোট্রফিক কেরাটোপ্যাথি
B. সিউডোমোনাস কেরাটাইটিস
C. হেরপেস জোস্টার কেরাটাইটিস
D. ফুসারিয়াম কেরাটাইটিস
E. হেরপেস সিম্প্লেক্স কেরাটাইটিস
F. অ্যাক্যানথামোইবা কেরাটাইটিস",,,,,
R0008,"A 72-year-old man is brought to the physician by his wife for forgetfulness, confusion, and mood changes for the past 4 months. His symptoms started with misplacing items such as his wallet and keys around the house. Two months ago, he became unable to manage their finances as it became too difficult for him. Last week, he became lost while returning home from the grocery store. His wife reports that he shows “no emotion” and that he is seemingly not concerned by his recent symptoms. He has hypertension, type 2 diabetes mellitus, and coronary artery disease. Current medications include aspirin, metoprolol, lisinopril, metformin, and rosuvastatin. His pulse is 56/min and blood pressure is 158/76 mm Hg. Neurologic examination shows loss of sensation on his right leg and an unsteady gait. When asked to stand with his eyes closed and palms facing upward, his right arm rotates inward. An MRI of the brain shows multiple deep white matter lesions. Which of the following is the most likely diagnosis?
A. Vascular dementia
B. Frontotemporal dementia
C. Alzheimer disease
D. Major depressive disorder
E. Lewy body dementia
F. Hypothyroidism
G. Vitamin B12 deficiency","একটি ৭২ বছর বয়সী পুরুষকে তার স্ত্রী তাকে ভুলে যাওয়া, বিভ্রান্তি এবং মেজাজের পরিবর্তনের জন্য ডাক্তারের কাছে নিয়ে এসেছে গত ৪ মাস ধরে। তার উপসর্গগুলি শুরু হয়েছিল বাড়ির চারপাশে তার ওয়ালেট এবং চাবি মতো জিনিসগুলো হারিয়ে ফেলা দিয়ে। ২ মাস আগে, তিনি আর্থিক বিষয়গুলো পরিচালনা করতে অক্ষম হয়ে পড়েন কারণ এটি তার জন্য খুব কঠিন হয়ে গিয়েছিল। গত সপ্তাহে, তিনি মুদি দোকান থেকে বাড়ি ফেরার পথে পথভ্রষ্ট হন। তার স্ত্রী জানান যে তিনি “কোনো অনুভূতি দেখাচ্ছেন না” এবং সাম্প্রতিক উপসর্গগুলোর প্রতি তিনি যেন উদ্বিগ্ন নন। তাঁর উচ্চ রক্তচাপ, টাইপ ২ ডায়াবেটিস এবং করোনারি আর্টেরি ডিজিজ রয়েছে। বর্তমান ওষুধগুলোতে আছে অ্যাসপিরিন, মেটোপ্রোলল, লিসিনোপ্রিল, মেটফরমিন, এবং রোসুভাস্টাটিন। তার পালস হল ৫৬/মিনিট এবং রক্তচাপ হল ১৫৮/৭৬ মিমি পারদ। স্নায়বিক পরীক্ষায় ডান পা তে সংবেদনশীলতার হ্রাস এবং অস্থির হাঁটা দেখা যায়। যখন তাকে চোখ বন্ধ করে এবং তালু উপরের দিকে রেখে দাঁড়াতে বলা হয়, তার ডান বাহু ভিতরে ঘুরে যায়। মস্তিষ্কের এমআরআইতে একাধিক গভীর সাদা পদার্থের ক্ষত দেখা যায়। নিম্নলিখিতগুলির মধ্যে কোনটি সবচেয়ে সম্ভাব্য নির্ণয়?
A. ভাস্কুলার ডিমেনশিয়া
B. ফ্রন্টোটেম্পোরাল ডিমেনশিয়া
C. আলঝেইমার রোগ
D. প্রধান বিষণ্নতা রোগ
E. লুই বডি ডিমেনশিয়া
F. হাইপোথাইরয়েডিজম
G. ভিটামিন বি১২ ঘাটতি",,,,,
R0009,"A 5-year-old African-American boy is brought to the physician because of fatigue and night sweats for the past month. During this time, he has also lost 3 kg (6.6 lbs). Before the onset of symptoms, he had been healthy except for a febrile seizure as an infant. His brother had chickenpox 2 months ago. He is at the 75th percentile for height and 50th percentile for weight. He appears markedly fatigued. His temperature is 38°C (100.4°F), pulse is 95/min, respirations are 19/min, and blood pressure is 100/60 mm Hg. Lung and cardiac examination is normal. There are enlarged, nontender lymph nodes bilaterally in the neck. The abdomen is soft and nontender. A complete blood count shows:
Leukocyte count 8,000/mm3
Hemoglobin 9.1 g/dL
Hematocrit 26.9%
Platelet count 34,000/mm3
Serum
Na+ 135 mEq/L
K+ 4.5 mEq/L
Cl- 101 mEq/L
HCO3- 27 mEq/L
Urea nitrogen 9 g/dL
Creatinine 0.7 g/dL
Ca2+ 8.8 mg/dL
PCR testing demonstrates a 9:22 chromosomal translocation. Which of the following is the most appropriate pharmacotherapy?""
A. Hydroxyurea
B. All-trans retinoic acid
C. Lenalidomide
D. Transfuse platelets
E. Cladribine
F. Imatinib
G. Transfuse packed red blood cells","৫ বছর বয়সী আফ্রিকান-আমেরিকান ছেলে ক্লান্তি এবং রাতের ঘামের জন্য গত মাসে ডাক্তারের কাছে আনা হয়েছে। এই সময়ে, সে ৩ কেজি (৬.৬ পাউন্ড) ওজন হারিয়েছে। লক্ষণগুলির শুরু হওয়ার আগে, শৈশবে জ্বরজনিত সিজার ছাড়া তার স্বাস্থ্যের কোনো সমস্যা ছিল না। তার ভাই দুই মাস আগে জলবসন্তে আক্রান্ত হয়েছিল। সে উচ্চতার ৭৫তম পার্সেন্টাইল এবং ওজনের ৫০তম পার্সেন্টাইলে রয়েছে। তিনি স্পষ্টভাবে ক্লান্ত দেখায়। তার তাপমাত্রা ৩৮ ডিগ্রি সেলসিয়া (১০০.৪ ডিগ্রি ফারেনহাইট), পাল্স প্রতি মিনিটে ৯৫, শ্বাসপ্রশ্বাস প্রতি মিনিটে ১৯, এবং রক্তচাপ ১০০/৬০ মিমি পারদ। ফুসফুস ও হৃদযন্ত্রের পরীক্ষা স্বাভাবিক। গলায় উভয় পাশে বড়, অব্যথা লিম্ফ নোড রয়েছে। পেট নরম ও অব্যথা। সম্পূর্ণ রক্ত গণনা দেখায়: শ্বেত রক্তকণিকা সংখ্যা ৮,০০০/মিমি3; হিমোগ্লোবিন ৯.১ গ্রাম প্রতি ডেসিলিটার; হেমাটোক্রিট ২৬.৯%; প্লেটলেট সংখ্যা ৩৪,০০০/মিমি3। সিরাম: সোডিয়াম ১৩৫ মিলিইকুইভ্যালেন্ট প্রতি লিটার; পটাশিয়াম ৪.৫ মিলিইকুইভ্যালেন্ট প্রতি লিটার; ক্লোরাইড ১০১ মিলিইকুইভ্যালেন্ট প্রতি লিটার; বাইকার্বনেট ২৭ মিলিইকুইভ্যালেন্ট প্রতি লিটার; ইউরিয়া নাইট্রোজেন ৯ গ্রাম প্রতি ডেসিলিটার; ক্রিয়াটিনিন ০.৭ গ্রাম প্রতি ডেসিলিটার; ক্যালসিয়াম ৮.৮ মিলিগ্রাম প্রতি ডেসিলিটার। পিসিআর টেস্টে ৯:২২ ক্রোমোসোমাল ট্রান্সলোকেশন দেখা গেছে। নিম্নলিখিতগুলির মধ্যে কোনটি সর্বোত্তম ফার্মাকোথেরাপি?
A. হাইড্রোক্সিউরিয়া
B. অল-ট্রান্স রেটিনয়িক অ্যাসিড
C. লেনালিডোমাইড
D. প্লেটলেট ট্রান্সফিউজ
E. ক্ল্যাড্রিবিন
F. ইমাটিনিব
G. প্যাকড লাল রক্তকণিকা ট্রান্সফিউজ",,,,,
R0010,"A 4670-g (10-lb 5-oz) male newborn is delivered at term to a 26-year-old woman after prolonged labor. Apgar scores are 9 and 9 at 1 and 5 minutes. Examination in the delivery room shows swelling, tenderness, and crepitus over the left clavicle. There is decreased movement of the left upper extremity. Movement of the hands and wrists are normal. A grasping reflex is normal in both hands. An asymmetric Moro reflex is present. The remainder of the examination shows no abnormalities and an anteroposterior x-ray confirms the diagnosis. Which of the following is the most appropriate next step in management?
A. Nerve conduction study
B. Surgical fixation
C. Physical therapy
D. Pin sleeve to the shirt
E. Splinting of the arm
F. MRI of the clavicle","৪৬৭০-গ্রাম (১০-পাউন্ড ৫-আউন্স) পুরুষ নবজাতক টার্মে একটি ২৬-বছর বয়সী নারীর কাছে দীর্ঘস্থায়ী শ্রমের পরে ডেলিভারি হয়েছে। অ্যাপগার স্কোর ১ ও ৫ মিনিটে উভয়ই ৯ এবং ৯। ডেলিভারি রুমের পরীক্ষায় বাম ক্ল্যাভিকল উপরে ফোলাভাব, সংবেদনশীলতা, ও ক্রিপিটাস দেখা যায়। বাম ঊর্ধ্ব অঙ্গের গতি কমে গেছে। হাত এবং কব্জির গতি স্বাভাবিক। উভয় হাতে গ্রাস রিফ্লেক্স স্বাভাবিক। একটি অসমমিত মোরো রিফ্লেক্স উপস্থিত। পরীক্ষার বাকি অংশে কোনো অস্বাভাবিকতা দেখা যায় না এবং এক অ্যান্টেরোপোস্টেরিয়র এক্স-রে নির্ণয় নিশ্চিত করে। নিম্নলিখিতগুলির মধ্যে কোনটি ব্যবস্থাপনার সর্বাধিক উপযুক্ত পরবর্তী ধাপ?
A. স্নায়ু পরিবাহিতা পরীক্ষা
B. শল্যচিকিৎসা ফিক্সেশন
C. শারীরিক থেরাপি
D. শার্টে পিন স্লিভ
E. বাহুর স্প্লিন্টিং
F. ক্ল্যাভিকল এর এমআরআই",,,,,
R0011,"Three days after undergoing coronary artery bypass surgery, a 72-year-old man has severe right upper quadrant pain, fever, nausea, and vomiting. He has type 2 diabetes mellitus, benign prostatic hyperplasia, peripheral vascular disease, and chronic mesenteric ischemia. He had smoked one pack of cigarettes daily for 30 years but quit 10 years ago. He drinks 8 cans of beer a week. His preoperative medications include metformin, aspirin, simvastatin, and finasteride. His temperature is 38.9°C (102°F), pulse is 102/min, respirations are 18/min, and blood pressure is 110/60 mmHg. Auscultation of the lungs shows bilateral inspiratory crackles. Cardiac examination shows no murmurs, rubs or gallops. Abdominal examination shows soft abdomen with tenderness and sudden inspiratory arrest upon palpation in the right upper quadrant. There is no rebound tenderness or guarding. Laboratory studies show the following:
Hemoglobin 13.1 g/dL
Hematocrit 42%
Leukocyte count 15,700/mm3
Segmented neutrophils 65%
Bands 10%
Lymphocytes 20%
Monocytes 3%
Eosinophils 1%
Basophils 0.5%
AST 40 U/L
ALT 100 U/L
Alkaline phosphatase 85 U/L
Total bilirubin 1.5 mg/dL
Direct 0.9 mg/dL
Amylase 90 U/L
Abdominal ultrasonography shows a distended gallbladder, thickened gallbladder wall with pericholecystic fluid, and no stones. Which of the following is the most appropriate next step in management?""
A. Intravenous heparin therapy followed by embolectomy
B. Careful observation with serial abdominal examinations
C. Immediate cholecystectomy
D. Intravenous piperacillin-tazobactam therapy and percutaneous cholecystostomy
E. Endoscopic retrograde cholangiopancreatography with papillotomy","করোনারি আর্টেরি বাইপাস সার্জারির তিন দিন পর, একটি ৭২ বছর বয়সী পুরুষে তীব্র ডান উপরের কোয়ার্ড্যান্ট ব্যথা, জ্বর, বমিভাব এবং বমি হয়। তার টাইপ ২ ডায়াবেটিস মেলিটাস, বিনাইন প্রোস্ট্যাটিক হাইপারপ্লেসিয়া, পারিফেরাল ভাসকুলার ডিজিজ এবং ক্রনিক মেসেন্টেরিক ইসকেমিয়া রয়েছে। তিনি প্রতিদিন ১ প্যাকেট সিগারেট ধূমপান করতেন ৩০ বছর ধরে, তবে ১০ বছর আগে ছেড়ে দিয়েছেন। তিনি সপ্তাহে ৮ ক্যান বিয়ার পান করেন। তার প্রি-অপারেটিভ ওষুধগুলোর মধ্যে মেটফরমিন, অ্যাসপিরিন, সিমভাস্টাটিন এবং ফিনাস্টারাইড অন্তর্ভুক্ত। তার তাপমাত্রা ৩৮.৯ ডিগ্রি সেলসিয়া (১০২ ডিগ্রি ফারেনহাইট), পাল্স ১০২/মিনিট, শ্বাসপ্রশ্বাসের হার ১৮/মিনিট, এবং রক্তচাপ ১১০/৬০ মিমি পারদ। ফুসফুসের অডিটেশন দেখায় দ্বিপাক্ষিক ইনস্পিরেটরি ক্র্যাকলস। কার্ডিয়াক পরীক্ষা দেখায় কোনো মর্মর, রাব বা গ্যালপ নেই। অ্যাবডোমিনাল পরীক্ষা দেখায় নরম পেট, সংবেদনশীলতা এবং ডান উপরের কোয়ার্ড্যান্টে স্পর্শের সময় হঠাৎ শ্বাসপ্রবেশ বন্ধ হয়ে যায়। রিবাউন্ড টেনডারনেস বা গার্ডিং নেই। ল্যাবরেটরি স্টাডি নিম্নলিখিত ফলাফল দেখায়:
হিমোগ্লোবিন ১৩.১ গ্রাম প্রতি ডেসিলিটার
হেমাটোক্রিট ৪২%
লিউকোসাইট কাউন্ট ১৫,৭০০/ঘন মিলিমিটার
সেগমেন্টেড নিউট্রোফিল ৬৫%
ব্যান্ডস ১০%
লিম্ফোসাইট ২০%
মোনোসাইট ৩%
ইওসিনোফিল ১%
বেসোফিল ০.৫%
এএসটি ৪০ ইউনিট/লিটার
এএলটি ১০০ ইউনিট/লিটার
আলকালাইন ফসফাটেজ ৮৫ ইউনিট/লিটার
টোটাল বিলিরুবিন ১.৫ মিলিগ্রাম প্রতি ডেসিলিটার
ডাইরেক্ট বিলিরুবিন ০.৯ মিলিগ্রাম প্রতি ডেসিলিটার
অ্যামাইলেজ ৯০ ইউনিট/লিটার
অ্যাবডোমিনাল আল্ট্রাসাউন্ড দেখায় ফোলা গলব্লাডার, পুরু গলব্লাডার ওয়াল পারিকোলেসিস্টিক তরলসহ, এবং কোনো পাথর নেই। নিম্নের কোনটি ব্যবস্থাপনার সর্বোত্তম পরবর্তী ধাপ হবে?
A. শিরাপথে হেপারিন থেরাপি, তারপর এম্বোলেকটমি
B. ধারাবাহিক অ্যাবডোমিনাল পরীক্ষাসহ সতর্ক পর্যবেক্ষণ
C. তাৎক্ষণিক কোলেসিস্টেক্টমি
D. শিরাপথে পিপেরাসিলিন-টাজোব্যাক্টাম থেরাপি এবং পারকুটেনিয়াস কোলেসিস্টস্টোমি
E. এন্ডোস্কোপিক রেট্রোগ্রেড কোয়ালাঞ্জিওপ্যানক্রিয়াটোগ্রাফি প্যাপিলোটমি সহ",,,,,
R0012,"A 65-year old man comes to the emergency department because of altered mental status for 1 day. He has had headaches, severe nausea, vomiting, and diarrhea for 2 days. He has a history of hypertension, insomnia, and bipolar disorder. His medications include lisinopril, fluoxetine, atorvastatin, lithium, olanzapine, and alprazolam. His temperature is 37.2 °C (99.0 °F), pulse is 90/min, respirations are 22/min, and blood pressure is 102/68 mm Hg. He is somnolent and confused. His mucous membranes are dry. Neurological examination shows dysarthria, decreased muscle strength throughout, and a coarse tremor of the hands bilaterally. The remainder of the examination shows no abnormalities. In addition to IV hydration and electrolyte supplementation, which of the following is the next best step in management?
A. Bowel irrigation
B. Oral cyproheptadine
C. Hemodialysis
D. Intravenous diazepam
E. Intravenous dantrolene","একজন ৬৫ বছর বয়সী পুরুষ জরুরি বিভাগে আসছেন কারণ এক দিনের জন্য মানসিক অবস্থা পরিবর্তিত হয়েছে। তিনি দুই দিন ধরে মাথাব্যথা, তীব্র বমি বমি ভাব, বমি এবং ডায়রিয়া অনুভব করছেন। তার উচ্চ রক্তচাপ, অনিদ্রা এবং দ্বিমুখী ব্যাধির ইতিহাস রয়েছে। তার ওষুধের মধ্যে লিসিনোপ্রিল, ফ্লুক্সেটিন, অ্যাটোরভাস্ট্যাটিন, লিথিয়াম, অল্যানজাপাইন এবং আল্প্রাজোলাম অন্তর্ভুক্ত। তার তাপমাত্রা ৩৭.২ ডিগ্রি সেলসিয়া (৯৯.০ ডিগ্রি ফারেনহাইট), পাল্স ৯০/মিনিট, শ্বাসপ্রশ্বাসের হার ২২/মিনিট, এবং রক্তচাপ ১০২/৬৮ মিমি পারদ। তিনি নিদ্রালু ও বিভ্রান্ত অবস্থায় আছেন। তার মুখের ঝিল্লি শুকনো। স্নায়বিক পরীক্ষায় ডিসার্থ্রি, পুরো শরীরে পেশীর শক্তি হ্রাস এবং দু'হাতেই মোটা কম্পন দেখা যায়। পরীক্ষার বাকি অংশে কোনো অস্বাভাবিকতা নেই। শিরাপথে হাইড্রেশন এবং ইলেকট্রোলাইট সাপ্লিমেন্টেশন ছাড়াও, নিম্নের মধ্যে কোনটি ব্যবস্থাপনায় পরবর্তী সর্বোত্তম পদক্ষেপ হবে?
A. আন্ত্রিক ধোয়া
B. মৌখিক সাইপ্রোহেপ্ট্যাডিন
C. হেমোডায়ালিসিস
D. শিরাপথে ডাইজেপাম
E. শিরাপথে ড্যান্টরোলেন",,,,,
R0013,"An 81-year-old man is brought to the physician by his daughter after being found wandering on the street. His daughter says that over the past several months he has been more aggressive towards friends and family. She also reports several episodes in which he claimed to see two strangers in her apartment. He sometimes stares blankly for several minutes and does not react when addressed. He has hypertension, hyperlipidemia, and was diagnosed with Parkinson disease 10 months ago. His current medications include carbidopa-levodopa, hydrochlorothiazide, and atorvastatin. His temperature is 37°C (98.6°F), pulse is 99/min, and blood pressure is 150/85 mm Hg. He is confused and oriented to person and place but not to time. There is a resting tremor in his right upper extremities. There is muscle rigidity in the upper and lower extremities. He is able to walk without assistance but has a slow gait with short steps. Mental status examination shows short-term memory deficits. Which of the following is the most likely underlying cause of this patient's condition?
A. Lewy body deposition
B. Vascular infarcts
C. Frontotemporal lobe atrophy
D. Prion formation
E. Thiamine deficiency
F. Impaired CSF absorption","৮১ বছর বয়সী একজন পুরুষকে তার মেয়ে ডাক্তারকে নিয়ে এসেছে, যাকে রাস্তায় ঘুরে বেড়াতে পাওয়া গিয়েছিল। তার মেয়ে বলেন যে গত কয়েক মাস ধরে তিনি বন্ধু ও পরিবারের প্রতি আরও আগ্রাসী হয়ে উঠেছেন। তিনি এছাড়াও রিপোর্ট করেন যে কিছু সময়ে তিনি তাঁর অ্যাপার্টমেন্টে দুইজন অপরিচিতকে দেখছেন বলে দাবি করেছেন। তিনি কখনও কখনও কয়েক মিনিটের জন্য ফাঁকা ভাবে তাকিয়ে থাকেন এবং সম্বোধন করা হলে প্রতিক্রিয়া দেন না। তার উচ্চ রক্তচাপ, উচ্চ লিপিডেমিয়া রয়েছে, এবং ১০ মাস আগে পার্কিনসন রোগ নির্ণয় হয়েছিল। তার বর্তমান ওষুধের মধ্যে আছে কার্বিডোपा-লেভডোপা, হাইড্রোক্লোরথিয়াজ়াইড, এবং এটরভাস্টাটিন। তার তাপমাত্রা ৩৭ ডিগ্রি সেলসিয়া (৯৮.৬ ডিগ্রি ফারেনহাইট), পাল্স ৯৯ প্রতি মিনিট, এবং রক্তচাপ ১৫০/৮৫ মিমি পারদ। তিনি বিভ্রান্ত এবং ব্যক্তি ও স্থানের দিকে অভিমুখী তবে সময়ের দিকে নয়। তার ডান উপরের অঙ্গে বিশ্রামজনিত কম্পন রয়েছে। উপরে ও নিচে উভয় অঙ্গে পেশীর কঠোরতা আছে। তিনি সহায়তা ছাড়া হাঁটতে পারেন কিন্তু ধীর গতি এবং ছোট পদক্ষেপে চলেন। মানসিক অবস্থা পরীক্ষায় স্বল্পমেয়াদী স্মৃতির ঘাটতি দেখা যায়। নিম্নলিখিত কোনটি এই রোগীর অবস্থার সবচেয়ে সম্ভাব্য অন্তর্নিহিত কারণ?
A. লিউই বডি জমা
B. ভাসকুলার ইনফার্কশন
C. ফ্রন্টোটেম্পোরাল লোব অ্যাট্রফি
D. প্রিয়ন গঠন
E. থায়ামিন ঘাটতি
F. সিএসএফ শোষণ ব্যাহত",,,,,
R0014,"A 38-year-old man is brought to the emergency department after losing consciousness upon rising from his chair at work. The patient has had progressive cough, shortness of breath, fever, and chills for 6 days but did not seek medical attention for these symptoms. He appears distressed, flushed, and diaphoretic. He is 170 cm (5 ft 7 in) tall and weighs 120 kg (265 lbs); BMI is 41.5 kg/m2. His temperature is 39.4°C (102.9°F), pulse is 129/min, respirations are 22/min, and blood pressure is 91/50 mm Hg when supine. Crackles and bronchial breath sounds are heard over the right posterior hemithorax. A 2/6 midsystolic blowing murmur is heard along the left upper sternal border. Examination shows diffuse diaphoresis, flushed extremities, and dullness to percussion over the right posterior hemithorax. The abdomen is soft and nontender. Multiple nurses and physicians have been unable to attain intravenous access. A large-bore central venous catheter is inserted into the right internal jugular vein by standard sterile procedure. Which of the following is the most appropriate next step in the management of this patient?
A. Administer intravenous levofloxacin
B. Echocardiogram
C. Bronchoscopy
D. CT scan of the chest
E. Chest X-ray
F. Administer intravenous norepinephrine","৩৮ বছর বয়সী একজন পুরুষকে কাজের সময় তার চেয়ার থেকে উঠে দাঁড়ানোর সময় অচেতন হয়ে যাওয়ার পর জরুরি বিভাগে আনা হয়। রোগীর গত ৬ দিন ধরে ক্রমবর্ধমান কাশি, শ্বাসকষ্ট, জ্বর এবং কম্পন হয়েছে কিন্তু তিনি এই উপসর্গগুলোর জন্য কোনো চিকিৎসা সেবা গ্রহণ করেননি। তিনি উদ্বিগ্ন, লালচে এবং ঘামাচ্ছিলেন। তার উচ্চতা ১৭০ সেন্টিমিটার (৫ ফুট ৭ ইঞ্চি) এবং ওজন ১২০ কেজি (২৬৫ পাউন্ড); বিএমআই ৪১.৫ কেজি/মি২। তার তাপমাত্রা ৩৯.৪ ডিগ্রি সেলসিয়াস (১০২.৯ ডিগ্রি ফারেনহাইট), পাল্স প্রতি মিনিটে ১২৯, শ্বাসপ্রশ্বাস প্রতি মিনিটে ২২, এবং Supine অবস্থায় রক্তচাপ ৯১/৫০ মিমি পারদ। ডান পশ্চাৎ হেমিথোর্যাক্সে ক্র্যাকলস এবং ব্রঙ্কিয়াল শ্বাসের শব্দ শোনা যায়। বাম উপরের স্টার্নাল সীমানায় ২/৬ মাঝ-সিস্টোলিক ব্লোয়িং মর্মর শোনা যায়। পরীক্ষায় বিস্তৃত ঘাম, লালচে অঙ্গপ্রান্তি এবং ডান পশ্চাৎ হেমিথোর্যাক্সে পেরকুশনের সময় নীরবতা দেখা যায়। পেট নরম ও ব্যথাহীন। একাধিক নার্স ও ডাক্তার শিরাপথে প্রবেশাধিকার অর্জন করতে অক্ষম ছিলেন। একটি বড় ব্যাসের সেন্ট্রাল ভেইন ক্যাথেটার ডান অভ্যন্তরীণ জুগুলার শিরায় মানক পরিষ্কার পদ্ধতিতে প্রবেশ করানো হয়। নিম্নলিখিতগুলোর মধ্যে কোনটি এই রোগীর ব্যবস্থাপনার সর্বোত্তম পরবর্তী ধাপ?
A. শিরাপথে লেভোফ্লোক্সাসিন প্রদান করুন
B. ইকোকার্ডিওগ্রাম
C. ব্রঙ্কোস্কপি
D. বক্ষের সিটি স্ক্যান
E. বক্ষের এক্স-রে
F. শিরাপথে নোরএপিনেফ্রিন প্রদান করুন",,,,,
R0015,"A 54-year-old man is brought to the emergency department 1 hour after an episode of loss of consciousness that lasted 3 minutes. Since awakening, he has had weakness of the left arm and leg, and his speech has been slurred. He has had a fever for 10 days. He has not had vomiting or headache. He was treated for bacterial sinusitis 3 weeks ago with amoxicillin-clavulanate. He has hypertension, hypothyroidism, hyperlipidemia, and type 2 diabetes mellitus. Current medications include amlodipine, hydrochlorothiazide, metformin, simvastatin, aspirin, and levothyroxine. His temperature is 38.6°C (101.4°F), pulse is 106/min, and blood pressure is 160/90 mm Hg. He is alert and oriented to person, place, and time. Examination shows multiple petechiae on his trunk and painless macules over both palms. A new grade 3/6 systolic murmur is heard best at the apex. He follows commands, but he slurs his words and has difficulty naming common objects. There is left facial droop. Muscle strength is 4/5 in the left upper and lower extremities. Deep tendon reflexes are 3+ on the left side and 2+ on the right side. The left big toe shows an extensor response. Fundoscopic examination shows retinal hemorrhages with white centers. Laboratory studies show:
Hemoglobin 15.3 g/dL
Leukocyte count 12,300/mm3
Serum
Na+ 136 mEq/L
Cl- 103 mEq/L
K+ 4.3 mEq/L
Glucose 108 mg/dL
Creatinine 1.1 mg/dL
Urine
Protein 1+
Glucose negative
Blood 1+
WBC 1-2/hpf
RBC 7-10/hpf
Which of the following is the most likely cause of these findings?""
A. Ruptured arteriovenous malformation
B. Ruptured saccular aneurysm
C. Todd's paralysis
D. Temporal encephalitis
E. Septic emboli
F. Intracranial tumor
G. Carotid artery stenosis
H. Vasospasm of a deep penetrating artery
I. Contiguous spread of infection","একজন ৫৪-বছর বয়সী পুরুষকে জরুরি বিভাগের কাছে নিয়ে আসা হয় এক ঘণ্টা পরে একটি অচেতনতা ঘটনার পর যা তিন মিনিট স্থায়ী ছিল। জাগার পরে থেকে তার বাম বাহু ও পায়ের দুর্বলতা রয়েছে এবং তার কথা গলমল হয়েছে। তিনি দশ দিন ধরে জ্বরে আছেন। তার বমি বা মাথাব্যথা হয়নি। তিনি তিন সপ্তাহ আগে অ্যামোক্সিসিলিন-ক্লাভুলানেট দিয়ে ব্যাকটেরিয়াল সাইনাসাইটিসের চিকিৎসা করিয়েছিলেন। উচ্চ রক্তচাপ, হাইপোথাইরয়েডিজম, হাইপারলিপিডেমিয়া এবং টাইপ ২ ডায়াবেটিস মেলিটাস রয়েছে। বর্তমান ওষুধগুলোর মধ্যে রয়েছে এমলোডিপিন, হাইড্রোক্লোরথায়াজাইড, মেটফরমিন, সিমভাস্টাটিন, অ্যাসপিরিন এবং লেভোথাইরক্সিন। তার তাপমাত্রা ৩৮.৬ ডিগ্রি সেলসিয়া (১০১.৪ ডিগ্রি ফারেনহাইট), ধড়ক ১০৬/মিনিট, এবং রক্তচাপ ১৬০/৯০ মিমি পারদ। তিনি সজাগ ও ব্যক্তি, স্থান ও সময় সম্পর্কে সচেতন। পরীক্ষায় তার দেহে একাধিক পেটিকিয়া এবং উভয় হাতের তালুতে ব্যথা না থাকা ম্যাকিউল দেখা যায়। একটি নতুন গ্রেড ৩/৬ সিস্টোলিক মর্মর শীর্ষে (অ্যাপেক্স) সর্বোত্তমভাবে শোনা যায়। তিনি আদেশ অনুসরণ করেন, তবে তার কথা গলমল এবং সাধারণ বস্তু নামতে অসুবিধা হয়। বাম দিকের মুখের পেশি দুর্বলতা রয়েছে। বাম উপরের ও নিচের অঙ্গগুলোর পেশীর শক্তি গ্রেড ৪/৫। বাম পাশে ডিপ টেন্ডন রিফ্লেক্স ৩+, এবং ডান পাশে ২+। বাম বড় আঙুলে এক্সটেন্সর রেসপন্স দেখা যায়। ফান্ডোসকোপিক পরীক্ষা রেটিনাল হেমোরেজ দেখায় যার সাদা কেন্দ্র রয়েছে। ল্যাবরেটরি স্টাডি দেখায়:
হিমোগ্লোবিন ১৫.৩ গ্রাম/ডিএল
সাদা রক্তকণিকা গণনা ১২,৩০০/ঘন মিমিলিটার
সোডিয়াম ১৩৬ মিলিইকুইভ্যালেন্ট/লিটার
ক্লোরাইড ১০৩ মিলিইকুইভ্যালেন্ট/লিটার
পটাশিয়াম ৪.৩ মিলিইকুইভ্যালেন্ট/লিটার
গ্লুকোজ ১০৮ মিলিগ্রাম/ডিএল
ক্রিয়াটিনিন ১.১ মিলিগ্রাম/ডিএল
প্রোটিন ১+
গ্লুকোজ নেতিবাচক
রক্ত ১+
ডব্লিউবিসি ১-২/হাই-পাওয়া ফিল্ড
আরবিসি ৭-১০/হাই-পাওয়া ফিল্ড
নিম্নলিখিতগুলোর মধ্যে কোনটি এই ফলাফলের সবচেয়ে সম্ভাব্য কারণ?
A. ফাটলযুক্ত আর্টেরিওভেনাস ম্যালফরমেশন
B. ফাটলযুক্ত স্যাকুলার অ্যানিউরিজম
C. টোড পারালাইসিস
D. টেম্পোরাল এনসেফ্যালাইটিস
E. সেপটিক এমবোলি
F. ইন্ট্রাক্রেনিয়াল টিউমার
G. ক্যারোটিড আর্টারি স্টেনোসিস
H. গভীর প্রবেশকারী ধমনীর ভাসোস্পাজম
I. সংলগ্ন সংক্রমণের বিস্তার",,,,,
R0016,"A 42-year-old woman is brought to the physician by her husband because of a 1-year history of abnormal behavior. During this time she has been irritable, restless, and has had multiple episodes of hearing voices. Over the past month, she has also had difficulty swallowing. She has a 2-year history of depression. She was let go by her employer 6 months ago because she could no longer handle all her tasks and often forgot about assignments. Her father committed suicide at the age of 50. The patient has smoked one pack of cigarettes daily over the past 20 years. She has a history of smoking cocaine for 8 years but stopped 1 year ago. Vital signs are within normal limits. On mental status examination, she is confused and oriented to person and place only. Neurologic examination shows a delayed return to neutral ankle position after triggering the plantar reflex. Physical examination shows irregular, nonrepetitive, and arrhythmic movements of the neck and head. The patient has poor articulation. Which of the following is the most likely diagnosis?
A. Wilson disease
B. Sydenham chorea
C. Creutzfeldt-Jakob disease
D. Parkinson disease
E. Multiple sclerosis
F. Drug-induced chorea
G. Huntington disease","৪২ বছর বয়সী এক নারীকে তার স্বামী তাকে চিকিৎসকের কাছে নিয়ে এসেছে কারণ তিনি এক বছরের অস্বাভাবিক আচরণের ইতিহাস রয়েছে। এই সময়ের মধ্যে তিনি বিরক্ত, অস্থির ছিলেন এবং বহুবার কণ্ঠস্বর শোনার অভিজ্ঞতা পেয়েছেন। গত মাসে তিনি গিলতে অসুবিধা অনুভব করেছেন। তার অবসাদের দুই বছরের ইতিহাস রয়েছে। তিনি ছয় মাস আগে তার নিয়োগকর্তা দ্বারা চাকরি থেকে বরখাস্ত হন কারণ তিনি আর সব কাজ সামলাতে পারছিলেন না এবং প্রায়ই দায়িত্ব ভুলে যেতেন। তাঁর পিতা ৫০ বছর বয়সে আত্মহত্যা করেন। রোগী গত বিশ বছরের মধ্যে প্রতিদিন এক প্যাকেট সিগারেট ধূমপান করেছেন। তিনি আট বছর ধরে কোকেইন ধূমপান করতেন কিন্তু এক বছর আগে বন্ধ করেন। জীবনচিহ্নগুলো স্বাভাবিক সীমার মধ্যে আছে। মানসিক অবস্থা পরীক্ষায়, তিনি বিভ্রান্ত এবং শুধুমাত্র ব্যক্তি ও স্থানের প্রতি দিশা জানেন। স্নায়বিক পরীক্ষা দেখায় যে প্ল্যান্টার রিফ্লেক্স উদ্দীপনা করার পর টাখা পায়ের অবস্থানে ফিরে আসতে বিলম্ব হয়। শারীরিক পরীক্ষায় ঘাড় ও মাথার অনিয়মিত, অপ্রতিবর্তনীয় এবং অনিয়মিত ছন্দের নড়াচড়া দেখা যায়। রোগীর উচ্চারণ দুর্বল। নিম্নলিখিতগুলির মধ্যে কোনটি সবচেয়ে সম্ভাব্য নির্ণয়?
A. উইলসন রোগ
B. সাইডেনহাম কোরিয়া
C. ক্রয়টজফেল্ড-যাকব রোগ
D. পার্কিনসন রোগ
E. মাল্টিপল স্ক্লেরোসিস
F. ঔষধ-প্ররোচিত কোরিয়া
G. হানটিংটন রোগ",,,,,
R0017,"A 24-year-old primigravid woman at 38 weeks' gestation comes to the physician for a prenatal visit. At the last two prenatal visits, transabdominal ultrasound showed the fetus in breech presentation. She has no medical conditions and only takes prenatal vitamins. Her pulse is 95/min, respirations are 16/min, and blood pressure is 130/76 mm Hg. The abdomen is soft and nontender; no contractions are felt. Pelvic examination shows a closed cervical os and a uterus consistent with 38 weeks' gestation. The fetal rate tracing shows a baseline heart rate of 152/min and 2 accelerations over 10 minutes. Repeat ultrasound today shows a persistent breech presentation. The patient states that she would like to attempt a vaginal delivery. Which of the following is the most appropriate next step in management?
A. Recommend cesarean section
B. Observe until spontaneous labor
C. Repeat ultrasound in one week
D. Offer external cephalic version
E. Offer internal podalic version","২৪ বছর বয়সী প্রাইমিগ্রাভিড নারী, গর্ভধারণের ৩৮ সপ্তাহে, গাইনিকাল ভিজিটের জন্য ডাক্তারের কাছে আসেন। শেষ দুইটি গাইনিকাল ভিজিটে, ট্রান্সঅ্যাবডোমিনাল আল্ট্রাসাউন্ডে শিশুটি ব্রিচ পজিশনে দেখা গেছে। তার কোনো চিকিৎসা সংক্রান্ত সমস্যা নেই এবং তিনি শুধুমাত্র প্রি-নাটাল ভিটামিন গ্রহণ করেন। তার পালস ৯৫/মিনিট, শ্বাসপ্রশ্বাসের হার ১৬/মিনিট, এবং রক্তচাপ ১৩০/৭৬ মিমি পারদ। পেট নরম ও অস্বেদনজনক; কোনো সংকোচন অনুভূত হয় না। পেলভিক পরীক্ষা দেখায় বন্ধ সের্ভিকাল ওস এবং গর্ভাশয় ৩৮ সপ্তাহের গর্ভধারণের সঙ্গে সামঞ্জস্যপূর্ণ। ফিটাল রেট ট্রেসিংয়ে বেসলাইন হৃদস্পন্দন ১৫২/মিনিট এবং ১০ মিনিটে ২টি ত্বরান্বিততা দেখা যায়। আজকের পুনরায় আল্ট্রাসাউন্ডে একটি স্থায়ী ব্রিচ পজিশন দেখানো হয়েছে। রোগী জানান তিনি যোনি মাধ্যমে প্রসবের চেষ্টা করতে চান। নিম্নলিখিতগুলির মধ্যে কোনটি ব্যবস্থাপনার সর্বোত্তম পরবর্তী ধাপ?
A. সিজারিয়ান ডেলিভারি সুপারিশ করুন
B. স্বতঃস্ফূর্ত শ্রম পর্যন্ত পর্যবেক্ষণ করুন
C. এক সপ্তাহে পুনরায় আল্ট্রাসাউন্ড করুন
D. বহিঃস্থ সেফ্যালিক ভার্সন প্রস্তাব করুন
E. অভ্যন্তরীণ পডালিক ভার্সন প্রস্তাব করুন",,,,,
R0018,"A 2-month-old girl is admitted to the hospital because of a 1-day history of fever and difficulty breathing. She has also had nasal congestion for 2 days. She was born at 28 weeks' gestation and weighed 1105 g (2 lb 7 oz); she currently weighs 2118 g (4 lb 11 oz). Her neonatal course was complicated by respiratory distress syndrome. She required supplemental oxygen for 36 days following birth. She was diagnosed with bronchopulmonary dysplasia 3 weeks ago. The infant missed an appointment with the pediatrician 2 weeks ago. Her only medication is vitamin D drops. She appears lethargic. Her temperature is 38.6°C (101.4°F), pulse is 160/min, respirations are 55/min, and blood pressure is 80/45 mm Hg. Pulse oximetry on room air shows an oxygen saturation of 87%. Physical examination shows moderate subcostal retractions. Wheezing is heard on auscultation of the chest. Her hemoglobin concentration is 10.5 g/dL, leukocyte count is 13,000/mm3, and platelet count is 345,000/mm3. Mechanic ventilatory support is initiated. After 4 days in the pediatric intensive care unit, the patient dies. Administration of which of the following is most likely to have prevented this patient's outcome?
A. Ribavirin
B. Postnatal glucocorticoid
C. Ceftriaxone
D. Respiratory syncytial virus immune globulin
E. Palivizumab","একটি ২-মাসের মেয়ে হাসপাতালে ভর্তি হয়েছে কারণ তার ১-দিনের জ্বর এবং শ্বাসকষ্টের ইতিহাস রয়েছে। তিনি additionally ২ দিন ধরে নাক বন্ধ থাকা লক্ষণও দেখিয়েছেন। তিনি ২৮ সপ্তাহ গর্ভকালীন সময়ে জন্মগ্রহণ করেন এবং ওজন ছিল ১১০৫ গ্রাম (২ পাউন্ড ৭ আউন্স); বর্তমানে তার ওজন ২১১৮ গ্রাম (৪ পাউন্ড ১১ আউন্স)। তার নবজাতক পর্যায়ের কোর্স শ্বাসযন্ত্র দুর্বলতা সিনড্রোম দ্বারা জটিল হয়েছিল। জন্মের পর তিনি ৩৬ দিন অতিরিক্ত অক্সিজেন গ্রহণ করতেন। তিনি ৩ সপ্তাহ আগে ব্রঙ্কোপুলমোনারি ডাইসপ্লাসিয়া নির্ণয় পেয়েছেন। শিশুটি ২ সপ্তাহ আগে পেডিয়াট্রিশিয়ানের সঙ্গে অ্যাপয়েন্টমেন্ট মিস করেছে। তার একমাত্র ওষুধ হল ভিটামিন ডি ড্রপস। তিনি অলস দেখাচ্ছেন। তার তাপমাত্রা ৩৮.৬ ডিগ্রি সেলসিয়া (১০১.৪ ডিগ্রি ফারেনহাইট), হার ১৬০/মিনিট, শ্বাসের হার ৫৫/মিনিট, এবং রক্তচাপ ৮০/৪৫ মিমি পারদ। কক্ষের বাতাসে পাল্স অক্সিমেট্রি দেখায় অক্সিজেন স্যাচুরেশন ৮৭%। শারীরিক পরীক্ষায় মাঝারি সাবকোস্টাল রিট্র্যাকশন দেখা যায়। বুকে শোনালে হুইজিং শোনা যায়। তার হিমোগ্লোবিন ঘনত্ব ১০.৫ গ্রাম/ডেসিলিটার, সাদা রক্তকণিকা সংখ্যা ১৩,০০০/ঘন মিমিলিটার, এবং প্লেটলেট সংখ্যা ৩৪৫,০০০/ঘন মিমিলিটার। যান্ত্রিক শ্বাসযন্ত্র সহায়তা শুরু করা হয়। শিশু তীব্র সেবা ইউনিটে ৪ দিন পর রোগী মারা যায়। নিম্নের কোনটি প্রদান করলে সম্ভবত এই রোগীর ফলাফল রোধ করা যেতে পারত?
A. রিবাভিরিন
B. পোস্টনাটাল গ্লুকোকর্টিকয়েড
C. সেফট্রায়াক্সোন
D. রেস্পিরেটরি সিনসিটিয়াল ভাইরাস ইমিউন গ্লোবুলিন
E. প্যালিভিজুম্যাব",,,,,
R0019,"A 16-year-old girl comes to the physician with a 4-day history of painful vulvar lesions, generalized fatigue, and malaise. During this period, she has also had dysuria. She is sexually active with 2 male partners and uses condoms inconsistently. Her immunizations are up-to-date; she completed the vaccination course for human papilloma virus 2 months ago. Her temperature is 38.1°C (100.6°F), pulse is 100/min, respirations are 12/min, and blood pressure is 110/70 mm Hg. Pelvic examination shows several shallow ulcers on an erythematous base over the labia majora and minora. There is bilateral, tender inguinal lymphadenopathy. Which of the following is the most appropriate treatment for this patient's condition?
A. Acyclovir therapy
B. Curettage
C. Azithromycin therapy
D. Doxycycline therapy
E. Penicillin therapy","১৬ বছর বয়সী একটি মেয়ে ডাক্তারের কাছে আসে ৪-দিনের ব্যথাযুক্ত ভুলভার ক্ষত, সর্বজনীন ক্লান্তি এবং অস্বস্তির ইতিহাস নিয়ে। এই সময়কালে তার মূত্রত্যাগে ব্যথা (ডাইসুরিয়া) হয়েছে। সে যৌন সক্রিয় এবং ২ পুরুষ সঙ্গীর সঙ্গে সম্পর্ক রাখে ও কন্ডোম অনিয়মিতভাবে ব্যবহার করে। তার টিকাকরণ হালনাগাদ; তিনি মানব প্যাপিলোমা ভাইরাসের টিকা কোর্স শেষ করেছেন ২ মাস আগে। তাপমাত্রা ৩৮.১ ডিগ্রি সেলসিয়া (১০০.৬ ডিগ্রি ফারেনহাইট), পাল্স ১০০/মিনিট, শ্বাসপ্রশ্বাস ১২/মিনিট এবং রক্তচাপ ১১০/৭০ মিমি পারদ। পেলভিক পরীক্ষায় লাবিয়া মেজোরা ও লাবিয়া মিনোরার উপর লালচে ভিত্তিতে বেশ কয়েকটি অগভীর আলসার দেখা যায়। দ্বিপাক্ষিক কোমরের নরম গ্যাঁট ব্যথাযুক্ত। নিম্নলিখিতগুলির মধ্যে কোনটি এই রোগীর অবস্থার জন্য সবচেয়ে উপযুক্ত চিকিৎসা?
A. অ্যাসাইক্লোভির থেরাপি
B. কিউরেটেজ
C. আজিথ্রোমাইসিন থেরাপি
D. ডক্সিসাইক্লিন থেরাপি
E. পেনিসিলিন থেরাপি",,,,,
R0020,"Three days after delivery of a male newborn, a 36-year-old gravida 1, para 1 woman has fever and pain in her left leg. Pregnancy was complicated by premature rupture of membranes; the child was delivered at 35 weeks' gestation by lower segment transverse cesarean section because of a nonreassuring fetal heart rate. The patient has smoked half a pack of cigarettes daily for 5 years and continued to smoke during her pregnancy. Her temperature is 38.9°C (102°F), pulse is 110/min, and blood pressure is 110/80 mm Hg. Examination shows an edematous, erythematous, and warm left leg. Passive dorsiflexion of the left foot elicits pain in the calf. The peripheral pulses are palpated bilaterally. The uterus is nontender and palpated at the umbilicus. Ultrasonography of the left leg shows an incompressible left popliteal vein. Which of the following is the most appropriate initial step in management?
A. Low molecular weight heparin
B. Fasciotomy
C. Embolectomy
D. Urokinase
E. Dicloxacillin
F. Warfarin
G. Graduated compression stockings
H. Reassurance
""","তিন দিন আগে একটি পুরুষ নবজাতকের ডেলিভারির পর, ৩৬ বছর বয়সী গ্র্যাভিডা ১, প্যারা ১ নারীকে জ্বর এবং বাম পায়ে ব্যথা হয়েছে। গর্ভধারণের সময় প্রিমেচার রাপচার অফ মেমব্রেন্স ঘটেছিল; শিশুটি ৩৫ সপ্তাহ গর্ভকালীন অবস্থায় নিম্ন সেগমেন্ট ট্রান্সভার্স সিজেরিয়ান সেকশন দ্বারা ডেলিভার করা হয়েছিল কারণ ফিটাল হার্ট রেট অনিরাপদ ছিল। রোগী পাঁচ বছর ধরে দৈনিক অর্ধ প্যাক সিগারেট ধূমপান করতেন এবং গর্ভাবস্থায়ও চালিয়ে যান। তার তাপমাত্রা ৩৮.৯ ডিগ্রি সেলসিয়াস (১০২ ডিগ্রি ফারেনহাইট), পাল্স ১১০/মিনিট, এবং রক্তচাপ ১১০/৮০ মিমি পারদ। পরীক্ষায় বাম পা ফোলায়া, লালচে এবং উষ্ণ দেখা যায়। বাম পায়ের প্যাসিভ ডোরসিফ্লেক্সন করলে ক্যাল্‌ভে ব্যথা হয়। পার্শ্বিক পাল্স দু'পাশে স্পর্শ করা যায়। গর্ভাশয় নরম এবং নাভির কাছে স্পর্শযোগ্য। বাম পায়ের আল্ট্রাসাউন্ডে বাম পপ্লিটিয়াল শিরা অচাপযোগ্য দেখা যায়। নিম্নের মধ্যে কোনটি ব্যবস্থাপনায় সর্বোত্তম প্রাথমিক পদক্ষেপ?
A. লো মলিকিউলার ওয়েট হেপারিন
B. ফ্যাসিওটমি
C. এম্বোএক্টোমি
D. ইউরোকিনেজ
E. ডিক্লক্সাসিলিন
F. ওয়ারফারিন
G. গ্র্যাজুয়েটেড কম্প্রেশন স্টকিংস
H. আশ্বাস",,,,,
R0021,"A 43-year-old man comes to the physician because of redness and swelling of his right leg. He reports that it is very painful to touch. He has had fever and chills. He has no chest pain or shortness of breath. He has a history of type 2 diabetes mellitus and underwent saphenous vein stripping and ligation in his right leg 3 years ago. He works as a security guard. He does not smoke or drink alcohol. His medications include metformin and sitagliptin. His temperature is 38.7°C (101.7°F), pulse is 99/min, and blood pressure is 138/72 mm Hg. Examination shows an 8-cm, indurated, tender, warm, erythematous skin lesion with sharply demarcated margins. There is no inguinal lymphadenopathy. Toe web intertrigo is noted. Which of the following is the most appropriate next step in management?
A. Oral cephalexin therapy
B. Intravenous cefazolin therapy
C. Compression stockings
D. Symptomatic relief only
E. Surgical debridement
F. Intravenous ciprofloxacin therapy
G. Subcutaneous heparin injection","একজন ৪৩ বছর বয়সী পুরুষ ডান পায়ের লালচে এবং ফোলাভাবের জন্য চিকিৎসকের কাছে আসেন। তিনি জানান যে স্পর্শে এটি খুব ব্যথাযুক্ত। তাকে জ্বর ও কাঁপুনি হয়েছে। তার বুকের ব্যথা বা শ্বাসকষ্ট নেই। তার টাইপ ২ ডায়াবেটিস মেলিটাসের ইতিহাস রয়েছে এবং তিনি তিন বছর আগে ডান পায়ে স্যাফেনিয়াস ভেইন স্ট্রিপিং এবং লিগেশন করিয়ে ছিলেন। তিনি নিরাপত্তা গার্ড হিসেবে কাজ করেন। তিনি ধূমপান বা অ্যালকোহল পান করেন না। তার ওষুধের মধ্যে মেটফরমিন এবং সিটাগ্লিপটিন রয়েছে। তার তাপমাত্রা ৩৮.৭ ডিগ্রি সেলসিয়াস (১০১.৭ ডিগ্রি ফারেনহাইট), নাড়ি প্রতি মিনিটে ৯৯, এবং রক্তচাপ ১৩৮/৭২ মিমি পারদ। পরীক্ষায় দেখা যায় একটি ৮-সেমি, দৃঢ়, স্পর্শে ব্যথাযুক্ত, উষ্ণ, লালচে ত্বকের ক্ষত যার সীমানা পরিষ্কারভাবে নির্ধারিত। কোনও ইনগুইনাল লিম্ফাডেনোপ্যাথি নেই। পা আঙ্গুলের ফাঁকে ইন্টারট্রিগো লক্ষ্য করা হয়েছে। নিম্নলিখিতগুলির মধ্যে কোনটি ব্যবস্থাপনার সর্বাধিক উপযুক্ত পরবর্তী ধাপ হবে?
A. মৌখিক সেফালেক্সিন থেরাপি
B. শিরাপথে সিফাজোলিন থেরাপি
C. কমপ্রেশন স্টকিংস
D. শুধুমাত্র উপসর্গজনিত স্বস্তি
E. শল্যচিকিৎসা ডিব্রাইডমেন্ট
F. শিরাপথে সিপ্রোফ্লোক্সাসিন থেরাপি
G. সাবকিউটেনিয়াস হেপারিন ইনজেকশন",,,,,
R0022,"A 37-year-old woman, gravida 2, para 1, at 35 weeks' gestation is brought to the emergency department for the evaluation of continuous, dark, vaginal bleeding and abdominal pain for one hour. Her first child was delivered by lower segment transverse cesarean section because of a nonreassuring fetal heart rate. The patient has a history of hypertension and has been noncompliant with her hypertensive regimen. Her medications include methyldopa, folic acid, and a multivitamin. Her pulse is 90/min, respirations are 16/min, and blood pressure is 145/90 mm Hg. The abdomen is tender, and hypertonic contractions can be felt. There is blood on the vulva, the introitus, and on the medial aspect of both thighs. The fetus is in a breech presentation. The fetal heart rate is 180/min with recurrent decelerations. Which of the following is the cause of fetal compromise?
A. Rupture of the uterus
B. Placental tissue covering the cervical os
C. Rupture of aberrant fetal vessels
D. Abnormal position of the fetus
E. Detachment of the placenta","৩৭ বছর বয়সী এক নারী, গ্র্যাভিডা ২, প্যারা ১, ৩৫ সপ্তাহের গর্ভধারণে, জরুরি বিভাগে নিয়ে আসা হয়েছে অবিচ্ছিন্ন, অন্ধকার রঙের যোনি রক্তপাত এবং একটি ঘন্টার জন্য পেটের ব্যথার মূল্যায়নের জন্য। তার প্রথম সন্তান নিম্নাংশের ট্র্যান্সভার্স সিজারিয়ান সেকশন দিয়ে ডেলিভারি করা হয়েছিল একটি অনিরাপদ ভ্রূণ হৃদস্পন্দনের কারণে। রোগীর উচ্চ রক্তচাপের ইতিহাস রয়েছে এবং তিনি তার রক্তচাপ নিয়ন্ত্রণের পরিকল্পনায় অঅনুগত ছিলেন। তার ওষুধগুলোর মধ্যে মেথিলডোपा, ফোলিক অ্যাসিড এবং একটি মাল্টিভিটামিন রয়েছে। তার পালস ৯০/মিনিট, শ্বাসপ্রশ্বাস ১৬/মিনিট, এবং রক্তচাপ ১৪৫/৯০ মিমি পারদ। পেটটি সংবেদনশীল, এবং হাইপারটোনিক সংকোচন অনুভূত হয়। ভুল্ভা, ইন্ট্রয়িটাস এবং উভয় উরুর মধ্যভাগে রক্ত রয়েছে। ভ্রূণটি ব্রীচ উপস্থাপনে রয়েছে। ভ্রূণের হৃদস্পন্দন ১৮০/মিনিট, পুনরাবৃত্তি ডিকেলারেশন সহ। নিম্নলিখিতগুলোর মধ্যে কোনটি ভ্রূণ সংকটের কারণ?
A. গর্ভাশয়ের ফাটল
B. সার্ভিকাল ওসকে আচ্ছাদনকারী প্লাসেন্টা টিস্যু
C. অস্বাভাবিক ভ্রূণ রক্তনালী ফাটল
D. ভ্রূণের অস্বাভাবিক অবস্থান
E. প্লাসেন্টার বিচ্ছিন্নতা",,,,,
R0023,"A 26-year-old primigravid woman at 10 weeks' gestation comes to the physician for a prenatal visit. Pregnancy was confirmed by an ultrasound 3 weeks earlier after the patient presented with severe nausea and vomiting. The nausea and vomiting have subsided without medication. She has no vaginal bleeding or discharge. Vital signs are within normal limits. Pelvic examination shows a uterus consistent in size with a 10-week gestation. Transvaginal ultrasonography shows a gestational sac with a mean diameter of 23 mm and an embryo 6 mm in length with absent cardiac activity. Which of the following is the most appropriate next step in management?
A. Serial β-HCG measurements
B. Misoprostol therapy
C. Oxytocin infusion
D. Cervical cerclage
E. Thrombophilia work-up
F. Methotrexate therapy
G. Levonorgestrel therapy","একজন ২৬ বছর বয়সী প্রাইমিগ্রাভিড নারী, গর্ভধারণের ১০ সপ্তাহে, ডাক্তারের কাছে গর্ভকালীন পরিদর্শনের জন্য আসে। গর্ভধারণ নিশ্চিত করা হয়েছিল আল্ট্রাসাউন্ড দ্বারা, রোগী যখন তীব্র বমি ও বমিভাব নিয়ে উপস্থিত হন তার ৩ সপ্তাহ আগে। বমি ও বমিভাব কোনো ঔষধ ছাড়া কমে গেছে। তার কোনও যোনি রক্তপাত বা নিঃসরণ নেই। জীবনচিহ্ন স্বাভাবিক সীমার মধ্যে রয়েছে। পেলভিক পরীক্ষা দেখায় গর্ভের আকারে ১০ সপ্তাহের সঙ্গে সামঞ্জস্যপূর্ণ একটি জরায়ু। ট্রান্সভ্যাজাইনাল আল্ট্রাসাউন্ড দেখায় গর্ভের থলি যার গড় ব্যাসার্ধ ২৩ মিলিমিটার এবং একটি ভ্রূণ যার দৈর্ঘ্য ৬ মিলিমিটার, তবে হৃদস্পন্দন অনুপস্থিত। নিম্নলিখিতগুলোর মধ্যে সর্বাধিক উপযুক্ত পরবর্তী ব্যবস্থা কোনটি?
A. ক্রমিক বেটা-এইচসিজি মাপা
B. মিসোপ্রস্টল থেরাপি
C. অক্সিটোসিন ইনফিউশন
D. সার্ভিক্যাল সার্ক্লেজ
E. থ্রম্বোফিলিয়া ওয়ার্ক-আপ
F. মেথোট্রেক্সেট থেরাপি
G. লেভোনর্গেস্ট্রেল থেরাপি",,,,,
R0024,"A 14-year-old boy is brought to the physician because of fever, malaise, and severe right knee joint pain and swelling for 3 days. He had also had episodes of abdominal pain and epistaxis during this period. Five days ago, he had swelling and pain in his left ankle joint which has since resolved. He reports having a sore throat 3 weeks ago while he was camping in the woods, for which he received symptomatic treatment. His immunizations are up-to-date. His temperature is 38.7°C (101.6°F), pulse is 119/min, and blood pressure is 90/60 mm Hg. Examination shows a swollen, tender right knee; range of motion is limited. There are painless 3- to 4-mm nodules over the elbow. Cardiopulmonary examination is normal. His hemoglobin concentration is 12.3 g/dL, leukocyte count is 11,800/mm3, and erythrocyte sedimentation rate is 58 mm/h. Arthrocentesis of the right knee joint yields clear, straw-colored fluid; no organisms are identified on Gram stain. Analysis of the synovial fluid shows a leukocyte count of 1,350/mm3 with 17% neutrophils. Which of the following is the most likely diagnosis?
A. Acute rheumatic fever
B. Septic arthritis
C. Acute lymphoblastic leukemia
D. Infective endocarditis
E. Lyme disease
F. Kawasaki disease
G. Juvenile idiopathic arthritis
""","১৪ বছর বয়সী একটি ছেলে ডাক্তারের কাছে আনা হয়েছে জ্বর, অস্বস্তি এবং তীব্র ডান হাঁটু সংযোগস্থলের ব্যথা ও ফোলাভাবের জন্য গত ৩ দিন। এই সময়কালে তার পেটের ব্যথা এবং নাক থেকে রক্তপাতের পর্বও ঘটেছিল। পাঁচ দিন আগে, তার বাম গোড়ালির সংযোগস্থলে ফোলাভাব ও ব্যথা ছিল যা এখন সেরে গেছে। তিনি জানান যে তিন সপ্তাহ আগে তিনি জঙ্গলে ক্যাম্পিং করার সময় গলা ব্যথা হয়েছিল, যার জন্য তিনি উপসর্গগত চিকিৎসা পেয়েছিলেন। তার টিকাদান আপডেটেড আছে। তার তাপমাত্রা ৩৮.৭ ডিগ্রি সেলসিয়াস (১০১.৬ ডিগ্রি ফারেনহাইট), পাল্স ১১৯/min, এবং রক্তচাপ ৯০/৬০ মিমি পারদ। পরীক্ষায় দেখা যায় একটি ফোলা, সংবেদনশীল ডান হাঁটু; গতি সীমিত। কনুইয়ের উপর ব্যথাহীন ৩ থেকে ৪-মিমি নডিউল রয়েছে। কার্ডিওফুসের পরীক্ষা স্বাভাবিক। তার হিমোগ্লোবিন ঘনত্ব ১২.৩ গ্রাম/ডেসিলিটার, লিউকোসাইট গণনা ১১৯৮০০/ঘন মিমি, এবং ইরিথ্রোসাইট সেডিমেন্টেশন রেট ৫৮ মিমি/ঘন্টা। ডান হাঁটু সংযোগস্থলের আর্থ্রোসেন্টেসিসে পরিষ্কার, স্ট্রো-রঙের তরল পাওয়া যায়; গ্রাম রঙায়নে কোনো অর্গানিজম সনাক্ত হয়নি। সিনোভিয়াল তরলের বিশ্লেষণে লিউকোসাইট গণনা ১,৩৫০/ঘন মিমি এবং ১৭% নিউট্রোফিল দেখা যায়। নিচের কোনটি সবচেয়ে সম্ভাব্য নির্ণয়?
A. তীব্র রোমাটিক জ্বর
B. সেপটিক আর্থ্রাইটিস
C. তীব্র লিম্ফোব্লাস্টিক লিউকেমিয়া
D. সংক্রমণজনিত এন্ডোকার্ডাইটিস
E. লাইম রোগ
F. কাওসাকি রোগ
G. যুব আইডিওপ্যাথিক আর্থ্রাইটিস",,,,,
R0025,"A 78-year-old man is brought to the physician by his daughter for a follow-up examination. The daughter noticed that he has gradually become more forgetful and withdrawn over the last year. He frequently misplaces his car keys and forgets the names of his neighbors, whom he has known for 30 years. He has difficulty recalling his address and telephone number. He recently had an episode of urinary and fecal incontinence. Last week, his neighbor found him wandering the parking lot of the grocery store. He has hypertension and hyperlipidemia. He had smoked one pack of cigarettes daily for 40 years but quit 18 years ago. His current medications include hydrochlorothiazide and atorvastatin. He appears healthy; BMI is 23 kg/m2. His temperature is 37.2°C (99.0°F), pulse is 86/min, respirations are 14/min, and blood pressure is 136/84 mm Hg. Mini-mental state examination score is 19/30. He is not bothered by his forgetfulness. Cranial nerves II-XII are intact. He has 5/5 strength and full sensation to light touch in all extremities. His patellar, Achilles, and biceps reflexes are 2+ bilaterally. His gait is steady. MRI scan of the brain shows ventriculomegaly and prominent cerebral sulci. Which of the following is the most appropriate pharmacotherapy?
A. Donepezil
B. Thiamine
C. Levodopa and carbidopa
D. Acetazolamide
E. Sertraline
F. Memantine
""","৭৮ বছর বয়সী একজন পুরুষকে তার মেয়ে ডাক্তারের কাছে অনুসরণমূলক পরীক্ষার জন্য নিয়ে এসেছে। মেয়েটি লক্ষ্য করেছেন যে গত এক বছরে তিনি ধীরে ধীরে বেশি ভুলে যাওয়া এবং প্রত্যাহারিত হয়ে গেছেন। তিনি প্রায়ই তার গাড়ির চাবি হারিয়ে ফেলেন এবং তাঁর প্রতিবেশীদের নাম ভুলে যান, যাদেরকে তিনি ৩০ বছর ধরে জানেন। তিনি নিজের ঠিকানা ও টেলিফোন নম্বর স্মরণ করতে সমস্যায় পড়ছেন। সম্প্রতি তিনি মূত্র ও মলত্যাগের অশক্তি ঘটার একটি পর্ব অভিজ্ঞতা করেছেন। গত সপ্তাহে, তাঁর প্রতিবেশী তাকে মুদি দোকানের পার্কিং লটে ঘুরে বেড়াতে দেখেছেন। তার উচ্চ রক্তচাপ এবং হাইপারলিপিডেমিয়া রয়েছে। তিনি ৪০ বছর ধরে প্রতিদিন এক প্যাক সিগারেট ধূমপান করেছেন কিন্তু ১৮ বছর আগে ছেড়ে দিয়েছেন। তাঁর বর্তমান ওষুধের মধ্যে আছে হাইড্রোক্লোরোথায়াজাইড এবং অ্যাটরভাস্ট্যাটিন। তিনি সুস্থ দেখাচ্ছেন; বিএমআই ২৩ কেজি/মি২। তার তাপমাত্রা ৩৭.২ ডিগ্রি সেলসিয়াস (৯৯.০ ডিগ্রি ফারেনহাইট), পাল্স ৮৬/মিনিট, শ্বাসপ্রশ্বাস ১৪/মিনিট, এবং রক্তচাপ ১৩৬/৮৪ মিমি পারদ। মিনি-মেন্টাল স্টেট এক্সামিনেশন স্কোর ১৯/৩০। তিনি তার ভুলে যাওয়া নিয়ে বিরক্ত নন। কর্নীয় স্নায়ু ২-১২ অক্ষত। তাঁর শক্তি ৫/৫ এবং সমস্ত অঙ্গপ্রত্যঙ্গে হালকা স্পর্শে পূর্ণ সংবেদনশীলতা রয়েছে। প্যাটেলার, অ্যাকিলিস এবং বাইসেপ্স রিফ্লেক্স দু' পাশে ২+। তার গতি স্থিতিশীল। মস্তিষ্কের এমআরআই স্ক্যানে ভেন্ট্রিকুলোমেগালি এবং স্পষ্ট সেরিব্রাল সুলসি দেখা যায়। নিম্নলিখিতগুলির মধ্যে কোনটি সর্বোত্তম ফার্মাকোথেরাপি?
A. ডোনেপেজিল
B. থায়ামিন
C. লেভোডোপা এবং কার্বিডোপা
D. অ্যাসিটাজোলামাইড
E. সেরট্রালিন
F. মেম্যান্টাইন",,,,,
R0026,"A 47-year-old woman comes to the physician because of a 3-week history of generalized fatigue, mild fever, abdominal pain, and nausea. She attended the state fair over a month ago, where she tried a number of regional foods, and wonders if it might have been caused by something she ate. She has also noticed darkening of her urine, which she attributes to not drinking enough water recently. She has type 2 diabetes mellitus. She drinks 1-2 beers daily. She works as nursing assistant in a rehabilitation facility. Current medications include glyburide, sitagliptin, and a multivitamin. She appears tired. Her temperature is 38.1°C (100.6°F), pulse is 99/min, and blood pressure is 110/74 mm Hg. Examination shows mild scleral icterus. The liver is palpated 2-3 cm below the right costal margin and is tender. Laboratory studies show:
Hemoglobin 10.6 g/dL
Leukocyte count 11600/mm3
Platelet count 221,000/mm3
Serum
Urea nitrogen 26 mg/dL
Glucose 122 mg/dL
Creatinine 1.3 mg/dL
Bilirubin 3.6 mg/dL
Total 3.6 mg/dL
Direct 2.4 mg/dL
Alkaline phosphatase 72 U/L
AST 488 U/L
ALT 798 U/L
Hepatitis A IgG antibody (HAV-IgG) positive
Hepatitis B surface antigen (HBsAg) positive
Hepatitis B core IgG antibody (anti-HBc) positive
Hepatitis B envelope antigen (HBeAg) positive
Hepatitis C antibody (anti-HCV) negative
Which of the following is the most likely diagnosis?""
A. Inactive chronic hepatitis B infection
B. Acute hepatitis B infection
C. Active chronic hepatitis B infection
D. Resolved acute hepatitis B infection
E. Alcoholic hepatitis
F. Active hepatitis A infection
""","৪৭ বছর বয়সী এক নারী রোগীর কাছে আসেন কারণ তিন-সপ্তাহের সাধারণ ক্লান্তি, হালকা জ্বর, পেটের ব্যথা এবং বমিভাব। তিনি এক মাস আগে রাজ্য মেলায় গিয়েছিলেন, যেখানে তিনি বেশ কিছু আঞ্চলিক খাবার চেষ্টা করেছিলেন, এবং ভাবছেন এটি তার খাওয়া কোনো কিছুর কারণে হতে পারে কিনা। তিনি এছাড়াও তাঁর প্রস্রাবের রঙ গাঢ় হওয়া লক্ষ্য করেছেন, যা তিনি সম্প্রতি পর্যাপ্ত পানি না পান করার ফলে বলে দিচ্ছেন। তাঁর টাইপ ২ ডায়াবেটিস মেলিটাস রয়েছে। তিনি প্রতিদিন ১-২ বিয়ার পান করেন। তিনি একটি পুনর্বাসন সুবিধায় নার্সিং সহকারী হিসেবে কাজ করেন। বর্তমান ওষুধগুলোর মধ্যে গ্লাইবুরাইড, সিটাগ্লিপটিন এবং এক মাল্টিভিটামিন অন্তর্ভুক্ত। তিনি ক্লান্ত দেখাচ্ছেন। তাঁর তাপমাত্রা ৩৮.১ ডিগ্রি সেলসিয়াস (১০০.৬ ডিগ্রি ফারেনহাইট), পাল্স ৯৯/মিনিট, এবং রক্তচাপ ১১০/৭৪ মিমি পারদ। পরীক্ষায় হালকা স্ক্লেরাল জন্ডিস দেখা যায়। লিভারকে ডান দিকের কোস্টাল মার্জিন থেকে ২-৩ সেমি নিচে স্পর্শ করা হয় এবং তা টেন্ডার। ল্যাবরেটরি স্টাডিজ দেখায়:
হিমোগ্লোবিন ১০.৬ গ্রাম/ডেসিলিটার
লিউকোসাইট কাউন্ট ১১৬০০/ঘন মিমিলিটার
প্লেটলেট কাউন্ট ২২১,০০০/ঘন মিমিলিটার
সিরাম
ইউরিয়া নাইট্রোজেন ২৬ মিলিগ্রাম/ডেসিলিটার
গ্লুকোজ ১২২ মিলিগ্রাম/ডেসিলিটার
ক্রিয়াটিনিন ১.৩ মিলিগ্রাম/ডেসিলিটার
বিলিরুবিন ৩.৬ মিলিগ্রাম/ডেসিলিটার
টোটাল ৩.৬ মিলিগ্রাম/ডেসিলিটার
ডাইরেক্ট ২.৪ মিলিগ্রাম/ডেসিলিটার
অ্যালকালাইন ফসফাটেজ ৭২ ইউনিট/লিটার
এএসটি ৪৮৮ ইউনিট/লিটার
এএলটি ৭৯৮ ইউনিট/লিটার
হেপাটাইটিস এ আইজিজি অ্যান্টিবডি (এইচএভি-আইজিজি) পজিটিভ
হেপাটাইটিস বি সারফেস অ্যান্টিজেন (এইচবিএসএজি) পজিটিভ
হেপাটাইটিস বি কোর আইজিজি অ্যান্টিবডি (অ্যান্টি-এইচবিসি) পজিটিভ
হেপাটাইটিস বি এনভেলপ অ্যান্টিজেন (এইচবি-ইএজি) পজিটিভ
হেপাটাইটিস সি অ্যান্টিবডি (অ্যান্টি-এইচসিভি) নেগেটিভ
নিম্নলিখিত কোনটি সবচেয়ে সম্ভাব্য নির্ণয়?
A. নিষ্ক্রিয় দীর্ঘস্থায়ী হেপাটাইটিস বি সংক্রমণ
B. তীব্র হেপাটাইটিস বি সংক্রমণ
C. সক্রিয় দীর্ঘস্থায়ী হেপাটাইটিস বি সংক্রমণ
D. সমাধানপ্রাপ্ত তীব্র হেপাটাইটিস বি সংক্রমণ
E. অ্যালকোহলিক হেপাটাইটিস
F. সক্রিয় হেপাটাইটিস এ সংক্রমণ",,,,,
R0027,"A 30-year-old woman, gravida 1, para 0, at 40 weeks' gestation is admitted to the hospital in active labor. Pregnancy was complicated by iron deficiency anemia treated with iron supplements. At the beginning of the first stage of labor, there are coordinated, regular, rhythmic contractions of high intensity that occur approximately every 10 minutes. Four hours later, the cervix is 100% effaced and 10 cm dilated; the vertex is at -1 station. Over the next two hours, there is minimal change in in fetal descent; vertex is still at -1 station. Fetal birth weight is estimated at the 75th percentile. The fetal heart rate is 145/min and is reactive with no decelerations. Contractions occurs approximately every 2 minutes with adequate pressure. Epidural anesthesia was not given, as the patient is coping well with pain. Which of the following is the most appropriate next step in management?
A. Administration of terbutaline
B. Cesarean section
C. Vacuum-assisted delivery
D. Observation for another hour
E. Forceps delivery
F. Epidural anesthesia","একজন ৩০ বছর বয়সী নারী, গর্ভধারণ ১, পারা ০, ৪০ সপ্তাহের গর্ভাবস্থায় সক্রিয় প্রসবের সময় হাসপাতালে ভর্তি হয়। গর্ভধারণ লৌহ ঘাটতি রক্তাল্পতা দ্বারা জটিল ছিল যা লৌহ সাপ্লিমেন্ট দিয়ে চিকিৎসা করা হয়েছিল। প্রসবের প্রথম স্তরের শুরুর দিকে, সমন্বিত, নিয়মিত, ছন্দময় উচ্চ তীব্রতার সংকোচন ঘটে যা প্রায় প্রতি ১০ মিনিটে একবার হয়। চার ঘণ্টা পরে, সারভিক্স ১০০% ইফেসড এবং ১০ সেমি ডাইলেটেড; ভের্টেক্স -১ স্টেশনে রয়েছে। পরবর্তী দুই ঘণ্টায়, ভ্রূণের অবতরণে ন্যূনতম পরিবর্তন ঘটে; ভের্টেক্স এখনও -১ স্টেশনে রয়েছে। ভ্রূণের জন্ম ওজনকে ৭৫ তম পার্সেন্টাইলে অনুমান করা হয়েছে। ভ্রূণ হৃদস্পন্দন হার প্রতি মিনিটে ১৪৫ এবং এটি রিঅ্যাকটিভ, কোনো ডিকেলারেশন নেই। সংকোচনগুলি প্রায় প্রতি ২ মিনিটে যথাযথ চাপের সঙ্গে ঘটে। ইপিডুরাল অ্যানেস্থেশিয়া দেওয়া হয়নি, কারণ রোগী ব্যথা সামলাতে ভালভাবে পারফর্ম করছেন। নিম্নের মধ্যে কোনটি ব্যবস্থাপনার সর্বোত্তম পরবর্তী ধাপ হবে?
A. টেরবুটালিনের প্রশাসন
B. সিজারিয়ান সেকশন
C. ভ্যাকুয়াম-সহায়িত ডেলিভারি
D. আরও এক ঘণ্টা পর্যবেক্ষণ
E. ফোর্সেপস ডেলিভারি
F. ইপিডুরাল অ্যানেস্থেশিয়া",,,,,
R0028,"A 4-year-old girl is brought to the physician because of a 3-week history of generalized fatigue and easy bruising. During the past week, she has also had fever and severe leg pain that wakes her up at night. Her temperature is 38.3°C (100.9°F), pulse is 120/min, and respirations are 30/min. Examination shows cervical and axillary lymphadenopathy. The abdomen is soft and nontender; the liver is palpated 3 cm below the right costal margin, and the spleen is palpated 2 cm below the left costal margin. Laboratory studies show:
Hemoglobin 10.1 g/dL
Leukocyte count 63,000/mm3
Platelet count 27,000/mm3
A bone marrow aspirate predominantly shows immature cells that stain positive for CD10, CD19, and TdT. Which of the following is the most likely diagnosis?""
A. Leukemoid reaction
B. Hodgkin lymphoma
C. Hairy cell leukemia
D. Aplastic anemia
E. Idiopathic thrombocytopenic purpura
F. Acute myeloid leukemia
G. Acute lymphoblastic leukemia
H. Neuroblastoma
""","৪ বছর বয়সী মেয়ে রোগীর কাছে আনা হয়েছে কারণ তার ৩ সপ্তাহের সাধারণ ক্লান্তি এবং সহজে রক্তক্ষরণ হওয়ার ইতিহাস রয়েছে। গত সপ্তাহে, তার জ্বর এবং তীব্র পা ব্যথা ছিল যা রাতে তাকে জাগিয়ে তুলত। তার তাপমাত্রা ৩৮.৩ ডিগ্রি সেলসিয়া (১০০.৯ ডিগ্রি ফারেনহাইট), পালস ১২০/মিনিট, এবং শ্বাসপ্রশ্বাসের হার ৩০/মিনিট। পরীক্ষায় সার্ভিকাল এবং অ্যাক্সিলারি লিম্ফ নোডের বৃদ্ধি দেখা যায়। উদর নরম এবং অসংবেদনশীল; যকৃত ডান দিকের কস্টাল মার্জিন থেকে ৩ সেন্টিমিটার নিচে স্পর্শ করা যায়, এবং প্লীহা বাম দিকের কস্টাল মার্জিন থেকে ২ সেন্টিমিটার নিচে স্পর্শ করা যায়। ল্যাবরেটরি ফলাফল দেখায়:
হেমোগ্লোবিন ১০.১ গ্রাম/ডেসিলিটার
লিউকোসাইট গণনা ৬৩,০০০/মিলিমিটার3
প্লেটলেট গণনা ২৭,০০০/মিলিমিটার3
একটি হাড়ের মজ্জা অ্যাসপিরেট প্রধানত অপরিপক্ক কোষ দেখায় যা CD10, CD19 এবং TdT এর জন্য ধনাত্মক স্টেইন করে। নিম্নলিখিতগুলির মধ্যে কোনটি সবচেয়ে সম্ভাব্য নির্ণয়?
A. লিউকেময়েড রিঅ্যাকশন
B. হজকিন লিম্ফোমা
C. হেয়ারী সেল লিউকেমিয়া
D. এপ্লাস্টিক অ্যানিমিয়া
E. ইডিওপ্যাথিক থ্রম্বোসাইটোপেনিক পার্পুরা
F. একিউট মায়েলয়েড লিউকেমিয়া
G. একিউট লিম্ফোব্লাস্টিক লিউকেমিয়া
H. নিউরোব্লাস্টোমা",,,,,
R0029,"An obese, 66-year-old woman comes to the physician for a routine health maintenance examination. She feels well but is unhappy about being overweight. She reports that she feels out of breath when walking for more than one block and while climbing stairs. She has tried to lose weight for several years without success. She goes for a walk 3 times a week but she has difficulty following a low-calorie diet. During the past 12 months, she has had two urinary tract infections that were treated with fosfomycin. She has type 2 diabetes mellitus and osteoarthritis. Her only current medication is metformin. She has never smoked. She is 160 cm (5 ft 3 in) tall and weighs 100 kg (220 lb); BMI is 39.1 kg/m2. Vital signs are within normal limits. Physical examination shows cracking in both knees on passive movement. The remainder of the examination shows no abnormalities. Serum studies show an HbA1c of 9.5%, and a fasting serum glucose concentration of 158 mg/dL. An ECG shows no abnormalities. Which of the following is the most appropriate pharmacotherapy?
A. Topiramate
B. Exenatide
C. Pioglitazone
D. Glyburide
E. Acarbose
F. Dapagliflozin
G. Phentermine
H. Saxagliptin
""","একজন স্থূল, ৬৬ বছর বয়সী নারী রুটিন স্বাস্থ্য রক্ষণাবেক্ষণ পরীক্ষার জন্য ডাক্তারের কাছে আসেন। তিনি ভাল অনুভব করেন তবে অতিরিক্ত ওজনের কারণে অসন্তুষ্ট। তিনি জানান যে এক ব্লক এর বেশি হাঁটা এবং সিঁড়ি ওঠার সময় শ্বাসকষ্ট হয়। তিনি কয়েক বছর ধরে ওজন কমানোর চেষ্টা করেছেন কিন্তু সফল হননি। তিনি সপ্তাহে ৩ বার হাঁটতে যান তবে লো-ক্যালোরি ডায়েট অনুসরণ করতে কঠিনতা হয়। গত ১২ মাসে তিনি ২টি মূত্রনালি সংক্রমণ হয়েছে যা ফসফোমাইসিন দিয়ে চিকিৎসা করা হয়েছে। তিনি টাইপ ২ ডায়াবেটিস মেলিটাস এবং অস্টিওআর্থ্রাইটিসে আক্রান্ত। তার বর্তমান একমাত্র ওষুধ হল মেটফরমিন। তিনি কখনো ধূমপান করেননি। তার উচ্চতা ১৬০ সেন্টিমিটার (৫ ফুট ৩ ইঞ্চি) এবং ওজন ১০০ কেজি (২২০ পাউন্ড); বিএমআই হল ৩৯.১ কেজি/বর্গ মিটার। জীবনচিহ্নগুলি স্বাভাবিক সীমার মধ্যে রয়েছে। শারীরিক পরীক্ষায় উভয় হাঁটুর প্যাসিভ আন্দোলনে ক্র্যাকিং দেখা যায়। পরীক্ষার বাকি অংশে কোনো অস্বাভাবিকতা পাওয়া যায়নি। সিরাম পরীক্ষায় হিমোগ্লোবিন এ১সি ৯.৫% এবং উপবাস সিরাম গ্লুকোজ ঘনত্ব ১৫৮ মিলিগ্রাম ডেসিলিটার দেখা যায়। একটি ইসিজি-তে কোনো অস্বাভাবিকতা দেখা যায়নি। নিম্নলিখিতগুলির মধ্যে কোনটি সবচেয়ে উপযুক্ত ফার্মাকোথেরাপি?
A. টপিরামেট
B. এক্সেনাটাইড
C. পিওগ্লিটাজোন
D. গ্লাইবুরাইড
E. অ্যাকারবোজ
F. ডাপাগ্লিফ্লোজিন
G. ফেনটেরমিন
H. স্যাক্সাগ্লিপ্টিন",,,,,
R0030,"An 84-year-old woman is brought to the physician by her son after he found her trying to hang herself from the ceiling because she felt that she was a burden to her family. Her family says that for the past 2 months she has had no energy to leave her room, has been sleeping most of the day, has lost 10 kg (22 lb), and cries every day. She was diagnosed with breast cancer that has metastasized to the liver 4 months ago. She moved in with her son and daughter-in-law shortly after the diagnosis. She initially underwent chemotherapy but discontinued the treatment when the metastases spread to the spine and brain. Her life expectancy is 1-2 weeks and she is currently receiving home-hospice care. Her only current medication is a fentanyl patch. She is 160 cm (5 ft 3 in) tall and weighs 46 kg (101.4 lb); BMI is 18 kg/m2. Her vital signs are within normal limits. Examination shows slow speech, a flat affect, and depressed mood. Which of the following treatments is initially most likely to provide the greatest benefit for this patient?
A. Methylphenidate
B. Electroconvulsive therapy
C. Megestrol
D. Fluoxetine
E. Cognitive behavioral therapy
F. Bupropion","একজন ৮৪ বছর বয়সী নারীকে তার পুত্র ডাক্তারকের কাছে নিয়ে এসেছে যখন তিনি তাকে সিলিং থেকে নিজেকে ঝুলিয়ে মারার চেষ্টা করতে দেখেছিলেন কারণ তিনি অনুভব করছিলেন যে তিনি তাঁর পরিবারে বোঝা। তার পরিবার বলছে যে গত ২ মাসে তিনি ঘর থেকে বের হতে কোনো শক্তি পাননি, দিনের বেশিরভাগ সময় ঘুমিয়ে ছিলেন, ১০ কেজি (২২ পাউন্ড) ওজন কমিয়েছেন, এবং প্রতিদিন কান্না করেন। তিনি ৪ মাস আগে যকৃতের দিকে মেটাস্টেসিস করা স্তন ক্যান্সার নির্ণয় হয়েছিলেন। নির্ণয়ের পরপরই তিনি তাঁর পুত্র ও বৌমায়ের সঙ্গে বসবাসে চলে গেছেন। তিনি প্রথমে কেমোথেরাপি গ্রহণ করেন কিন্তু যখন মেটাস্টেসিস মেরুদণ্ড ও মস্তিষ্কে ছড়িয়ে পড়ে তখন চিকিৎসা বন্ধ করে দেন। তার জীবনের প্রত্যাশা ১-২ সপ্তাহ এবং তিনি বর্তমানে বাড়ি হসপিস সেবা পাচ্ছেন। তাঁর একমাত্র বর্তমান ওষুধ হল একটি ফেন্টানিল প্যাচ। তিনি ১৬০ সেমি (৫ ফুট ৩ ইঞ্চি) উচ্চতা এবং ওজন ৪৬ কেজি (১০১.৪ পাউন্ড); বিএমআই হল ১৮ কেজি/মি২। তার গুরুত্বপূর্ণ চিহ্নগুলি স্বাভাবিক সীমার মধ্যে রয়েছে। পরীক্ষায় ধীর ভাষণ, ফ্ল্যাট আবেগ এবং দুঃখিত মেজাজ দেখা যায়। নিম্নলিখিত কোন চিকিৎসা প্রাথমিকভাবে এই রোগীর জন্য সর্বোচ্চ উপকার প্রদান করার সম্ভাবনা সবচেয়ে বেশি?
A. মেথাইলফেনিডেট
B. ইলেক্ট্রোকনভালসিভ থেরাপি
C. মেগেস্ট্রোল
D. ফ্লুওক্সিটিন
E. কগনিটিভ বিহেভিয়োরাল থেরাপি
F. বুপ্রোপিয়ন",,,,,
R0031,"A 33-year-old woman comes to the physician because of a 4-day history of fever and neck pain that radiates to the jaw and ears. She has also noticed swelling in the front part of her throat since the onset of the pain. She reports feeling anxious and sweating profusely over the past 2 days. She has no history of major illness and takes no medication. Her temperature is 38.1°C (100.6°F), pulse is 95/min, and blood pressure is 140/70 mm Hg. Examination shows moist palms and a bilateral fine resting tremor of the outstretched hands. Examination of the neck shows a thyroid gland that is tender, firm, and enlarged. Serum studies show:
Hemoglobin 12.7 g/dL
ESR 65 mm/h
Serum
Creatinine 0.7 mg/dL
Thyroid-stimulating hormone 0.063 μU/mL
Triiodothyronine (T3) 218 ng/dL
Thyroxine (T4) 88 μg/dL
123I scan shows an enlarged thyroid gland with multiple areas of decreased uptake. Which of the following is the most likely diagnosis?""
A. Subacute thyroiditis
B. Hashimoto thyroiditis
C. Graves disease
D. Thyroid lymphoma
E. Struma ovarii
F. Factitious hyperthyroidism
G. Toxic adenoma","একজন ৩৩-বছরের নারী রোগী ডাক্তারের কাছে আসেন কারণ তিনি গত ৪ দিনের জ্বর এবং গলায় ব্যথা অনুভব করছেন যা চোয়াল ও কানে পর্যন্ত ছড়িয়ে পড়ে। তিনি এছাড়াও ব্যথার সূচনা থেকে তার গলা সামনের অংশে ফোলাভাব লক্ষ্য করেছেন। তিনি রিপোর্ট করেন যে গত ২ দিন ধরে উদ্বিগ্ন বোধ করছেন এবং প্রচণ্ড ঘাম হচ্ছেন। তাঁর কোনো বড় রোগের ইতিহাস নেই এবং তিনি কোনও ওষুধ গ্রহণ করেন না। তাঁর তাপমাত্রা ৩৮.১ ডিগ্রি সেলসিয়া (১০০.৬ ডিগ্রি ফারেনহাইট), পাল্স ৯৫/মিনিট, এবং রক্তচাপ ১৪০/৭০ মিমি পারদ। পরীক্ষায় আর্দ্র তালু এবং দু'পাশের সূক্ষ্ম বিশ্রামকালে হাত নাড়ানোর কম্পন দেখা যায়। গলায় পরীক্ষা করা হলে থাইরয়েড গ্রন্থি স্পর্শে ব্যথাযুক্ত, দৃঢ় ও বড় হয়। সিরাম গবেষণায় দেখা যায়:
হিমোগ্লোবিন ১২.৭ গ্রাম/ডেসিলিটার
ইএসআর ৬৫ মিমি/ঘণ্টা
সিরাম
ক্রিয়েটিনিন ০.৭ মিলিগ্রাম/ডেসিলিটার
থাইরয়েড-স্টিমুলেটিং হরমোন ০.০৬৩ মাইক্রোইউনিট/মিলিলিটার
ট্রায়য়ডোথাইরোনিন (টি৩) ২১৮ ন্যানোগ্রাম/ডেসিলিটার
থাইরক্সিন (টি৪) ৮৮ মাইক্রোগ্রাম/ডেসিলিটার
১২৩আই স্ক্যানে দেখা যায় একটি বড় থাইরয়েড গ্রন্থি যার মধ্যে একাধিক স্থানে গ্রহণ কম। নিম্নলিখিতগুলির মধ্যে কোনটি সবচেয়ে সম্ভাব্য নির্ণয়?
A. সাবঅ্যাকুট থাইরয়েডাইটিস
B. হাশিমোতো থাইরয়েডাইটিস
C. গ্রেভস রোগ
D. থাইরয়েড লিম্ফোমা
E. স্ট্রুমা ওভারিই
F. ফ্যাক্টিশিয়াস হাইপারথাইরয়েডিজম
G. টক্সিক অ্যাডেনোমা",,,,,
R0032,"A previously healthy 5-year-old boy is brought to the physician with a recurring fever and malaise for 3 weeks. He has also had fatigue and loss of appetite. He initially presented 2 weeks ago with a maculopapular rash that has since resolved. At the time, he was given a prescription for amoxicillin-clavulanate. He denies sore throat or myalgias. He is home-schooled and has had no sick contacts. There are no pets at home, but he often visits a feline animal shelter where his mother volunteers. His temperature is 38.4°C (101.2°F). Physical examination shows a 1-cm papular lesion on the back of the right hand. He also has tender, bulky lymphadenopathy of the axillae and groin. Which of the following is the most appropriate next step in management?
A. Doxycycline therapy
B. Pyrimethamine therapy
C. Itraconazole therapy
D. Azithromycin therapy
E. Streptomycin therapy
F. Supportive care alone
""","একজন পূর্বে সুস্থ ৫ বছর বয়সী ছেলে পুনরাবৃত্ত জ্বর এবং অস্বস্তি ৩ সপ্তাহ ধরে নিয়ে ডাক্তারের কাছে আনা হয়। তার ক্লান্তি ও ক্ষুধা হ্রাসও হয়েছে। তিনি প্রথমে ২ সপ্তাহ আগে একটি ম্যাকুলোপ্যাপুলার দাগের সঙ্গে উপস্থিত হন যা তখন থেকে সেরে গেছে। সেই সময় তাকে অ্যামোক্সিসিলিন-ক্লাভুলানেটের প্রেসক্রিপশন দেওয়া হয়েছিল। তিনি গলা ব্যথা বা পেশী ব্যথা নেই বলে জানান। তিনি বাড়িতে হোম-স্কুল করে এবং কোনো অসুস্থ সংস্পর্শ নেই। বাড়িতে পোষা প্রাণী নেই, তবে তিনি প্রায়ই একটি বিড়াল আশ্রয়স্থল পরিদর্শন করেন যেখানে তার মা স্বেচ্ছাসেবক হিসেবে কাজ করেন। তার তাপমাত্রা ৩৮.৪ ডিগ্রি সেলসিয়াস (১০১.২ ডিগ্রি ফারেনহাইট)। শারীরিক পরীক্ষায় ডান হাতের পেছনে ১ সেন্টিমিটার প্যাপুলার ক্ষত দেখা যায়। তিনি অক্ষিল ও গোড়ালির নরম, বড় লিম্ফ নোডের বৃদ্ধি (লিম্ফাডেনোপ্যাথি) রয়েছে। নিম্নের কোনটি ব্যবস্থাপনার সর্বোত্তম পরবর্তী ধাপ হবে?
A. ডক্সিসাইক্লিন থেরাপি
B. পাইরিমেথামিন থেরাপি
C. ইট্রাকোনাজল থেরাপি
D. আজিথ্রোমাইসিন থেরাপি
E. স্ট্রেপটোমাইসিন থেরাপি
F. শুধুমাত্র সহায়ক যত্ন",,,,,
R0033,"A 62-year-old man comes to the physician for evaluation of an increasing right-sided cheek swelling for 2 years. He has had recurrent right-sided oral ulcers for the past 2 months. He has smoked a pack of cigarettes daily for 30 years. He drinks a beer every night. His temperature is 37.1°C (98.8°F), pulse is 71/min, respirations are 14/min, and blood pressure is 129/83 mm Hg. Examination shows a mild, nontender swelling above the angle of the right jaw. There is no overlying erythema or induration. There are multiple shallow ulcers on the right buccal mucosa and mandibular marginal gingiva. There is no lymphadenopathy. Ultrasound shows a soft tissue mass in the parotid gland. An ultrasound-guided biopsy of the mass confirms the diagnosis of parotid adenoid cystic carcinoma. A right-sided total parotidectomy is scheduled. This patient is at greatest risk for which of the following early complications?
A. Hyperesthesia of the right ear lobe
B. Hyperacusis of the right ear
C. Xerostomia when eating
D. Paralysis of the right lower lip
E. Impaired taste and sensation of the posterior 1/3 of the tongue
F. Flushing and sweating of the right cheek while eating","একজন ৬২ বছর বয়সী পুরুষ রোগী ডান পাশে গালের ফোলাভাব বাড়ার জন্য দুই বছর ধরে মূল্যায়নের উদ্দেশ্যে চিকিৎসকের কাছে আসেন। গত ২ মাসে তিনি ডান পাশে পুনরাবৃত্তি মুখের আলসার পেয়েছেন। তিনি প্রতি দিন একটি প্যাকেট সিগারেট ধূমপান করে আসছেন, মোট ৩০ বছর ধরে। প্রতিদিন রাতে তিনি এক বিয়ার পান করেন। তার তাপমাত্রা ৩৭.১ ডিগ্রি সেলসিয়াস (৯৮.৮ ডিগ্রি ফারেনহাইট), পালস ৭১/মিনিট, শ্বাসপ্রশ্বাসের হার ১৪/মিনিট, এবং রক্তচাপ ১২৯/৮৩ মিমি পারদ। পরীক্ষায় ডান জোড়ার কোণ উপরে হালকা, অ-সংবেদনশীল ফোলাভাব দেখা যায়। এর উপর কোনো লালচে রঙ বা কঠোরতা নেই। ডান গালের মিউকোসা এবং নিম্ন চোয়াল প্রান্তিক মাড়িতে একাধিক অগভীর আলসার রয়েছে। লিম্ফ নোডে কোনো বৃদ্ধি নেই। অল্ট্রাসাউন্ডে পারোটিড গ্রন্থিতে একটি নরম টিস্যু গঠন দেখা যায়। গঠনের অল্ট্রাসাউন্ড-নির্দেশিত বায়োপসি পারোটিড অ্যাডেনয়েড সিস্টিক কার্সিনোমা নির্ণয় নিশ্চিত করে। ডান পাশে সম্পূর্ণ পারোটিডেকটমি পরিকল্পনা করা হয়েছে। এই রোগী নিম্নলিখিত কোন প্রাথমিক জটিলতার জন্য সর্বোচ্চ ঝুঁকিতে আছেন?
A. ডান কানের লোবের অতিসংবেদনশীলতা
B. ডান কানের অতিস্বরসংবেদনশীলতা
C. খাবার গ্রহণের সময় মুখের শুষ্কতা
D. ডান পাশে নিচের ঠোঁটের প্যারালাইসিস
E. জিহ্বার পেছনের ১/৩ অংশে স্বাদের এবং সংবেদনের হ্রাস
F. খাবার খাওয়ার সময় ডান গালে লাল হওয়া ও ঘামা",,,,,
R0034,"A 55-year-old man comes to the physician because of a 4-month history of fatigue, increased sweating, and a 5.4-kg (12-lb) weight loss. Over the past 3 weeks, he has had gingival bleeding when brushing his teeth. Twenty years ago, he was diagnosed with a testicular tumor and treated with radiation therapy. His temperature is 37.8°C (100°F), pulse is 70/min, respirations are 12/min, and blood pressure is 130/80 mm Hg. He takes no medications. Cardiopulmonary examination shows no abnormalities. The spleen is palpated 4 cm below the left costal margin. Laboratory studies show:
Hemoglobin 9 g/dL
Mean corpuscular volume 86 μm3
Leukocyte count 110,000/mm3
Segmented neutrophils 24%
Metamyelocytes 6%
Myelocytes 34%
Promyelocytes 14%
Blasts 1%
Lymphocytes 11%
Monocytes 4%
Eosinophils 4%
Basophils 2%
Platelet count 650,000/mm3
Molecular testing confirms the diagnosis. Which of the following is the most appropriate next step in treatment?""
A. All-trans-retinoic acid therapy
B. Rituximab therapy
C. Low-dose aspirin therapy
D. Phlebotomy
E. Vincristine, prednisone, and asparaginase therapy
F. Cytarabine and daunorubicin therapy
G. Allogeneic stem cell transplantation
H. Imatinib therapy","৫৫ বছর বয়সী একজন পুরুষ রোগী ক্লিনিকের কাছে আসেন কারণ তিনি গত ৪-মাস ধরে ক্লান্তি, ঘাম বৃদ্ধি এবং ৫.৪ কেজি (১২ পাউন্ড) ওজন হ্রাস অনুভব করছেন। গত ৩ সপ্তাহে দাঁত ব্রাশ করার সময় মাড়ির রক্তপাত হয়েছে। বিশ বছর আগে তাকে অণ্ডকোষ টিউমার নির্ণয় করা হয়েছিল এবং বিকিরণ থেরাপি দিয়ে চিকিৎসা করা হয়েছিল। তার তাপমাত্রা ৩৭.৮ ডিগ্রি সেলসিয়াস (১০০ ডিগ্রি ফারেনহাইট), পালস ৭০/মিনিট, শ্বাসের হার ১২/মিনিট এবং রক্তচাপ ১৩০/৮০ মিমি পারদ। তিনি কোনো ওষুধ গ্রহণ করেন না। কার্ডিওফুসের পরীক্ষা কোন অস্বাভাবিকতা দেখায়নি। বাম কস্টাল মার্জিনের নিচে পিটটাশয়টি ৪ সেন্টিমিটার নিচে স্পর্শ করা যায়। ল্যাবরেটরি ফলাফল নিম্নরূপ: হিমোগ্লোবিন ৯ গ্রাম/ডেসিলিটার, গড় কর্পাসকুলার ভলিউম ৮৬ মাইক্রোমিটার৩, শ্বেত রক্তকণিকা সংখ্যা ১১০,০০০/মিমি3, সেগমেন্টেড নিউট্রোফিল ২৪%, মেটামাইলোসাইট ৬%, মাইলোসাইট ৩৪%, প্রোমাইলোসাইট ১৪%, ব্লাস্ট ১%, লিম্ফোসাইট ১১%, মনোসাইট ৪%, ইওসিনোফিল ৪%, বেসোফিল ২%, প্লেটলেট সংখ্যা ৬৫০,০০০/মিমি3। অণু পরীক্ষায় নির্ণয় নিশ্চিত হয়েছে। নিম্নের কোনটি সবচেয়ে উপযুক্ত পরবর্তী চিকিৎসা পদক্ষেপ?
A. অল-ট্রান্স-রেটিনোইক অ্যাসিড থেরাপি
B. রিটুক্সিম্যাব থেরাপি
C. কম ডোজ এস্পিরিন থেরাপি
D. ফ্লেবোটমি
E. ভিঙ্ক্রিস্টিন, প্রেডনিসোন এবং অ্যাসপারাজিনেজ থেরাপি
F. সাইটারাবিন এবং ডাউনোরুবিসিন থেরাপি
G. অ্যালোজেনিক স্টেম সেল ট্রান্সপ্ল্যান্টেশন
H. ইমাটিনিব থেরাপি",,,,,
R0035,"An 87-year-old woman is brought to the emergency department 30 minutes after a fall onto a hardwood floor. She landed on her left side and hit the left side of her head. She did not lose consciousness. She has a mild headache over the left temple and severe left hip pain. She has had nasal congestion, a sore throat, and a productive cough for the last 2 days. She has a history of atrial fibrillation, coronary artery disease, hypertension, and osteoporosis. She underwent two coronary artery bypass grafts 5 years ago. She had smoked one pack of cigarettes daily for 30 years but quit 30 years ago. Her current medications include aspirin, apixaban, diltiazem, omeprazole, and vitamin D supplementation. The patient is oriented to person, place, and time. There is a 2-cm ecchymosis over the left temple. Examination of the left hip shows swelling and tenderness; range of motion is limited. Intravenous morphine 2 mg is started. During further examination, the patient complains of dizziness and palpitations. She is diaphoretic and pale. Her skin is cold and clammy. Her pulse is 110/min and faint, respirations are 20/min, and blood pressure is 70/30 mm Hg. Cranial nerves are intact. Cardiac examinations shows no murmurs, rubs, or gallops. An ECG shows absent P waves and nonspecific changes of the ST segment and the T wave. Which of the following is the most likely underlying mechanism for the patient's sudden decline in her condition?
A. Pulmonary embolism
B. Cardiac tamponade
C. Drug reaction
D. Brain herniation
E. Sepsis
F. Myocardial infarction
G. Blood loss","একজন ৮৭ বছর বয়সী নারীকে হার্ডউড মেঝেতে পড়ে যাওয়ার ৩০ মিনিট পরে জরুরি বিভাগে আনা হয়। তিনি তার বাম পাশে নেমে গিয়ে মাথার বাম পাশটি আঘাত করেন। তিনি অচেতন হননি। তাঁর বাম টেম্পলে হালকা মাথাব্যথা এবং বাম হিপে তীব্র ব্যথা রয়েছে। গত ২ দিন ধরে তিনি নাক বন্ধ, গলা ব্যথা এবং উৎপাদনশীল কাশি অনুভব করছেন। তার অতীত রোগের মধ্যে আছে এট্রিয়াল ফিব্রিলেশন, করোনারি আর্টেরি ডিজিজ, উচ্চ রক্তচাপ এবং অস্টিওপোরোসিস। তিনি ৫ বছর আগে দুইটি করোনারি আর্টেরি বাইপাস গ্রাফট করিয়ে নিয়েছেন। তিনি এক প্যাকেট সিগারেট প্রতিদিনের জন্য ৩০ বছর ধূমপান করেছেন কিন্তু ৩০ বছর আগে ছেড়েছেন। তার বর্তমান ওষুধগুলোর মধ্যে রয়েছে অ্যাস্পিরিন, এপিক্সাবান, ডিল্টিয়াজেম, ওমেপ্রাজল এবং ভিটামিন ডি সাপ্লিমেন্টেশন। রোগী ব্যক্তি, স্থান এবং সময়ে দিকনির্দেশিত। বাম টেম্পলে ২ সেমি ইকচিমোসিস রয়েছে। বাম হিপের পরীক্ষা দেখায় ফোলাভাব ও সংবেদনশীলতা; গতি সীমিত। শিরাপথে মরফিন ২ মিলিগ্রাম শুরু করা হয়। আরও পরীক্ষার সময় রোগী মাথা ঘোরা এবং হৃদস্পন্দনের অস্বস্তি জানিয়ে বলেন। তিনি ঘামাচ্ছেন এবং বর্ণহীন। তার ত্বক ঠাণ্ডা ও আর্দ্র। তার পালস ১১০/মিনিট এবং দুর্বল, শ্বাসপ্রশ্বাস ২০/মিনিট, এবং রক্তচাপ ৭০/৩০ মিমি পারদ। করোটিক স্নায়ু অক্ষত। কার্ডিয়াক পরীক্ষায় কোন মর্মর শব্দ, রাব বা গ্যালপ নেই। ইসিজি দেখায় পি ওয়েভ অনুপস্থিত এবং এসটি সেগমেন্ট ও টি ওয়েভের অ-নির্দিষ্ট পরিবর্তন। নিম্নলিখিতগুলোর মধ্যে কোনটি রোগীর হঠাৎ অবনতির সবচেয়ে সম্ভাব্য অন্তর্নিহিত প্রক্রিয়া?
A. পাল্মোনারি এমবোলিজম
B. কার্ডিয়াক ট্যাম্পোনেড
C. ঔষধ প্রতিক্রিয়া
D. মস্তিষ্ক হার্নিয়েশন
E. সেপসিস
F. মায়োকার্ডিয়াল ইনফার্কশন
G. রক্তক্ষতি",,,,,
R0036,"A 40-year-old woman, gravida 2, para 2, comes to the physician because of fatigue, nausea, joint pain, and mild flank pain for 2 months. She has refractory acid reflux and antral and duodenal peptic ulcers for which she takes omeprazole. She also has chronic, foul-smelling, light-colored diarrhea. Five years ago she was successfully treated for infertility with bromocriptine. She reports recently feeling sad and unmotivated at work. She does not smoke or drink alcohol. She is 175 cm (5 ft 9 in) tall and weighs 100 kg (220 lb); BMI is 32.7 kg/m2. Her temperature is 37°C (98.8°F), pulse is 78/min, and blood pressure is 150/90 mm Hg. Cardiopulmonary examination shows no abnormalities. The abdomen is moderately distended and diffusely tender to palpation. There is mild costovertebral angle tenderness. Her serum calcium concentration is 12 mg/dL, phosphorus concentration is 2 mg/dL, and parathyroid hormone level is 900 pg/mL. Abdominal ultrasound shows mobile echogenic foci with acoustic shadowing in her ureteropelvic junctions bilaterally. A mutation in which of the following genes is most likely present in this patient?
A. NF2
B. VHL
C. C-Kit
D. RET
E. MEN1","৪০ বছর বয়সী এক নারী, গ্র্যাভিডা ২, প্যারা ২, ক্লান্তি, বমিভাব, সন্ধির ব্যথা এবং ২ মাসের জন্য হালকা ফ্ল্যাঙ্ক ব্যথার কারণে ডাক্তারের কাছে আসেন। তার প্রতিরোধী অ্যাসিড রিফ্লাক্স এবং অ্যানট্রাল ও ডুওডেনাল পেপ্টিক আলসার আছে যার জন্য তিনি ওমিপ্রাজল গ্রহণ করেন। এছাড়াও তার দীর্ঘস্থায়ী, দুর্গন্ধযুক্ত, হালকা রঙের ডায়রিয়া রয়েছে। পাঁচ বছর আগে তিনি ব্রোমোক্রিপটিন দিয়ে সফলভাবে বন্ধ্যাত্বের চিকিৎসা করিয়েছেন। তিনি সম্প্রতি কাজের সময় দুঃখিত এবং অনুপ্রাণহীন বোধ করার কথা জানান। তিনি ধূমপান বা অ্যালকোহল পান করেন না। তার উচ্চতা ১৭৫ সেন্টিমিটার (৫ ফুট ৯ ইঞ্চি) এবং ওজন ১০০ কেজি (২২০ পাউন্ড); বিএমআই ৩২.৭ কেজি/মি২। তার তাপমাত্রা ৩৭ ডিগ্রি সেলসিয়াস (৯৮.৮ ডিগ্রি ফারেনহাইট), পাল্স প্রতি মিনিটে ৭৮, এবং রক্তচাপ ১৫০/৯০ মিমি পারদ। কার্ডিওফুসফুসীয় পরীক্ষায় কোনো অস্বাভাবিকতা দেখা যায়নি। পেট মাঝারি ভাবে ফুলে আছে এবং স্পর্শে বিস্তৃতভাবে সংবেদনশীল। হালকা কস্টোভার্টিব্রাল কোণ ব্যথা রয়েছে। তার সিরাম ক্যালসিয়াম ঘনত্ব ১২ মিলিগ্রাম/ডেসিলিটার, ফসফরাস ঘনত্ব ২ মিলিগ্রাম/ডেসিলিটার, এবং প্যারাথাইরয়েড হরমোন স্তর ৯০০ পিকোগ্রাম/মিলিলিটার। পেটের আল্ট্রাসাউন্ডে উভয় পার্শ্বে ইউরেটারোপেলভিক জংশনে চলনশীল ইকোজেনিক ফোকি সঙ্গে আকৌস্টিক শ্যাডোইং দেখা যায়। নিম্নলিখিত কোন জিনের মিউটেশন এই রোগীর মধ্যে সবচেয়ে সম্ভাবনা রয়েছে?
A. এনএফ২
B. ভিএইচএল
C. সি-কিট
D. আরইটি
E. এমইএন১",,,,,
R0037,"A 70-year-old man comes to the physician because of intermittent shortness of breath while going up stairs and walking his dog. It began about 1 month ago and seems to be getting worse. He has also developed a dry cough. He has not had any wheezing, fevers, chills, recent weight loss, or shortness of breath at rest. He has a history of Hodgkin lymphoma, for which he was treated with chemotherapy and radiation to the chest 7 years ago. He also has hypertension, for which he takes lisinopril. Ten years ago, he retired from work in the shipbuilding industry. He has smoked half a pack of cigarettes daily since the age of 21. Vital signs are within normal limits. On lung auscultation, there are mild bibasilar crackles. A plain x-ray of the chest shows bilateral ground-glass opacities at the lung bases and bilateral calcified pleural plaques. Which of the following is the greatest risk factor for this patient's current condition?
A. Occupational exposure
B. Smoking
C. Advanced age
D. Family history
E. Radiation therapy","৭০ বছর বয়সী একজন পুরুষ শ্বাসকষ্টের অন্তর্বর্তী উপসর্গে ডাক্তারের কাছে আসেন যখন তিনি সিঁড়ি ওঠেন এবং কুকুরকে হাঁটান। এটি প্রায় ১ মাস আগে শুরু হয়েছিল এবং খারাপ হচ্ছে বলে মনে হয়। তিনি এখন একটি শুকনো কাশিও পেয়েছেন। তার কোনও শ্বাসের হুইজিং, জ্বর, কম্পন, সাম্প্রতিক ওজন হ্রাস বা বিশ্রামে শ্বাসকষ্ট নেই। তার ইতিহাসে হডগকিন লিম্ফোমা রয়েছে, যার জন্য তিনি ৭ বছর আগে কেমোথেরাপি এবং বুকে বিকিরণ দিয়ে চিকিৎসা করিয়েছিলেন। এছাড়াও তার উচ্চ রক্তচাপ আছে, যার জন্য তিনি লিসিনোপ্রিল গ্রহণ করেন। দশ বছর আগে, তিনি জাহাজ নির্মাণ শিল্পে কাজ থেকে অবসর নিয়েছেন। তিনি ২১ বছর বয়স থেকে প্রতিদিন অর্ধেক প্যাকেট সিগারেট ধূমপান করছেন। জীবনচিহ্নগুলি স্বাভাবিক সীমার মধ্যে রয়েছে। ফুসফুস শোনার সময়, হালকা দুবেসিলার ক্র্যাকলস দেখা যায়। একটি সাধারণ বক্ষ এক্স-রে দেখায় ফুসফুসের ভিত্তিতে দ্বিপাক্ষিক গ্রাউন্ড-গ্লাস অস্বচ্ছতা এবং দ্বিপাক্ষিক ক্যালসিফাইড প্লুরাল প্লাক। নিম্নলিখিতগুলির মধ্যে কোনটি এই রোগীর বর্তমান অবস্থার জন্য সর্বোচ্চ ঝুঁকি কারণ?
A. পেশাগত সংস্পর্শ
B. ধূমপান
C. উন্নত বয়স
D. পারিবারিক ইতিহাস
E. রেডিয়েশন থেরাপি",,,,,
R0038,"An 11-year-old boy is brought to the physician by his mother because of a pruritic generalized rash for 2 days. He returned from a 3-day outdoor summer camp 1 week ago. During his time there, one child was sent home after being diagnosed with measles. The patient was diagnosed with a seizure disorder 6 weeks ago and he has asthma. Current medications include carbamazepine and an albuterol inhaler. His immunization records are unavailable. His temperature is 38.4°C (101.1°F), pulse is 88/min, and blood pressure is 102/60 mm Hg. Examination shows facial edema and a diffuse rash over the face, trunk, and extremities. There is cervical and inguinal lymphadenopathy. The remainder of the examination shows no abnormalities. Which of the following is the most appropriate next step in management?
A. Discontinue carbamazepine
B. Perform measles serology
C. Heterophile antibody test
D. Administer penicillin therapy
E. Perform rapid plasma reagin test
F. Administer topical miconazole
G. Perform rickettsial serology","১১ বছর বয়সী একটি ছেলে তার মায়ের মাধ্যমে ডাক্তারের কাছে আনা হয়েছে কারণ তাকে দুই দিন ধরে চুলকানিযুক্ত সাধারণ র্যাশ রয়েছে। তিনি এক সপ্তাহ আগে তিন দিনের বাইরে গ্রীষ্মকালীন ক্যাম্প থেকে ফিরে এসেছেন। সেখানে থাকাকালীন, একজন শিশুকে হাম রোগ নির্ণয় হয়ে বাড়ি পাঠানো হয়েছিল। রোগীকে ছয় সপ্তাহ আগে সিজার ব্যাধি নির্ণয় করা হয়েছে এবং তার হাঁপানিও আছে। বর্তমান ওষুধের মধ্যে রয়েছে কার্বামাজেপিন এবং অ্যালবুটেরল ইনহেলার। টিকাদানের রেকর্ড পাওয়া যায়নি। তার তাপমাত্রা ৩৮.৪ ডিগ্রি সেলসিয়াস (১০১.১ ডিগ্রি ফারেনহাইট), নাড়ির হার ৮৮/min, এবং রক্তচাপ ১০২/৬০ মিমি পারদ। পরীক্ষায় মুখে ফোলাভাব এবং মুখ, দেহের মূল ও অঙ্গপ্রত্যঙ্গে বিস্তৃত র্যাশ দেখা যায়। গলা ও ইনগুইনাল লিম্ফ নোডে ফোলাভাব রয়েছে। বাকি পরীক্ষা কোনো অসামান্যতা দেখায় না। নিম্নলিখিতগুলির মধ্যে কোনটি ব্যবস্থাপনার সর্বাধিক উপযুক্ত পরবর্তী ধাপ?
A. কার্বামাজেপিন বন্ধ করুন
B. হাম সেরোলজি সম্পাদন করুন
C. হেটারোফাইল অ্যান্টিবডি টেস্ট
D. পেনিসিলিন থেরাপি দিন
E. র‍্যাপিড প্লাজমা রেগেইন টেস্ট করুন
F. টপিক্যাল মিকোনাজোল দিন
G. রিকেটসিয়াল সেরোলজি সম্পাদন করুন",,,,,
R0039,"A 28-year-old woman comes to the physician because she is unable to conceive for 3 years. She and her partner are sexually active and do not use contraception. They were partially assessed for this complaint 6 months ago. Analysis of her husband's semen has shown normal sperm counts and hormonal assays for both partners were normal. Her menses occur at regular 28-day intervals and last 5 to 6 days. Her last menstrual period was 2 weeks ago. She had a single episode of urinary tract infection 4 years ago and was treated with oral antibiotics. Vaginal examination shows no abnormalities. Bimanual examination shows a normal-sized uterus and no palpable adnexal masses. Rectal examination shows no abnormalities. Which of the following is the most appropriate next step in diagnosis?
A. Psychological counseling only
B. Postcoital testing
C. Hysteroscopy
D. Hysterosalpingogram
E. Chromosomal karyotyping
F. Endometrial biopsy","একজন ২৮-বছর বয়সী নারী ডাক্তারের কাছে আসেন কারণ তিনি গত ৩ বছর ধরে গর্ভধারণ করতে পারছেন না। তিনি এবং তার সঙ্গী যৌন সক্রিয় এবং কোনো গর্ভনিরোধক ব্যবহার করেন না। এই সমস্যার জন্য তাদের আংশিকভাবে মূল্যায়ন করা হয়েছিল ৬ মাস আগে। তার স্বামীর শুক্রাণু বিশ্লেষণে স্বাভাবিক শুক্রাণুর সংখ্যা দেখা গেছে এবং উভয় সঙ্গীর হরমোন পরীক্ষা স্বাভাবিক ছিল। তার মাসিক নিয়মিত ২৮-দিনের অন্তর ঘটে এবং ৫ থেকে ৬ দিন স্থায়ী হয়। তার শেষ মাসিক দুই সপ্তাহ আগে ছিল। তিনি চার বছর আগে একটি মূত্রনালী সংক্রমণের একক ঘটনা ঘটেছিলেন এবং মৌখিক অ্যান্টিবায়োটিক দিয়ে চিকিৎসা করা হয়েছিল। যোনি পরীক্ষা কোনো অস্বাভাবিকতা দেখায় না। দুই-হাতের পরীক্ষায় স্বাভাবিক আকারের গর্ভাশয় দেখা যায় এবং কোনও স্পর্শযোগ্য অ্যাডনেক্সাল টিউমার নেই। রেক্টাল পরীক্ষা কোনো অস্বাভাবিকতা দেখায় না। নিম্নলিখিতগুলির মধ্যে কোনটি নির্ণয়ের সর্বোত্তম পরবর্তী ধাপ হবে?
A. শুধুমাত্র মানসিক পরামর্শ
B. সহবাস-পরবর্তী পরীক্ষা
C. হিস্টারোস্কপি
D. হিস্টেরোস্যাল্পিঙ্গোগ্রাম
E. ক্রোমোজোম ক্যারিওটাইপিং
F. এন্ডোমেট্রিয়াল বায়োপসি",,,,,
R0040,"A 22-year-old man comes to the physician because of a fall associated with a 6-month history of increasing difficulty walking. Over the last year, his friends have also noticed his speech becoming slower. During this period, he also gave up his hobby of playing video games because he has become clumsy with his hands. His father died of esophageal varices at the age of 40 years. The patient does not smoke or drink alcohol. He takes no medications. He appears sad. His temperature is 37°C (98.6°F), pulse is 70/min, and blood pressure is 120/80 mm Hg. He is alert and oriented to person, place, and time. His speech is slurred and monotonous; his gait is unsteady. Examination shows scleral icterus and some drooling. The liver is palpated 2 to 3 cm below the right costal margin, and the spleen is palpated 1 to 2 cm below the left costal margin. Further evaluation of this patient is most likely to show which of the following findings?
A. Increased transferrin saturation
B. Increased number of CAG repeats
C. Oligoclonal bands on CSF analysis
D. Ventriculomegaly on CT scan of the brain
E. Ground glass hepatocytes on liver biopsy
F. Low serum ceruloplasmin concentration","২২ বছর বয়সী একজন পুরুষ রোগী পতনের কারণে ডাক্তারের কাছে আসেন, যার সঙ্গে ৬-মাসের হাঁটা কঠিন হওয়ার ইতিহাস রয়েছে। গত এক বছর ধরে তার বন্ধুরাও লক্ষ্য করেছেন যে তার কথা ধীর হয়ে যাচ্ছে। এই সময়ে তিনি ভিডিও গেম খেলার শখ ত্যাগ করেছেন কারণ হাত নড়াচড়া অদক্ষ হয়েছে। তার বাবা ইসোফেজিয়াল ভ্যারাইসেসে ৪০ বছর বয়সে মারা গেছেন। রোগী ধূমপান বা মদ পান করেন না। তিনি কোনো ওষুধ নেন না। তিনি দুঃখী দেখাচ্ছেন। তার তাপমাত্রা ৩৭ ডিগ্রি সেলসিয়াস (৯৮.৬ ডিগ্রি ফারেনহাইট), পালস ৭০/মিনিট, এবং রক্তচাপ ১২০/৮০ মিমি পারদ। তিনি সতর্ক এবং ব্যক্তি, স্থান ও সময় সম্পর্কে সচেতন। তার কথা গলায় ধরা এবং একঘেয়ে; তার হাঁটা অস্থির। পরীক্ষায় স্ক্লেরাল জন্ডিস এবং কিছু থুতু দেখা যায়। যকৃত ডান দিকের কস্টাল মার্জিনের নিচে ২ থেকে ৩ সেমি স্পর্শ করা যায়, এবং প্লীহা বাম দিকের কস্টাল মার্জিনের নিচে ১ থেকে ২ সেমি স্পর্শ করা যায়। এই রোগীর অতিরিক্ত মূল্যায়নে সম্ভবত নিম্নলিখিত কোনটি দেখা যাবে?
A. বর্ধিত ট্রান্সফেরিন সন্তৃপ্তি
B. সি-এ-জি রিপিটের সংখ্যা বৃদ্ধি
C. সিএসএফ বিশ্লেষণে অলিগোক্লোনাল ব্যান্ড
D. মস্তিষ্কের সিটি স্ক্যানে ভেন্ট্রিকুলোমেগালি
E. যকৃত বায়োপসিতে গ্রাউন্ড গ্লাস হেপাটোসাইট
F. কম সিরাম সেরুলোপ্রেসিন ঘনত্ব",,,,,
R0041,"A 45-year-old woman comes to the physician because of fatigue and irregular menstrual cycles for the past year. She also complains of recurrent sinus infections. During the past 6 months, she has had increased urinary frequency and swelling of her feet. She has also had difficulty lifting her 3-year-old niece for the past 3 weeks. She was recently diagnosed with depression. She works as a medical assistant. The patient has smoked one half-pack of cigarettes daily for 25 years and drinks four beers on the weekends. Her only medication is escitalopram. She is 160 cm (5 ft 3 in) tall and weighs 79 kg (175 lb); BMI is 31 kg/m2. She appears tired. Her temperature is 37°C (98.6°F), pulse is 80/min, respirations are 18/min, and blood pressure is 140/82 mm Hg. Physical examinations shows neck obesity and an enlarged abdomen. Examination of the skin shows multiple bruises on her arms and legs. There is generalized weakness and atrophy of the proximal muscles. Laboratory studies show:
Serum
Na+ 150 mEq/L
K+ 3.0 mEq/L
Cl- 103 mEq/L
HCO3- 30 mEq/L
Urea nitrogen 19 mg/dL
Creatinine 0.9 mg/dL
Glucose 136 mg/dL
A 1 mg overnight dexamethasone suppression test shows a serum cortisol of 167 nmol/L (N < 50) and a 24-hour urinary cortisol is 425 μg (N < 300 μg). Serum ACTH is 169 pg/mL (N = 7-50). Subsequently, a high-dose dexamethasone suppression test shows a serum cortisol level of 164 nmol/L (N < 50). Which of the following is the most likely underlying cause of this patient's symptoms?""
A. Exogenous corticosteroid administration
B. Pituitary adenoma
C. Adrenal carcinoma
D. Hypothyroidism
E. Pheochromocytoma
F. Small cell lung cancer
G. Adrenal adenoma","৪৫ বছর বয়সী এক নারী ক্লিনিকের কাছে আসেন কারণ গত এক বছরের জন্য ক্লান্তি এবং অনিয়মিত মাসিক চক্র। তিনি পুনরাবৃত্ত সাইনাস সংক্রমণের অভিযোগও করেন। গত ৬ মাসে, তিনি বাড়তি মূত্রত্যাগ এবং পায়ের ফোলাভাব অনুভব করেছেন। অতিরিক্তভাবে, গত ৩ সপ্তাহ ধরে তার ৩ বছর বয়সী ভাতিজিকে তুলতে অসুবিধা হয়েছে। সম্প্রতি তাকে বিষণ্নতা নির্ণয় করা হয়েছে। তিনি মেডিকেল অ্যাসিস্ট্যান্ট হিসেবে কাজ করেন। রোগী প্রতি দিন অর্ধ-প্যাক সিগারেট ধূমপান করেছেন গত ২৫ বছর এবং সপ্তাহান্তে চারটি বিয়ার পান করেন। তার একমাত্র ওষুধ হল এসসিট্যালোপ্রাম। তিনি ১৬০ সেন্টিমিটার (৫ ফুট ৩ ইঞ্চি) লম্বা এবং ৭৯ কেজি (১৭৫ পাউন্ড) ওজনের; বিএমআই ৩১ কেজি/মি২। তিনি ক্লান্ত দেখায়। তার তাপমাত্রা ৩৭ ডিগ্রি সেলসিয়াস (৯৮.৬ ডিগ্রি ফারেনহাইট), পাল্স ৮০/মিনিট, শ্বাসপ্রশ্বাস ১৮/মিনিট, এবং রক্তচাপ ১৪০/৮২ মিমি পারদ। শারীরিক পরীক্ষায় গলায় স্থূলতা এবং বড়ো পেট দেখা যায়। ত্বকের পরীক্ষা দেখায় বাহু ও পাে একাধিক নীলচে দাগ। সাধারণ দুর্বলতা এবং প্রোক্সিমাল পেশির অট্রফি রয়েছে। ল্যাবরেটরি ফলাফল দেখায়:
সিরাম
সোডিয়াম ১৫০ মিলিইকুইভ্যালেন্ট/লিটার
পটাশিয়াম ৩.০ মিলিইকুইভ্যালেন্ট/লিটার
ক্লোরাইড ১০৩ মিলিইকুইভ্যালেন্ট/লিটার
বাইকার্বনেট ৩০ মিলিইকুইভ্যালেন্ট/লিটার
ইউরিয়া নাইট্রোজেন ১৯ মিলিগ্রাম/ডেসিলিটার
ক্রিয়াটিনিন ০.৯ মিলিগ্রাম/ডেসিলিটার
গ্লুকোজ ১৩৬ মিলিগ্রাম/ডেসিলিটার
১ মিলিগ্রাম রাতভর ডেক্সামেথাসোন দমন পরীক্ষায় সিরাম কর্টিসল ১৬৭ ন্যানোমোল/লিটার (স্বাভাবিক < ৫০) এবং ২৪-ঘণ্টা মূত্রে কর্টিসল ৪২৫ মাইক্রোগ্রাম (স্বাভাবিক < ৩০০ মাইক্রোগ্রাম)। সিরাম এসিটিএইচ ১৬৯ পিকোগ্রাম/মিলিলিটার (স্বাভাবিক = ৭-৫০)। পরবর্তীতে, উচ্চ-ডোজ ডেক্সামেথাসোন দমন পরীক্ষায় সিরাম কর্টিসল স্তর ১৬৪ ন্যানোমোল/লিটার (স্বাভাবিক < ৫০) দেখা যায়। নিম্নের কোনটি এই রোগীর উপসর্গগুলোর সবচেয়ে সম্ভাব্য অন্তর্নিহিত কারণ?
A. বহিঃস্থ কর্টিকোস্টেরয়েড গ্রহণ
B. পিটুইটারি অ্যাডেনোমা
C. অ্যাড্রিনাল কার্সিনোমা
D. হাইপোথাইরয়েডিজ়ম
E. ফিওক্রোমোসাইটোমা
F. স্মল সেল লাং ক্যান্সার
G. অ্যাড্রিনাল অ্যাডেনোমা",,,,,
R0042,"A 29-year-old male is brought to the emergency department 20 minutes after sustaining a stab wound to the right chest. First-responders found the patient sitting on the curb smoking a cigarette, complaining of pain where he had been stabbed. On arrival, he is alert. His temperature is 36.8°C (98.2°F), pulse is 110/min, respirations are 16/min, and blood pressure is 112/70 mmHg. Pulse oximetry on room air shows an oxygen saturation of 97%. Examination shows several 1-2 cm lacerations and ecchymoses over the face and trunk. There is no neck crepitus. There is a pocket knife in the right fourth intercostal space at the anterior axillary line and blood oozing out of the wound. There is no bubbling of the blood at the wound. The lungs are clear to auscultation with equal breath sounds. The remainder of the examination shows no abnormalities. A chest x-ray shows the knife in situ extending into the right thorax. Which of the following is the most appropriate next step in management?
A. Right needle thoracostomy
B. Right tube thoracostomy
C. Endotracheal intubation
D. Cricothyroiditomy
E. CT scan of the chest
F. Insertion of a laryngeal mask","২৯ বছর বয়সী একজন পুরুষকে জরুরি বিভাগে আনা হয়েছে ডান বুকের দিকে ছুরিকাঘাতের পর ২০ মিনিট পরে। প্রথম প্রতিক্রিয়াকারীরা রোগীকে ফুটপাথে বসে সিগারেট ধূমপান করতে দেখতে পেয়েছেন, যেখানে তাকে ছুরিকাঘাত করা হয়েছিল সেই স্থানে ব্যথা নিয়ে অভিযোগ করছেন। পৌঁছানোর সময় তিনি সচেতন। তার তাপমাত্রা ৩৬.৮ ডিগ্রি সেলসিয়া (৯৮.২ ডিগ্রি ফারেনহাইট), পালস ১১০/মিনিট, শ্বাসপ্রশ্বাসের হার ১৬/মিনিট, এবং রক্তচাপ ১১২/৭০ মিমি পারদ। কক্ষের বাতাসে অক্সিজেন স্যাচুরেশন পল্স ওক্সিমেট্রি দেখায় ৯৭%। পরীক্ষায় মুখ ও দেহে কয়েকটি ১-২ সেন্টিমিটার কাট এবং ইক্কাইমোসিস দেখা যায়। গলায় কোনো ক্রিপিটাস নেই। ডান চতুর্থ ইন্টারকোস্টাল স্পেসে অ্যান্টেরিয়র অ্যাক্সিলারি লাইনে একটি পকেট নাইফ রয়েছে এবং ক্ষতের থেকে রক্ত নিঃসরণ হচ্ছে। ক্ষেতে রক্তের বুদবুদ দেখা যায় না। শ্বাসযন্ত্র শোনার সময় পরিষ্কার এবং উভয় পাশে সমান শ্বাসধ্বনি শোনা যায়। পরীক্ষার বাকি অংশে কোনো অস্বাভাবিকতা দেখা যায় না। একটি চেস্ট এক্স-রে দেখায় যে নাইফ স্থানে রয়েছে এবং ডান থোর্যাক্সে প্রসারিত হয়েছে। নিম্নলিখিতগুলির মধ্যে কোনটি ব্যবস্থাপনার সর্বোত্তম পরবর্তী ধাপ হবে?
A. ডান নিডল থোরাকোসটোমি
B. ডান টিউব থোরাকোসটোমি
C. এন্ডোট্র্যাকিয়াল ইন্টুবেশন
D. ক্রিকোথাইরয়েডিটোমি
E. চেস্ট সিটি স্ক্যান
F. ল্যারিঞ্জিয়াল মাস্ক প্রবেশ করানো",,,,,
R0043,"A 32-year-old woman comes to the emergency department for a 2-week history of right upper quadrant abdominal pain. She has also been feeling tired and nauseous for the past 5 weeks. She has a history of depression and suicidal ideation. She is a social worker for an international charity foundation. She used intravenous illicit drugs in the past but quit 4 months ago. Her only medication is sertraline. Her temperature is 37.8°C (100.0°F), pulse is 100/min, and blood pressure is 128/76 mm Hg. She is alert and oriented. Scleral icterus is present. Abdominal examination shows tenderness to palpation in the right upper quadrant. The liver edge is palpated 3 cm below the right costal margin. There is no rebound tenderness or guarding. The abdomen is non-distended and the fluid wave test is negative. She is able to extend her arms with wrists in full extension and hold them steady without flapping. Laboratory studies show:
Hemoglobin 13.8 g/dL
Leukocytes 13,700/mm3
Platelets 165,000/mm3
Prothrombin time 14 seconds
Partial thromboplastin time 35 seconds
Serum:
Total bilirubin 4.8 mg/dL
Direct bilirubin 1.3 mg/dL
Aspartate aminotransferase 1852 U/L
Alanine aminotransferase 2497 U/L
Urea nitrogen 21 mg/dL
Creatinine 1.2 mg/dL
Hepatitis A IgM antibody Negative
Hepatitis B surface antigen Negative
Hepatitis B surface antibody Negative
Hepatitis B core IgM antibody Positive
Hepatitis C antibody Positive
Hepatitis C RNA Negative
Urine beta-hCG Negative
Which of the following is the most appropriate next step in management?""
A. Pegylated interferon-alpha
B. Supportive therapy
C. Tenofovir
D. Emergency liver transplantation
E. Ribavirin and interferon
F. Sofosbuvir and velpatasvir
G. Vaccination against Hepatitis B","৩২ বছর বয়সী এক নারী জরুরি বিভাগে ২ সপ্তাহের ডান ঊর্ধ্ব চতুর্ভুজ পেটের ব্যথা নিয়ে আসেন। তিনি অতিরিক্ত ৫ সপ্তাহ ধরে ক্লান্তি এবং বমিভাব অনুভব করছেন। তার ডিপ্রেশন ও আত্মহত্যার চিন্তার ইতিহাস রয়েছে। তিনি একটি আন্তর্জাতিক দাতব্য সংস্থায় সামাজিক কর্মী হিসেবে কাজ করেন। তিনি অতীতে শিরাপথে অবৈধ ড্রাগ ব্যবহার করতেন, তবে ৪ মাস আগে তা বন্ধ করেছেন। তার একমাত্র ওষুধ হল সেরট্রালিন। তার তাপমাত্রা ৩৭.৮ ডিগ্রি সেলসিয়া (১০০.০ ডিগ্রি ফারেনহাইট), পাল্স প্রতি মিনিটে ১০০ এবং রক্তচাপ ১২৮/৭৬ মিমি পারদ। তিনি সতর্ক ও সচেতন। স্ক্লেরাল জন্ডিস উপস্থিত আছে। পেটের পরীক্ষা ডান ঊর্ধ্ব চতুর্ভুজে স্পর্শকাতরতা দেখায়। যকৃতের প্রান্ত ডান কস্টাল মার্জিন থেকে ৩ সেন্টিমিটার নিচে স্পর্শ করা যায়। রিবাউন্ড টেন্ডারনেস বা গার্ডিং নেই। বুকের গহ্বর ফাঁপা নয় এবং তরল তরঙ্গ পরীক্ষা নেগেটিভ। তিনি তার বাহু কব্জি সম্পূর্ণ প্রসারণে বাড়িয়ে স্থিরভাবে ধরে রাখতে পারেন, কোনো ফ্ল্যাপিং ছাড়া। ল্যাবরেটরি পরীক্ষায় দেখা যায়:
হিমোগ্লোবিন ১৩.৮ গ্রাম প্রতি ডেসিলিটার
লিউকোসাইট ১৩,৭০০ ঘন মিলিমিটার
প্লেটলেট ১৬৫,০০০ ঘন মিলিমিটার
প্রোথ্রম্বিন সময় ১৪ সেকেন্ড
পারশিয়াল থ্রোম্বোপ্লাস্টিন সময় ৩৫ সেকেন্ড
সিরাম:
মোট বিলিরুবিন ৪.৮ মিলিগ্রাম প্রতি ডেসিলিটার
ডাইরেক্ট বিলিরুবিন ১.৩ মিলিগ্রাম প্রতি ডেসিলিটার
অ্যাসপারটেট অ্যামিনোট্রান্সফেরেজ ১৮৫২ ইউনিট প্রতি লিটার
আলানাইন অ্যামিনোট্রান্সফেরেজ ২৪৯৭ ইউনিট প্রতি লিটার
ইউরিয়া নাইট্রোজেন ২১ মিলিগ্রাম প্রতি ডেসিলিটার
ক্রিয়েটিনিন ১.২ মিলিগ্রাম প্রতি ডেসিলিটার
হেপাটাইটিস এ আইজি এম অ্যান্টিবডি নেগেটিভ
হেপাটাইটিস বি সারফেস অ্যান্টিজেন নেগেটিভ
হেপাটাইটিস বি সারফেস অ্যান্টিবডি নেগেটিভ
হেপাটাইটিস বি কোর আইজি এম অ্যান্টিবডি পজিটিভ
হেপাটাইটিস সি অ্যান্টিবডি পজিটিভ
হেপাটাইটিস সি আরএনএ নেগেটিভ
ইউরিন বিটা-এইচসিজি নেগেটিভ
নিম্নলিখিতগুলির মধ্যে কোনটি ব্যবস্থাপনার সর্বোত্তম পরবর্তী ধাপ হবে?
A. পেগিলেটেড ইন্টারফেরন-আলফা
B. সাপোর্টিভ থেরাপি
C. টেনোফোভির
D. জরুরি যকৃত প্রতিস্থাপন
E. রিবাভিরিন এবং ইন্টারফেরন
F. সোফোসবিউভির এবং ভেলপাটাসভির
G. হেপাটাইটিস বি বিরুদ্ধ টিকাকরণ",,,,,
R0044,"A 40-year-old man comes to the physician because of a 5-kg (11-lb) weight loss over the past month and easy bruising. He has not changed his diet significantly. He also noticed that his arms now bruise more easily. He appears pale. His pulse is 70/min, his blood pressure is 125/75 mm Hg, and his temperature is 38°C (100.4°F). Examination shows a palm-sized hematoma on his right arm. His spleen is palpable 5 cm below the costal margin. His liver is enlarged. Laboratory results show:
Leukocytes 10,500/mm3
Hemoglobin 10.2 g/dL
Platelets 52,000/mm3
Fibrinogen 110 mg/dL (Reference: 150-400 mg/dL)
Cytogenetic analysis shows leukocytes with a reciprocal translocation of chromosomes 15 and 17. Which of the following is the most appropriate treatment for this patient at this time?""
A. Rituximab
B. Cyclophosphamide
C. All-trans retinoic acid
D. Platelet transfusion
E. Cryoprecipitate transfusion
F. Imatinib","একজন ৪০ বছর বয়সী পুরুষ রোগী গত মাসে ৫-কেজি (১১-পাউন্ড) ওজন হ্রাস এবং সহজে নীলচে দাগ পড়ার কারণে ডাক্তারের কাছে আসেন। তিনি তার খাবার উল্লেখযোগ্যভাবে পরিবর্তন করেননি। তিনি আরও লক্ষ্য করেছেন যে তার বাহু এখন সহজে নীলচে দাগ পড়ে। তিনি ফিকে দেখাচ্ছেন। তার ধড় ৭০/মিনিট, রক্তচাপ ১২৫/৭৫ মিমি পারদ, এবং তাপমাত্রা ৩৮ ডিগ্রি সেলসিয়া (১০০.৪ ডিগ্রি ফারেনহাইট)। পরীক্ষায় তার ডান বাহুতে তালুর আকারের হেমাটোমা দেখা যায়। তার প্লীহা কোস্টাল মার্জিনের নিচে ৫ সেন্টিমিটার দূরে স্পর্শযোগ্য। তার যকৃত বড় হয়েছে। ল্যাবরেটরি ফলাফল দেখায়:
লিউকোসাইট ১০,৫০০/ঘন মিলিমিটার
হিমোগ্লোবিন ১০.২ গ্রাম/ডেসিলিটার
প্লেটলেট ৫২,০০০/ঘন মিলিমিটার
ফাইব্রিনোজেন ১১০ মিলিগ্রাম/ডেসিলিটার (রেফারেন্স: ১৫০-৪০০ মিলিগ্রাম/ডেসিলিটার)
সাইটোজেনেটিক বিশ্লেষণে দেখা যায় লিউকোসাইটে ক্রোমোজোম ১৫ এবং ১৭ এর পারস্পরিক ট্রান্সলোকেশন। নিম্নলিখিতগুলির মধ্যে কোনটি এই রোগীর জন্য বর্তমানে সবচেয়ে উপযুক্ত চিকিৎসা?
A. রিটুক্সিম্যাব
B. সাইক্লোফসফামাইড
C. অল-ট্রান্স রেটিনয়িক অ্যাসিড
D. প্লেটলেট ট্রান্সফিউশন
E. ক্রাইপ্রেসিপিটেট ট্রান্সফিউশন
F. ইমাটিনিব",,,,,
R0045,"An 9-month-old infant is brought to the physician because of a generalized nonpruritic rash for 2 days. The rash began on her trunk and spread to her extremities. Five days ago, she was taken to the emergency department for fever of 40.5°C (104.9°F) and a 1-minute generalized tonic-clonic seizure. She was born at term and has no history of serious illness. Her immunizations are up-to-date. Current medications include acetaminophen. Her temperature is 37.2°C (99.0°F) and pulse is 120/min. Examination shows a maculopapular rash that blanches on pressure. A photograph of the rash is shown. Posterior auricular lymphadenopathy is present. Which of the following is the most likely diagnosis?
A. Kawasaki disease
B. Drug allergy
C. Scarlet fever
D. Impetigo
E. Roseola infantum
F. Measles
G. Fifth disease
H. Rubella","একজন ৯ মাসের শিশুকে চিকিৎসকের কাছে আনা হয়েছে কারণ তার দুই দিন ধরে একটি সাধারণ অখুশকি র‍্যাশ রয়েছে। র‍্যাশটি তার দেহের মূলভাগে শুরু হয়ে অঙ্গপ্রান্তিতে ছড়িয়ে পড়েছে। পাঁচ দিন আগে, তাকে জরুরি বিভাগে নেওয়া হয়েছিল ৪০.৫ ডিগ্রি সেলসিয়াস (১০৪.৯ ডিগ্রি ফারেনহাইট) জ্বর এবং এক মিনিটের সাধারণ টনিক-ক্লোনিক খিঁচুনির জন্য। সে পূর্ণ গর্ভকালীন সময়ে জন্মগ্রহণ করেছে এবং কোনো গুরুতর রোগের ইতিহাস নেই। তার টিকাকরণ সম্পূর্ণ। বর্তমান ওষুধের মধ্যে আছে অ্যাসিটামিনোফেন। তার তাপমাত্রা ৩৭.২ ডিগ্রি সেলসিয়াস (৯৯.০ ডিগ্রি ফারেনহাইট) এবং পালস প্রতি মিনিটে ১২০। পরীক্ষায় দেখা যায় একটি ম্যাকুলোপ্যাপুলার র‍্যাশ যা চাপের উপর ফিকে হয়ে যায়। র‍্যাশের একটি ছবি দেখানো হয়েছে। পেছনের কানের লিম্ফ নোডে ফুলে যাওয়া আছে। নিম্নলিখিতগুলির মধ্যে কোনটি সবচেয়ে সম্ভাব্য নির্ণয়?
A. কাউসাকি রোগ
B. ওষুধের অ্যালার্জি
C. স্কারলেট জ্বর
D. ইম্পেটিগো
E. রোজোলা ইনফ্যান্টাম
F. হ্যাম
G. ফিফথ ডিজিজ
H. রুবেলা",,,,,
R0046,"A 32-year-old man comes to the Veterans Affairs hospital because of difficulty sleeping for the past 9 weeks. He is a soldier who returned from a deployment in Afghanistan 12 weeks ago. Fifteen weeks ago, his unit was ambushed in a deserted street, and a fellow soldier was killed. He wakes up frequently during the night from vivid dreams of this incident. He blames himself for being unable to save his friend. He also has trouble falling asleep and gets up earlier than desired. During this period, he has started to avoid walking in deserted streets. Vital signs are within normal limits. Physical examination shows no abnormalities. He refuses cognitive behavioral therapy and is started on sertraline. Five weeks later, he returns to the physician and complains about persistent nightmares and difficulty sleeping. Which of the following is the most appropriate next step in management?
A. Diazepam therapy
B. Zolpidem therapy
C. Triazolam therapy
D. Phenelzine therapy
E. Prazosin therapy
F. Supportive psychotherapy
G. Interpersonal therapy","৩২ বছর বয়সী একজন পুরুষ ভেটেরান্স অ্যাফেয়ার্স হাসপাতালে আসেন কারণ গত ৯ সপ্তাহ ধরে ঘুমাতে অসুবিধা হচ্ছে। তিনি একটি সৈনিক যিনি ১২ সপ্তাহ আগে আফগানিস্তানে মোতায়েন থেকে ফিরে এসেছেন। ১৫ সপ্তাহ আগে, তার ইউনিট একটি পরিত্যক্ত রাস্তায় হামলার শিকার হয়েছিল এবং একজন সহসৈনিক নিহত হন। তিনি রাতে ঘনঘন এই ঘটনার জীবন্ত স্বপ্নে জেগে ওঠেন। বন্ধুকে রক্ষা করতে না পারার জন্য তিনি নিজেকে দোষারোপ করেন। তিনি ঘুমাতে যাওয়াতেও সমস্যায় পড়েন এবং ইচ্ছাকৃত সময়ের চেয়ে আগে উঠে যান। এই সময়কালে তিনি পরিত্যক্ত রাস্তায় হাঁটা এড়িয়ে চলতে শুরু করেছেন। জীবনচিহ্নগুলো স্বাভাবিক সীমার মধ্যে রয়েছে। শারীরিক পরীক্ষায় কোনো অস্বাভাবিকতা দেখা যায় না। তিনি কগনিটিভ বিহেভিয়োরাল থেরাপি প্রত্যাখ্যান করেন এবং তাকে সেরট্রালিন দিয়ে শুরু করা হয়। ৫ সপ্তাহ পরে তিনি ডাক্তারের কাছে ফিরে আসেন এবং স্থায়ী দুঃস্বপ্ন ও ঘুমাতে অসুবিধা নিয়ে অভিযোগ করেন। নিম্নলিখিতগুলির মধ্যে কোনটি ব্যবস্থাপনার সর্বোত্তম পরবর্তী পদক্ষেপ হবে?
A. ডায়াজেপাম থেরাপি
B. জোলপিডেম থেরাপি
C. ট্রিয়াজোলাম থেরাপি
D. ফিনেলজাইন থেরাপি
E. প্রাজোসিন থেরাপি
F. সহায়তামূলক সাইকোথেরাপি
G. ইন্টারপার্সোনাল থেরাপি",,,,,
R0047,"An endocervical swab is performed and nucleic acid amplification testing via polymerase chain reaction is conducted. It is positive for Chlamydia trachomatis and negative for Neisseria gonorrhoeae. Which of the following is the most appropriate pharmacotherapy?
A. Oral amoxicillin
B. Intravenous cefoxitin plus oral doxycycline
C. Intramuscular ceftriaxone
D. Oral levofloxacin
E. Intramuscular ceftriaxone plus oral azithromycin
F. Oral azithromycin
G. Oral doxycycline","একটি এন্ডোসারভিকাল সুয়াব করা হয় এবং পলিমারেজ চেইন রিএকশন মাধ্যমে নিউক্লিয়িক অ্যাসিড অ্যামপ্লিফিকেশন টেস্টিং সম্পন্ন করা হয়। এটি ক্ল্যামাইডিয়া ট্র্যাকোমাটিসের জন্য পজিটিভ এবং নেসেরিয়া গোনোরেহোর জন্য নেগেটিভ। নিম্নলিখিতগুলির মধ্যে কোনটি সর্বোত্তম ফার্মাকোথেরাপি?
A. মৌখিক অ্যামোক্সিসিলিন
B. শিরাপথে সেফোক্সিটিন প্লাস মৌখিক ডক্সিসাইক্লিন
C. মাংসপেশি ভেতরে সেফট্রায়াক্সোন
D. মৌখিক লেভোফ্লক্সাসিন
E. মাংসপেশি ভেতরে সেফট্রায়াক্সোন প্লাস মৌখিক আজিথ্রোমাইসিন
F. মৌখিক আজিথ্রোমাইসিন
G. মৌখিক ডক্সিসাইক্লিন",,,,,
R0048,"A 65-year-old man comes to his primary care physician with a 6-month history of bilateral calf pain. The pain usually occurs after walking his dog a few blocks and is more severe on the right side. He has coronary artery disease, essential hypertension, and type 2 diabetes mellitus. He has smoked two packs of cigarettes daily for 43 years and drinks two alcoholic beverages a day. Current medications include metformin, lisinopril, and aspirin. He is 183 cm (5 ft 11 in) tall and weighs 113 kg (250 lb); BMI is 34.9 kg/m2. His temperature is 37°C (98.6°F), pulse is 84/min, and blood pressure is 129/72 mm Hg. Cardiac examination shows a gallop without murmurs. The legs have shiny skin with reduced hair below the knee. Femoral and popliteal pulses are palpable bilaterally. Dorsal pedal pulses are 1+ on the left and absent on the right. Ankle-brachial index (ABI) is performed in the office. ABI is 0.5 in the right leg, and 0.6 in the left leg. Which of the following is the most appropriate initial step in management?
A. Graded exercise therapy
B. Propranolol therapy
C. Spinal cord stimulation
D. Vascular bypass surgery
E. Cilostazol therapy
F. Percutaneous transluminal angioplasty with stenting","একজন ৬৫ বছর বয়সী পুরুষ তার প্রাথমিক স্বাস্থ্যসেবা ডাক্তারের কাছে দ্বিপাক্ষিক পায়ের গোড়ালির ব্যথা নিয়ে ৬ মাসের ইতিহাস সহ আসে। ব্যথা সাধারণত তার কুকুরকে কয়েক ব্লক হাঁটিয়ে নেওয়ার পরে ঘটে এবং ডান পাশে বেশি তীব্র হয়। তার করোনারি আর্টেরি রোগ, অবশ্যিক উচ্চ রক্তচাপ, এবং টাইপ ২ ডায়াবেটিস মেলিটাস আছে। তিনি দৈনিক দুই প্যাক সিগারেট ৪৩ বছর ধরে ধূমপান করেছেন এবং দিনে দুইটি অ্যালকোহলিক পানীয় গ্রহণ করেন। বর্তমান ওষুধগুলোর মধ্যে মেটফরমিন, লিসিনোপ্রিল, এবং অ্যাসপিরিন রয়েছে। তার উচ্চতা ১৮৩ সেন্টিমিটার (৫ ফুট ১১ ইঞ্চি) এবং ওজন ১১৩ কেজি (২৫০ পাউন্ড); বিএমআই হল ৩৪.৯ কেজি/মি২। তার তাপমাত্রা ৩৭ ডিগ্রি সেলসিয়াস (৯৮.৬ ডিগ্রি ফারেনহাইট), পাল্স ৮৪/min, এবং রক্তচাপ ১২৯/৭২ মিমি পারদ। কার্ডিয়াক পরীক্ষা গ্যালপ দেখায় কিন্তু মার্মার নেই। পা গুলোর ত্বক ঝলমলে এবং হাঁটুর নিচে চুল কমে গেছে। ফিমোরাল ও পোপ্লিটিয়াল পালস দু' পাশে স্পর্শযোগ্য। ডর্সাল পেডাল পালস বাম দিকে ১+ এবং ডান দিকে অনুপস্থিত। অ্যাঙ্কল-ব্র্যাকিয়াল ইনডেক্স (এবিআই) অফিসে করা হয়। ডান পায়ে এবিআই ০.৫ এবং বাম পায়ে ০.৬। নিম্নলিখিতগুলোর মধ্যে কোনটি ব্যবস্থাপনার সর্বোত্তম প্রাথমিক ধাপ হবে?
A. গ্রেডেড এক্সারসাইজ থেরাপি
B. প্রোপ্রানলোল থেরাপি
C. স্পাইনাল কর্ড স্টিমুলেশন
D. ভাসকুলার বাইপাস সার্জারি
E. সিলোস্টাজোল থেরাপি
F. পারকুটেনিয়াস ট্র্যান্সলুমিনাল এঞ্জিওপ্লাস্টি উইথ স্টেন্টিং",,,,,
R0049,"A 8-month-old girl is brought to the emergency department because of fever, vomiting, and diarrhea for 3 days. Her parents report at least 10 watery stools daily. She has had three upper respiratory tract infections since she started daycare 2 months ago, but has otherwise been developing normally. Her mother has a history of celiac disease. The patient is at the 57th percentile for height and the 65th percentile for weight. Her immunizations are incomplete. Her temperature is 38.5°C (101.3°F), pulse is 145/min, and blood pressure is 92/54 mm Hg. Examination shows dry mucous membranes and decreased skin turgor. Bowel sounds are hyperactive. A complete blood count and serum concentrations of glucose, urea nitrogen, and creatinine are within the reference range; there is hypokalemia. In addition to intravenous fluid resuscitation, which of the following is the most appropriate next step in management?
A. Sonography of the abdomen
B. Administration of antidiarrheal medication
C. Blood cultures
D. Measurement of serum immunoglobulins
E. Examination of the stool for ova and parasites
F. Upper Endoscopy
G. Empiric antibiotic therapy
H. Enzyme immunoassay of stool","একটি ৮ মাসের মেয়ে জ্বর, বমি এবং ডায়রিয়া তিন দিন ধরে থাকার কারণে জরুরি বিভাগে আনা হয়েছে। তার বাবা-মা রিপোর্ট করেন যে প্রতিদিন কমপক্ষে ১০ টি তরল মল হয়। তিনি দুই মাস আগে ডে-কেয়ার শুরু করার পর থেকে তিনটি উপরের শ্বাসযন্ত্রের সংক্রমণ পেয়েছেন, তবে অন্যথায় স্বাভাবিকভাবে বিকাশ করছেন। তার মায়ের সিলিয়াক রোগের ইতিহাস আছে। রোগী উচ্চতার জন্য ৫৭তম পার্সেন্টাইল এবং ওজনের জন্য ৬৫তম পার্সেন্টাইলে রয়েছেন। তার টিকাদান সম্পূর্ণ নয়। তার তাপমাত্রা ৩৮.৫ ডিগ্রি সেলসিয়া (১০১.৩ ডিগ্রি ফারেনহাইট), পালস ১৪৫ প্রতি মিনিট, এবং রক্তচাপ ৯২/৫৪ মিমি পারদ। পরীক্ষায় শুষ্ক মুখগহ্বরের ঝিল্লি এবং হ্রাসপ্রাপ্ত ত্বকের টান দেখা যায়। অন্ত্রের শব্দ অতিসক্রিয়। সম্পূর্ণ রক্ত গণনা এবং গ্লুকোজ, ইউরিয়া নাইট্রোজেন ও ক্রিয়াটিনিনের সেরাম ঘনত্ব রেফারেন্স সীমার মধ্যে রয়েছে; হাইপোক্যালেমিয়া আছে। শিরাপথে তরল পুনরুজ্জীবনের পাশাপাশি, নিম্নের কোনটি ব্যবস্থাপনায় সবচেয়ে উপযুক্ত পরবর্তী ধাপ?
A. পেটের আল্ট্রাসাউন্ড
B. অ্যান্টিডায়ারিয়া ওষুধের প্রদান
C. রক্ত কালচার
D. সেরাম ইমিউনোগ্লোবুলিনের মাপ
E. ডিম এবং পরজীবীর জন্য মলের পরীক্ষা
F. উপরের এন্ডোস্কপি
G. অনুমানিক অ্যান্টিবায়োটিক থেরাপি
H. মলে এনজাইম ইমিউনোঅ্যাসে",,,,,
R0050,"An otherwise healthy 28-year-old primigravid woman at 30 weeks' gestation comes to the physician with a 5-day history of epigastric pain and nausea that is worse at night. Two years ago, she was diagnosed with a peptic ulcer and was treated with a proton pump inhibitor and antibiotics. Medications include folic acid and a multivitamin. Her pulse is 90/min and blood pressure is 130/85 mm Hg. Pelvic examination shows a uterus consistent in size with a 30-week gestation. Laboratory studies show:
Hemoglobin 8.6 g/dL
Platelet count 95,000/mm3
Serum
Total bilirubin 1.5 mg/dL
Aspartate aminotransferase 80 U/L
Lactate dehydrogenase 705 U/L
Urine
pH 6.2
Protein 2+
WBC negative
Bacteria occasional
Nitrates negative
Which of the following best explains this patient's symptoms?""
A. Inflammation of the gall bladder
B. Bacterial infection of the kidney
C. Inflammation of the lower esophageal mucosa
D. Stretching of Glisson capsule
E. Acute inflammation of the pancreas
F. Break in gastric mucosal continuity","অন্যথায় স্বাস্থ্যবান ২৮ বছর বয়সী প্রথম গর্ভবতী মহিলা যিনি ৩০ সপ্তাহের গর্ভধারণে আছেন, তিনি চিকিৎসকের কাছে আসেন ৫ দিনের ইপিগ্যাস্ট্রিক ব্যথা এবং বমিভাবের ইতিহাস নিয়ে যা রাতে বাড়ে। দুই বছর আগে তাকে পেপটিক আলসার নির্ণয় করা হয়েছিল এবং তিনি প্রোটন পাম্প ইনহিবিটর ও অ্যান্টিবায়োটিক দিয়ে চিকিৎসা গ্রহণ করেন। ঔষধের মধ্যে রয়েছে ফোলিক অ্যাসিড এবং একটি মাল্টিভিটামিন। তার পালস প্রতি মিনিটে ৯০ এবং রক্তচাপ ১৩০/৮৫ মিমি পারদ। পেলভিক পরীক্ষা দেখায় গর্ভাশয়টি ৩০ সপ্তাহের গর্ভধারণের সঙ্গে সামঞ্জস্যপূর্ণ আকারের। ল্যাবরেটরি গবেষণায় দেখা যায়:
হিমোগ্লোবিন ৮.৬ গ্রাম প্রতি ডেসিলিটার
প্লেটলেট গণনা ৯৫,০০০ প্রতি ঘন মিমি
সিরাম
মোট বিলিরুবিন ১.৫ মিলিগ্রাম প্রতি ডেসিলিটার
অ্যাসপারটেট অ্যামিনো ট্রান্সফেরেজ ৮০ ইউনিট প্রতি লিটার
ল্যাক্টেট ডিহাইড্রোজেনেস ৭০৫ ইউনিট প্রতি লিটার
মূত্র
পি এইচ ৬.২
প্রোটিন ২+
ডব্লিউবিসি নেগেটিভ
ব্যাকটেরিয়া মাঝেমধ্যে
নাইট্রেট নেগেটিভ
নিম্নলিখিত কোনটি এই রোগীর উপসর্গগুলির সর্বোত্তম ব্যাখ্যা প্রদান করে?
A. পিত্তথলি প্রদাহ
B. বৃক্কের ব্যাকটেরিয়াল সংক্রমণ
C. ইসোফ্যাগাসের নিম্ন অংশের মিউকোসার প্রদাহ
D. গ্লিসন ক্যাপসুলের প্রসারণ
E. অগ্ন্যাশয়ের তীব্র প্রদাহ
F. পাকস্থলীর মিউকোসার ধারাবাহিকতা ভাঙা",,,,,
R0051,"A 36-year-old woman comes to the physician because of multiple episodes of headache over the past 3 months. The headaches last the entire day and are unilateral and throbbing. During the headaches, she has severe nausea and is unable to work and perform her daily activities. She has noticed that she becomes unusually hungry prior to the onset of headache. She locks herself in a dark room, takes ibuprofen, and avoids going out until the headache subsides. However, over the past month, the headaches have increased to 2-3 times a week and become more intense. She has hypertension treated with amlodipine. Her temperature is 37°C (98.6°F), pulse is 80/min, and blood pressure is 128/76 mm Hg. Physical and neurologic examinations show no abnormalities. Which of the following is the most appropriate therapy for long-term prevention of headaches in this patient?
A. Fluoxetine
B. Ergotamine
C. Propranolol
D. Sumatriptan
E. Naproxen","৩৬ বছর বয়সী মহিলা ডাক্তারের কাছে আসে কারণ গত ৩ মাসে একাধিক মাথাব্যথার পর্ব ঘটেছে। মাথাব্যথা পুরো দিন স্থায়ী হয় এবং একপাশের ও ধুকধুক করা ধরনের। মাথাব্যথার সময়, তার তীব্র বমি বমি ভাব থাকে এবং কাজ করতে বা দৈনন্দিন কার্যক্রম সম্পাদন করতে অক্ষম হয়। তিনি লক্ষ্য করেছেন যে মাথাব্যথা শুরু হওয়ার আগে তিনি অস্বাভাবিকভাবে বেশি ক্ষুধার্ত হয়ে ওঠেন। তিনি নিজেকে একটি অন্ধকার ঘরে লক করে রাখেন, আইবুপ্রোফেন গ্রহণ করেন, এবং মাথাব্যথা কমে না আসা পর্যন্ত বাইরে যাওয়া এড়িয়ে চলেন। তবে, গত মাসে মাথাব্যথার সংখ্যা সপ্তাহে ২-৩ বার বৃদ্ধি পেয়েছে এবং তীব্রতা বাড়েছে। তার উচ্চ রক্তচাপ আছে যা অ্যামলোডিপিন দিয়ে চিকিৎসা করা হয়। তার তাপমাত্রা ৩৭ ডিগ্রি সেলসিয়াস (৯৮.৬ ডিগ্রি ফারেনহাইট), পাল্স ৮০ প্রতি মিনিট, এবং রক্তচাপ ১২৮/৭৬ মিমি পারদ। শারীরিক ও স্নায়বিক পরীক্ষায় কোনো অস্বাভাবিকতা দেখা যায় না। নিম্নলিখিতগুলির মধ্যে কোনটি এই রোগীর জন্য দীর্ঘমেয়াদী মাথাব্যথা প্রতিরোধের সর্বোত্তম থেরাপি?
A. ফ্লুওক্সেটিন
B. এরগোটামিন
C. প্রোপ্রানোলল
D. সুমাট্রিপট্যান
E. ন্যাপ্রোক্সেন",,,,,
R0052,"A 12-year-old boy is brought to the physician for a well-child examination. He feels well. He has no history of serious illness. He has received all age-appropriate screenings and immunizations. His 7-year-old brother was treated for nephrotic syndrome 1 year ago. He is at 50th percentile for height and 60th percentile for weight. His temperature is 37°C (98.6°F), pulse is 90/min, and blood pressure is 96/54 mm Hg. Physical examination shows no abnormalities. Urine dipstick shows 1+ protein. A subsequent urinalysis of an early morning sample shows:
Blood negative
Glucose negative
Protein trace
Leukocyte esterase negative
Nitrite negative
RBC none
WBC 0-1/hpf
Protein/creatinine ratio 0.2 (N ≤ 0.2)
Which of the following is the most appropriate next step in management?""
A. Repeat urine dipstick in 1 year
B. Kidney biopsy
C. Renal ultrasonography
D. Lipid profile
E. 24-hour urine protein collection
F. Measure serum creatinine and urea nitrogen
G. Anti-nuclear antibody level","একজন ১২ বছর বয়সী ছেলে ভাল-শিশু পরীক্ষা জন্য ডাক্তারের কাছে আনা হয়। তিনি ভালো অনুভব করেন। তার কোনো গুরুতর রোগের ইতিহাস নেই। তিনি সব বয়স-অনুকূল স্ক্রিনিং এবং টিকাদান পেয়েছেন। তার ৭ বছর বয়সী ভাই এক বছর আগে নেফ্রোটিক সিনড্রোমের জন্য চিকিৎসা করানো হয়েছিল। তিনি উচ্চতার জন্য পঞ্চাশতম পার্সেন্টাইল এবং ওজনের জন্য ষাটতম পার্সেন্টাইলে আছেন। তার তাপমাত্রা ৩৭°ডিগ্রিসেলসিয়াস (৯৮.৬°ডিগ্রিফারেনহাইট), নাড়ি প্রতি মিনিটে ৯০, এবং রক্তচাপ ৯৬/৫৪ মিমি পারদ। শারীরিক পরীক্ষা কোনো অস্বাভাবিকতা দেখায় না। মূত্র ডিপস্টিকে ১+ প্রোটিন দেখা যায়। একটি পরবর্তী সকালে নেওয়া নমুনার মূত্র বিশ্লেষণে দেখা যায়: রক্ত নেতিবাচক গ্লুকোজ নেতিবাচক প্রোটিন ট্রেস লিউকোসাইট এস্টারেজ নেতিবাচক নাইট্রাইট নেতিবাচক লাল রক্ত কণিকা নেই সাদা রক্ত কণিকা ০-১/hpf প্রোটিন/ক্রিয়েটিনিন অনুপাত ০.২ (এন ≤ ০.২) নিম্নে দেওয়া বিকল্পগুলির মধ্যে কোনটি ব্যবস্থাপনার জন্য সবচেয়ে উপযুক্ত পরবর্তী ধাপ হবে?
A. ১ বছর পরে মূত্র ডিপস্টিক পুনরাবৃত্তি করা
B. কিডনি বায়োপসি
C. কিডনি আল্ট্রাসোনোগ্রাফি
D. লিপিড প্রোফাইল
E. ২৪ ঘন্টার মূত্র প্রোটিন সংগ্রহ
F. সিরাম ক্রিয়েটিনিন ও ইউরিয়া নাইট্রোজেন মাপা
G. অ্যান্টি-নিউক্লিয়ার অ্যান্টিবডি স্তর",,,,,
R0053,"A 22-year-old white woman comes to the physician because of a 6-month history of lower abdominal pain. She has also had multiple episodes of loose stools with blood during this period. She has had painful bowel movements for 1 month. Over the past year, she has had a 10-kg (22-lb) weight loss. She was treated for streptococcal pharyngitis last week. Her maternal grandfather died of colon cancer at the age of 52 years. She does not smoke. She drinks three to five beers on social occasions. She is 162 cm (5 ft 4 in) tall and weighs 52 kg (115-lb); BMI is 19.7 kg/m2. Her temperature is 37°C (98.6°F), pulse is 60/min, respirations are 13/min, and blood pressure is 110/70 mm Hg. Cardiopulmonary examination shows no abnormalities. The abdomen is soft and there is tenderness to palpation of the left lower quadrant. There is no guarding or rigidity. Rectal examination shows no masses. Laboratory studies show:
Hemoglobin 10.4 g/dL
Leukocyte count 10,800/mm3
Platelet count 450,000/mm3
Serum
Na+ 138 mEq/L
Cl- 103 mEq/L
K+ 4.9 mEq/L
HCO3- 22 mEq/L
Urea nitrogen 18 mg/dL
Creatinine 0.6 mg/dL
Antinuclear antibodies negative
Perinuclear antineutrophil cytoplasmic antibodies positive
Anti-Saccharomyces cerevisiae antibodies negative
A colonoscopy is scheduled for the next day. Which of the following findings is most likely to be present on colonoscopy of this patient?""
A. Pseudomembranes overlying regions of colonic inflammation
B. Patchy inflammation of mucosa with cobblestone appearance and intervening areas of normal mucosa
C. Confluent inflammation of the colonic mucosa with edema, fibrin-covered ulcers, and loss of vascular pattern
D. Normal colonic mucosa
E. Numerous polyps extending throughout the colon","২২ বছর বয়সী সাদা নারী রোগীর কাছে আসেন কারণ নিম্ন পেটের ব্যথার ৬ মাসের ইতিহাস। তিনি এই সময়কালে রক্তযুক্ত আলগা মলত্যাগের একাধিক পর্বও অনুভব করেছেন। গত এক মাস ধরে তার মলত্যাগে ব্যথা হয়। গত এক বছর ধরে তিনি ১০ কেজি (২২ পাউন্ড) ওজন কমিয়েছেন। তিনি গত সপ্তাহে স্ট্রেপটোকক্কাল ফ্যারিঞ্জাইটিসের জন্য চিকিৎসা গ্রহণ করেছিলেন। তাঁর মাতৃপিতার দাদু ৫২ বছর বয়সে কোলন ক্যান্সারে মারা গেছেন। তিনি ধূমপান করেন না। সামাজিক অনুষ্ঠানে তিন থেকে পাঁচটি বিয়ার পান করেন। তার উচ্চতা ১৬২ সেন্টিমিটার (৫ ফুট ৪ ইঞ্চি) এবং ওজন ৫২ কেজি (১১৫ পাউন্ড); বিএমআই ১৯.৭ কেজি/বর্গ মিটার। তাপমাত্রা ৩৭ ডিগ্রি সেলসিয়াস (৯৮.৬ ডিগ্রি ফারেনহাইট), পাল্স ৬০/মিনিট, শ্বাসপ্রশ্বাসের হার ১৩/মিনিট, এবং রক্তচাপ ১১০/৭০ মিমি পারদ। কার্ডিওফুসফুস পরীক্ষা কোনো অস্বাভাবিকতা দেখায় না। পেট নরম এবং বাম নিম্ন চতুর্ভুজে স্পর্শকাতরতা আছে। গার্ডিং বা কঠোরতা নেই। রেকটাল পরীক্ষায় কোনো টিউমার পাওয়া যায়নি। ল্যাবরেটরি ফলাফল দেখায়: হিমোগ্লোবিন ১০.৪ গ্রাম/ডেসিলিটার, সাদা রক্তকণিকা সংখ্যা ১০,৮০০/ঘন মি.লি., প্লেটলেট সংখ্যা ৪৫০,০০০/ঘন মি.লি.; সিরাম সোডিয়াম ১৩৮ মিলিইকুইভ্যালেন্ট/লিটার, ক্লোরাইড ১০৩ মিলিইকুইভ্যালেন্ট/লিটার, পটাশিয়াম ৪.৯ মিলিইকুইভ্যালেন্ট/লিটার, বাইকার্বনেট ২২ মিলিইকুইভ্যালেন্ট/লিটার, ইউরিয়া নাইট্রোজেন ১৮ মিলিগ্রাম/ডেসিলিটার, ক্রিয়াটিনিন ০.৬ মিলিগ্রাম/ডেসিলিটার; অ্যান্টি নিউক্লিয়ার অ্যান্টিবডি নেগেটিভ, পেরিনিউক্লিয়ার অ্যান্টি-নিউট্রোফিল সাইটোপ্লাজমিক অ্যান্টিবডি পজিটিভ, অ্যান্টি-স্যাকারোমাইসিস সিরেভিসি অ্যান্টিবডি নেগেটিভ। একটি কোলোনোস্কপি পরের দিন নির্ধারিত হয়েছে। নিম্নলিখিত কোনটি এই রোগীর কোলোনোস্কপিতে সবচেয়ে সম্ভাব্যভাবে দেখা যাবে?
A. কোলনিক প্রদাহের অঞ্চলগুলির উপরে সিউডোমেমব্রেন
B. কোবলস্টোনের মতো চেহারাসহ মিউকোসার খণ্ডিত প্রদাহ এবং স্বাভাবিক মিউকোসার মধ্যবর্তী অঞ্চল
C. কোলনিক মিউকোসার সংযুক্ত প্রদাহ, ইডিমা, ফাইব্রিন-আবৃত আলসার এবং রক্তনালীর প্যাটার্নের ক্ষতির সঙ্গে
D. স্বাভাবিক কোলনিক মিউকোসা
E. কোলনের সর্বত্র বিস্তৃত বহু পলিপ",,,,,
R0054,"A 35-year-old woman comes to employee health services 30 minutes after a work-related incident. She works as a phlebotomist and reports that blood splashed into her right eye when she was drawing blood from a 30-year-old male patient. Immediately following the incident, she flushed her eye with water for several minutes. The patient from whom she drew blood was admitted for hemoptysis, weight loss, and night sweats. He is an intravenous drug user and is sexually active with several male and female partners. The phlebotomist has no history of serious illness and takes no medications. Her immunizations are up-to-date. Physical examination shows no abnormalities. In addition to drawing her blood for viral serologies, which of the following is the most appropriate next step?
A. Start raltegravir, tenofovir, and emtricitabine
B. Start zidovudine
C. Start tenofovir and emtricitabine
D. Provide reassurance
E. Start sofosbuvir and velpatasvir
F. Administer hepatitis B immune globulin and vaccine","একজন ৩৫ বছর বয়সী নারী কর্মচারীর স্বাস্থ্য পরিষেবায় কাজ-সম্পর্কিত ঘটনার পরে ৩০ মিনিটে আসে। তিনি ফ্লেবোটোমিস্ট হিসেবে কাজ করেন এবং জানান যে তিনি যখন একটি ৩০ বছর বয়সী পুরুষ রোগীর থেকে রক্ত সংগ্রহ করছিলেন তখন রক্ত তার ডান চোখে ছিটকে গিয়েছিল। ঘটনাটির সঙ্গে সঙ্গে তিনি কয়েক মিনিটের জন্য পানির মাধ্যমে তার চোখ ধুয়ে নিলেন। যেই রোগীর থেকে তিনি রক্ত সংগ্রহ করেছিলেন তাকে হেমোপটিসিস, ওজন কমা এবং রাতের ঘাম জন্য ভর্তি করা হয়েছিল। তিনি শিরাপথে মাদক ব্যবহারকারী এবং বেশ কয়েকজন পুরুষ ও নারী সঙ্গীর সঙ্গে যৌন সক্রিয়। ফ্লেবোটোমিস্টের কোনো গুরুতর রোগের ইতিহাস নেই এবং তিনি কোন ওষুধ নেন না। তার টিকা আপ-টু-ডেট আছে। শারীরিক পরীক্ষা কোনো অস্বাভাবিকতা দেখায় না। ভাইরাল সিরোলজি জন্য তার রক্ত সংগ্রহের পাশাপাশি, নিম্নলিখিতগুলির মধ্যে কোনটি সবচেয়ে উপযুক্ত পরবর্তী পদক্ষেপ?
A. রাল্টেগ্রাভির, টেনোফোভির এবং এমট্রিসিটাবিন শুরু করুন
B. জিডোভুডিন শুরু করুন
C. টেনোফোভির এবং এমট্রিসিটাবিন শুরু করুন
D. আশ্বাস প্রদান করুন
E. সোফোসবুইভার এবং ভেলপাটাসিভির শুরু করুন
F. হেপাটাইটিস বি ইমিউন গ্লোবুলিন এবং টিকা দিন",,,,,
R0055,"A 46-year-old man is brought to the emergency department 15 minutes after being involved in a motor vehicle collision where he was the unrestrained driver. On arrival, he is unconscious. His respirations are 24/min, and palpable systolic blood pressure is 60 mm Hg, and pulse is 141/min and irregularly irregular. Examination shows multiple ecchymoses over the chest. There is a 3-cm (1.2-in) laceration over the abdomen and a 4-cm (1.6-in) laceration over the scalp. Jugular venous pressure is increased. Bilateral crackles are heard at the lung bases. Cardiac examination shows no murmurs, rubs, or gallops. The abdomen is soft. Two large bore intravenous catheters are inserted and 0.9% saline infusion is begun. Focused assessment with sonography in trauma (FAST) is negative. An electrocardiogram shows absent p-waves. After 5 minutes, his pulse is 160/min and palpable systolic blood pressure is 50 mm Hg. Vasopressors are administered. One hour later, the patient dies. Which of the following was the most likely diagnosis?
A. Tracheobronchial injury
B. Cardiac contusion
C. Splenic rupture
D. Hemothorax
E. Aortic dissection
F. Pulmonary contusion
G. Cardiac tamponade
""","একজন ৪৬ বছর বয়সী পুরুষকে জরুরি বিভাগে আনা হয় মোটর যানবাহন সংঘর্ষের পরে ১৫ মিনিট পর, যেখানে তিনি ছিলেন অসুরক্ষিত চালক। আগমনের সময়, তিনি অচেতন। তার শ্বাসপ্রশ্বাস প্রতি মিনিটে ২৪, স্পর্শযোগ্য সিস্টোলিক রক্তচাপ ৬০ মিমি পারদ, এবং পালস প্রতি মিনিটে ১৪১ এবং অনিয়মিতভাবে অনিয়মিত। পরীক্ষায় বুকে বহু রক্তবহির্ভূত দাগ দেখা যায়। পেটের উপর ৩ সেন্টিমিটার (১.২ ইঞ্চি) ছেদন এবং মাথার ত্বকের উপর ৪ সেন্টিমিটার (১.৬ ইঞ্চি) ছেদন রয়েছে। যুগুলার শিরা চাপ বৃদ্ধি পেয়েছে। ফুসফুসের তলায় দু'পাশে ক্র্যাকলস শোনা যায়। হৃদযন্ত্রের পরীক্ষা কোনো মর্মর শব্দ, ঘষা বা গ্যালপ দেখায় না। উদর নরম। দুটি বৃহৎ ব্যাসের শিরাপথে ক্যাথেটার প্রবেশ করানো হয় এবং ০.৯% স্যালাইন ইনফিউশন শুরু করা হয়। ট্রমার জন্য সোনোগ্রাফি ভিত্তিক ফোকাসড মূল্যায়ন (ফাস্ট) নেতিবাচক। ইলেকট্রোকার্ডিওগ্রাম (ইসিজি) তে পি-ওয়েভ অনুপস্থিত দেখা যায়। ৫ মিনিটের পরে, তার পালস প্রতি মিনিটে ১৬০ এবং স্পর্শযোগ্য সিস্টোলিক রক্তচাপ ৫০ মিমি পারদ। ভাসোপ্রেসর দেওয়া হয়। এক ঘণ্টা পরে রোগী মারা যায়। নিম্নলিখিতগুলির মধ্যে কোনটি সবচেয়ে সম্ভাব্য নির্ণয় ছিল?
A. ট্র্যাকিয়োব্রঙ্কিয়াল ইনজুরি
B. হৃদয় কন্টিউশন
C. প্লীহা ফাটল
D. হেমোথোর্যাক্স
E. অওর্টিক ডিসেকশন
F. পালমোনারি কন্টিউশন
G. হৃদয় ট্যাম্পোনেড",,,,,
R0056,"A 69-year-old man is brought to the emergency department for severe tearing lower back pain for 12 hours. The pain radiates to the flank and he describes it as 8 out of 10 in intensity. He has nausea and has vomited several times. He has no fever, diarrhea, or urinary symptoms. When he stands up suddenly, he becomes light-headed and has to steady himself for approximately 1 to 2 minutes before he is able to walk. He has hypertension and hyperlipidemia. Two years ago, he had a myocardial infarction and underwent coronary artery bypass grafting of his right coronary artery. He has smoked one and a half packs of cigarettes daily for 40 years and drinks 1 to 2 beers daily. His current medications include chlorthalidone, atorvastatin, lisinopril, and aspirin. He appears acutely ill. His temperature is 37.2°C (98.9°F), pulse is 130/min and regular, respirations are 35/min, and blood pressure is 80/55 mm Hg. Pulse oximetry on room air shows an oxygen saturation of 85%. Examination shows a pulsatile mass in the abdomen. Intravenous fluids and high-flow oxygen are started. Thirty minutes later, the patient dies. Which of the following was the strongest predisposing factor for the condition leading to this patient's death?
A. Advanced age
B. Hyperlipidemia
C. Male sex
D. Hypertension
E. Smoking","৬৯ বছর বয়সী একজন পুরুষকে জরুরি বিভাগে তীব্র ছিঁড়ে যাওয়া নিম্ন পিঠের ব্যথার জন্য আনা হয়েছে যা ১২ ঘণ্টা ধরে রয়েছে। ব্যথা পার্শ্বে বিস্তৃত হয় এবং তিনি তা তীব্রতা ১০ এর মধ্যে ৮ হিসাবে বর্ণনা করেন। তার বমি বমি ভাব আছে এবং কয়েকবার বমি করেছেন। তার জ্বর, ডায়রিয়া বা মূত্র সংক্রান্ত কোনো উপসর্গ নেই। হঠাৎ দাঁড়িয়ে উঠলে তিনি মাথা ঘোরা অনুভব করেন এবং প্রায় ১ থেকে ২ মিনিট পর্যন্ত নিজেকে স্থির রাখতে হয় তারপরই হাঁটতে পারেন। তার উচ্চ রক্তচাপ ও হাইপারলিপিডেমিয়া রয়েছে। দুই বছর আগে তিনি মায়োকার্ডিয়াল ইনফার্কশন ভোগ করে ডান করোনারি আর্টেরি বাইপাস গ্রাফটিং করিয়ে ছিলেন। তিনি চল্লিশ বছর ধরে প্রতিদিন এক ও অর্ধ প্যাক সিগারেট ধূমপান করেছেন এবং দৈনিক ১ থেকে ২ বিয়ার পান করেন। তার বর্তমান ওষুধগুলির মধ্যে রয়েছে ক্লোরথ্যালিডোন, অ্যাটরভাস্ট্যাটিন, লিসিনোপ্রিল এবং এস্পিরিন। তিনি তীব্রভাবে অসুস্থ দেখাচ্ছেন। তার তাপমাত্রা ৩৭.২ ডিগ্রি সেলসিয়াস (৯৮.৯ ডিগ্রি ফারেনহাইট), পালস প্রতি মিনিটে ১৩০ এবং নিয়মিত, শ্বাসপ্রশ্বাস প্রতি মিনিটে ৩৫, এবং রক্তচাপ ৮০/৫৫ মিমি পারদ। কক্ষের বাতাসে পালস অক্সিমেট্রি দেখায় অক্সিজেন স্যাচুরেশন ৮৫%। পরীক্ষায় পেটে একটি স্পন্দিত গাঁট দেখা যায়। শিরাপথে তরল এবং উচ্চ প্রবাহের অক্সিজেন শুরু করা হয়। ত্রিশ মিনিট পরে রোগী মারা যান। নিম্নলিখিতগুলির মধ্যে কোনটি এই রোগীর মৃত্যুর কারণ হওয়া অবস্থার জন্য সবচেয়ে শক্তিশালী পূর্বপ্রবণতা সৃষ্টি করা উপাদান ছিল?
A. উন্নত বয়স
B. হাইপারলিপিডেমিয়া
C. পুরুষ লিঙ্গ
D. উচ্চ রক্তচাপ
E. ধূমপান",,,,,
R0057,"A previously healthy 6-year-old girl is brought to the physician by her parents because of slowed growth and fatigue. Over the past year, she went from average height for her age group to the shortest in her class. She has also been having more problems concentrating in class and is less interested in playing. She has not had any change in appetite or diet. She is at the 10th percentile for height and the 90th percentile for weight. Vital signs are within normal limits. There is a nontender mass palpated on the anterior cervical examination. Serum laboratory studies show thyroid-stimulating hormone level of 6.7 μU/mL. Further evaluation is most likely to show which of the following findings?
A. Elevated erythrocyte sedimentation rate
B. Elevated serum calcitonin
C. Lymphocytic infiltration on fine needle aspiration
D. Positive serum thyroid stimulating hormone receptor antibody
E. Psammoma bodies on fine needle aspiration
F. Increased uptake on I-131 scan in a discrete 1-cm nodule
G. Spindle cells, pleomorphic giant cells, and atypical mitoses on fine needle aspiration
H. Low urine iodine levels
""","একজন পূর্বে সুস্থ ৬ বছর বয়সী মেয়েকে তার বাবা-মা ধীর গতির বৃদ্ধি এবং ক্লান্তির কারণে ডাক্তারের কাছে নিয়ে আসে। গত এক বছরে, তিনি তাঁর বয়স গোষ্ঠীর গড় উচ্চতা থেকে শ্রেণিতে সবচেয়ে ছোট হয়ে যান। তিনি ক্লাসে মনোযোগ কেন্দ্রীভূত করতে আরও সমস্যায় পড়ছেন এবং খেলাধুলার প্রতি কম আগ্রহ দেখাচ্ছেন। তার ক্ষুধা বা খাদ্যাভ্যাসে কোনো পরিবর্তন ঘটেনি। উচ্চতা অনুযায়ী তিনি ১০তম পার্সেন্টাইল এবং ওজন অনুযায়ী ৯০তম পার্সেন্টাইলে আছেন। জীবনীয় চিহ্নগুলি স্বাভাবিক সীমার মধ্যে রয়েছে। অ্যান্টেরিয়র সার্ভিক্যাল পরীক্ষায় একটি অ-সংবেদনশীল গাঁট স্পর্শ করা যায়। সিরাম ল্যাবরেটরি পরীক্ষা দেখায় থাইরয়েড স্টিমুলেটিং হরমোন স্তর ৬.৭ মিউইউ/এমএল। পরবর্তী মূল্যায়নে নিম্নলিখিত কোনটি সবচেয়ে সম্ভাব্যভাবে দেখা যাবে?
A. ইএসআর বৃদ্ধি পেয়েছে
B. বর্ধিত সিরাম ক্যালসিটোনিন
C. ফাইন নিডল অ্যাস্পিরেশনে লিম্ফোসাইটিক ইনফিলট্রেশন
D. সিরাম থাইরয়েড স্টিমুলেটিং হরমোন রিসেপটর অ্যান্টিবডি পজিটিভ
E. ফাইন নিডল অ্যাস্পিরেশনে প্স্যাম্মা বডি উপস্থিতি
F. আই-১৩১ স্ক্যানে একটি পৃথক ১ সেন্টিমিটার নডিউলে বর্ধিত গ্রহণ
G. ফাইন নিডল অ্যাস্পিরেশনে স্পিন্ডেল সেল, প্লিওমরফিক জায়ান্ট সেল এবং অস্বাভাবিক মাইটোসিস
H. ইউরিনে নিম্ন আয়োডিন স্তর",,,,,
R0058,"A 24-year-old woman comes to the physician because of progressively worsening joint pain. She has had diffuse, aching pain in her knees, shoulders, and hands bilaterally for the past few months, but the pain has become much more severe in the past few weeks. She also reports night sweats and generalized malaise. On physical examination, radial and pedal pulses are weak. There are erythematous nodules over the legs that measure 3-5 cm. Laboratory studies show:
Hematocrit 33.2%
Hemoglobin 10.7 g/dL
Leukocyte count 11,300/mm3
Platelet count 615,000/mm3
Erythrocyte sedimentation rate 94 mm/h
Serum
C-reactive protein 40 mg/dL (N=0.08-3.1)
Which of the following is the most likely diagnosis?""
A. Temporal arteritis
B. Polyarteritis nodosa
C. Microscopic polyangiitis
D. Thromboangiitis obliterans
E. Takayasu arteritis","২৪ বছর বয়সী এক নারী চিকিৎসকের কাছে আসেন কারণ ধীরে ধীরে বাড়তে থাকা জয়েন্টের ব্যথা। তিনি গত কয়েক মাস ধরে তার হাঁটু, কাঁধ এবং দু'হাতে বিস্তৃত, ব্যথাযুক্ত অস্বস্তি অনুভব করছেন, তবে গত কয়েক সপ্তাহে এই ব্যথা অনেক বেশি তীব্র হয়ে গেছে। তিনি রাতের ঘাম ও সাধারণ ক্লান্তি রিপোর্ট করেন। শারীরিক পরীক্ষায় রেডিয়াল এবং পেডাল পালস দুর্বল দেখা যায়। পা'র উপর লালচে গাঁট রয়েছে যেগুলোর মাপ ৩-৫ সেন্টিমিটার। ল্যাবরেটরি পরীক্ষায় দেখা যায়:
হেমাটোক্রিট ৩৩.২%
হিমোগ্লোবিন ১০.৭ গ্রাম/ডেসিলিটার
লিউকোসাইট গণনা ১১,৩০০/ঘন মিমিমিটার
প্লেটলেট গণনা ৬১৫,০০০/ঘন মিমিমিটার
ইরিথ্রোসাইট সেডিমেন্টেশন রেট ৯৪ মিমি পারদ/ঘণ্টা
সিরাম সি-রিএক্টিভ প্রোটিন ৪০ মিলিগ্রাম/ডেসিলিটার (এন=০.০৮-৩.১)
নিচের কোনটি সবচেয়ে সম্ভাব্য নির্ণয়?
A. টেম্পোরাল আর্টেরিটিস
B. পলিআর্টেরিটিস নোডোসা
C. মাইক্রোস্কোপিক পলিআঞ্জিওইটিস
D. থ্রম্বোঅ্যাঞ্জিওইটিস অব্লিটারেন্স
E. টাকায়াসু আর্টেরিটিস",,,,,
R0059,"A 62-year-old man is brought to the hospital because of a 6-hour history of worsening upper abdominal pain, nausea, and vomiting. He is diagnosed with acute calculous cholecystitis and scheduled for cholecystectomy the next day. He has congestive heart failure, hyperlipidemia, and hypertension. Physical examination shows no abnormalities. Current medications include metoprolol and simvastatin. One month ago, spironolactone was added to his medication regimen. Preoperative serum studies show:
Na+ 138 mEq/L
K+ 6.1 mEq/L
Cl- 100 mEq/L
HCO3- 22 mEq/L
Urea nitrogen 13 mg/dL
Creatinine 1.0 mg/dL
An ECG shows normal sinus rhythm. In addition to discontinuation of spironolactone, which of the following is the most appropriate next step in management of this patient's hyperkalemia?""
A. Administer intravenous saline with furosemide
B. Administer intravenous sodium bicarbonate
C. Administer intravenous insulin and glucose
D. Order dietary modification
E. Administer intravenous calcium gluconate
F. Initiate hemodialysis","একজন ৬২ বছর বয়সী পুরুষকে হাসপাতালে আনা হয় কারণ তার উপরের পেটের ব্যথা, বমি বমি ভাব এবং বমি বাড়তে থাকা ৬-ঘণ্টার ইতিহাস রয়েছে। তাকে তীব্র পাথরযুক্ত পিত্তথলি প্রদাহ নির্ণয় করা হয়েছে এবং পরের দিন পিত্তথলি অপসারণের শল্যচিকিৎসা করার পরিকল্পনা করা হয়েছে। তার কনজেস্টিভ হার্ট ফেইলিউর, হাইপারলিপিডেমিয়া এবং উঁচু রক্তচাপ রয়েছে। শারীরিক পরীক্ষায় কোনো অস্বাভাবিকতা দেখা যায় না। বর্তমান ওষুধের মধ্যে রয়েছে মেটোপ্রোলল এবং সিমভাস্টাটিন। এক মাস আগে তার ঔষধে স্পাইরোনোল্যাকটোন যোগ করা হয়েছিল। প্রি-অপারেটিভ সিরাম গবেষণায় দেখা যায়: সোডিয়াম ১৩৮ মিলিইকুইভ্যালেন্ট/লিটার, পটাশিয়াম ৬.১ মিলিইকুইভ্যালেন্ট/লিটার, ক্লোরাইড ১০০ মিলিইকুইভ্যালেন্ট/লিটার, বাইকার্বনেট ২২ মিলিইকুইভ্যালেন্ট/লিটার, ইউরিয়া নাইট্রোজেন ১৩ মিলিগ্রাম/ডেসিলিটার, ক্রিয়াটিনিন ১.০ মিলিগ্রাম/ডেসিলিটার। একটি ইসিজি স্বাভাবিক সাইনাস রিদম দেখায়। স্পাইরোনোল্যাকটোন বন্ধ করার পাশাপাশি, নিম্নলিখিতগুলির মধ্যে কোনটি এই রোগীর হাইপারক্যালেমিয়ার ব্যবস্থাপনায় সবচেয়ে উপযুক্ত পরবর্তী পদক্ষেপ?
A. শিরাপথে স্যালাইন ও ফুরোসেমাইড প্রদান করুন।
B. শিরাপথে সোডিয়াম বায়কার্বোনেট প্রদান করুন।
C. শিরাপথে ইনসুলিন এবং গ্লুকোজ প্রদান করুন।
D. খাদ্য পরিবর্তনের নির্দেশ দিন।
E. শিরাপথে ক্যালসিয়াম গ্লুকোনেট প্রদান করুন।
F. হেমোডায়ালিসিস শুরু করুন।",,,,,
R0060,"A 48-year-old man is brought to the emergency department by his wife because of a 3-day history of increasing confusion and lethargy. He complains of decreased urine output and abdominal pain for the past month. Two months ago, he was hospitalized for pyelonephritis and treated with ceftriaxone. He has a history of chronic hepatitis C. He does not take any medications. He appears pale and irritable. His temperature is 37°C (98.6°F), pulse is 90/min, and blood pressure is 98/60 mm Hg. On mental status examination, he is oriented to person but not to time or place. Physical examination shows scleral icterus and jaundice. There is 2+ pitting edema of the lower extremities. The abdomen is distended with a positive fluid wave. Laboratory studies show:
Hemoglobin 10.1 g/dL
Leukocyte count 4300/mm3
Platelet count 89,000/mm3
Prothrombin time 19 sec
Serum
Urea nitrogen 71 mg/dL
Glucose 99 mg/dL
Creatinine 3.5 mg/dL
ALT 137 mg/dL
AST 154 mg/dL
Urinalysis shows no abnormalities. The FeNa is < 1%. Ultrasound of the kidneys is unremarkable. Intravenous fluids are administered for 36 hours but do not improve urine output. Which of the following is the most likely cause of the kidney dysfunction in this patient?""
A. Renal interstitial inflammation
B. Immune-mediated mesangial proliferation
C. Renal vein thrombosis
D. Decreased renal perfusion
E. Renal tubular injury
F. Renal microvascular thrombi
""","৪৮ বছর বয়সী একজন পুরুষকে তার স্ত্রী জরুরি বিভাগে নিয়ে এসেছে কারণ তিনি গত ৩ দিনের মধ্যে বাড়তে থাকা বিভ্রান্তি এবং অলসতার ইতিহাস রয়েছে। তিনি অতীত এক মাস ধরে কম প্রস্রাবের পরিমাণ এবং পেটের ব্যথা নিয়ে অভিযোগ করেন। ২ মাস আগে তিনি পাইলোনেফ্রাইটিসের জন্য হাসপাতালে ভর্তি হন এবং সেফট্রায়াক্সোন দিয়ে চিকিৎসা পান। তার ক্রনিক হেপাটাইসিস সি এর ইতিহাস রয়েছে। তিনি কোনো ওষুধ গ্রহণ করেন না। তিনি ফিকে এবং রাগান্বিত দেখাচ্ছেন। তার তাপমাত্রা ৩৭ ডিগ্রি সেলসিয়াস (৯৮.৬ ডিগ্রি ফারেনহাইট), পাল্স প্রতি মিনিটে ৯০, এবং রক্তচাপ ৯৮/৬০ মিমি পারদ। মানসিক অবস্থা পরীক্ষায়, তিনি ব্যক্তি সম্পর্কে সচেতন তবে সময় অথবা স্থানের বিষয়ে অজানা। শারীরিক পরীক্ষা দেখায় স্ক্লেরাল ইক্টেরাস এবং জন্ডিস দেখা যায়। নিম্ন অঙ্গগুলিতে ২+ পিটিং এডেমা রয়েছে। বুক ফাঁপা এবং ফ্লুইড ওয়েভ পজিটিভ। হিমোগ্লোবিন ১০.১ গ্রাম প্রতি ডেসিলিটার সাদা রক্ত কোষের সংখ্যা ৪৩০০ প্রতি ঘন মিলিমিটার প্লেটলেট সংখ্যা ৮৯,০০০ প্রতি ঘন মিলিমিটার প্রোথ্রম্বিন সময় ১৯ সেকেন্ড ইউরিয়া নাইট্রোজেন ৭১ মিলিগ্রাম প্রতি ডেসিলিটার গ্লুকোজ ৯৯ মিলিগ্রাম প্রতি ডেসিলিটার ক্রিয়াটিনিন ৩.৫ মিলিগ্রাম প্রতি ডেসিলিটার এএলটি ১৩৭ মিলিগ্রাম প্রতি ডেসিলিটার এএসটি ১৫৪ মিলিগ্রাম প্রতি ডেসিলিটার মূত্র বিশ্লেষণে কোনো অস্বাভাবিকতা দেখা যায় না। FeNa হল < ১%। কিডনির আল্ট্রাসাউন্ড অস্বাভাবিক নয়। শিরাপথে তরল ৩৬ ঘণ্টার জন্য প্রদান করা হয় কিন্তু মূত্রের পরিমাণ উন্নত হয় না। নিম্নলিখিত কোনটি এই রোগীর কিডনি অকার্যকারণের সর্বাধিক সম্ভাব্য কারণ?
A. কিডনি ইন্টারস্টিশিয়াল প্রদাহ
B. ইমিউন-সৃষ্ট মেস্যাংগিয়াল প্রসারণ
C. কিডনি শিরা থ্রম্বোসিস
D. কম কিডনি রক্তসঞ্চালন
E. কিডনি টিউবুলার ক্ষতি
F. কিডনি মাইক্রোভাস্কুলার থ্রোম্বি",,,,,
R0061,"A 37-year-old man is brought to the emergency department by a friend after he was found lying unconscious outside his front door. The friend reports that they were “pretty drunk” the previous night, and she had dropped her friend off at his home and driven off. When she came back in the morning, she found him passed out on the ground next to the doorstep. On arrival, he is conscious and cooperative. He reports feeling cold, with severe pain in his hands and face. He remembers having lost his gloves last night. His rectal temperature is 35.2°C (95.3°F), pulse is 86/min, respirations are 17/min, and blood pressure is 124/58 mm Hg. Examination shows decreased sensations over the distal fingers, which are cold to touch. The skin over the distal phalanges is cyanotic, hard, waxy, and tender, with surrounding edema. Laboratory studies are within the reference range. An x-ray of the chest and ECG show no abnormalities. Which of the following is the most appropriate next step in management?
A. Debridement of the affected tissue
B. Intra-arterial administration of tissue plasminogen activator
C. Intravenous administration of warmed crystalloid
D. Extracorporeal blood rewarming
E. Intravenous administration of antibiotics
F. Immersion of affected extremities in warm water","৩৭ বছর বয়সী পুরুষকে তার বন্ধু জরুরি বিভাগে নিয়ে এসেছে, কারণ তাকে তার বাড়ির সামনে দরজার বাইরে অচেতন অবস্থায় শুয়ে থাকা অবস্থায় পাওয়া যায়। বন্ধু জানান যে তারা গত রাতটি “খুব নেশা” ছিল, এবং তিনি তার বন্ধুকে বাড়িতে নামিয়ে দিয়ে গাড়ি চালিয়ে চলে গিয়েছিলেন। সকালবেলা যখন তিনি ফিরে এলেন, তখন তিনি তাকে দরজার পাশে মাটিতে অচেতন অবস্থায় পেয়েছেন। অভ্যন্তরে পৌঁছানোর সময়, তিনি সচেতন এবং সহযোগী ছিলেন। তিনি ঠাণ্ডা লাগছে বলে জানান, সঙ্গে তার হাত ও মুখে তীব্র ব্যথা রয়েছে। তিনি স্মরণ করেন যে গত রাতে তিনি তার দস্তানা হারিয়েছিলেন। তার রেক্টাল তাপমাত্রা ৩৫.২ ডিগ্রি সেলসিয়া (৯৫.৩ ডিগ্রি ফারেনহাইট), পাল্স ৮৬ প্রতি মিনিট, শ্বাসপ্রশ্বাস ১৭ প্রতি মিনিট, এবং রক্তচাপ ১২৪/৫৮ মিমি পারদ। পরীক্ষায় দেখা যায় দূরবর্তী আঙুলগুলিতে সংবেদনশীলতা কমে গেছে, যা স্পর্শে ঠাণ্ডা। দূরবর্তী ফ্যালেঞ্জের উপর ত্বক সায়ানোটিক, কঠিন, মোমের মতো এবং কোমল, চারপাশে ইডিমা সহ। প্রয়োগিত ল্যাবরেটরি পরীক্ষাগুলি রেফারেন্স সীমার মধ্যে রয়েছে। এক্স-রে চেস্টের এবং ইসিজি কোনো অস্বাভাবিকতা দেখায় না। নিম্নলিখিতগুলির মধ্যে কোনটি ব্যবস্থাপনার সর্বোত্তম পরবর্তী ধাপ হবে?
A. প্রভাবিত টিস্যুর ডিব্রাইডমেন্ট
B. ইন্ট্রা-আর্টেরিয়াল টিস্যু প্লাজমিনোজেন অ্যাক্টিভেটরের প্রদান
C. শিরাপথে উষ্ণ ক্রিস্ট্যালয়েডের প্রদান
D. এক্সট্রা-কর্পোরিয়াল রক্ত পুনঃউত্তাপন
E. শিরাপথে অ্যান্টিবায়োটিকের প্রদান
F. প্রভাবিত অঙ্গগুলোকে উষ্ণ জলে ডুবিয়ে রাখা",,,,,
R0062,"A previously healthy 19-year-old man is brought to the emergency department by his girlfriend after briefly losing consciousness. He passed out while moving furniture into her apartment. She said that he was unresponsive for a minute but regained consciousness and was not confused. The patient did not have any chest pain, palpitations, or difficulty breathing before or after the episode. He has had episodes of dizziness when exercising at the gym. His blood pressure is 125/75 mm Hg while supine and 120/70 mm Hg while standing. Pulse is 70/min while supine and 75/min while standing. On examination, there is a grade 3/6 systolic murmur at the left lower sternal border and a systolic murmur at the apex, both of which disappear with passive leg elevation. Which of the following is the most likely cause?
A. Prolonged QT interval
B. Hypertrophic cardiomyopathy
C. Bicuspid aortic valve
D. Mitral valve prolapse
E. Orthostatic syncope
F. Vasovagal syncope
G. Carotid sinus syndrome
H. Mitral valve stenosis","একটি পূর্বে সুস্থ ১৯ বছর বয়সী পুরুষকে তার বান্ধবী জরুরি বিভাগে নিয়ে আসে, যিনি সংক্ষিপ্ত সময়ের জন্য চেতনা হারিয়েছিলেন। তিনি ফার্নিচার সরিয়ে নেওয়ার সময় হঠাৎ অচেতন হয়ে যান। বান্ধবী বললেন যে তিনি এক মিনিটের জন্য প্রতিক্রিয়া দেখাননি, তবে পুনরায় সচেতন হন এবং বিভ্রান্ত ছিলেন না। রোগীর কোনো বুকে ব্যথা, ধড়ফড় বা শ্বাসকষ্টের অভিযোগ ছিল না এপিসোডের আগে অথবা পরে। তিনি জিমে ব্যায়াম করার সময় ঘূর্ণি হওয়ার ঘটনা ঘটতে থাকে। তার রক্তচাপ শোয়া অবস্থায় ১২৫/৭৫ মিমি পারদ এবং দাঁড়িয়ে থাকলে ১২০/৭০ মিমি পারদ। নাড়ি শোয়া অবস্থায় ৭০/মিনিট এবং দাঁড়িয়ে থাকলে ৭৫/মিনিট। পরীক্ষায় বাম নিচের স্তনীয় প্রান্তে গ্রেড ৩/৬ সিস্টোলিক মর্মর এবং শীর্ষে একটি সিস্টোলিক মর্মর পাওয়া যায়, উভয়ই প্যাসিভ লেগ এলিভেশন দিয়ে অদৃশ্য হয়ে যায়। নিম্নলিখিতগুলির মধ্যে কোনটি সবচেয়ে সম্ভাব্য কারণ?
A. দীর্ঘায়িত কিউটি ইন্টারভ্যাল
B. হাইপারট্রোফিক কার্ডিওমায়োপ্যাথি
C. দ্বিপত্র অর্টিক ভালভ
D. মিট্রাল ভালভ প্রোল্যাপ্স
E. অর্থোস্ট্যাটিক সিংকোপ
F. ভাসোভ্যাগাল সিংকোপ
G. ক্যারোটিড সাইনাস সিনড্রোম
H. মিট্রাল ভালভ স্টেনোসিস",,,,,
R0063,"One day after undergoing an open colectomy, a 65-year-old man with colon cancer experiences shivers. The procedure was originally scheduled to be done laparoscopically, but it was converted because of persistent bleeding. Besides the conversion, the operation was uneventful. Five years ago, he underwent renal transplantation because of cystic disease and has been taking prednisolone since then. He has a history of allergy to sulfonamides. He appears acutely ill. His temperature is 39.2°C (102.5°F), pulse is 120/min, respirations are 23/min, and blood pressure is 90/62 mm Hg. Abdominal examination shows a midline incision extending from the xiphisternum to the pubic symphysis. There is a 5-cm (2-in) area of purplish discoloration near the margin of the incision in the lower abdomen. Palpation of the abdomen produces severe pain and crackling sounds are heard. Laboratory studies show:
Hemoglobin 12.5 g/dL
Leukocyte count 18,600/mm3
Platelet count 228,000/mm3
Erythrocyte sedimentation rate 120 mm/h
Serum
Na+ 134 mEq/L
K+ 3.5 mEq/L
Cl- 98 mEq/L
HCO3- 22 mEq/L
Glucose 200 mg/dL
Urea nitrogen 60 mg/dL
Creatinine 3.2 mg/dL
Creatine kinase 750 U/L
Which of the following is the most appropriate next step in management?""
A. X-ray of the abdomen and pelvis
B. Vacuum-assisted wound closure device
C. Surgical debridement
D. Oral cefuroxime and metronidazole therapy
E. CT scan of abdomen
F. Intravenous clindamycin therapy","একটি ওপেন কোলেকটমি করার এক দিন পরে, কলন ক্যান্সারযুক্ত ৬৫ বছর বয়সী একজন পুরুষ শিহরণ অনুভব করেন। প্রক্রিয়াটি মূলত ল্যাপারোস্কোপিকভাবে করা নির্ধারিত ছিল, তবে স্থায়ী রক্তপাতের কারণে এটি কনভার্ট করা হয়েছিল। কনভার্সনের পাশাপাশি, অপারেশনটি কোনো জটিলতা ছাড়া সম্পন্ন হয়েছিল। ৫ বছর আগে, সিস্টিক রোগের কারণে তিনি কিডনি ট্রান্সপ্ল্যান্টেশন করিয়েছেন এবং তখন থেকে প্রেডনিসোলোন গ্রহণ করছেন। তার সালফোনামাইডসের প্রতি অ্যালার্জির ইতিহাস আছে। তিনি তীব্রভাবে অসুস্থ দেখাচ্ছেন। তার তাপমাত্রা ৩৯.২ ডিগ্রি সেলসিয়া (১০২.৫ ডিগ্রি ফারেনহাইট), নাড়ির হার ১২০/মিনিট, শ্বাসপ্রশ্বাসের হার প্রতি মিনিটে ২৩, এবং রক্তচাপ ৯০/৬২ মিমি পারদ। বুকের পরীক্ষা দেখায় একটি মধ্যরেখা ইনসিশন যা জিফিসটার্নাম থেকে পাবিক সিমফিসিস পর্যন্ত বিস্তৃত। নিচের পেটের ইনসিশনের প্রান্তের কাছে বেগুনি রঙের ৫ সেমি (২ ইঞ্চি) এলাকা রয়েছে। বুকের প্যালপেশন করলে তীব্র ব্যথা হয় এবং ক্র্যাকলিং শব্দ শোনা যায়। ল্যাবরেটরি ফলাফল দেখায়:
হিমোগ্লোবিন ১২.৫ গ্রাম/ডেসিলিটার
লিউকোসাইট গণনা ১৮,৬০০/ঘন মিলিমিটার
প্লেটলেট গণনা ২২৮,০০০/ঘন মিলিমিটার
ইরিথ্রোসাইট সেডিমেন্টেশন রেট ১২০ মিমি/ঘণ্টা
সিরাম সোডিয়াম ১৩৪ মিলিইকুইভ্যালেন্ট/লিটার
পটাশিয়াম ৩.৫ মিলিইকুইভ্যালেন্ট/লিটার
ক্লোরাইড ৯৮ মিলিইকুইভ্যালেন্ট/লিটার
বাইকার্বনেট ২২ মিলিইকুইভ্যালেন্ট/লিটার
গ্লুকোজ ২০০ মিলিগ্রাম/ডেসিলিটার
ইউরিয়া নাইট্রোজেন ৬০ মিলিগ্রাম/ডেসিলিটার
ক্রিয়াটিনিন ৩.২ মিলিগ্রাম/ডেসিলিটার
ক্রিয়েটিন কিনেজ ৭৫০ ইউনিট/লিটার
নিম্নের কোনটি ব্যবস্থাপনার সর্বোত্তম পরবর্তী ধাপ?
A. বুক ও পেলভিসের এক্স-রে
B. ভ্যাকুয়াম-সহায়িত ক্ষত বন্ধ করার ডিভাইস
C. শল্যচিকিৎসা ডিব্রিডমেন্ট
D. মৌখিক সেফুরোক্সিম এবং মেট্রোনিডাজোল থেরাপি
E. বুকের সিটি স্ক্যান
F. শিরাপথে ক্লিন্ডামাইসিন থেরাপি",,,,,
R0064,"A 50-year-old man comes to the physician because of gradually worsening rhythmic movements of his right hand for the past 5 months. His symptoms worsen when he is in a meeting and he is concerned that people are noticing it more frequently. There is no personal or family history of serious illness, but the patient recalls that his father developed bobbing of the head in older age. He takes no medications. Neurological examination shows a tremor of the right hand when the limbs are relaxed. When the patient is asked to move his arm the tremor decreases. He has reduced arm swing while walking. Which of the following is the most appropriate pharmacotherapy?
A. Donepezil
B. Trihexyphenidyl
C. Clonazepam
D. Propranolol
E. Methimazole
F. Levodopa/carbidopa","একজন ৫০ বছর বয়সী পুরুষ রোগী ডাক্তারের কাছে আসেন কারণ গত ৫ মাস ধরে তার ডান হাতের ধীরে ধীরে বাড়তে থাকা ছন্দময় নড়াচড়া। তার উপসর্গগুলি যখন তিনি কোনো সভায় থাকেন তখন খারাপ হয় এবং তিনি উদ্বিগ্ন যে মানুষ এটি বেশি ঘনঘন লক্ষ্য করছে। গুরুতর রোগের কোনও ব্যক্তিগত বা পারিবারিক ইতিহাস নেই, তবে রোগী স্মরণ করেন যে তাঁর পিতা বয়স্ক বয়সে মাথা নড়াচড়া করতেন। তিনি কোনো ওষুধ গ্রহণ করেন না। স্নায়বিক পরীক্ষায় দেখা যায় যখন অঙ্গগুলি শিথিল থাকে তখন ডান হাতের কম্পন থাকে। যখন রোগীকে তার বাহু সরাতে বলা হয় তখন কম্পন কমে যায়। হাঁটার সময় তার বাহুর দোল কমে যায়। নিম্নলিখিতগুলির মধ্যে কোনটি সর্বোত্তম ফার্মাকোথেরাপি?
A. ডোনেপেজিল
B. ট্রাইহেক্সিফেনিডাইল
C. ক্লোনাজেপাম
D. প্রোপ্রানোলল
E. মেথিমাজোল
F. লেভোডোপা/কার্বিডোপা",,,,,
R0065,"A 46-year-old woman comes to the physician because of a 3-day history of diarrhea, moderate abdominal pain, and weakness. Her symptoms began on the return flight from a 2-week yoga retreat in India, where she stayed at a resort. She was mildly nauseous as she boarded the flight, and diarrhea followed immediately after eating the in-flight meal. Since then, she has had up to five watery stools daily. She has a 1-year history of gastroesophageal reflux disease and is allergic to shellfish. Her only medication is ranitidine. She appears lethargic. Her temperature is 37°C (98.6°F), pulse is 70/min, and blood pressure is 115/72 mm Hg. Abdominal examination shows diffuse tenderness with no guarding or rebound. Bowel sounds are hyperactive. Which of the following is the most likely pathogen?
A. Campylobacter jejuni
B. Bacillus cereus
C. Giardia intestinalis
D. Entamoeba histolytica
E. Cryptosporidium parvum
F. Shigella species
G. Enterohemorrhagic Escherichia coli
H. Staphylococcus aureus
I. Enteroinvasive Escherichia coli
J. Enteropathogenic Escherichia coli
K. Enterotoxigenic Escherichia coli","একজন ৪৬-বছর বয়সী মহিলা চিকিৎসকের কাছে আসেন কারণ তিনি ডায়েরিয়া, মাঝারি পেটের ব্যথা এবং দুর্বলতার ৩-দিনের ইতিহাস রয়েছে। তার লক্ষণগুলো ভারতে একটি রিসোর্টে ২-সপ্তাহের যোগ রিট্রিট শেষ করার পর ফেরত ফ্লাইটে শুরু হয়। তিনি হালকা বমি বমি অনুভব করছিলেন যখন তিনি ফ্লাইটে চড়লেন, এবং উড়ানের সময়ের খাবার খাওয়ার সঙ্গে সঙ্গেই ডায়েরিয়া শুরু হয়। সেই সময় থেকে তিনি প্রতিদিন সর্বোচ্চ পাঁচটি তরল মলের অভিজ্ঞতা করছেন। তিনি গ্যাস্ট্রোইসোফেজিয়াল রিফ্লাক্স রোগের ১-বছরের ইতিহাস রয়েছে এবং শেলফিশে অ্যালার্জিক। তার একমাত্র ওষুধ হল র্যানিটিডিন। তিনি অলস দেখাচ্ছেন। তার তাপমাত্রা ৩৭ ডিগ্রি সেলসিয়াস (৯৮.৬ ডিগ্রি ফারেনহাইট), পাল্স প্রতি মিনিটে ৭০, এবং রক্তচাপ ১১৫/৭২ মিমি পারদ। পেটের পরীক্ষা বিস্তৃত সংবেদনশীলতা দেখায়, কোনো গার্ডিং বা রিবাউন্ড নেই। আন্ত্রিক শব্দগুলি অতিসক্রিয়। নিম্নলিখিতগুলির মধ্যে কোনটি সবচেয়ে সম্ভাব্য রোগজীবাণু?
A. ক্যাম্পিলোব্যাক্টার জেজুনি
B. বেসিলাস সেরিয়াস
C. গিয়ার্ডিয়া ইন্টেস্টিনালিস
D. এন্টামোইবা হিস্টোলিটিকা
E. ক্রিপ্টোস্পোরিডিয়াম পারভাম
F. শিগেলা প্রজাতি
G. এন্টারোহেমোর্যাজিক ইশেরিচিয়া কোলি
H. স্ট্যাফিলোককাস অরিয়াস
I. এন্টেরোইনভেসিভ ইশেরিচিয়া কোলি
J. এন্টেরোপ্যাথোজেনিক ইশেরিচিয়া কোলি
K. এন্টেরোটক্সিজেনিক ইশেরিচিয়া কোলি",,,,,
R0066,"A 17-year-old girl is brought to the physician by her mother for the evaluation of irregular menstrual bleeding. Menses have occurred at 60- to 90-day intervals since menarche at the age of 12 years. Her last menstrual period was 4 weeks ago. She is sexually active with one male partner, and they use condoms consistently. She reports that she currently has no desire to have children. She is 165 cm (5 ft 5 in) tall and weighs 85 kg (187 lb); BMI is 31 kg/m2. Examination shows scattered pustules on the forehead and oily skin. There is coarse hair on the chin and upper lip. Fingerstick blood glucose concentration is 190 mg/dL. A urine pregnancy test is negative. Which of the following is the most appropriate pharmacotherapy?
A. Letrozole
B. Danazol
C. Leuprolide
D. Clomiphene citrate
E. Metformin
F. Combination oral contraceptives
G. Insulin","১৭ বছর বয়সী মেয়ে তার মা তাকে ডাক্তারের কাছে নিয়ে এসেছেন অনিয়মিত মাসিক রক্তপাতের মূল্যায়নের জন্য। মাসিকগুলি ৬০- থেকে ৯০-দিনের অন্তর ঘটেছে যেহেতু মেনার্কে বয়সে ১২ বছর। তার শেষ মাসিক চার সপ্তাহ আগে ছিল। তিনি এক পুরুষ সঙ্গীর সঙ্গে যৌন সক্রিয় এবং তারা ধারাবাহিকভাবে কন্ডোম ব্যবহার করেন। তিনি জানান যে বর্তমানে তিনি সন্তান চাওয়ার ইচ্ছা নেই। তিনি ১৬৫ সেন্টিমিটার (৫ ফুট ৫ ইঞ্চি) লম্বা এবং ওজন ৮৫ কেজি (১৮৭ পাউন্ড); বিএমআই হল ৩১ কেজি/মি২। পরীক্ষায় কপালে ছড়িয়ে থাকা পুসটুল এবং তেলযুক্ত ত্বক দেখা যায়। চিন ও উপরের ঠোঁটে মোটা চুল রয়েছে। ফিঙ্গারস্টিক রক্ত গ্লুকোজ ঘনত্ব ১৯০ মিলিগ্রাম/ডেসিলিটার। মূত্র গর্ভধারণ পরীক্ষার ফলাফল নেতিবাচক। নিম্নলিখিতগুলির মধ্যে কোনটি সবচেয়ে উপযুক্ত ফার্মাকোথেরাপি?
A. লেট্রোজোল
B. ড্যানাজোল
C. লিউপ্রোলাইড
D. ক্লোমিফেন সিট্রেট
E. মেটফরমিন
F. কম্বিনেশন ওরাল কন্ট্রাসেপ্টিভস
G. ইনসুলিন",,,,,
R0067,"A 52-year-old man is brought to the emergency department because of worsening shortness of breath for 6 hours. For the past 5 days, he has had intermittent stabbing pain in the middle of his chest that worsens with lying down or taking deep breaths. He has also had a runny nose and a dry cough for the past 2 weeks. He has hypercholesterolemia and hypertension. He has smoked a pack of cigarettes daily for 34 years. His current medications include atorvastatin, enalapril, and hydrochlorothiazide. He appears pale and sweaty. His temperature is 38.3°C (100.9°F), pulse is 105/min, and respirations are 25/min. Blood pressure is 107/72 mm Hg during expiration and 86/65 mm Hg during inspiration. Examination shows jugular venous distention and pitting edema below the knees. Which of the following is the most likely cause of this patient's findings?
A. Dilation of the atria and ventricles
B. Accumulation of fluid in the pleural cavity
C. Occlusion of a coronary artery
D. Tear in the inner layer of the aorta
E. Accumulation of fluid in the pericardial space
F. Occlusion of a pulmonary artery
G. Fibrous thickening of the pericardium","একজন ৫২ বছর বয়সী পুরুষকে জরুরি বিভাগে আনা হয়েছে কারণ তিনি গত ৬ ঘণ্টা ধরে শ্বাসকষ্টের অবনতি অনুভব করছেন। গত ৫ দিন ধরে, তার মাঝখানের বুকের মধ্যে বিরতি বিরতি করে ছুরি-ধরনের ব্যথা রয়েছে যা শোয়া বা গভীর শ্বাস নেওয়ার সময় বাড়ে। অতিরিক্তভাবে, তিনি গত ২ সপ্তাহ ধরে নাক দিয়ে পানি বের হওয়া এবং শুকনো কাশি অনুভব করছেন। তার হাইপারকোলেস্টেরলেমিয়া ও উচ্চ রক্তচাপ রয়েছে। তিনি ৩৪ বছর ধরে প্রতিদিন এক প্যাকেট সিগারেট ধূমপান করেছেন। তার বর্তমান ওষুধগুলোর মধ্যে আছে এটরভাস্টাটিন, এনালাপ্রিল এবং হাইড্রোক্লোরোথায়াজ়াইড। তিনি ফিকে ও ঘামা দেখাচ্ছেন। তার তাপমাত্রা ৩৮.৩ ডিগ্রি সেলসিয়া (১০০.৯ ডিগ্রি ফারেনহাইট), পাল্স ১০৫/মিনিট, এবং শ্বাসপ্রশ্বাসের হার ২৫/মিনিট। রক্তচাপ শ্বাসত্যাগের সময় ১০৭/৭২ মিমি পারদ এবং শ্বাসপ্রবেশের সময় ৮৬/৬৫ মিমি পারদ। পরীক্ষায় জুগুলার ভেনাস ডিস্টেনশন ও হাঁটুর নিচে পিটিং এডিমা দেখা যায়। নিম্নলিখিত কোনটি এই রোগীর উপসর্গগুলোর সবচেয়ে সম্ভাব্য কারণ?
A. এট্রিয়া ও ভেন্ট্রিকলগুলোর প্রসারণ
B. প্লুরাল গহ্বরে তরলের সঞ্চয়
C. একটি করোনারি ধমনী বন্ধ হওয়া
D. অর্টার অভ্যন্তরীণ স্তরের ফাটল
E. পেরিকার্ডিয়াল স্থানে তরলের সঞ্চয়
F. একটি পালমোনারি ধমনী বন্ধ হওয়া
G. পেরিকার্ডিয়ামের ফাইব্রাস পুরুত্ব বৃদ্ধি",,,,,
R0068,"A 32-year-old man comes to the physician because of severe burning with urination for the past 3 days. During this period, he has had clear urethral discharge early in the morning. He has no history of serious illness, except for a rash following treatment with erythromycin 20 years ago. The patient takes no medications. He is sexually active with one male and one female partner; they use condoms inconsistently. His younger brother was diagnosed with Crohn disease at the age of 24 years. The patient does not smoke. He drinks one to two beers on weekends. He appears well. Temperature is 36.8°C (98°F), pulse is 75/min, and blood pressure is 135/78 mm Hg. Physical examination shows no abnormalities. Gram stain of a urethral swab shows neutrophils but no organisms. Which of the following is the most likely causal pathogen?
A. Neisseria gonorrhoeae
B. Mycoplasma genitalium
C. Gardnerella vaginalis
D. Adenovirus
E. Trichomonas vaginalis
F. Chlamydia trachomatis
G. Herpes simplex virus
""","৩২ বছর বয়সী একজন পুরুষ রোগী তিন দিন ধরে প্রস্রাবে তীব্র জ্বালাপোড়ার জন্য ডাক্তারের কাছে আসেন। এই সময়কালে, তিনি সকালবেলায় পরিষ্কার ইউরেথ্রাল নিঃসরণ লক্ষ্য করেন। তার কোনো গুরুতর অসুস্থতার ইতিহাস নেই, তবে ২০ বছর আগে ইরিথ্রোমাইসিন দিয়ে চিকিৎসার পর একটি র‌্যাশ ছিল। রোগী কোনও ওষুধ গ্রহণ করে না। তিনি এক পুরুষ এবং এক নারী সঙ্গীর সঙ্গে যৌন সক্রিয়; তারা কন্ডোম অনিয়মিতভাবে ব্যবহার করেন। তার ছোট ভাইকে ২৪ বছর বয়সে ক্রোন্স রোগ নির্ণয় করা হয়েছিল। রোগী ধূমপান করেন না। সপ্তাহান্তে তিনি ১ থেকে ২ বিয়ার পান করেন। তিনি সুস্থ দেখাচ্ছেন। তাপমাত্রা ৩৬.৮ ডিগ্রি সেলসিয়া (৯৮ ডিগ্রি ফারেনহাইট), পাল্স ৭৫ প্রতি মিনিট, এবং রক্তচাপ ১৩৫/৭৮ মিমি পারদ। শারীরিক পরীক্ষায় কোনো অস্বাভাবিকতা দেখা যায়নি। ইউরেথ্রাল সুয়াবের গ্রাম স্টেইনে নিউট্রোফিল দেখানো হয়েছে তবে কোনও জীবাণু পাওয়া যায়নি। নিম্নলিখিতগুলির মধ্যে কোনটি সবচেয়ে সম্ভাব্য কারণজনক প্যাথোজেন?
A. নিসেরিয়া গোনোরেয়া
B. মাইকোপ্লাজমা জেনিটালিয়াম
C. গার্ডনারেলা ভ্যাজিনালিস
D. অ্যাডেনোভাইরাস
E. ট্রিকোমোনাস ভ্যাজিনালিস
F. ক্ল্যামাইডিয়া ট্র্যাকোমাটিস
G. হার্পেস সিমপ্লেক্স ভাইরাস",,,,,
R0069,"A 68-year-old man comes to the physician for a follow-up examination, accompanied by his daughter. Two years ago, he was diagnosed with localized prostate cancer, for which he underwent radiation therapy. He moved to the area 1 month ago to be closer to his daughter but continues to live independently. He was recently diagnosed with osteoblastic metastases to the spine and is scheduled to initiate therapy next week. In private, the patient’s daughter says that he has been losing weight and wetting the bed, and she tearfully asks the physician if his prostate cancer has returned. She says that her father has not spoken with her about his health recently. The patient has previously expressed to the physician that he does not want his family members to know about his condition because they “would worry too much.” Which of the following initial statements by the physician is most appropriate?
A. “As your father's physician, I think that it's important that you know that his prostate cancer has returned. However, we are confident that he will respond well to treatment.”
B. “It’s difficult to deal with parents aging, but I have experience helping families cope. We should sit down with your father and discuss this situation together.”
C. “I'm sorry, I can't discuss any information with you without his permission. I recommend that you have an open discussion with your father.”
D. “It concerns me that he's not speaking openly with you. I recommend that you seek medical power of attorney for your father. Then, we can legally discuss his diagnosis and treatment options together.”
E. “Sorry, but because your father’s condition is not classified as a notifiable disease, I’m not permitted to discuss his medical information with you without first obtaining his consent.”
F. “Your father is very ill and may not want you to know the details. I can imagine it's frustrating for you, but you have to respect his discretion.”
""","একজন ৬৮ বছর বয়সী পুরুষ তার কন্যার সঙ্গে সঙ্গেই ফলো-আপ পরীক্ষার জন্য ডাক্তারের কাছে আসেন। দুই বছর আগে তাকে স্থানীয় প্রোস্টেট ক্যান্সার নির্ণয় করা হয়েছিল, যার জন্য তিনি বিকিরণ থেরাপি গ্রহণ করেন। তিনি এক মাস আগে তার কন্যার কাছাকাছি হতে এই এলাকায় স্থানান্তরিত হন, তবে এখনও স্বাধীনভাবে বাস করছেন। সম্প্রতি তাকে মেরুদণ্ডে অস্টিওব্লাস্টিক মেটাস্টেসিস নির্ণয় করা হয়েছে এবং আগামী সপ্তাহে থেরাপি শুরু করার পরিকল্পনা রয়েছে। ব্যক্তিগতভাবে রোগীর কন্যা বলেন যে তিনি ওজন কমাচ্ছেন এবং বিছানা ভেজাচ্ছেন, এবং কান্নার সাথে ডাক্তারের কাছে জিজ্ঞাসা করেন তার প্রোস্টেট ক্যান্সার ফিরে এসেছে কি না। তিনি বলেন যে সম্প্রতি তার বাবা তার স্বাস্থ্যের বিষয়ে তাঁর সঙ্গে কথা বলছেন না। রোগী পূর্বে ডাক্তারের কাছে প্রকাশ করেছেন যে তিনি তার পরিবারকে তার অবস্থার সম্পর্কে জানাতে চান না কারণ তারা “অনেক বেশি উদ্বিগ্ন হবে।” নিম্নলিখিত কোনটি ডাক্তারীর প্রথম বিবৃতি সবচেয়ে উপযুক্ত?
A. “আপনার বাবার ডাক্তার হিসেবে, আমি মনে করি আপনার জানা গুরুত্বপূর্ণ যে তার প্রোস্টেট ক্যান্সার ফিরে এসেছে। তবে, আমরা আত্মবিশ্বাসী যে তিনি থেরাপিতে ভালভাবে সাড়া দেবেন।”
B. “বয়স বাড়তে থাকা পিতামাতার সঙ্গে মোকাবিলা করা কঠিন, তবে আমার পরিবারকে সামলাতে অভিজ্ঞতা আছে। আমাদের আপনার বাবার সাথে বসে এই পরিস্থিতি একসাথে আলোচনা করা উচিত।”
C. “দুঃখিত, তার অনুমতি ছাড়া আমি আপনার সঙ্গে কোনো তথ্য আলোচনা করতে পারি না। আমি সুপারিশ করছি যে আপনি আপনার বাবার সাথে খোলামেলা আলোচনার ব্যবস্থা করুন।”
D. “এটি আমাকে উদ্বিগ্ন করে যে তিনি আপনার সঙ্গে খোলামেলা কথা বলছেন না। আমি সুপারিশ করছি আপনি আপনার বাবার জন্য মেডিকেল পাওয়ার অফ অ্যাটর্নি গ্রহণ করুন। তারপর আমরা আইনি ভাবে তার নির্ণয় এবং থেরাপির বিকল্পগুলি একসাথে আলোচনা করতে পারব।”
E. “দুঃখিত, তবে আপনার বাবার অবস্থা নোটিফায়েবল রোগ হিসেবে শ্রেণীবদ্ধ নয় বলে, তার সম্মতি না নিয়ে আমি তার চিকিৎসা তথ্য আপনার সঙ্গে আলোচনা করতে অনুমোদিত নই।”
F. “আপনার বাবা খুব অসুস্থ এবং হয়তো আপনি বিস্তারিত জানার ইচ্ছা না রাখতে পারেন। আমি বুঝতে পারি এটি আপনার জন্য হতাশাজনক, তবে আপনাকে তার বিবেচনা সম্মান করতে হবে।”",,,,,
R0070,"A 31-year-old woman, gravida 2, para 1, at 32 weeks' gestation comes to the emergency department for sudden leakage of clear vaginal fluid. Her pregnancy has been uncomplicated. Her first child was born at term by vaginal delivery. She has no history of serious illness. She does not drink alcohol or smoke cigarettes. Current medications include vitamin supplements. Her temperature is 37.2°C (98.9°F), pulse is 70/min, respirations are 18/min, and blood pressure is 128/82 mm Hg. Speculum examination demonstrates clear fluid in the cervical canal. The fetal heart rate is reactive at 160/min with no decelerations. Tocometry shows uterine contractions. Nitrazine testing is positive. She is started on indomethacin. Which of the following is the most appropriate next step in management?
A. Administer betamethasone, ampicillin, and proceed with cesarean section
B. Administer ampicillin and perform amnioinfusion
C. Administer ampicillin and test amniotic fluid for fetal lung maturity
D. Administer betamethasone and ampicillin
E. Administer ampicillin and progesterone
F. Administer betamethasone, ampicillin, and proceed with induction of labor","একজন ৩১ বছর বয়সী নারী, গ্রাভিডা ২, প্যারা ১, ৩২ সপ্তাহের গর্ভধারণে হঠাৎ পরিষ্কার যোনি তরলের লিকেজের জন্য জরুরি বিভাগে আসেন। তার গর্ভাবস্থা জটিলতা মুক্ত হয়েছে। তার প্রথম সন্তান পূর্ণমেয়াদে যোনি মাধ্যমে জন্মগ্রহণ করেছে। তার কোনো গুরুতর রোগের ইতিহাস নেই। তিনি অ্যালকোহল পান করেন না এবং সিগারেট ধূমপান করেন না। বর্তমান ওষুধে ভিটামিন সম্পূরক অন্তর্ভুক্ত আছে। তার তাপমাত্রা ৩৭.২ ডিগ্রি সেলসিয়াস (৯৮.৯ ডিগ্রি ফারেনহাইট), পাল্স ৭০/মিনিট, শ্বাসপ্রশ্বাসের হার ১৮/মিনিট, এবং রক্তচাপ ১২৮/৮২ মিমি পারদ। স্পেকুলাম পরীক্ষা পরিষ্কার তরল সার্ভিক্যাল নালিতে প্রদর্শন করে। ভ্রূণের হৃদস্পন্দন রিএ্যাকটিভ, প্রতি মিনিটে ১৬০ হারে এবং কোনো ডিকেলারেশন নেই। টোকোমেট্রি গর্ভাশয়ের সংকোচন দেখায়। নাইট্রাজিন টেস্ট পজিটিভ। তিনি ইন্ডোমেথাসিন দিয়ে চিকিৎসা শুরু করা হয়। নিম্নলিখিতগুলির মধ্যে কোনটি ব্যবস্থাপনার সর্বোত্তম পরবর্তী ধাপ হবে?
A. বেটামেথাসোন, অ্যাম্পিসিলিন প্রদান করুন এবং সিজারিয়ান সেকশনের মাধ্যমে অগ্রসর হন
B. অ্যাম্পিসিলিন প্রদান করুন এবং অ্যানিওইনফিউশন সম্পাদন করুন
C. অ্যাম্পিসিলিন প্রদান করুন এবং ভ্রূণের ফুসফুসের পরিপক্কতার জন্য অ্যাম্নিয়োটিক তরল পরীক্ষা করুন
D. বেটামেথাসোন এবং অ্যাম্পিসিলিন প্রদান করুন
E. অ্যাম্পিসিলিন এবং প্রোজেস্টেরন প্রদান করুন
F. বেটামেথাসোন, অ্যাম্পিসিলিন প্রদান করুন এবং ইন্ডাকশন অব লেবারের মাধ্যমে অগ্রসর হন",,,,,
R0071,"A mother brings her 3-year-old son to his pediatrician because he is having tantrums. The boy has no history of serious illness and is on track with developmental milestones. His mother recently returned to work 2 weeks ago. She explains that, since then, her son has had a tantrum roughly every other morning, usually when she is getting him dressed or dropping him off at daycare. He cries loudly for about 5 minutes, saying that he does not want to go to daycare while thrashing his arms and legs. According to the daycare staff, he is well-behaved during the day. In the evenings, he has tantrums about twice per week, typically when he is told he must finish his dinner or that it is time for bed. These tantrums have been occurring for about 6 months. The mother is concerned her son may have a behavioral disorder. Which of the following is the most likely cause of the boy's behavior?
A. Autism spectrum disorder
B. Conduct disorder
C. Normal development
D. Oppositional defiant disorder
E. Attention deficit hyperactivity disorder
F. Disruptive mood dysregulation disorder","একজন মা তার ৩ বছর বয়সী পুত্রকে শিশুরোগ বিশেষজ্ঞের কাছে নিয়ে যান কারণ সে ট্যান্ট্রাম করছে। ছেলেটির কোনো গুরুতর রোগের ইতিহাস নেই এবং বিকাশগত মাইলস্টোনে সঠিক পথে রয়েছে। তার মা সম্প্রতি ২ সপ্তাহ আগে কাজ ফিরে গেছেন। তিনি ব্যাখ্যা করেন যে, তখন থেকে, তার পুত্র প্রায় প্রতি অন্য সকালে একটি ট্যান্ট্রাম করে, সাধারণত যখন তিনি তাকে পোশাক পরাতে বা ডে-কেয়ারে নামিয়ে দেন। সে প্রায় ৫ মিনিট ধরে জোরে কাঁদে, বলে যে সে ডে-কেয়ার যেতে চায় না এবং তার হাত ও পা নাড়াচাড়া করে। ডে-কেয়ার কর্মীদের মতে, দিনভর সে ভাল আচরণ করে। সন্ধ্যায়, সে সপ্তাহে দুবার ট্যান্ট্রাম করে, সাধারণত যখন তাকে বলা হয় যে তাকে খাবার শেষ করতে হবে অথবা শোয়ার সময় হয়েছে। এই ট্যান্ট্রামগুলি প্রায় ৬ মাস ধরে ঘটছে। মা উদ্বিগ্ন যে তার পুত্রের কোনো আচরণগত ব্যাধি থাকতে পারে। নিম্নলিখিতগুলির মধ্যে কোনটি ছেলেটির আচরণের সবচেয়ে সম্ভাব্য কারণ?
A. অটিজম স্পেকট্রাম ডিসঅর্ডার
B. কন্ডাক্ট ডিসঅর্ডার
C. স্বাভাবিক বিকাশ
D. অপোজিশনাল ডিফিয়েন্ট ডিসঅর্ডার
E. অ্যাটেনশন ডেফিসিট হাইপারএক্টিভিটি ডিসঅর্ডার
F. ডিসরাপটিভ মুড ডিজরেগুলেশন ডিসঅর্ডার",,,,,
R0072,"A 60-year-old man comes to the emergency room for a persistent painful erection for the last 5 hours. He has a history of sickle cell trait, osteoarthritis, insomnia, social anxiety disorder, gout, type 2 diabetes mellitus, major depressive disorder, and hypertension. He drinks 1 can of beer daily, and smokes marijuana on the weekends. He takes propranolol, citalopram, trazodone, rasburicase, metformin, glyburide, lisinopril, and occasionally ibuprofen. He is alert and oriented but in acute distress. Temperature is 36.5°C(97.7°F), pulse is 105/min, and blood pressure is 145/95 mm Hg. Examination shows a rigid erection with no evidence of trauma, penile discharge, injection, or prosthesis. Which of the following is the most likely cause of his condition?
A. Trazodone
B. Marijuana use
C. Sickle cell trait
D. Citalopram
E. Propranolol","৬০ বছর বয়সী একজন পুরুষ জরুরি বিভাগে আসেন গত ৫ ঘন্টা ধরে অব্যাহত বেদনাদায়ক ইরেকশনের জন্য। তার সিকল সেল ট্রেইট, অস্টিওআর্থ্রাইটিস, ইনসমনিয়া, সামাজিক উদ্বেগ ব্যাধি, গেঁটে বাত, টাইপ ২ ডায়াবেটিস মেলিটাস, প্রধান বিষণ্ণতা ব্যাধি এবং উচ্চ রক্তচাপের ইতিহাস রয়েছে। তিনি প্রতিদিন ১ ক্যান বিয়ার পান করেন, এবং সপ্তাহান্তে মারিজুয়ানা ধূমপান করেন। তিনি প্রোপ্রানোলল, সিটালোপ্রাম, ট্রাজডোন, রাসবিউরিকেজ, মেটফরমিন, গ্লাইবুরাইড, লিসিনোপ্রিল গ্রহণ করেন এবং কখনও কখনও আইবুপ্রোফেন নেন। তিনি সতর্ক এবং দিশা জানেন কিন্তু তীব্র অস্বস্তিতে আছেন। তাপমাত্রা ৩৬.৫ ডিগ্রি সেলসিয়া (৯৭.৭ ডিগ্রি ফারেনহাইট), স্পন্দন হার ১০৫/মিনিট, রক্তচাপ ১৪৫/৯৫ মিমি পারদ। পরীক্ষায় দৃঢ় ইরেকশন দেখা যায় কোনো আঘাত, লিঙ্গ নিঃসরণ, ইনজেকশন বা প্রোস্থেসিসের চিহ্ন নেই। নিম্নলিখিতগুলির মধ্যে কোনটি তার অবস্থার সবচেয়ে সম্ভাব্য কারণ?
A. ট্রাজডোন
B. মারিজুয়ানা ব্যবহার
C. সিকল সেল ট্রেইট
D. সিটালোপ্রাম
E. প্রোপ্রানোলল",,,,,
R0073,"A 43-year-old man comes to the physician because of left flank pain and nausea for 2 hours. The pain comes in waves and radiates to his groin. Over the past year, he has had intermittent pain in the bilateral flanks and recurrent joint pain in the toes, ankles, and fingers. He has not seen a physician in over 10 years. He takes no medications. He drinks 3-5 beers daily. His sister has rheumatoid arthritis. Vital signs are within normal limits. Physical examination shows marked tenderness bilaterally in the costovertebral areas. A photograph of the patient's left ear is shown. A CT scan of the abdomen shows multiple small kidney stones and a 7-mm left distal ureteral stone. A biopsy of the patient's external ear findings is most likely to show which of the following?
A. Cholesterol
B. Ammonium magnesium phosphate
C. Monosodium urate
D. Cystine
E. Calcium pyrophosphate
F. Palisading granulomas
G. Calcium oxalate","৪৩ বছর বয়সী একজন পুরুষ রোগী ডাক্তারের কাছে আসেন কারণ তিনি ২ ঘণ্টা ধরে বাম ফ্ল্যাঙ্কে ব্যথা এবং বমি বমি ভাব অনুভব করছেন। ব্যথাটি তরঙ্গের মতো আসে এবং তার গোড়ালিতে প্রসারিত হয়। গত এক বছরে, তিনি দ্বিপার্শ্বীয় ফ্ল্যাঙ্কে অন্তর্বর্তী ব্যথা এবং আঙুল, গোড়ালি ও পায়ের আঙুলে পুনরাবৃত্তি জয়েন্ট ব্যথা অনুভব করেছেন। তিনি ১০ বছরের বেশি সময় ধরে কোনো ডাক্তারের কাছে যাননি। তিনি কোনও ওষুধ গ্রহণ করেন না। তিনি দৈনিক ৩-৫ বিয়ার পান করেন। তার বোন রিউমাটয়েড আর্থ্রাইটিসে আক্রান্ত। গুরুত্বপূর্ণ চিহ্নগুলো স্বাভাবিক সীমার মধ্যে রয়েছে। শারীরিক পরীক্ষায় কোস্টোভার্টিব্রাল এলাকায় দ্বিপার্শ্বীয় তীব্র সংবেদনশীলতা দেখা যায়। রোগীর বাম কানের একটি ফটো দেখানো হয়েছে। পেটের সিটি স্ক্যানে একাধিক ছোট কিডনি স্টোন এবং ৭-মিমি বাম ডিস্টাল ইউরেটার স্টোন দেখা যায়। রোগীর বাহ্যিক কান থেকে নেওয়া বায়োপসিতে নিম্নলিখিত কোনটি সবচেয়ে সম্ভাবনা রয়েছে?
A. কোলেস্টেরল
B. অ্যামোনিয়াম ম্যাগনেসিয়াম ফসফেট
C. মনোসোডিয়াম ইউরেট
D. সিস্টিন
E. ক্যালসিয়াম পাইরোফসফেট
F. পালিসেডিং গ্র্যানুলোমা
G. ক্যালসিয়াম অক্সালেট",,,,,
R0074,"A 39-year-old woman comes to the physician because of recurrent episodes of severe pain over her neck, back, and shoulders for the past year. The pain worsens with exercise and lack of sleep. Use of over-the-counter analgesics have not resolved her symptoms. She also has stiffness of the shoulders and knees and tingling in her upper extremities that is worse in the morning. She takes escitalopram for generalized anxiety disorder. She also has tension headaches several times a month. Her maternal uncle has ankylosing spondylitis. Examination shows marked tenderness over the posterior neck, bilateral mid trapezius, and medial aspect of the left knee. Muscle strength is normal. Laboratory studies, including a complete blood count, erythrocyte sedimentation rate, and thyroid-stimulating hormone are within the reference ranges. X-rays of her cervical and lumbar spine show no abnormalities. Which of the following is the most likely diagnosis?
A. Polymyalgia rheumatica
B. Fibromyalgia
C. Axial spondyloarthritis
D. Rheumatoid arthritis
E. Polymyositis
F. Major depressive disorder
G. Systemic lupus erythematosus","৩৯ বছর বয়সী এক নারী চিকিৎসকের কাছে আসেন কারণ গত এক বছর ধরে তার ঘাড়, পিঠ এবং কাঁধে পুনরাবৃত্তি হওয়া তীব্র ব্যথার পর্ব ঘটছে। ব্যথা ব্যায়াম ও ঘুমের অভাবে বাড়ে। ওভার-দ্য-কাউন্টার অ্যানালজেসিক্স ব্যবহার করেও তার উপসর্গ দূর হয়নি। তিনি কাঁধ এবং হাঁটুর কঠোরতা এবং উঁচু অঙ্গগুলিতে ঝিনঝিন ভাব অনুভব করেন যা সকালে বেশি তীব্র। তিনি জনারেলাইজড অ্যাংজাইটি ডিসঅর্ডারের জন্য এসকিট্যালোপ্রাম গ্রহণ করছেন। তিনি মাসে কয়েকবার টেনশন হেডেকও পান। তার মাতৃপক্ষের চাচা অ্যাঙ্কাইলোসিং স্পন্ডিলাইটিস এ আক্রান্ত। পরীক্ষায় পেছনের ঘাড়, দু'পাশের মাঝের ট্র্যাপেজিয়াস এবং বাম হাঁটুর মধ্যভাগে স্পষ্ট সংবেদনশীলতা দেখা যায়। পেশীর শক্তি স্বাভাবিক। ল্যাবরেটরি পরীক্ষা, যার মধ্যে সম্পূর্ণ রক্ত গণনা, ইরিথ্রোসাইট সেডিমেন্টেশন রেট এবং থাইরয়েড-স্টিমুলেটিং হরমোন অন্তর্ভুক্ত, সবই রেফারেন্স সীমার মধ্যে রয়েছে। তার সার্ভিকাল ও লাম্বার স্পাইন এর এক্স-রে কোনো অস্বাভাবিকতা দেখায় না। নিম্নলিখিতগুলির মধ্যে কোনটি সবচেয়ে সম্ভাব্য নির্ণয়?
A. পলিমায়ালজিয়া রিউমাটিকা
B. ফাইব্রোমাইলজিয়া
C. অ্যাক্সিয়াল স্পন্ডিলারথ্রাইটিস
D. রিউম্যাটয়েড আর্থ্রাইটিস
E. পলিমায়োসিটিস
F. মেজর ডিপ্রেসিভ ডিসঅর্ডার
G. সিস্টেমিক লুপাস এরিথেমাটোসিস",,,,,
R0075,"A 35-year-old female comes to the physician because of a 2-year history of progressive fatigue and joint pain. She has a 1-year history of skin problems and a 4-month history of episodic pallor of her fingers. She reports that the skin of her face, neck, and hands is always dry and itchy; there are also numerous “red spots” on her face. She has become more “clumsy” and often drops objects. She has gastroesophageal reflux disease treated with lansoprazole. She does not smoke. She occasionally drinks a beer or a glass of wine. Her temperature is 36.5°C (97.7°F), blood pressure is 154/98 mm Hg, and pulse is 75/min. Examination shows hardening and thickening of the skin of face, neck, and hands. There are small dilated blood vessels around her mouth and on her oral mucosa. Mouth opening is reduced. Active and passive range of motion of the proximal and distal interphalangeal joints is limited. Cardiopulmonary examination shows no abnormalities. Her creatinine is 1.4 mg/dL. The patient is at increased risk for which of the following complications?
A. Dental caries
B. Antiphospholipid syndrome
C. Lung cancer
D. Urolithiasis
E. Dactylitis
F. Osteoporosis
""","একজন ৩৫-বছরের মহিলা রোগী প্রগতিশীল ক্লান্তি এবং সন্ধি ব্যথার ২-বছর ইতিহাসের জন্য ডাক্তারের কাছে আসেন। তিনি ত্বকের সমস্যার ১-বছর ইতিহাস এবং আঙুলের পর্যায়ক্রমিক ফ্যাকাশে রঙের ৪-মাস ইতিহাস রয়েছে। তিনি জানান যে তার মুখ, গলা ও হাতের ত্বক সবসময় শুষ্ক এবং চুলকাচ্ছে; এছাড়াও তার মুখে অনেক “লাল দাগ” আছে। তিনি আরও বেশি “অগোছালো” হয়ে পড়েছেন এবং প্রায়ই বস্তু ফেলেন। তিনি গ্যাস্ট্রোইসোফেজিয়াল রিফ্লাক্স ডিজিজের রোগী এবং ল্যান্সোপ্রাজল দিয়ে চিকিৎসা করছেন। তিনি ধূমপান করেন না। মাঝে মাঝে বিয়ার বা এক গ্লাস ওয়াইন পান করেন। তার তাপমাত্রা ৩৬.৫ ডিগ্রি সেলসিয়া (৯৭.৭ ডিগ্রি ফারেনহাইট), রক্তচাপ ১৫৪/৯৮ মিমি পারদ, এবং পাল্স ৭৫ প্রতি মিনিট। পরীক্ষায় মুখ, গলা ও হাতের ত্বকের কঠোরতা এবং পুরুত্ব দেখা যায়। তার মুখের চারপাশে এবং মৌখিক মিউকোসায় ছোট ফাঁপা রক্তনালী রয়েছে। মুখ খোলার ক্ষমতা কমে গেছে। প্রোক্সিমাল এবং ডিস্টাল ইন্টারফ্যালেঞ্জিয়াল সন্ধিগুলোর সক্রিয় ও প্যাসিভ গতিসীমা সীমিত। কার্ডিওফুসের পরীক্ষায় কোনো অস্বাভাবিকতা দেখা যায় না। তার ক্রিয়েটিনিন ১.৪ মিলিগ্রাম/ডেসিলিটার। রোগী নিম্নলিখিত জটিলতার কোনটির জন্য বাড়তি ঝুঁকিতে আছেন?
A. দাঁতে ক্যারিস
B. অ্যান্টিফসফোলিপিড সিনড্রোম
C. ফুসফুসের ক্যান্সার
D. মূত্র পাথর
E. ড্যাকটাইলাইটিস
F. অস্টিওপোরোসিস",,,,,
R0076,"A 65-year-old man comes to the physician because of a 10-day history of episodic retrosternal pain, shortness of breath, and palpitations. The episodes occur when he climbs stairs or tries to walk briskly on his treadmill. The symptoms resolve when he stops walking. The previous evening he felt dizzy and weak during such an episode. He also reports that he had a cold 2 weeks ago. He was diagnosed with type 2 diabetes mellitus four years ago but is otherwise healthy. His only medication is glyburide. He appears well. His pulse is 62/min and is weak, respirations are 20/min, and blood pressure is 134/90 mmHg. Cardiovascular examination shows a late systolic ejection murmur that is best heard in the second right intercostal space. The lungs are clear to auscultation. Which of the following mechanisms is the most likely cause of this patient's current condition?
A. Increased left ventricular oxygen demand
B. Lymphocytic infiltration of the myocardium
C. Narrowing of the coronary arterial lumen
D. Inflammatory constriction of the bronchioles
E. Critical transmural hypoperfusion of the myocardium
F. Cellular injury of the esophageal epithelium
G. Catecholamine-induced transient regional systolic dysfunction
H. Increased release of endogenous insulin","৬৫ বছর বয়সী একজন পুরুষ রোগীর কাছে আসেন কারণ ১০ দিনের ইতিহাসে পর্যায়ক্রমিক রেট্রোস্টার্নাল ব্যথা, শ্বাসকষ্ট এবং হৃদস্পন্দনের অস্বাভাবিকতা। এই এপিসোডগুলো ঘটে যখন তিনি সিঁড়ি ওঠেন অথবা তার ট্রেডমিলে দ্রুত হাঁটতে চেষ্টা করেন। রোগের উপসর্গগুলি থেমে যায় যখন তিনি হাঁটা বন্ধ করেন। পূর্ববর্তী সন্ধ্যায় তিনি এমন একটি এপিসোডের সময় মাথা ঘোরানো এবং দুর্বলতা অনুভব করেছিলেন। তিনি আরও জানান যে দুই সপ্তাহ আগে তিনি সর্দি ছিলেন। তিনি চার বছর আগে টাইপ ২ ডায়াবেটিস মেলিটাসে নির্ণয় হয়েছিলেন কিন্তু অন্যথায় সুস্থ। তার একমাত্র ওষুধ গ্লাইবুরাইড। তিনি ভাল দেখাচ্ছেন। তার পালস প্রতি মিনিটে ৬২ এবং দুর্বল, শ্বাসপ্রশ্বাস প্রতি মিনিটে ২০, এবং রক্তচাপ ১৩৪/৯০ মিমি পারদ। কার্ডিওভাসকুলার পরীক্ষা দেখায় একটি দেরি সিস্টোলিক ইজেকশন মর্মর যা দ্বিতীয় ডান আন্তঃপাঁজরের স্থানে সর্বোত্তম শোনা যায়। ফুসফুস অডিটোরিতে পরিষ্কার। নিম্নলিখিত কোন প্রক্রিয়া এই রোগীর বর্তমান অবস্থার সবচেয়ে সম্ভাব্য কারণ?
A. বাম ভেন্ট্রিকুলার অক্সিজেনের চাহিদা বৃদ্ধি
B. হৃদপেশীর লিম্ফোসাইটিক প্রবেশ
C. করোনারি আর্টেরিয়াল আলভের সংকোচন
D. ব্রঙ্কিওলগুলির প্রদাহজনিত সংকোচন
E. হৃদপেশীর সমালোচনামূলক ট্রান্সমোরাল হাইপোপরফিউশন
F. ইসোফেজিয়াল ইপিথেলিয়ামের কোষীয় আঘাত
G. ক্যাটেকোলামিন-প্ররোচিত অস্থায়ী অঞ্চলগত সিস্টোলিক ডিসফাংশন
H. এন্ডোজেনাস ইনসুলিনের মুক্তি বৃদ্ধি",,,,,
R0077,"A 20-year-old primigravid woman comes to the physician in October for her first prenatal visit. She has delayed the visit because she wanted a “natural birth” but was recently convinced to get a checkup after feeling more tired than usual. She feels well. Menarche was at the age of 12 years and menses used to occur at regular 28-day intervals and last 3-7 days. The patient emigrated from Mexico 2 years ago. Her immunization records are unavailable. Pelvic examination shows a uterus consistent in size with a 28-week gestation. Laboratory studies show:
Hemoglobin 12.4 g/dL
Leukocyte count 8,000/mm3
Blood group B negative
Serum
Glucose 88 mg/dL
Creatinine 1.1 mg/dL
TSH 3.8 μU/mL
Rapid plasma reagin negative
HIV antibody negative
Hepatitis B surface antigen negative
Urinalysis shows no abnormalities. Urine culture is negative. Chlamydia and gonorrhea testing are negative. A Pap smear is normal. Administration of which of the following vaccines is most appropriate at this time?""
A. Influenza and hepatitis B
B. Tdap and influenza
C. Tdap and MMR
D. Varicella and Tdap
E. Haemophilus influenzae B and HPV
F. Tdap and HPV
G. Varicella and influenza
H. Hepatitis B and MMR
I. MMR, Haemophilus influenzae B, and varicella
J. Influenza only
K. Varicella and hepatitis B
L. H. influenzae B and influenza","২০ বছর বয়সী প্রাইমিগ্র্যাভিড নারী অক্টোবর মাসে তার প্রথম গর্ভকালীন পরিদর্শনে ডাক্তারের কাছে আসে। তিনি ভিজিটটি বিলম্বিত করেছিলেন কারণ তিনি “প্রাকৃতিক জন্ম” চান, তবে সাম্প্রতিককালে স্বাভাবিকের চেয়ে বেশি ক্লান্তি অনুভব করার পরে চেকআপে রাজি হন। তিনি ভালই বোধ করছেন। মেনার্কে বয়স ১২ বছর এবং মাসিকগুলো নিয়মিত ২৮-দিনের অন্তরালে ঘটত এবং ৩-৭ দিন স্থায়ী হতো। রোগী ২ বছর আগে মেক্সিকো থেকে অভিবাসন করেন। তার টিকা রেকর্ড পাওয়া যায় না। পেলভিক পরীক্ষায় দেখা গেল গর্ভাশয়টি ২৮-সপ্তাহের গর্ভধারণের আকারের সাথে সামঞ্জস্যপূর্ণ। ল্যাবরেটরি ফলাফল দেখায়:
হিমোগ্লোবিন ১২.৪ গ্রাম প্রতি ডেসিলিটার
লিউকোসাইট গণনা ৮,০০০/ঘন মিলিমিটার
রক্তের গ্রুপ বি নেগেটিভ
সিরাম
গ্লুকোজ ৮৮ মিলিগ্রাম প্রতি ডেসিলিটার
ক্রিয়াটিনিন ১.১ মিলিগ্রাম প্রতি ডেসিলিটার
টিএসএইচ ৩.৮ মাইক্রোইউনিট প্রতি মিলিলিটার
র‍্যাপিড প্লাজমা রেগেইন নেগেটিভ
এইচআইভি অ্যান্টিবডি নেগেটিভ
হেপাটাইটিস বি সারফেস অ্যান্টিজেন নেগেটিভ
মূত্র বিশ্লেষণে কোনো অস্বাভাবিকতা দেখা যায় না। মূত্র সংস্কৃতি নেগেটিভ। ক্ল্যামাইডিয়া এবং গনোরিয়া পরীক্ষাও নেগেটিভ। প্যাপ স্মেয়ার স্বাভাবিক। নিম্নলিখিত কোন টিকা এই সময়ে প্রদান করা সবচেয়ে উপযুক্ত?
A. ইনফ্লুয়েঞ্জা এবং হেপাটাইটিস বি
B. টিডিএপি এবং ইনফ্লুয়েঞ্জা
C. টিডিএপি এবং এমএমআর
D. ভ্যারিসেলা এবং টিডিএপি
E. হেমোফিলাস ইনফ্লুয়েঞ্জা বি এবং এইচপিভি
F. টিডিএপি এবং এইচপিভি
G. ভ্যারিসেলা এবং ইনফ্লুয়েঞ্জা
H. হেপাটাইটিস বি এবং এমএমআর
I. এমএমআর, হেমোফিলাস ইনফ্লুয়েঞ্জা বি, এবং ভ্যারিসেলা
J. শুধুমাত্র ইনফ্লুয়েঞ্জা
K. ভ্যারিসেলা এবং হেপাটাইটিস বি
L. হেমোফিলাস ইনফ্লুয়েঞ্জা বি এবং ইনফ্লুয়েঞ্জা",,,,,
R0078,"A 49-year-old man comes to the physician because he has had multiple falls and multiple episodes of dizziness over the past 6 weeks. There is no personal or family history of serious illness. He drinks one pint of rum daily. He works as a foreman in a factory that produces industrial solvents. He is alert and oriented to time, place, and person. His temperature is 36.7°C (98.1°F), pulse is 88/min, and blood pressure is 108/70 mm Hg. Examination shows a wide-based gait. The patient is unable to stand with his feet together without support. There is a coarse tremor of the hands when he is asked to grab a pen. Muscle strength and tone are normal in all extremities. Sensation to pain, vibration, and position is intact bilaterally. Rapid alternating movements of the hands is impaired. Mental status examination shows no abnormalities. Which of the following is the most likely cause of this patient's condition?
A. Korsakoff syndrome
B. Subacute combined degeneration
C. Methanol poisoning
D. Cerebellar degeneration
E. Wernicke's encephalopathy","৪৯ বছর বয়সী একজন পুরুষ রোগী ডাক্তারের কাছে আসেন কারণ গত ৬ সপ্তাহে তিনি বহুবার পড়ে গেছেন এবং ঘূর্ণিঝড়ের একাধিক পর্ব অনুভব করেছেন। গুরুতর কোনো অসুস্থতার ব্যক্তিগত বা পারিবারিক ইতিহাস নেই। তিনি দৈনিক এক পিন্ট রাম পান করেন। তিনি একটি কারখানায় ফোরম্যান হিসেবে কাজ করেন যা শিল্পীয় সলভেন্ট উৎপাদন করে। তিনি সতর্ক এবং সময়, স্থান ও ব্যক্তি সম্পর্কে সচেতন। তার তাপমাত্রা ৩৬.৭ ডিগ্রি সেলসিয়া (৯৮.১ ডিগ্রি ফারেনহাইট), পাল্স ৮৮/মিনিট, এবং রক্তচাপ ১০৮/৭০ মিমি পারদ। পরীক্ষায় প্রশস্ত ভিত্তিক গেট দেখা যায়। রোগী সমর্থন ছাড়া তার পা একসাথে রেখে দাঁড়াতে অক্ষম। যখন তাকে কলম ধরতে বলা হয় তখন হাতের মোটা কম্পন থাকে। সকল অঙ্গপ্রত্যঙ্গে পেশীর শক্তি ও টোন স্বাভাবিক। বাম-ডান দু'পাশেই ব্যথা, কম্পন এবং অবস্থানের অনুভূতি সঠিক। হাতের দ্রুত বিকল্পগত আন্দোলন দুর্বল। মানসিক অবস্থা পরীক্ষায় কোনো অস্বাভাবিকতা দেখা যায়নি। নিম্নলিখিতগুলির মধ্যে কোনটি এই রোগীর অবস্থার সবচেয়ে সম্ভাব্য কারণ?
A. কোরসাকফ সিনড্রোম
B. উপ-তীব্র সমবায় অবক্ষয়
C. মেথানল বিষক্রিয়া
D. সেরেবেলার অবক্ষয়
E. ওয়ার্নিকের এনসেফালোপ্যাথি",,,,,
R0079,"A 5-month-old male infant is brought to the physician by his mother because of a generalized pruritic rash for 2-weeks. The itchiness often causes the infant to wake up at night. He was strictly breastfed until 4 months of age, when he was transitioned to formula feeding. His father has a history of asthma. His immunizations are up-to-date. He is at the 75th percentile for length and the 70th percentile for weight. Examination shows dry and scaly patches on the face and extensor surfaces of the extremities. The groin is spared. Which of the following is the most appropriate next step in management?
A. Topical coal tar
B. Oral acyclovir
C. Oral vitamin A
D. Topical mupirocin
E. Topical clotrimazole
F. Tar-containing shampoo
G. Topical emollient
""","একজন ৫-মাসের পুরুষ শিশুকে তার মা ডাক্তারের কাছে নিয়ে এসেছে কারণ সে ২-সপ্তাহ ধরে সাধারণ চুলকানি যুক্ত র্যাশে ভুগছে। চুলকানিটি প্রায়শই শিশুটিকে রাতে জাগিয়ে দেয়। তিনি ৪ মাস বয়স পর্যন্ত কঠোরভাবে স্তন্যপানে লালিত ছিলেন, এরপর ফর্মুলা দুধে পরিবর্তন করা হয়েছিল। তার বাবার হাঁপানির ইতিহাস রয়েছে। তার টিকা সম্পূর্ণ এবং সময়মতো হয়েছে। দৈর্ঘ্যের ক্ষেত্রে তিনি ৭৫তম পার্সেন্টাইলে এবং ওজনের ক্ষেত্রে ৭০তম পার্সেন্টাইলে আছেন। পরীক্ষায় মুখ ও অঙ্গের বিস্তৃত অংশে শুষ্ক এবং খোসা-যুক্ত প্যাচ দেখা গেছে। ইনগুইন অংশে কোনো পরিবর্তন নেই। নিম্নলিখিতগুলির মধ্যে কোনটি ব্যবস্থাপনার সর্বাধিক উপযুক্ত পরবর্তী ধাপ হবে?
A. স্থানীয় কয়েল টার
B. মৌখিক অ্যাসাইক্লোভির
C. মৌখিক ভিটামিন এ
D. স্থানীয় মিউপাইরোসিন
E. স্থানীয় ক্লোট্রিমাজোল
F. টারে-সমৃদ্ধ শ্যাম্পু
G. স্থানীয় ইমোলিয়েন্ট",,,,,
R0080,"A 14-year-old Somalian boy is brought to the emergency department by his mother because of a painful penile erection since he woke up 3 hours ago. His family recently emigrated to the United States from a refugee camp, and his past medical history is unknown. He has never had a health check up prior to this visit. On further questioning, his mother reports that the child is often fatigued and sick, and has episodes of joint pain. Examination shows ejection systolic murmurs heard over the precordium. Examination of the genitalia shows an engorged, tumescent penis. The remainder of the examination shows no abnormalities. Which of the following is the most likely underlying cause?
A. Acute leukemia
B. Sickle cell disease
C. Heroin abuse
D. Non-Hodgkin lymphoma
E. Sildenafil intake
F. Idiopathic","১৪ বছর বয়সী সোমালিয়ান ছেলে তার মা দ্বারা জরুরি বিভাগে আনা হয়েছে কারণ তিনি জেগে ওঠার পর থেকে ৩ ঘণ্টা আগে থেকে ব্যথাযুক্ত লিঙ্গ উত্তেজনা অনুভব করছেন। তার পরিবার সম্প্রতি শরণার্থী ক্যাম্প থেকে যুক্তরাষ্ট্রে অভিবাসন করেছে, এবং তার পূর্ববর্তী চিকিৎসা ইতিহাস অজানা। এই পরিদর্শনের আগে তিনি কখনও স্বাস্থ্য পরীক্ষা করাননি। অধিক প্রশ্নে, তার মা জানান যে শিশুটি প্রায়ই ক্লান্ত এবং অসুস্থ থাকে, এবং জয়েন্টের ব্যথার পর্ব ঘটে। পরীক্ষায় প্রিকর্ডিয়ামের উপর ইজেকশন সিস্টোলিক মর্মর শোনা যায়। যৌনাঙ্গের পরীক্ষা দেখায় একটি ফুলে ওঠা, টিউমেসেন্ট লিঙ্গ। পরীক্ষার বাকি অংশে কোনো অস্বাভাবিকতা দেখা যায় না। নিম্নলিখিতগুলির মধ্যে কোনটি সবচেয়ে সম্ভাব্য অন্তর্নিহিত কারণ হতে পারে?
A. তীব্র লিউকেমিয়া
B. সিকল সেল রোগ
C. হেরয়িন ব্যবহার
D. নন-হডজকিন লিম্ফোমা
E. সিল্ডেনাফিল গ্রহণ
F. অজ্ঞাতজনিত",,,,,
R0081,"A 55-year-old man is brought to the emergency department for the evaluation of severe chest pain for the last hour. The pain travels along the left arm and upper jaw. The patient also reports difficulty breathing and profuse sweating. He has hypertension and type 2 diabetes mellitus. He has smoked one pack of cigarettes daily for the last 35 years. His medications include enalapril and metformin. His temperature is 37°C (98.6°F), pulse is 110/min, respirations are 20/min, and blood pressure is 90/60 mm Hg. An ECG shows ST elevation in the leads II, III, and aVF. Morphine is administered and oxygen supplementation and fluid resuscitation are begun. Shortly after, the patient becomes unstable. Following emergency resuscitation and stabilization, a written advance directive provided by the patient's primary care physician shows a do-not-resuscitate (DNR) order. The patient's wife, who is the power of attorney, disagrees. Which of the following is the most appropriate next step in management of this patient?
A. Discuss treatment options with the patient's primary care physician
B. Obtain court order to revoke written advance directive
C. Supportive care only
D. Reperform resuscitation when needed
E. Contact the patient's oldest child
F. Contact the ethics committee","৫৫ বছর বয়সী একজন পুরুষকে শেষ এক ঘন্টা তীব্র বক্ষ ব্যথার মূল্যায়নের জন্য জরুরি বিভাগে আনা হয়েছে। ব্যথা বাম বাহু এবং উপরের জবড় বরাবর ছড়িয়ে পড়ে। রোগী শ্বাসকষ্ট এবং প্রচুর ঘামের কথাও জানান। তার উচ্চ রক্তচাপ এবং টাইপ ২ ডায়াবেটিস মেলিটাস রয়েছে। তিনি শেষ ৩৫ বছর ধরে প্রতিদিন এক প্যাক সিগারেট ধূমপান করেছেন। তার ওষুধের মধ্যে এনালাপ্রিল এবং মেটফরমিন অন্তর্ভুক্ত। তাপমাত্রা ৩৭ ডিগ্রি সেলসিয়াস (৯৮.৬ ডিগ্রি ফারেনহাইট), পাল্স ১১০/মিনিট, শ্বাসপ্রশ্বাসের হার ২০/মিনিট, এবং রক্তচাপ ৯০/৬০ মিমি পারদ। ইসিজিতে লিড ২, লিড ৩ এবং লিড aVF-তে ST এলিভেশন দেখা যায়। মরফিন প্রদান করা হয় এবং অক্সিজেন সম্পূরক ও তরল পুনর্জীবন শুরু করা হয়। সংক্ষিপ্ত সময়ের পরে রোগী অস্থিতিশীল হয়ে যায়। জরুরি পুনর্জীবন ও স্থিতিশীলতার পর, রোগীর প্রাইমারি কেয়ার ফিজিশিয়ান দ্বারা প্রদত্ত একটি লিখিত অগ্রিম নির্দেশনা ডি-এন-আর আদেশ দেখায়। রোগীর স্ত্রী, যিনি পাওয়ার অফ অ্যাটর্নি, অসম্মত। নিম্নলিখিতগুলির মধ্যে কোনটি এই রোগীর ব্যবস্থাপনার সর্বোত্তম পরবর্তী পদক্ষেপ?
A. রোগীর প্রাইমারি কেয়ার ফিজিশিয়ানের সঙ্গে চিকিৎসা বিকল্পগুলি আলোচনা করুন
B. কোর্ট আদেশ সংগ্রহ করে লিখিত অগ্রিম নির্দেশনা বাতিল করুন
C. শুধুমাত্র সহায়তামূলক যত্ন
D. প্রয়োজন হলে পুনরায় পুনর্জীবন সম্পাদন করুন
E. রোগীর সবচেয়ে বড় সন্তানকে যোগাযোগ করুন
F. এথিক্স কমিটি-কে যোগাযোগ করুন",,,,,
R0082,"A 65-year-old man is brought to the emergency department for a 1-week history of worsening shortness of breath. The symptoms occur when he climbs the stairs to his apartment on the 3rd floor and when he goes to bed. He gained 2.3 kg (5 lbs) in the past 5 days. He has a history of hypertension, hyperlipidemia, alcoholic steatosis, and osteoarthritis. He received surgical repair of a ventricular septal defect when he was 4 months old. He started taking ibuprofen for his osteoarthritis and simvastatin for his hyperlipidemia one week ago. He drinks 2-3 beers daily after work. His temperature is 37.0°C (98.6°F), his pulse is 114/min, and his blood pressure is 130/90 mmHg. Physical examination reveals jugular venous distention and 2+ pitting edema in his lower legs. On cardiac auscultation, an additional, late-diastolic heart sound is heard. Bilateral crackles are heard over the lung bases. Echocardiography shows concentric hypertrophy of the left ventricle. Which of the following is the most likely underlying cause of this patient's condition?
A. Alcoholic cardiomyopathy
B. Pericardial effusion
C. Recent use of simvastatin
D. Arterial hypertension
E. Flow reversal of ventricular shunt","৬৫ বছর বয়সী একজন পুরুষকে জরুরি বিভাগে আনা হয়েছে এক সপ্তাহের শ্বাসকষ্ট বাড়ার ইতিহাসের জন্য। এই উপসর্গগুলো ঘটে যখন তিনি তৃতীয় তলায় তার অ্যাপার্টমেন্টে সিঁড়ি ওঠেন এবং যখন তিনি বিছানায় যান। তিনি গত পাঁচ দিনে ২.৩ কেজি (৫ পাউন্ড) ওজন বৃদ্ধি পেয়েছেন। তাঁর উচ্চ রক্তচাপ, হাইপারলিপিডেমিয়া, অ্যালকোহলিক স্টিয়াটোসিস এবং অস্টিওআর্থ্রাইটিসের ইতিহাস রয়েছে। তিনি যখন চার মাস বয়সে ছিলেন তখন ভেন্ট্রিকুলার সেপটাল ডিফেক্টের শল্যচিকিত্সা করিয়ে নিয়েছিলেন। এক সপ্তাহ আগে তিনি তার অস্টিওআর্থ্রাইটিসের জন্য আইবুপ্রোফেন এবং হাইপারলিপিডেমিয়ার জন্য সিমভাস্টাটিন নিতে শুরু করেন। কাজের পরে তিনি দৈনিক ২-৩ বিয়ার পান করেন। তাঁর তাপমাত্রা ৩৭.০°C (৯৮.৬°F), পালস ১১৪/min, এবং রক্তচাপ ১৩০/৯০ মিমি পারদ। শারীরিক পরীক্ষায় যুগুলার শিরা ফোলাভাব এবং নিম্ন পায়ে ২+ পিটিং এডিমা দেখা যায়। কার্ডিয়াক অস্কাল্টেশনে একটি অতিরিক্ত, দেরি-ডায়াস্টলিক হৃদয় শব্দ শোনা যায়। দু'পাশের ফুসফুসের ভিত্তিতে ক্র্যাকলস শোনা যায়। ইকোকার্ডিওগ্রাফি বাম ভেন্ট্রিকলের কনসেনট্রিক হাইপারট্রফি দেখায়। নিম্নলিখিতগুলির মধ্যে কোনটি এই রোগীর অবস্থার সবচেয়ে সম্ভাব্য অন্তর্নিহিত কারণ?
A. অ্যালকোহলিক কার্ডিওমায়োকার্ডিয়োপ্যাথি
B. পেরিকারডিয়াল এফিউশন
C. সিমভাস্টাটিনের সাম্প্রতিক ব্যবহার
D. ধমনী উচ্চ রক্তচাপ
E. ভেন্ট্রিকুলার শান্টের প্রবাহ উল্টো হওয়া",,,,,
R0083,"A 14-year-old girl is brought to the physician because of a 1-week history of fever, malaise, and chest pain. She describes the pain as 6 out of 10 in intensity and that it is more severe if she takes a deep breath. The pain is centrally located in the chest and does not radiate. Three weeks ago, she had a sore throat that resolved without treatment. She has no personal history of serious illness. She appears ill. Her temperature is 38.7°C (101.7°F). Examination shows several subcutaneous nodules on the elbows and wrist bilaterally. Breath sounds are normal. A soft early systolic murmur is heard best at the apex in the left lateral position. Abdominal examination is unremarkable. Laboratory studies show:
Hemoglobin 12.6 g/dL
Leukocyte count 12,300/mm3
Platelet count 230,000/mm3
Erythrocyte sedimentation rate 40 mm/hr
Serum
Antistreptolysin O titer 327 U/mL (N < 200 U/mL)
She is treated with aspirin and penicillin and her symptoms resolve. An echocardiography of the heart done 14 days later shows no abnormalities. Which of the following is the most appropriate next step in management?""
A. Intramuscular benzathine penicillin every 4 weeks for 10 years
B. Low-dose prednisone therapy for a month
C. Oral penicillin V before dental procedures
D. Intramuscular benzathine penicillin every 4 weeks until the age of 40
E. Intramuscular benzathine penicillin every 4 weeks until the age of 21
F. Intramuscular benzathine penicillin every 4 weeks for 5 years","১৪ বছর বয়সী একটি মেয়ে ডাক্তারকে নিয়ে আনা হয়েছে কারণ এক সপ্তাহের জ্বর, অস্বস্তি এবং বুকের ব্যথার ইতিহাস রয়েছে। তিনি ব্যথাটিকে তীব্রতায় দশের মধ্যে ছয় বলে বর্ণনা করেন এবং এটি গভীর শ্বাস নিলে আরও তীব্র হয়। ব্যথা বুকের কেন্দ্রে অবস্থিত এবং তা বিস্তার করে না। তিন সপ্তাহ আগে, তিনি গলা ব্যথা পেয়েছিলেন যা কোনো চিকিৎসা ছাড়াই সেরে গিয়েছিল। তার কোনও গুরুতর রোগের ব্যক্তিগত ইতিহাস নেই। তিনি অসুস্থ দেখাচ্ছেন। তার তাপমাত্রা ৩৮.৭ ডিগ্রি সেলসিয়াস (১০১.৭ ডিগ্রি ফারেনহাইট)। পরীক্ষায় উভয় কনুই এবং কব্জিতে বেশ কয়েকটি ত্বকের নিচের গাঁট দেখা যায়। শ্বাসের শব্দ স্বাভাবিক। বাম পাশের পার্শ্ব অবস্থায় শীর্ষে একটি নরম প্রারম্ভিক সিস্টোলিক মর্মর সর্বোচ্চ শোনা যায়। পেটের পরীক্ষা অস্বাভাবিক নয়। ল্যাবরেটরি পরীক্ষায় দেখা গেছে:
হিমোগ্লোবিন ১২.৬ গ্রাম/ডেসিলিটার
সাদা রক্তকণিকা সংখ্যা ১২,৩০০/ঘন মিলিমিটার
প্লেটলেট গণনা ২৩০,০০০/ঘন মিলিমিটার
ইরিথ্রোসাইট সেডিমেন্টেশন হার ৪০ মিমি/ঘণ্টা
সিরাম অ্যান্টিস্ট্রেপটোলাইসিন ও টিটার ৩২৭ ইউনিট/মিলিলিটার (স্বাভাবিক < ২০০ ইউনিট/মিলিলিটার)
তাকে এস্পিরিন এবং পেনিসিলিন দিয়ে চিকিৎসা করা হয় এবং তার উপসর্গগুলি সেরে যায়। ১৪ দিন পরে হৃদয়ের ইকোকার্ডিওগ্রাফি করা হলে কোনো অস্বাভাবিকতা দেখা যায় না। নিম্নলিখিতগুলির মধ্যে কোনটি ব্যবস্থাপনার সর্বাধিক উপযুক্ত পরবর্তী ধাপ?
A. ইন্ট্রামাসকুলার বেনজাথিন পেনিসিলিন প্রতি ৪ সপ্তাহে ১০ বছর পর্যন্ত
B. কম ডোজ প্রেডনিসোন থেরাপি এক মাসের জন্য
C. মৌখিক পেনিসিলিন ভি দন্তচিকিৎসার আগে
D. ইন্ট্রামাসকুলার বেনজাথিন পেনিসিলিন প্রতি ৪ সপ্তাহে বয়সের ৪০ বছর পর্যন্ত
E. ইন্ট্রামাসকুলার বেনজাথিন পেনিসিলিন প্রতি ৪ সপ্তাহে বয়সের ২১ বছর পর্যন্ত
F. ইন্ট্রামাসকুলার বেনজাথিন পেনিসিলিন প্রতি ৪ সপ্তাহে ৫ বছর পর্যন্ত",,,,,
R0084,"A 16-year-old girl is brought to the physician because her mother is concerned about her lack of appetite and poor weight gain. She has had a 7-kg (15-lb) weight loss over the past 3 months. The patient states that she should try to lose more weight because she does not want to be overweight anymore. She maintains a diary of her daily calorie intake. Menarche was at the age of 13 years, and her last menstrual period was 3 months ago. She is on the high school track team. She is sexually active with 2 male partners and uses condoms inconsistently. She is at 50th percentile for height and below the 5th percentile for weight and BMI. Her temperature is 37°C (98.6°F), pulse is 58/min and blood pressure is 96/60 mm Hg. Examination shows fine hair over the trunk and extremities. Which of the following is the most likely diagnosis?
A. HIV infection
B. Body dysmorphic disorder
C. Bulimia nervosa
D. Type 1 diabetes mellitus
E. Hyperthyroidism
F. Obsessive compulsive disorder
G. Anorexia nervosa","১৬ বছর বয়সী একটি মেয়ে ডাক্তারের কাছে আনা হয়েছে কারণ তার মা তার ক্ষুধামন্দা এবং ওজন বৃদ্ধি না হওয়ার বিষয়ে উদ্বিগ্ন। গত ৩ মাসে তিনি ৭ কেজি (১৫ পাউন্ড) ওজন হারিয়েছেন। রোগী বলছেন যে তাকে আরও বেশি ওজন কমাতে হবে কারণ তিনি আর অতিরিক্ত ওজনের হতে চান না। তিনি তার দৈনিক ক্যালোরি গ্রহণের ডায়েরি রাখেন। মেনার্কে হয়েছিল ১৩ বছর বয়সে, এবং শেষ মাসিক ছিল ৩ মাস আগে। তিনি হাইস্কুল ট্র্যাক দলে আছেন। তিনি দুইজন পুরুষ সঙ্গীর সঙ্গে যৌন সক্রিয় এবং কন্ডোম অনিয়মিতভাবে ব্যবহার করেন। তার উচ্চতা ৫০তম পার্সেন্টাইলে এবং ওজন ও বিএমআই ৫তম পার্সেন্টাইলের নিচে। তার তাপমাত্রা ৩৭ ডিগ্রি সেলসিয়া (৯৮.৬ ডিগ্রি ফারেনহাইট), পাল্স হল ৫৮/মিনিট এবং রক্তচাপ হল ৯৬/৬০ মিমি পারদ। পরীক্ষায় ট্রাঙ্ক ও অঙ্গপ্রান্তে সূক্ষ্ম চুল দেখা যায়। নিম্নলিখিতগুলির মধ্যে কোনটি সবচেয়ে সম্ভাব্য নির্ণয়?
A. এইচআইভি সংক্রমণ
B. বডি ডাইসমর্ফিক ডিসঅর্ডার
C. বুলিমিয়া নার্ভোসা
D. টাইপ ১ ডায়াবেটিস মেলিটাস
E. হাইপারথাইরয়েডিজম
F. ওবসেসিভ কম্পালসিভ ডিসঅর্ডার
G. অনোরেক্সিয়া নার্ভোসা",,,,,
R0085,"A 20-year-old college student comes to the physician because she has been extremely sad for the past 3 weeks and has to cry constantly. Three weeks ago, her boyfriend left her after they were together for 4 years. She has no appetite and has had a 2.3-kg (5.1-lb) weight loss. She has missed several classes because she could not stop crying or get out of bed. She thinks about her ex-boyfriend all the time. She says that she experienced similar symptoms for about 2 months after previous relationships ended. The patient is 158 cm (5 ft 2 in) tall and weighs 45 kg (100 lb); BMI is 18 kg/m2. Her temperature is 36.1°C (97°F), pulse is 65/min, and blood pressure is 110/60 mm Hg. Physical examination shows no abnormalities. On mental status examination she appears sad and cries easily. Which of the following is the most likely diagnosis?
A. Borderline personality disorder
B. Bereavement
C. Adjustment disorder with depressed mood
D. Persistent depressive disorder
E. Major depressive disorder
F. Acute stress disorder
G. Anorexia nervosa","একজন ২০ বছর বয়সী কলেজ শিক্ষার্থী চিকিৎসকের কাছে আসে কারণ তিনি গত ৩ সপ্তাহ ধরে অত্যন্ত দুঃখিত এবং ক্রমাগত কাঁদতে হয়। ৩ সপ্তাহ আগে, তার বয়ফ্রেন্ড তাকে ছেড়ে গেল যখন তারা একসাথে ছিল ৪ বছর। তার কোনো ক্ষুধা নেই এবং তিনি ২.৩ কেজি (৫.১ পাউন্ড) ওজন কমিয়েছেন। তিনি বেশ কয়েকটি ক্লাস মিস করেছেন কারণ তিনি কাঁদা থামাতে পারেননি অথবা বিছানা থেকে উঠতে পারেননি। তিনি সব সময় তার প্রাক্তন বয়ফ্রেন্ডের কথা ভাবেন। তিনি বলেন যে পূর্ববর্তী সম্পর্ক শেষ হওয়ার পর তিনি প্রায় ২ মাস ধরে একই রকম উপসর্গ অনুভব করেছেন। রোগীর উচ্চতা ১৫৮ সেন্টিমিটার (৫ ফুট ২ ইঞ্চি) এবং ওজন ৪৫ কেজি (১০০ পাউন্ড); বিএমআই হল ১৮ কেজি/মি2। তার তাপমাত্রা ৩৬.১ ডিগ্রি সেলসিয়া (৯৭ ডিগ্রি ফারেনহাইট), পাল্স প্রতি মিনিটে ৬৫, এবং রক্তচাপ ১১০/৬০ মিমি পারদ। শারীরিক পরীক্ষায় কোনো অস্বাভাবিকতা দেখা যায় না। মানসিক অবস্থা পরীক্ষা করার সময় তিনি দুঃখিত দেখাচ্ছেন এবং সহজে কাঁদেন। নিম্নলিখিতগুলির মধ্যে কোনটি সবচেয়ে সম্ভাব্য নির্ণয়?
A. বর্ডারলাইন পার্সোনালিটি ডিসঅর্ডার
B. শোক
C. ডিপ্রেসিভ মুড সহ অ্যাডজাস্টমেন্ট ডিসঅর্ডার
D. ধারাবাহিক ডিপ্রেসিভ ডিজঅর্ডার
E. মেজর ডিপ্রেসিভ ডিসঅর্ডার
F. তীব্র স্ট্রেস ডিসঅর্ডার
G. অনোরেক্সিয়া নার্ভোসা",,,,,
R0086,"A 40-year-old man comes to the physician because of a 5-month history of watery diarrhea and episodic crampy abdominal pain. He has no fever, nausea, or vomiting. Over the past 6 months, he has had a 1.8-kg (4-lb) weight loss, despite experiencing no decrease in appetite. His wife has noticed that sometimes his face and neck become red after meals or when he is in distress. A year ago, he was diagnosed with asthma. He has hypertension. Current medications include an albuterol inhaler and enalapril. He drinks one beer daily. His temperature is 36.7°C (98°F), pulse is 85/min, and blood pressure is 130/85 mm Hg. The lungs are clear to auscultation. A grade 2/6 systolic murmur is heard best at the left sternal border and fourth intercostal space. The abdomen is soft, and there is mild tenderness to palpation with no guarding or rebound. The remainder of the physical examination shows no abnormalities. A complete blood count is within the reference range. Without treatment, this patient is at greatest risk for which of the following conditions?
A. Asphyxia
B. Achlorhydria
C. T-cell lymphoma
D. Megaloblastic anemia
E. Dementia
F. Intestinal fistula
G. Arthritis","৪০ বছর বয়সী একজন পুরুষ রোগীর কাছে আসেন কারণ তিনি গত ৫-মাস ধরে জলীয় ডায়রিয়া এবং পর্যায়ক্রমিক পেটের ক্র্যাম্পি ব্যথা অনুভব করছেন। তার জ্বর, বমিভাব বা বমি নেই। গত ৬ মাসে, তিনি কোনো ক্ষুধার হ্রাস না থাকলেও ১.৮-কেজি (৪-পাউন্ড) ওজন কমেছেন। তাঁর স্ত্রী লক্ষ্য করেছেন যে কখনও কখনও খাবারের পরে অথবা চাপের সময় তার মুখ এবং গলা লাল হয়ে যায়। এক বছর আগে তাকে হাঁপানি নির্ণয় করা হয়েছিল। তিনি উচ্চ রক্তচাপে আক্রান্ত। বর্তমান ওষুধগুলোর মধ্যে রয়েছে আলবুটেরল ইনহেলার এবং এনালাপ্রিল। তিনি প্রতিদিন একটি বিয়ার পান করেন। তার তাপমাত্রা ৩৬.৭ ডিগ্রি সেলসিয়া (৯৮ ডিগ্রি ফারেনহাইট), পাল্স ৮৫/মিনিট, এবং রক্তচাপ ১৩০/৮৫ মিমি পারদ। শ্বাসযন্ত্র পরিষ্কার শোনায়। বাম স্টার্নাল বর্ডার ও চতুর্থ ইন্টারকোস্টাল স্পেসে গ্রেড ২/৬ সিস্টোলিক মর্মর সর্বোত্তমভাবে শোনা যায়। পেট নরম, প্যাল্পেশনে হালকা সংবেদনশীলতা আছে, কোনো গার্ডিং বা রিবাউন্ড নেই। দেহের বাকি পরীক্ষা কোন অস্বাভাবিকতা দেখায় না। সম্পূর্ণ রক্ত গণনা রেফারেন্স সীমার মধ্যে রয়েছে। চিকিৎসা না করলে এই রোগী নিম্নলিখিত অবস্থাগুলোর মধ্যে সবচেয়ে বেশি ঝুঁকিতে থাকবে?
A. অ্যাসফিক্সিয়া
B. আক্লোরহাইড্রিয়া
C. টি-সেল লিম্ফোমা
D. মেগালোব্লাস্টিক অ্যানেমিয়া
E. ডিমেনশিয়া
F. আন্ত্রিক ফিস্টুলা
G. আর্থ্রাইটিস",,,,,
R0087,"A 68-year-old man comes to the physician for a routine health maintenance examination. His wife has noticed that his left eye looks smaller than his right eye. He has had left shoulder and arm pain for 3 months. He has hypertension and coronary artery disease. Current medications include enalapril, metoprolol, aspirin, and atorvastatin. His medical history is significant for gonorrhea, for which he was treated in his 30's. He has smoked two packs of cigarettes daily for 35 years. He does not drink alcohol. His temperature is 37°C (98.6°F), pulse is 71/min, and blood pressure is 126/84 mm Hg. The pupils are unequal; when measured in dim light, the left pupil is 3 mm and the right pupil is 5 mm. There is drooping of the left eyelid. The remainder of the examination shows no abnormalities. Application of apraclonidine drops in both eyes results in a left pupil size of 5 mm and a right pupil size of 4 mm. Which of the following is the most appropriate next step in management?
A. Applanation tonometry
B. Erythrocyte sedimentation rate
C. Rapid plasma reagin
D. CT scan of the chest
E. Anti-acetylcholine receptor antibodies","একজন ৬৮ বছর বয়সী পুরুষ রুটিন স্বাস্থ্য রক্ষণাবেক্ষণ পরীক্ষার জন্য ডাক্তারের কাছে আসে। তার স্ত্রী লক্ষ্য করেছেন যে তার বাম চোখ ডান চোখের তুলনায় ছোট দেখাচ্ছে। তিনি গত ৩ মাস ধরে বাম কাঁধ এবং বাহুর ব্যথা অনুভব করছেন। তার উচ্চ রক্তচাপ এবং করোনারি আর্টেরি রোগ রয়েছে। বর্তমান ওষুধগুলোর মধ্যে আছে এনালাপ্রিল, মেটোপ্রোলল, অ্যাসপিরিন, এবং এটরভাস্টাটিন। তার চিকিৎসা ইতিহাসে গনোরিয়া উল্লেখযোগ্য, যার জন্য তিনি ৩০'এর দশকে চিকিৎসা গ্রহণ করেছিলেন। তিনি প্রতি দিন দুই প্যাকেট সিগারেট ধূমপান করেছেন গত ৩৫ বছর ধরে। তিনি অ্যালকোহল পান করেন না। তার তাপমাত্রা ৩৭ ডিগ্রি সেলসিয়া (৯৮.৬ ডিগ্রি ফারেনহাইট), পাল্স ৭১/মিনিট, এবং রক্তচাপ ১২৬/৮৪ মিমি পারদ। কর্ননি অসমান; অন্ধকার আলোতে মাপা হলে বাম কর্ননি ৩ মিলিমিটার এবং ডান কর্ননি ৫ মিলিমিটার। বাম পলকে ঝুলে যাওয়া দেখা যায়। পরীক্ষার বাকি অংশে কোনো অস্বাভাবিকতা পাওয়া যায়নি। উভয় চোখে অ্যাপ্রাক্লোনিডিন ড্রপ প্রয়োগের ফলে বাম কর্ননির আকার ৫ মিলিমিটার এবং ডান কর্ননির আকার ৪ মিলিমিটার হয়। নিচের কোনটি ব্যবস্থাপনার সর্বোত্তম পরবর্তী ধাপ হবে?
A. অ্যাপ্লেশন টোনোমেট্রি
B. ইরিথ্রোসাইট সেডিমেন্টেশন রেট
C. র‍্যাপিড প্লাজমা রেগেইন
D. বুকে সিটি স্ক্যান
E. অ্যান্টি-অ্যাসেটাইলকোলিন রিসেপ্টর অ্যান্টিবডি",,,,,
R0088,"A 17-year-old high school student comes to the physician because of a 6-month history of insomnia. On school nights, he goes to bed around 11 p.m. but has had persistent problems falling asleep and instead studies at his desk until he feels sleepy around 2 a.m. He does not wake up in the middle of the night. He is worried that he does not get enough sleep. He has significant difficulties waking up on weekdays and has repeatedly been late to school. At school, he experiences daytime sleepiness and drinks 1-2 cups of coffee in the mornings. He tries to avoid daytime naps. On the weekends, he goes to bed around 2 a.m. and sleeps in until 10 a.m., after which he feels rested. He has no history of severe illness and does not take medication. Which of the following most likely explains this patient's sleep disorder?
A. Delayed sleep-wake disorder
B. Psychophysiologic insomnia
C. Advanced sleep-wake disorder
D. Irregular sleep-wake disorder
E. Non-24 h sleep-wake disorder
F. Inadequate sleep hygiene","১৭ বছর বয়সী একটি হাই স্কুলের ছাত্র রোগীর কাছে আসেন কারণ তিনি গত ৬ মাস ধরে অনিদ্রা ভোগ করছেন। বিদ্যালয়ের রাতগুলোতে, তিনি প্রায় রাত ১১ টায় শোবার ঘরে যান কিন্তু ঘুমিয়ে পড়তে ধারাবাহিক সমস্যার সম্মুখীন হন এবং পরিবর্তে তার ডেস্কে অধ্যয়ন করেন যতক্ষণ না তিনি সকাল ২ টায় ঘুমের অনুভূতি পান। তিনি রাতে মাঝখানে জাগেন না। তিনি উদ্বিগ্ন যে তিনি পর্যাপ্ত নিদ্রা পাচ্ছেন না। সপ্তাহের দিনগুলোতে তিনি জেগে ওঠায় উল্লেখযোগ্য কঠিনতা অনুভব করেন এবং বারবার স্কুলে দেরি করে আসেন। বিদ্যালয়ে, তিনি দিনের সময় ঘুমঘুমানি অনুভব করেন এবং সকালে ১-২ কাপ কফি পান করেন। তিনি দিনের ন্যাপ এড়ানোর চেষ্টা করেন। সপ্তাহান্তে, তিনি প্রায় সকাল ২ টায় শোবার ঘরে যান এবং রাত ১০ টা পর্যন্ত ঘুমিয়ে থাকেন, যার পরে তিনি বিশ্রামপ্রাপ্ত বোধ করেন। তার কোনো গুরুতর রোগের ইতিহাস নেই এবং তিনি কোনও ওষুধ গ্রহণ করেন না। নিম্নলিখিত কোনটি সবচেয়ে সম্ভাব্যভাবে এই রোগীর নিদ্রা ব্যাধি ব্যাখ্যা করে?
A. বিলম্বিত নিদ্রা-জাগরণ ব্যাধি
B. মনস্তাত্ত্বিক-শারীরবৃত্তীয় অনিদ্রা
C. অগ্রিম নিদ্রা-জাগরণ ব্যাধি
D. অনিয়মিত নিদ্রা-জাগরণ ব্যাধি
E. ২৪ ঘণ্টা নয় এমন নিদ্রা-জাগরণ ব্যাধি
F. অনুপযুক্ত নিদ্রা স্বাস্থ্যবিধি",,,,,
R0089,"A 21-year-old college student comes to the physician for intermittent palpitations. She does not have chest pain or shortness of breath. The symptoms started 2 days ago, on the night after she came back to her dormitory after a 4-hour-long bus trip from home. A day ago, she went to a party with friends. The palpitations have gotten worse since then and occur more frequently. The patient has smoked 5 cigarettes daily for the past 3 years. She drinks 4-6 alcoholic beverages with friends once or twice a week and occasionally uses marijuana. She is sexually active with her boyfriend and takes oral contraceptive pills. She does not appear distressed. Her pulse is 100/min and irregular, blood pressure is 140/85 mm Hg, and respirations are at 25/min. Physical examination shows a fine tremor in both hands, warm extremities, and swollen lower legs. The lungs are clear to auscultation. An ECG is shown below. Which of the following is the most appropriate next step in management?
A. Measure TSH levels
B. Observe and wait
C. Administer intravenous adenosine
D. Measure D-Dimer levels
E. Administer subcutaneous enoxaparin
F. Send urine toxicology","একজন ২১ বছর বয়সী কলেজ শিক্ষার্থী ইন্টারমিটেন্ট পাল্পিটেশন নিয়ে ডাক্তারের কাছে আসেন। তিনি বুকের ব্যথা বা শ্বাসকষ্ট অনুভব করছেন না। লক্ষণগুলি শুরু হয়েছে ২ দিন আগে, সেই রাতে যখন তিনি বাড়ি থেকে ৪-ঘণ্টা-দীর্ঘ বাস যাত্রার পর তার ডরমিটরিতে ফিরে এসেছিলেন। ১ দিন আগে, তিনি বন্ধুদের সঙ্গে একটি পার্টিতে গিয়েছিলেন। তখন থেকে পাল্পিটেশনগুলো আরও খারাপ হয়েছে এবং বেশি ঘন ঘন ঘটছে। রোগী গত ৩ বছর ধরে প্রতিদিন ৫ সিগারেট ধূমপান করেন। তিনি সপ্তাহে এক বা দুই বার বন্ধুদের সঙ্গে ৪-৬ অ্যালকোহলিক পানীয় পান করেন এবং মাঝে মাঝে মারিজুয়ানা ব্যবহার করেন। তিনি তার বয়ফ্রেন্ডের সঙ্গে যৌন সক্রিয় এবং ওরাল কন্ট্রাসেপ্টিভ পিল গ্রহণ করেন। তিনি উদ্বিগ্ন দেখাচ্ছেন না। তাঁর পালস ১০০/মিনিট এবং অনিয়মিত, রক্তচাপ ১৪০/৮৫ মিমি পারদ, এবং শ্বাসের হার ২৫/মিনিট। শারীরিক পরীক্ষায় উভয় হাতে সূক্ষ্ম কম্পন, গরম অঙ্গপ্রান্তি এবং ফোলা নিম্ন পা দেখা যায়। শ্বাসযন্ত্রের শব্দ শুনতে পরিষ্কার। নিচে একটি ইসিজি দেখানো হয়েছে। নিম্নলিখিতগুলির মধ্যে কোনটি ব্যবস্থাপনার সর্বোত্তম পরবর্তী ধাপ?
A. টিএসএইচ স্তর পরিমাপ করুন
B. পর্যবেক্ষণ এবং অপেক্ষা করুন
C. শিরাপথে অ্যাডেনোসিন দিন
D. ডি-ডাইমার স্তর পরিমাপ করুন
E. সাবকিউটেনিয়াসে এনোক্সাপ্যারিন দিন
F. ইউরিন টক্সিকোলজি পাঠান",,,,,
R0090,"A 24-year-old man with chronic back pain comes to the physician to establish care after moving to Florida. He complains of anxiety, nausea, abdominal cramping, vomiting, and diarrhea for three days. He denies smoking, drinking alcohol, and using illicit drugs. He appears restless. His temperature is 37°C (98.6°F), pulse is 110/min, and blood pressure is 150/86 mm Hg. Physical examination shows dilated pupils, diaphoresis, and piloerection. His abdominal exam shows diffuse mild tenderness. There is no rebound tenderness or guarding. His hemoglobin concentration is 14.5 g/dL, leukocyte count is 8,000/mm, and platelet count is 250,000/mm3; serum studies and urinalysis show no abnormalities. Which of the following is the most appropriate pharmacotherapy?
A. Lorazepam
B. Naltrexone
C. Methadone
D. Morphine
E. Naloxone
""","২৪ বছর বয়সী একজন পুরুষ, যিনি দীর্ঘস্থায়ী পিঠের ব্যথা নিয়ে ফ্লোরিডায় স্থানান্তরিত হওয়ার পর পরিচর্যা শুরু করতে চিকিৎসকের কাছে আসেন। তিনি উদ্বেগ, বমি বমি ভাব, পেটের ক্র্যাম্পিং, বমি এবং ডায়ারিয়া তিন দিন ধরে অভিযোগ করেন। তিনি ধূমপান, অ্যালকোহল সেবন ও অবৈধ মাদকের ব্যবহার না করার কথা জানান। তিনি অস্থির দেখাচ্ছেন। তার তাপমাত্রা ৩৭ ডিগ্রি সেলসিয়াস (৯৮.৬ ডিগ্রি ফারেনহাইট), পাল্স ১১০/মিনিট, এবং রক্তচাপ ১৫০/৮৬ মিমি পারদ। শারীরিক পরীক্ষায় প্রসারিত পিউপিল, ঘাম ঝরা এবং লোম ওঠা দেখা যায়। তার পেটের পরীক্ষা বিস্তৃত হালকা সংবেদনশীলতা দেখায়। রিবাউন্ড টেন্ডারনেস বা গার্ডিং নেই। হিমোগ্লোবিন ঘনত্ব ১৪.৫ গ্রাম প্রতি ডেসিলিটার, শ্বেত রক্তকণিকা গণনা ৮,০০০/মিমি, এবং প্লেটলেট গণনা ২৫০,০০০/ঘন মিমি; সিরাম গবেষণা ও ইউরিনালাইসিসে কোনো অস্বাভাবিকতা দেখা যায় না। নিম্নলিখিতগুলির মধ্যে কোনটি সর্বোত্তম ফার্মাকোথেরাপি?
A. লোরাজেপাম
B. নালট্রেক্সোন
C. মেথাডোন
D. মরফিন
E. ন্যালোক্সন",,,,,
R0091,"An 8-year old boy is brought to the emergency department because he has been lethargic and has had several episodes of nausea and vomiting for the past day. He has also had increased thirst over the past two months. He has lost 5.4 kg (11.9 lbs) during this time. He is otherwise healthy and has no history of serious illness. His temperature is 37.5 °C (99.5 °F), blood pressure is 95/68 mm Hg, pulse is 110/min, and respirations are 30/min. He is somnolent and slightly confused. His mucous membranes are dry. Laboratory studies show:
Hemoglobin 16.2 g/dL
Leukocyte count 9,500/mm3
Platelet count 380,000/mm3
Serum
Na+ 130 mEq/L
K+ 5.5 mEq/L
Cl- 99 mEq/L
HCO3- 16 mEq/L
Creatinine 1.2 mg/dL
Glucose 570 mg/dL
Ketones positive
Blood gases, arterial
pH 7.25
pCO2 21 mm Hg
Which of the following is the most appropriate next step in management?""
A. Intravenous hydration with 0.9% normal saline and insulin
B. Intravenous hydration with 5% dextrose solution and 0.45% normal saline
C. Intravenous hydration with 0.45% normal saline and insulin
D. Intravenous hydration with 0.9% normal saline and potassium chloride
E. Intravenous hydration with 5% dextrose solution and potassium chloride
F. Intravenous insulin therapy
G. Intravenous sodium bicarbonate
""","৮ বছর বয়সী একটি ছেলে জরুরি বিভাগে আনা হয়েছে কারণ সে অলস হয়ে আছে এবং গত একদিন ধরে বহুবার বমি ও বমিভাবের এপিসোড হয়েছে। তিনি অতিরিক্ত তৃষ্ণা অনুভব করছেন গত দুই মাসে। এই সময়ে তিনি ৫.৪ কেজি (১১.৯ পাউন্ড) ওজন কমিয়েছেন। অন্যথায় তিনি সুস্থ এবং কোনো গুরুতর রোগের ইতিহাস নেই। তার শারীরিক তাপমাত্রা ৩৭.৫ ডিগ্রি সেলসিয়াস (৯৯.৫ ডিগ্রি ফারেনহাইট), রক্তচাপ ৯৫/৬৮ মিমি পারদ, পাল্স ১১০ প্রতি মিনিট এবং শ্বাসপ্রশ্বাসের হার ৩০ প্রতি মিনিট। তিনি নিদ্রালু ও সামান্য বিভ্রান্ত। তার মুখগহ্বরের ঝিল্লি শুকনো। ল্যাবরেটরি ফলাফল দেখায়:
হিমোগ্লোবিন ১৬.২ গ্রাম/ডেসিলিটার
লিউকোসাইট গণনা ৯,৫০০/ঘন মিলিমিটার
প্লেটলেট গণনা ৩৮০,০০০/ঘন মিলিমিটার
সেরাম
সোডিয়াম ১৩০ মিলিইকুইভ্যালেন্ট/লিটার
পটাশিয়াম ৫.৫ মিলিইকুইভ্যালেন্ট/লিটার
ক্লোরাইড ৯৯ মিলিইকুইভ্যালেন্ট/লিটার
বাইকার্বনেট ১৬ মিলিইকুইভ্যালেন্ট/লিটার
ক্রিয়াটিনিন ১.২ মিলিগ্রাম/ডেসিলিটার
গ্লুকোজ ৫৭০ মিলিগ্রাম/ডেসিলিটার
কেটোনস পজিটিভ
ধমনীর রক্ত গ্যাস, ধমনী
পিএইচ ৭.২৫
ধমনীর কার্বন ডাই-অক্সাইড চাপ ২১ মিমি পারদ
উপরের কোনটি সর্বোত্তম পরবর্তী ব্যবস্থাপনা পদক্ষেপ?
A. শিরাপথে হাইড্রেশন ০.৯% নরম লবণ এবং ইনসুলিন
B. শিরাপথে হাইড্রেশন ৫% ডেক্সট্রোজ সলিউশন এবং ০.৪৫% নরম লবণ
C. শিরাপথে হাইড্রেশন ০.৪৫% নরম লবণ এবং ইনসুলিন
D. শিরাপথে হাইড্রেশন ০.৯% নরম লবণ এবং পটাশিয়াম ক্লোরাইড
E. শিরাপথে হাইড্রেশন ৫% ডেক্সট্রোজ সলিউশন এবং পটাশিয়াম ক্লোরাইড
F. শিরাপথে ইনসুলিন থেরাপি
G. শিরাপথে সোডিয়াম বায়কার্বোনেট",,,,,
R0092,"A 60-year-old man comes to the physician because of recurrent nose bleeds that occur with light trauma or at random times during the day. Over the past 6 months, the patient has felt weak and fatigued and has had a 10-kg (22-lb) weight loss. He has poor appetite and describes abdominal discomfort. He does not have night sweats. His pulse is 72/min, blood pressure is 130/70 mm Hg, and his temperature is 37.5°C (99.5°F). The spleen is palpated 10 cm below the left costal margin. Multiple bruises are noted on both upper extremities. Laboratory studies show.
Hemoglobin 9.8 g/dL
Hematocrit 29.9%
Leukocyte count 4,500/mm3
Neutrophils 30%
Platelet count 74,000/mm3
Serum
Lactate dehydrogenase 410 IU/L
A peripheral blood smear detects tartrate-resistant acid phosphatase activity. Which of the following is the most appropriate initial treatment for this patient?""
A. Transfusion of packed red blood cells
B. Cyclophosphamide
C. Transfusion of platelets
D. Rituximab
E. Melphalan
F. Cladribine","একজন ৬০ বছর বয়সী পুরুষ হালকা আঘাতের সঙ্গে বা দিনের মধ্যে যেকোনো সময়ে ঘটিত পুনরাবৃত্ত নাক থেকে রক্তপাতের কারণে ডাক্তারের কাছে আসেন। গত ৬ মাসে রোগী দুর্বল ও ক্লান্ত অনুভব করেছেন এবং ১০ কেজি (২২ পাউন্ড) ওজন হ্রাস হয়েছে। তার ক্ষুধা কম এবং তিনি পেটের অস্বস্তি বর্ণনা করেন। তিনি রাতের ঘাম পান না। তার পালস ৭২/মিনিট, রক্তচাপ ১৩০/৭০ মিমি পারদ, এবং তার তাপমাত্রা ৩৭.৫ ডিগ্রি সেলসিয়াস (৯৯.৫ ডিগ্রি ফারেনহাইট)। স্প্লিন বাম কস্টাল মার্জিনের নিচে ১০ সেন্টিমিটার দূরে স্পর্শ করা হয়। উভয় উপরের অঙ্গগুলিতে একাধিক নীলচে দাগ দেখা যায়। ল্যাবরেটরি স্টাডি দেখায়:
হিমোগ্লোবিন ৯.৮ গ্রাম/ডেসিলিটার
হেমাটোক্রিট ২৯.৯%
লিউকোসাইট গণনা ৪,৫০০/ঘন মিলিমিটার
নিউট্রোফিল ৩০%
প্লেটলেট গণনা ৭৪,০০০/ঘন মিলিমিটার
সিরাম
ল্যাক্টেট ডিহাইড্রোজেনেজ ৪১০ আইইউ/লিটার
একটি পার্শ্বিক রক্তের স্মিয়ার ট্যারেট-রেসিস্ট্যান্ট অ্যাসিড ফসফাটেজ কার্যকলাপ সনাক্ত করে। নিম্নলিখিতগুলির মধ্যে কোনটি এই রোগীর জন্য সর্বোত্তম প্রাথমিক চিকিৎসা হবে?
A. প্যাকড লাল রক্তকণিকার ট্রান্সফিউশন
B. সাইক্লোফসফামাইড
C. প্লেটলেটের ট্রান্সফিউশন
D. রিটুক্সিম্যাব
E. মেলফালান
F. ক্লাড্রিবিন",,,,,
R0093,"A 28-year-old woman, gravida 2, para 1, at 14 weeks' gestation, comes to the physician with a 3-day history of abnormal vaginal discharge. She has not had fever, chills, or abdominal pain. One week ago, her 2-year-old daughter had a urinary tract infection that quickly resolved after antibiotic therapy. The patient reports that she is sexually active with one male partner and they do not use condoms. Vital signs are within normal limits. Pelvic examination shows an inflamed and friable cervix. There is mucopurulent, foul-smelling discharge from the cervical os. There is no uterine or cervical motion tenderness. Vaginal pH measurement shows a pH of 3.5. Which of the following is the most appropriate initial step in management?
A. Wet mount preparation
B. Amine test
C. Urine analysis and culture
D. Nucleic acid amplification test
E. Potassium hydroxide preparation","২৮ বছর বয়সী এক নারী, গ্র্যাভিডা ২, প্যারা ১, ১৪ সপ্তাহের গর্ভধারণে, অস্বাভাবিক যোনি নিঃসরণ সম্পর্কিত ৩-দিনের ইতিহাস নিয়ে চিকিৎসকের কাছে আসেন। তার জ্বর, কম্পন অথবা পেটের ব্যথা নেই। ১ সপ্তাহ আগে, তার ২-বছরের মেয়ে একটি মূত্রনালী সংক্রমণ ছিল যা অ্যান্টিবায়োটিক থেরাপি পরে দ্রুত সেরে গিয়েছিল। রোগী জানান যে তিনি এক পুরুষ সঙ্গীর সঙ্গে যৌন সক্রিয় এবং তারা কন্ডোম ব্যবহার করেন না। জীবনীয় চিহ্নগুলি স্বাভাবিক সীমার মধ্যে রয়েছে। পেলভিক পরীক্ষা দেখায় একটি প্রদাহিত ও নাজুক সার্ভিক্স। সার্ভিক্যাল অস্ক থেকে মিউকোপুরুলেন্ট, দুর্গন্ধযুক্ত নিঃসরণ রয়েছে। গর্ভাশয় অথবা সার্ভিক্সে মোশন টেনডারনেস নেই। যোনি পিএইচ মাপা ফলাফল দেখায় পিএইচ মান ৩.৫। নিম্নলিখিতগুলির মধ্যে কোনটি ব্যবস্থাপনায় সর্বাধিক উপযুক্ত প্রাথমিক পদক্ষেপ হবে?
A. ওয়েট মাউন্ট প্রস্তুতি
B. অ্যামিন টেস্ট
C. মূত্র বিশ্লেষণ এবং কালচার
D. নিউক্লিক অ্যাসিড অ্যমপ্লিফিকেশন টেস্ট
E. পটাশিয়াম হাইড্রোক্সাইড প্রস্তুতি",,,,,
R0094,"A 34-year-old woman comes to the emergency department with midsternal chest pain, shortness of breath, and cough with bloody sputum for the past 3 hours. The pain started after moving furniture at home and worsens when taking deep breaths. The patient has a history of hypertension. She has smoked one pack of cigarettes daily for the past 20 years. She drinks 1-2 glasses of wine per day. Current medications include enalapril and an oral contraceptive. Her temperature is 38.2°C (100.8°F), pulse is 110/min, respirations are 20/min, and blood pressure is 110/70 mm Hg. Oxygen saturation is 92% on room air. Physical examination shows decreased breath sounds over the left lung base. There is calf pain on dorsal flexion of the right foot. Examination of the extremities shows warm skin and normal pulses. Further evaluation of this patient is most likely to show which of the following findings?
A. Thrombus in the left atrium on TEE
B. Wedge-shaped filling defect on chest CT
C. Widespread ST elevations on ECG
D. Diffuse fluffy bilateral lung infiltrates on CXR
E. Tracheal deviation on CXR
F. Decreased expiratory flow on peak flow meter
G. Elevated serum CK-MB","৩৪ বছর বয়সী এক নারী জরুরি বিভাগে আসেন মধ্য-স্টার্নাল বুকের ব্যথা, শ্বাসকষ্ট এবং রক্তাক্ত কফ সহ ৩ ঘণ্টা ধরে কাশির অভিযোগ নিয়ে। ব্যথা বাড়ি থেকে ফার্নিচার সরানোর পর শুরু হয় এবং গভীর শ্বাস নেওয়ার সময় বেড়ে যায়। রোগীর উচ্চ রক্তচাপের ইতিহাস আছে। তিনি গত ২০ বছর ধরে প্রতিদিন এক প্যাকেট সিগারেট ধূমপান করেন। তিনি দিনে ১-২ গ্লাস ওয়াইন পান করেন। বর্তমান ওষুধে এনালাপ্রিল এবং একটি মৌখিক গর্ভনিরোধক অন্তর্ভুক্ত। তার তাপমাত্রা ৩৮.২ ডিগ্রি সেলসিয়াস (১০০.৮ ডিগ্রি ফারেনহাইট), পালস ১১০/মিনিট, শ্বাসের হার ২০/মিনিট, এবং রক্তচাপ ১১০/৭০ মিমি পারদ। কক্ষের বাতাসে অক্সিজেন স্যাচুরেশন ৯২%। শারীরিক পরীক্ষায় বাম ফুসফুসের ভিত্তিতে শ্বাসের শব্দ কম দেখা যায়। ডান পা পিছনের দিকে বাঁকালে ক্যালভে ব্যথা হয়। অঙ্গগুলোর পরীক্ষায় ত্বক উষ্ণ এবং পালস স্বাভাবিক দেখা যায়। এই রোগীর অতিরিক্ত মূল্যায়নে সম্ভবত নিম্নলিখিত কোন ফলাফলটি দেখা যাবে?
A. টি-ই-ই তে বাম এট্রিয়ামে থ্রম্বাস
B. বুকের সিটিতে শঙ্কু-আকৃতির ফিলিং ডিফেক্ট
C. ইসিজি তে ব্যাপক এসটি বৃদ্ধি
D. সিএক্সআর তে দ্বিপাক্ষিক ফুসফুসের বিস্তৃত নরম ইনফিলট্রেট
E. সিএক্সআর তে শ্বাসনালী বিচ্যুতি
F. পিক ফ্লো মিটারে এক্সপিরেটরি ফ্লো হ্রাস
G. সেরামে সি কে-এমবি বর্ধিত",,,,,
R0095,"A 71-year-old man comes to the physician for a routine health maintenance examination. He has occasional fatigue but otherwise feels well. He has a history of hypertension and type 2 diabetes mellitus. He is a retired chemist. His only medication is ramipril. His temperature is 37.8°C (100°F), pulse is 72/min, respirations are 18/min, and blood pressure is 130/70 mm Hg. Physical examination shows nontender cervical and axillary lymphadenopathy. The spleen is palpated 7 cm below the costal margin. Laboratory studies show a leukocyte count of 12,000/mm3 and a platelet count of 210,000/mm3. Further evaluation is most likely to show which of the following?
A. Ringed sideroblasts
B. Rouleaux formation
C. Hypergammaglobulinemia
D. Teardrop cells
E. Smudge cells
F. Polycythemia
""","৭১ বছর বয়সী একজন পুরুষ রুটিন স্বাস্থ্য রক্ষণাবেক্ষণ পরীক্ষার জন্য ডাক্তারের কাছে আসেন। তিনি মাঝে মাঝে ক্লান্তি অনুভব করেন তবে অন্যথায় ভালই বোধ করেন। তার উচ্চ রক্তচাপ এবং টাইপ ২ ডায়াবেটিসের ইতিহাস রয়েছে। তিনি অবসরপ্রাপ্ত একজন রসায়নবিদ। তাঁর একমাত্র ওষুধ হল রামিপ্রিল। তাঁর তাপমাত্রা ৩৭.৮ ডিগ্রি সেলসিয়া (১০০ ডিগ্রি ফারেনহাইট), পালস ৭২/মিনিট, শ্বাসপ্রশ্বাসের হার ১৮/মিনিট, এবং রক্তচাপ ১৩০/৭০ মিমি পারদ। শারীরিক পরীক্ষায় অসংবেদনশীল গলা ও বগল লিম্ফ নোডের বৃদ্ধি দেখা যায়। প্লীহা কস্টাল মার্জিনের নিচে ৭ সেন্টিমিটার দূরে স্পর্শ করা যায়। ল্যাবরেটরি ফলাফল দেখায় লিউকোসাইট গণনা ১২,০০০/ঘন মিমি এবং প্লেটলেট গণনা ২১০,০০০/ঘন মিমি। আরও মূল্যায়নে নিম্নলিখিত কোনটি সবচেয়ে বেশি দেখা যাবে?
A. রিংড সাইডারোব্লাস্ট
B. রুলো ফরমেশন
C. হাইপারগামাগ্লোবুলিনেমিয়া
D. টিয়ারড্রপ সেল
E. স্মেজ সেলস
F. পলিসাইথেমিয়া",,,,,
R0096,"A 69-year-old man is brought to the emergency department because of severe abdominal pain radiating to his left flank for 30 minutes. He is weak and has been unable to stand since the onset of the pain. He vomited twice on the way to the hospital. He has not passed stools for 3 days. He has hypertension, coronary heart disease, and peptic ulcer disease. He has smoked half a pack of cigarettes daily for 46 years. Current medications include enalapril, metoprolol, aspirin, simvastatin, and pantoprazole. He appears ill. His temperature is 37°C (98.6°F), pulse is 131/min, respirations are 31/min, and blood pressure is 82/56 mm Hg. Pulse oximetry on room air shows an oxygen saturation of 92%. The lungs are clear to auscultation. Cardiac examination shows no abnormalities. Examination shows a painful pulsatile abdominal mass. Intravenous fluid resuscitation is begun. Which of the following is the most appropriate next step in management?
A. Intravenous ampicillin/sulbactam therapy
B. Supine and erect x-rays of the abdomen
C. CT scan of the abdomen and pelvis with contrast
D. Open emergency surgery
E. Transfusion of packed red blood cells
F. Colonoscopy","৬৯ বছর বয়সী একজন পুরুষকে জরুরি বিভাগে আনা হয়েছে কারণ তিনি ৩০ মিনিট ধরে তীব্র পেটের ব্যথা অনুভব করছেন যা তার বাম ফ্ল্যাঙ্কে বিকিরণ করছে। তিনি দুর্বল এবং ব্যথার সূচনার পর থেকে দাঁড়াতে অক্ষম। হাসপাতালে যাওয়ার পথে তিনি দুবার বমি করেছেন। তিনি গত ৩ দিন ধরে মলত্যাগ করেননি। তাঁর উচ্চ রক্তচাপ, করোনারি হার্ট ডিজিজ এবং পেপটিক আলসার রোগের ইতিহাস রয়েছে। তিনি ৪৬ বছর ধরে দৈনিক আধা প্যাক সিগারেট ধূমপান করে আসছেন। বর্তমান ওষুধগুলির মধ্যে আছে এনালাপ্রিল, মেটোপ্রোলল, অ্যাস্পিরিন, সিমভাস্টাটিন এবং পান্টোপ্রাজোল। তিনি অসুস্থ দেখাচ্ছেন। তার তাপমাত্রা ৩৭ ডিগ্রি সেলসিয়াস (৯৮.৬ ডিগ্রি ফারেনহাইট), পাল্স ১৩১/মিনিট, শ্বাসপ্রশ্বাসের হার ৩১/মিনিট এবং রক্তচাপ ৮২/৫৬ মিমি পারদ। কক্ষের বাতাসে অক্সিজেন স্যাচুরেশন ৯২% দেখায়। ফুসফুস শোনার সময় পরিষ্কার। হৃদযন্ত্র পরীক্ষা কোনো অস্বাভাবিকতা প্রকাশ করে না। পরীক্ষায় একটি ব্যথাযুক্ত ধড়ধড়ে উদরের গাঁট দেখা যায়। শিরাপথে তরল রিসাসিটেশন শুরু করা হয়েছে। নিম্নলিখিতগুলোর মধ্যে কোনটি ব্যবস্থাপনায় সবচেয়ে উপযুক্ত পরবর্তী পদক্ষেপ?
A. শিরাপথে অ্যাম্পিসিলিন/সালব্যাকটাম থেরাপি
B. শোয়া এবং দাঁড়িয়ে অবস্থায় উদরের এক্স-রে
C. কনট্রাস্ট সহ উদর ও পেলভিসের সিটি স্ক্যান
D. জরুরি উন্মুক্ত শল্যচিকিত্সা
E. সংকুচিত লাল রক্ত কোষের ট্রান্সফিউশন
F. কলোনোস্কপি",,,,,
R0097,"A 16-year-old girl is brought to the physician because of yellowish discoloration of her eyes and generalized fatigue since she returned from a 2-week class trip to Guatemala 2 days ago. During her time there, she had watery diarrhea, nausea, and lack of appetite for 3 days that resolved without treatment. She also took primaquine for malaria prophylaxis. Three weeks ago, she had a urinary tract infection that was treated with nitrofurantoin. Her immunizations are up-to-date. Her temperature is 37.1°C (98.8°F), pulse is 82/min and blood pressure is 110/74 mm Hg. Examination shows scleral icterus. There is no lymphadenopathy. The remainder of the examination shows no abnormalities. Laboratory studies show:
Hemoglobin 12.1 g/dL
Leukocyte count 6400/mm3
Platelet count 234,000/mm3
Reticulocyte count 1.1%
Prothrombin time 12 sec (INR=1)
Serum
Bilirubin
Total 2.8 mg/dL
Direct 0.2 mg/dL
Alkaline phosphatase 43 U/L
AST 16 U/L
ALT 17 U/L
γ-Glutamyltransferase 38 U/L (N = 5-50)
Anti-HAV IgG positive
Anti-HBs positive
A peripheral blood smear shows no abnormalities. Which of the following is the most likely diagnosis?""
A. Drug-induced hepatitis
B. Hepatitis A infection
C. Gilbert's syndrome
D. Rotor syndrome
E. Glucose-6-phosphate dehydrogenase deficiency
F. Dubin-Johnson syndrome
G. Hepatitis B infection
H. Crigler-Najjar syndrome
""","১৬ বছর বয়সী একটি মেয়ে ডাক্তারের কাছে আনা হয়েছে কারণ তার চোখের হলুদচেহারা এবং সাধারণ ক্লান্তি দেখা দিচ্ছে, যা তিনি গুয়াটেমালা থেকে দুই দিন আগে ফিরে আসার পর থেকে রয়েছে। সেখানে তার সময়কালে, তিনি তিন দিনের জন্য পানীয় জলের মতো ডায়রিয়া, বমিভাব এবং ক্ষুধামন্দা অনুভব করেন, যা কোনো চিকিৎসা ছাড়াই সেরে যায়। তিনি ম্যালেরিয়া প্রতিরোধে প্রিমাকুইনও গ্রহণ করেছিলেন। তিন সপ্তাহ আগে, তিনি একটি মূত্রনালী সংক্রমণ হয়েছিল যা নাইট্রোফিউরান্টয়িন দিয়ে চিকিৎসা করা হয়েছিল। তার টিকা সম্পূর্ণ এবং হালনাগাদ রয়েছে। তার তাপমাত্রা ৩৭.১ ডিগ্রি সেলসিয়া (৯৮.৮ ডিগ্রি ফারেনহাইট), পাল্স ৮২/মিনিট এবং রক্তচাপ ১১০/৭৪ মিমি পারদ। পরীক্ষায় স্ক্লেরাল আইক্টেরাস দেখা যায়। কোনো লিম্ফ নোডে ফুলে ওঠা নেই। বাকি পরীক্ষা কোন অস্বাভাবিকতা দেখায় না। ল্যাবরেটরি ফলাফল:
হেমোগ্লোবিন ১২.১ গ্রাম/ডেসিলিটার
লিউকোসাইট গণনা ৬৪০০/ঘন মিলিমিটার
প্লেটলেট গণনা ২৩৪,০০০/ঘন মিলিমিটার
রেটিকুলোসাইট গণনা ১.১%
প্রোথ্রম্বিন সময় ১২ সেকেন্ড (আইএনআর=১)
সিরাম বিলিরুবিন মোট ২.৮ মিলিগ্রাম/ডেসিলিটার, সরাসরি ০.২ মিলিগ্রাম/ডেসিলিটার
অ্যালকালাইন ফসফাটেজ ৪৩ ইউনিট/লিটার
এএসটি ১৬ ইউনিট/লিটার
এএলটি ১৭ ইউনিট/লিটার
গামা-গ্লুটামিলট্রান্সফেরেজ ৩৮ ইউনিট/লিটার (স্বাভাবিক = ৫-৫০)
অ্যান্টি-এইচএভি আইজি জি পজিটিভ
অ্যান্টি-এইচবিএস পজিটিভ
পরিপার্শ্বিক রক্তের স্মিয়ারে কোনো অস্বাভাবিকতা দেখা যায় না। নিম্নলিখিতগুলির মধ্যে সবচেয়ে সম্ভাব্য নির্ণয় কোনটি?
A. ঔষধ-প্ররোচিত হেপাটাইটিস
B. হেপাটাইটিস এ সংক্রমণ
C. গিলবার্ট সিনড্রোম
D. রোটার সিনড্রোম
E. গ্লুকোজ-৬-ফসফেট ডিহাইড্রোজেনেজ ঘাটতি
F. ডুবিন-জনসন সিনড্রোম
G. হেপাটাইটিস বি সংক্রমণ
H. ক্রিগলার-নাজজার সিনড্রোম",,,,,
R0098,"A 28-year-old research assistant is brought to the emergency department for severe chemical burns 30 minutes after accidentally spilling hydrochloric acid on himself. The burns cover both hands and forearms. His temperature is 37°C (98.6°F), pulse is 112/min, respirations are 20/min, and blood pressure is 108/82 mm Hg. Initial stabilization and resuscitation is begun, including respiratory support, fluid resuscitation, and cardiovascular stabilization. The burned skin is irrigated with saline water to remove the chemical agent. Which of the following is the most appropriate method to verify adequate fluid infusion in this patient?
A. Heart rate
B. The Parkland formula
C. The Holliday-Segar formula
D. Blood pressure
E. Pulmonary capillary wedge pressure
F. Central venous pressure
G. Urinary output
""","২৮ বছর বয়সী একটি গবেষণা সহকারীকে জরুরি বিভাগে আনা হয়েছে তীব্র রাসায়নিক পুড়ে যাওয়ার জন্য, যেটি ঘটেছে হাইড্রোক্লোরিক অ্যাসিড নিজেই ছিটিয়ে ফেলার পর ৩০ মিনিটে। পোড়া অংশ উভয় হাত ও কনুই পর্যন্ত বাহুকে জড়িয়ে আছে। তার শরীরের তাপমাত্রা ৩৭ ডিগ্রি সেলসিয়া (৯৮.৬ ডিগ্রি ফারেনহাইট), পালস ১১২/মিনিট, শ্বাসপ্রশ্বাস ২০/মিনিট, এবং রক্তচাপ ১০৮/৮২ মিমি পারদ। প্রাথমিক স্থিতিশীলতা ও পুনরুজ্জীবন শুরু করা হয়েছে, যার মধ্যে শ্বাসযন্ত্রের সহায়তা, তরল পুনরুজ্জীবন, এবং হৃদ্‌-রক্তবাহী সিস্টেমের স্থিতিশীলতা অন্তর্ভুক্ত। পোড়া ত্বককে লবণাক্ত পানির মাধ্যমে ধোয়া হয় রাসায়নিক পদার্থটি সরাতে। নিম্নলিখিতগুলোর মধ্যে কোন পদ্ধতি এই রোগীর যথাযথ তরল ইনফিউশন যাচাই করার জন্য সবচেয়ে উপযুক্ত?
A. হৃৎস্পন্দন
B. পার্কল্যান্ড সূত্র
C. হোলিডে-সেগার সূত্র
D. রক্তচাপ
E. ফুসফুসের ক্যাপিলারি উইজ চাপ
F. কেন্দ্রীয় শিরা চাপ
G. মূত্র নিঃসরণ",,,,,
R0099,"A 9-year-old boy is brought to the physician for a well-child examination. His mother says his teachers report him being easily distracted, lagging behind his classmates in most of the subjects, and frequently falling asleep during class. She says that her son has complained of leg pain on multiple occasions. He is at the 45th percentile for height and 35th percentile for weight. Vital signs are within normal limits. Examination shows ptosis and a high-arched palate. Muscle strength is decreased in the face and hands. Muscle strength of the quadriceps and hamstrings is normal. Sensation is intact. Percussion of the thenar eminence causes the thumb to abduct and then relax slowly. Which of the following is the most likely diagnosis?
A. Becker muscular dystrophy
B. Hyperkalemic periodic paralysis
C. Spinal muscular atrophy
D. McArdle disease
E. Myotonic dystrophy
F. Juvenile dermatomyositis
G. Duchenne muscular dystrophy
""","৯ বছর বয়সী একটি ছেলে সুস্থ শিশু পরীক্ষার জন্য ডাক্তারের কাছে আনা হয়েছে। তার মা বলেন যে শিক্ষকরা জানান তিনি সহজে মনোযোগ হারান, অধিকাংশ বিষয়ের মধ্যে সহপাঠীদের তুলনায় পিছিয়ে থাকেন এবং ক্লাসের সময় প্রায়ই ঘুমিয়ে পড়েন। তিনি আরও বলেন যে তাঁর পুত্র বহুবার পা ব্যথার অভিযোগ করেছেন। তার উচ্চতা ৪৫তম পার্সেন্টাইল এবং ওজন ৩৫তম পার্সেন্টাইল। জীবনচিহ্ন স্বাভাবিক সীমার মধ্যে রয়েছে। পরীক্ষায় পটোসিস এবং উঁচু বাঁকানো গর্ভশিরা দেখা যায়। মুখ ও হাতে পেশীর শক্তি কমে গেছে। কোয়াড্রিসেপস এবং হ্যামস্ট্রিংসের পেশীর শক্তি স্বাভাবিক। সংবেদনশীলতা অক্ষত রয়েছে। থেনার উঁচু অংশে আঘাত দিলে বড় আঙুল বাহিরের দিকে সরে যায় এবং তারপর ধীরে ধীরে শিথিল হয়। নিম্নলিখিতগুলোর মধ্যে কোনটি সবচেয়ে সম্ভাব্য নির্ণয়?
A. বেকার মাসকুলার ডিসট্রোফি
B. উচ্চ-পটাশিয়ামীয় পর্যায়ক্রমিক পক্ষাঘাত
C. স্পাইনাল মাসকুলার অ্যাট্রফি
D. ম্যাকআর্ডল রোগ
E. মায়োটনিক ডিসট্রোফি
F. যুবক ডার্মাটোমায়োসাইটিস
G. ডুচেন্নে মাসকুলার ডিসট্রোফি",,,,,
R0100,"A 63-year-old woman is brought to the physician by her husband for the evaluation of progressive memory loss for the past 5 months. During the last 2 weeks, she has also had problems getting dressed and finding her way back home from the grocery store. She has had several episodes of jerky, repetitive, twitching movements that resolved spontaneously. She used to work as a teacher but quit her job due to her memory loss. The patient has hypertension. There is no family history of serious illness. Her only medication is hydrochlorothiazide. Her temperature is 37°C (98.6°F), pulse is 65/min, and blood pressure is 125/80 mmHg. She is oriented only to person and place. She follows commands and speaks fluently, but sometimes cannot recall objects. She is unable to read and seems to have difficulty recognizing objects. Cranial nerves II-XII are intact. Examination shows full muscle strength. Deep tendon reflexes are 2+ bilaterally. Babinski sign is absent. Sensation to pinprick and light touch is normal. Which of the following is the most likely underlying cause of this patient's symptoms?
A. Mutant prion accumulation
B. Extracellular senile plaques
C. Severe cerebral ischemia
D. Substantia nigra degeneration
E. Copper accumulation in the CNS
F. Decreased CSF absorption
G. Increased number of CAG repeats","একজন ৬৩ বছর বয়সী নারী তার স্বামীর মাধ্যমে ডাক্তারের কাছে আনা হয়েছে গত ৫ মাস ধরে ক্রমবর্ধমান স্মৃতিভ্রংশের মূল্যায়নের জন্য। শেষ দুই সপ্তাহে, তিনি পোশাক পরতে এবং মুদি দোকান থেকে বাড়ি ফিরে আসার পথে সমস্যার সম্মুখীন হয়েছেন। তিনি বেশ কয়েকটি জের্কি, পুনরাবৃত্তিমূলক, টুইচিং আন্দোলন ঘটেছে যা স্বয়ংক্রিয়ভাবে থেমে গিয়েছিল। তিনি আগে শিক্ষক হিসেবে কাজ করতেন কিন্তু তার স্মৃতিভ্রংশের কারণে চাকরি ছেড়ে দিয়েছেন। রোগীর উচ্চ রক্তচাপ রয়েছে। গুরুতর কোনো পারিবারিক অসুস্থতার ইতিহাস নেই। তাঁর একমাত্র ওষুধ হল হাইড্রোক্লোরোথায়াজ়াইড। তাপমাত্রা ৩৭ ডিগ্রি সেলসিয়াস (৯৮.৬ ডিগ্রি ফারেনহাইট), পাল্স ৬৫/মিনিট, এবং রক্তচাপ ১২৫/৮০ মিমি পারদ। তিনি শুধুমাত্র ব্যক্তি ও স্থানের প্রতি সচেতন। তিনি আদেশ অনুসরণ করেন এবং সাবলীলভাবে কথা বলেন, তবে কখনও কখনও বস্তু স্মরণ করতে পারেন না। তিনি পড়তে অক্ষম এবং বস্তু চেনায় সমস্যার মতো দেখাচ্ছেন। ক্র্যানিয়াল স্নায়ু II-XII অক্ষত। পরীক্ষায় পূর্ণ পেশীর শক্তি দেখা যায়। ডিপ টেন্ডন রিফ্লেক্স ২+ উভয় পাশে। বাবিনস্কি সাইন অনুপস্থিত। পিনপ্রিক ও হালকা স্পর্শের সংবেদন স্বাভাবিক। নিম্নলিখিত কোনটি এই রোগীর উপসর্গের সবচেয়ে সম্ভাব্য অন্তর্নিহিত কারণ?
A. মিউট্যান্ট প্রিয়ন সঞ্চয়
B. এক্সট্রাসেলুলার সিনাইল প্ল্যাকস
C. গুরুতর মস্তিষ্কীয় ইস্কেমিয়া
D. সাবস্ট্যান্সিয়া নিগ্রা অবক্ষয়
E. কপার সঞ্চয় কেন্দ্রীয় স্নায়ু তন্ত্রে
F. হ্রাসপ্রাপ্ত সিএসএফ শোষণ
G. বর্ধিত সিএজি রিপিটের সংখ্যা",,,,,
R0101,"A 66-year-old white man comes to the physician because of a 10-day history of fatigue and lower leg swelling. Over the past 6 months, he has had a 3.6-kg (8-lb) weight loss. He has chronic bronchitis and uses an albuterol inhaler as needed. He has smoked one pack of cigarettes daily for 44 years and drinks one alcoholic beverage daily. His temperature is 37°C (98.6°F), pulse is 88/min, and blood pressure is 120/75 mm Hg. He appears thin. Examination shows 2+ pretibial edema bilaterally. Cardiopulmonary examination shows no abnormalities. Laboratory studies show:
Hemoglobin 11.2 g/dL
Leukocyte count 8500/mm3
Platelet count 130,000/mm3
Serum
Urea nitrogen 23 mg/dL
Glucose 77 mg/dL
Creatinine 1.6 mg/dL
Albumin 1.8 mg/dL
Total cholesterol 475 mg/dL
Urine
Blood negative
Glucose negative
Protein 4+
WBC 0-1/hpf
Fatty casts numerous
An x-ray of the chest shows a right upper lobe density. A CT scan of the chest shows a 2.5 x 3.5 x 2-cm right upper lobe mass. Which of the following is the most likely diagnosis?""
A. Focal segmental glomerulosclerosis
B. IgA nephropathy
C. Membranoproliferative glomerulonephritis
D. Granulomatosis with polyangiitis
E. Membranous nephropathy
F. Rapidly progressive glomerulonephritis
G. Thin basement membrane disease
""","৬৬ বছর বয়সী সাদা পুরুষ রোগীর কাছে ক্লান্তি এবং নিচের পায়ের ফোলার ১০-দিনের ইতিহাসে আসেন। গত ৬ মাসে তিনি ৩.৬ কেজি (৮-পাউন্ড) ওজন হ্রাস করেছেন। তার দীর্ঘস্থায়ী ব্রঙ্কাইটিস আছে এবং প্রয়োজনে আলবুটেরল ইনহেলার ব্যবহার করেন। তিনি প্রতিদিন এক প্যাকেট সিগারেট ধূমপান করেছেন ৪৪ বছর ধরে এবং দৈনিক একটি অ্যালকোহলিক পানীয় গ্রহণ করেন। তার তাপমাত্রা ৩৭ ডিগ্রি সেলসিয়াস (৯৮.৬ ডিগ্রি ফারেনহাইট), নাড়ি প্রতি মিনিটে ৮৮, এবং রক্তচাপ ১২০/৭৫ মিমি পারদ। তিনি পাতলা দেখাচ্ছেন। পরীক্ষায় উভয় পাশে প্রিটিবিয়াল এডেমা ২+ দেখা যায়। কার্ডিওফুসের পরীক্ষা কোনো অস্বাভাবিকতা প্রকাশ করে না। ল্যাবরেটরি ফলাফল দেখাচ্ছে:
হিমোগ্লোবিন ১১.২ গ্রাম প্রতি ডেসিলিটার
লিউকোসাইট গণনা ৮৫০০/ঘন মিমি
প্লেটলেট সংখ্যা ১৩০,০০০/ঘন মিমি
সিরাম
ইউরিয়া নাইট্রোজেন ২৩ মিলিগ্রাম প্রতি ডেসিলিটার
গ্লুকোজ ৭৭ মিলিগ্রাম প্রতি ডেসিলিটার
ক্রিয়াটিনিন ১.৬ মিলিগ্রাম প্রতি ডেসিলিটার
অ্যালবুমিন ১.৮ মিলিগ্রাম প্রতি ডেসিলিটার
মোট কোলেস্টেরল ৪৭৫ মিলিগ্রাম প্রতি ডেসিলিটার
মূত্র
রক্ত নেতিবাচক
গ্লুকোজ নেতিবাচক
প্রোটিন ৪+
ডব্লিউবিসি ০-১/hpf
ফ্যাটি কাস্টস প্রচুর পরিমাণে
এক্স-রে বক্ষের ডান উপরের লোব ঘনত্ব দেখায়। সিটি স্ক্যান বক্ষের একটি ডান উপরের লোব মাস ২.৫ × ৩.৫ × ২ সেন্টিমিটার দেখায়। নিচের কোনটি সবচেয়ে সম্ভাব্য নির্ণয়?
A. ফোকাল সেগমেন্টাল গ্লোমেরুলোসক্লেরোসিস
B. আইজিএ নেফ্রোপ্যাথি
C. মেমব্রানোপ্রোলিফারেটিভ গ্লোমেরুলোনেফ্রাইটিস
D. গ্র্যানুলোমাটোসিস উইথ পলিআঞ্জাইটিস
E. মেমব্রেনাস নেফ্রোপ্যাথি
F. র‍্যাপিডলি প্রগ্রেসিভ গ্লোমেরুলোনেফ্রাইটিস
G. পাতলা বেসমেন্ট মেমব্রেন রোগ",,,,,
R0102,"A 9-year-old girl is brought to the physician by her mother because of a 3-day history of face and foot swelling, dark urine, and a rash on her hands and feet. The mother reports that her daughter has had a low-grade fever, shortness of breath, and a dry cough for the past 8 days. She has had generalized weakness and pain in her right knee and ankle. She has a ventricular septum defect that was diagnosed at birth. The patient appears lethargic. Her temperature is 38.4 (101.1°F), pulse is 130/min, respirations are 34/min, and blood pressure is 110/60 mm Hg. Examination shows small, non-blanching, purple lesions on her palms, soles, and under her fingernails. There is edema of the eyelids and feet. Funduscopic examination shows retinal hemorrhages. Holosystolic and early diastolic murmurs are heard. Laboratory studies show:
Hemoglobin 11.3 g/dL
Erythrocyte sedimentation rate 61 mm/h
Leukocyte count 15,000/mm3
Platelet count 326,000/mm3
Urine
Blood 4+
Glucose negative
Protein 1+
Ketones negative
Transthoracic echocardiography shows a small outlet ventricular septum defect and a mild right ventricular enlargement. There are no wall motion abnormalities, valvular heart disease, or deficits in the pump function of the heart. Blood cultures grow Streptococcus pyogenes. Which of the following is the most likely diagnosis?""
A. Pneumonia
B. Infective endocarditis
C. Rheumatic fever
D. Hand-Foot-and-Mouth Disease
E. Acute lymphoblastic leukemia
F. Systemic lupus erythematosus
G. Myocarditis
H. Kawasaki disease","একজন ৯-বছর বয়সী মেয়ে তার মা দ্বারা ডাক্তারের কাছে আনা হয়েছে কারণ ৩ দিনের মুখ ও পায়ের ফোলাভাব, গাঢ় প্রস্রাব এবং হাত ও পায়ে র্যাশ রয়েছে। মা জানান যে তার কন্যা গত ৮ দিন ধরে হালকা জ্বর, শ্বাসকষ্ট এবং শুকনো কাশি অনুভব করেছে। সে সাধারণ দুর্বলতা এবং ডান হাঁটু ও গোড়ালিতে ব্যথা আছে। জন্মের সময় নির্ণয় করা একটি ভেন্ট্রিকুলার সেপটাম ডিফেক্ট রয়েছে। রোগীটি অলস দেখাচ্ছে। তার তাপমাত্রা ৩৮.৪ (১০১.১ ডিগ্রি ফারেনহাইট), পাল্স প্রতি মিনিটে ১৩০, শ্বাসপ্রশ্বাস প্রতি মিনিটে ৩৪, এবং রক্তচাপ ১১০/৬০ মিমি পারদ। পরীক্ষায় তার তালু, তলা ও নখের নিচে ছোট, অ-ফ্ল্যাঙ্কিং বেগুনি দাগ দেখা যায়। চোখের পাত ও পা ফোলেছে। ফান্ডাসকোপিক পরীক্ষা রেটিনাল হেমোরেজ দেখায়। হলোসিস্টলিক এবং প্রারম্ভিক ডায়াস্টোলিক মর্মর শোনা যায়। ল্যাবরেটরি ফলাফল:
হিমোগ্লোবিন ১১.৩ গ্রাম প্রতি ডেসিলিটার
ইএসআর ৬১ মিমি/ঘণ্টা
লিউকোসাইট গণনা ১৫,০০০ ঘন মিলিমিটার
প্লেটলেট গণনা ৩২৬,০০০ ঘন মিলিমিটার
মূত্রে
রক্ত ৪+
গ্লুকোজ নেতিবাচক
প্রোটিন ১+
কিটোনস নেতিবাচক
ট্রান্সথোরাসিক ইকোকার্ডিওগ্রাফি দেখায় একটি ছোট আউটলেট ভেন্ট্রিকুলার সেপটাম ডিফেক্ট এবং হালকা ডান ভেন্ট্রিকুলার বৃদ্ধি। কোনো ওয়াল মুভমেন্ট অস্বাভাবিকতা, ভালভের হৃদরোগ বা হৃদয়ের পাম্প ফাংশনের ঘাটতি নেই। রক্ত সংস্কৃতি স্ট্রেপটোস্কোবাস পাইওজিনেস বেড়ে দেখায়। নিম্নলিখিতগুলির মধ্যে কোনটি সবচেয়ে সম্ভাব্য নির্ণয়?
A. নিউমোনিয়া
B. ইনফেকটিভ এন্ডোকার্ডাইটিস
C. রিউমাটিক জ্বর
D. হাত-পা-মুখ রোগ
E. তীব্র লিম্ফোব্লাস্টিক লিউকেমিয়া
F. সিস্টেমিক লুপাস ইরিথেমাটোসিস
G. মায়োকার্ডাইটিস
H. কাওয়াসাকি রোগ",,,,,
R0103,"A 26-year-old woman comes to the physician for a pre-employment examination. She has no complaints. She has a history of polycystic ovarian syndrome. She exercises daily and plays soccer recreationally on the weekends. Her mother was diagnosed with hypertension at a young age. She does not smoke and drinks 2 glasses of wine on the weekends. Her current medications include an oral contraceptive pill and a daily multivitamin. Her vital signs are within normal limits. Cardiac examination shows a grade 1/6 decrescendo diastolic murmur heard best at the apex. Her lungs are clear to auscultation bilaterally. Peripheral pulses are normal and there is no lower extremity edema. An electrocardiogram shows sinus rhythm with a normal axis. Which of the following is the most appropriate next step in management?
A. Exercise stress test
B. No further testing
C. Transthoracic echocardiogram
D. X-ray of the chest
E. CT scan of the chest with contrast
F. Transesophageal echocardiography","একজন ২৬-বছর বয়সী নারী প্রি-এমপ্লয়মেন্ট পরীক্ষার জন্য ডাক্তারের কাছে আসেন। তার কোনো অভিযোগ নেই। তিনি পলিসিস্টিক ওভেরিয়ান সিনড্রোমের ইতিহাস রয়েছে। তিনি প্রতিদিন ব্যায়াম করেন এবং সপ্তাহান্তে অবসর সময়ে সকার খেলেন। তার মা কম বয়সে উচ্চ রক্তচাপ নির্ণয় হয়েছিলেন। তিনি ধূমপান করেন না এবং সপ্তাহান্তে ২ গ্লাস ওয়াইন পান করেন। তার বর্তমান ওষুধের মধ্যে একটি ওরাল কন্ট্রাসেপ্টিভ পিল এবং দৈনিক মাল্টিভিটামিন রয়েছে। তার গুরুত্বপূর্ণ চিহ্নগুলো স্বাভাবিক সীমার মধ্যে। কার্ডিয়াক পরীক্ষায় গ্রেড ১/৬ ডিক্রেসেন্ডো ডায়াস্টোলিক মর্মর শীর্ষে সর্বোত্তমভাবে শোনা যায়। তার ফুসফুস দুপাশেই অডিটেশন অনুযায়ী পরিষ্কার। পার্শ্বিক পালস স্বাভাবিক এবং নিম্নাঙ্গে কোনো ইডিমা নেই। একটি ইসিজি সাইনাস রিদম সহ স্বাভাবিক অক্ষ দেখায়। নিম্নলিখিতগুলির মধ্যে কোনটি ব্যবস্থাপনার সর্বোত্তম পরবর্তী ধাপ হবে?
A. ব্যায়াম স্ট্রেস টেস্ট
B. আর কোনো পরীক্ষার প্রয়োজন নেই
C. ট্রান্সথোরাসিক ইকোকার্ডিওগ্রাম
D. বুকে এক্স-রে
E. কন্ট্রাস্ট সহ বুকের সিটি স্ক্যান
F. ট্রান্সইসোফেজিয়াল ইকোকার্ডিওগ্রাফি",,,,,
R0104,"A 70 year-old man comes to the physician for difficulty swallowing for 6 months. During this time, he has occasionally coughed up undigested food. He did not have weight loss or fever. Four weeks ago, he had an episode of sore throat, that resolved spontaneously. He has smoked one pack of cigarettes daily for 5 years. He has gastroesophageal reflux disease and osteoporosis. Current medications include alendronate and omeprazole. His temperature is 37.0°C (98.6°F), pulse is 84/min, and blood pressure is 130/90 mmHg. On examination, he has foul-smelling breath and a fluctuant mass on the right neck. Which of the following is most likely involved in the pathogenesis of this patient's symptoms?
A. Deep neck space infection
B. Degeneration of neurons in the esophageal wall
C. Impaired function of the lower esophageal sphincter
D. Cellular dysplasia
E. Abnormal esophageal motor function
F. Adverse effect of medication
""","একজন ৭০ বছর বয়সী পুরুষ গিলতে অসুবিধার জন্য ৬ মাস ধরে চিকিৎসকের কাছে আসেন। এই সময়কালে, তিনি মাঝে মাঝে অপরিপাকিত খাবার কাশির মাধ্যমে বের করে ফেলেছেন। তিনি ওজন হ্রাস বা জ্বরের কোনো উপসর্গ দেখাননি। চার সপ্তাহ আগে, তিনি গলা ব্যথার একটি পর্বে আক্রান্ত হন, যা স্বয়ংক্রিয়ভাবে সেরে যায়। তিনি পাঁচ বছর ধরে প্রতিদিন এক প্যাকেট সিগারেট ধূমপান করেন। তার গ্যাস্ট্রোইসোফেজিয়াল রিফ্লাক্স রোগ এবং অস্টিওপরোসিস রয়েছে। বর্তমান ওষুধগুলোর মধ্যে অ্যালেনড্রোনেট এবং ওমেপ্রাজল রয়েছে। তার তাপমাত্রা ৩৭.০ ডিগ্রি সেলসিয়াস (৯৮.৬ ডিগ্রি ফারেনহাইট), পাল্স ৮৪ প্রতি মিনিট, এবং রক্তচাপ ১৩০/৯০ মিমি পারদ। পরীক্ষায় দেখা যায় তার দূর্গন্ধযুক্ত শ্বাস রয়েছে এবং ডান গলায় তরঙ্গময় ভর আছে। নিম্নের কোনটি সম্ভবত এই রোগীর উপসর্গগুলোর প্যাথোজেনেসিসে জড়িত হতে পারে?
A. গভীর গলা স্থান সংক্রমণ
B. খাদ্যনালী প্রাচীরে নিউরনের অবক্ষয়
C. নিম্ন খাদ্যনালী বন্ধনী কার্যকারিতার হ্রাস
D. কোষিক বিকৃতি
E. অস্বাভাবিক ইসোফেজিয়াল মোটর কাজ
F. ওষুধের প্রতিকূল প্রভাব",,,,,
R0105,"A 42-year-old woman comes to the physician because of stiffness and pain in multiple joints. She says that the fingers on both of her hands have become increasingly stiff and difficult to move over the past 8 months. She also complains of nails that break easily and look spotty as well as chronic back pain. She had a urinary tract infection a year ago that was treated with antibiotics. She is sexually active with 2 male partners and uses condoms inconsistently. Her vitals are within normal limits. A photograph of her right hand is shown. There are multiple, well-demarcated red plaques with silvery-white scales over the shins and back. Serum studies show a negative rheumatoid factor and ANA. Which of the following is the most likely diagnosis?
A. Reactive arthritis
B. Secondary syphilis
C. Ankylosing spondylitis
D. Rheumatoid arthritis
E. Arthritis-dermatitis syndrome
F. Degenerative osteoarthritis
G. Systemic lupus erythematosus
H. Psoriatic arthritis
""","৪২ বছর বয়সী এক নারী চিকিৎসকের কাছে আসে বহু জোড়ায় কঠোরতা ও ব্যথার জন্য। তিনি বলেন যে তার দু'হাতের আঙুলগুলো গত ৮ মাসে ক্রমশ কঠোর হয়ে গেছে এবং নড়াচড়া করা কঠিন। তিনি এছাড়াও অভিযোগ করেন যে তার নখগুলি সহজে ভেঙে যায় ও দাগযুক্ত দেখায়, পাশাপাশি দীর্ঘস্থায়ী পিঠের ব্যথা রয়েছে। এক বছর আগে তিনি একটি মূত্রনালীর সংক্রমণ হয়েছিল যা অ্যান্টিবায়োটিক দিয়ে চিকিৎসা করা হয়েছিল। তিনি দুইজন পুরুষ সঙ্গীর সঙ্গে যৌন সক্রিয় এবং কন্ডোম অনিয়মিতভাবে ব্যবহার করেন। তার জীর্ণীয় মানগুলো স্বাভাবিক সীমার মধ্যে রয়েছে। তার ডান হাতের একটি ফটো দেখানো হয়েছে। শিন এবং পিঠে একাধিক স্পষ্ট সীমানা বিশিষ্ট লাল প্ল্যাক রয়েছে যার উপর রূপালী-সাদা স্কেল আছে। সিরাম পরীক্ষায় রিউমাটয়েড ফ্যাক্টর ও এএনএ নেগেটিভ দেখা যায়। নিম্নলিখিতগুলোর মধ্যে কোনটি সবচেয়ে সম্ভাব্য নির্ণয়?
A. রিঅ্যাকটিভ আর্থ্রাইটিস
B. সেকেন্ডারি সিফিলিস
C. অ্যাঙ্কাইলোসিং স্পন্ডিলাইটিস
D. রিউমাটয়েড আর্থ্রাইটিস
E. আর্থ্রাইটিস-ডার্মাটাইটিস সিন্ড্রোম
F. ডিজেনারেটিভ অস্টিওআর্থ্রাইটিস
G. সিস্টেমিক লুপাস ইরিথেমাটোসাস
H. সোরিয়াটিক আর্থ্রাইটিস",,,,,
R0106,"A 20-year-old man is brought to the emergency department because of fever and lethargy for the past 2 days. He reports that during this time he has had occasional palpitations and shortness of breath. He has asthma and sickle cell disease. Current medications include inhaled albuterol, hydroxyurea, and folic acid. He appears fatigued. His temperature is 38.4°C (101.1°F), pulse is 122/min, respirations are 25/min, and blood pressure is 110/72 mm Hg. Examination shows pale conjunctivae. Cardiac examination shows a midsystolic ejection murmur. Laboratory studies show:
Hemoglobin 6.5 g/dl
Leukocyte count 5,000/mm3
Platelet count 165,000/mm3
Mean corpuscular volume 82 μm3
Reticulocyte count 0.2%
Which of the following is the most likely cause of these findings?""
A. Dysfunctional erythrocyte membrane proteins
B. Splenic sequestration crisis
C. Hyperhemolysis
D. Viral infection
E. Adverse effect of medication","২০ বছর বয়সী একজন পুরুষকে জরুরি বিভাগে আনা হয়েছে কারণ গত ২ দিন ধরে জ্বর এবং অলসতা রয়েছে। তিনি জানান যে এই সময়ের মধ্যে মাঝে মাঝে হৃদস্পন্দন বৃদ্ধি ও শ্বাসকষ্ট অনুভব করেছেন। তার হাঁপানি এবং সিকল সেল রোগ আছে। বর্তমান ওষুধগুলোর মধ্যে ইনহেলড আলবুটেরল, হাইড্রক্সিউরিয়া এবং ফোলিক অ্যাসিড রয়েছে। তিনি ক্লান্ত দেখাচ্ছেন। তার তাপমাত্রা ৩৮.৪°ডিগ্রি সেলসিয়া (১০১.১°ডিগ্রি ফারেনহাইট), পালস ১২২/মিনিট, শ্বাসের হার ২৫/মিনিট, এবং রক্তচাপ ১১০/৭২ মিমি পারদ। পরীক্ষায় কনজাঙ্ক্টিভা ফিক্কা দেখা যায়। হৃদযন্ত্রের পরীক্ষা একটি মধ্যসিস্টোলিক ইজেকশন মর্মর দেখায়। ল্যাবোরেটরি ফলাফল দেখায়:
হেমোগ্লোবিন ৬.৫ গ্রাম প্রতি ডেসিলিটার
লিউকোসাইট গণনা ৫,০০০/ঘন মিমিমিটার
প্লেটলেট গণনা ১৬৫,০০০/ঘন মিমিমিটার
গড় কর্পাসকুলার ভলিউম ৮২ মাইক্রোমিটার ঘন
রিটিকুলোসাইট গণনা ০.২%
উপরের কোনটি এই ফলাফলের সবচেয়ে সম্ভাব্য কারণ?""
A. অকার্যকর লোহিত রক্তকণিকা ঝিল্লি প্রোটিন
B. প্লীহা সিকোয়েস্ট্রেশন সংকট
C. হাইপারহিমোলাইসিস
D. ভাইরাল সংক্রমণ
E. ওষুধের প্রতিকূল প্রভাব",,,,,
R0107,"A 62-year-old man comes to the physician because of a 5-day history of fatigue, fever, and chills. For the past 9 months, he has had hand pain and stiffness that has progressively worsened. He started a new medication for these symptoms 3 months ago. Medications used prior to that included ibuprofen, prednisone, and hydroxychloroquine. He does not smoke or drink alcohol. Examination shows a subcutaneous nodule at his left elbow, old joint destruction with boutonniere deformity, and no active joint warmth or tenderness. The remainder of the physical examination shows no abnormalities. His hemoglobin concentration is 10.5 g/dL, leukocyte count is 3500/mm3, and platelet count is 100,000/mm3. Which of the following is most likely to have prevented this patient's laboratory abnormalities?
A. Cobalamin
B. Amifostine
C. Pyridoxine
D. Leucovorin
E. Mesna
""","৬২ বছর বয়সী একজন পুরুষ রোগী ক্লিনিকের কাছে আসেন কারণ তিনি গত ৫-দিনের ইতিহাসে ক্লান্তি, জ্বর এবং শীতলতা অনুভব করছেন। গত ৯ মাস ধরে তার হাতের ব্যথা ও কঠোরতা রয়েছে যা ধীরে ধীরে বাড়ছে। তিনি এই উপসর্গগুলির জন্য ৩ মাস আগে একটি নতুন ওষুধ শুরু করেন। এর পূর্বে ব্যবহার করা ওষুধগুলোতে আইবুপ্রোফেন, প্রেডনিসোন এবং হাইড্রক্সিক্লোরোকুইন অন্তর্ভুক্ত ছিল। তিনি ধূমপান করেন না অথবা অ্যালকোহল পান করেন না। পরীক্ষায় তার বাম কনুইতে একটি সাবকিউটেনিয়াস নডিউল দেখা যায়, পুরোনো জয়েন্ট ধ্বংসাবশেষ সঙ্গে বুটনিেয়ার বিকৃতি, এবং কোনো সক্রিয় জয়েন্টের উষ্ণতা বা সংবেদনশীলতা নেই। শারীরিক পরীক্ষার বাকী অংশে কোনো অস্বাভাবিকতা দেখা যায় না। তার হিমোগ্লোবিন ঘনত্ব ১০.৫ গ্রাম/ডেসিলিটার, লিউকোসাইট গণনা ৩৫০০ ঘন মিমি, এবং প্লেটলেট গণনা ১,০০,০০০ ঘন মিমি। নিম্নের কোনটি সম্ভবত এই রোগীর ল্যাবরেটরি অস্বাভাবিকতা প্রতিরোধ করতে পারত?
A. কোবালামিন
B. অ্যামিফোস্টিন
C. পাইরিডক্সিন
D. লিউকোভোরিন
E. মেসনা",,,,,
R0108,"A 52-year-old man is brought to the emergency department with severe epigastric discomfort and left-sided chest pain radiating to the back that began after waking up. He has also vomited several times since the pain began. He underwent an esophagogastroduodenoscopy the previous day for evaluation of epigastric pain. He has ischemic heart disease and underwent a coronary angioplasty 3 years ago. His mother died of pancreatic cancer when she was 60 years old. His current medications include aspirin, clopidogrel, metoprolol, ramipril, and rosuvastatin. He is pale, anxious, and diaphoretic. His temperature is 37.9°C (100.2°F), pulse is 140/min, respirations are 20/min, and blood pressure is 100/60 mm Hg in his upper extremities and 108/68 mm Hg in his lower extremities. Pulse oximetry on room air shows oxygen saturation at 98%. An S4 is audible over the precordium, in addition to crepitus over the chest. Abdominal examination shows tenderness to palpation in the epigastric area. Serum studies show an initial Troponin I level of 0.031 ng/mL (N < 0.1 ng/mL) and 0.026 ng/mL 6 hours later. A 12-lead ECG shows sinus tachycardia with nonspecific ST-T changes. Which of the following is the most likely diagnosis?
A. Pneumothorax
B. Acute pancreatitis
C. Esophageal perforation
D. Aortic dissection
E. Acute myocardial infarction","৫২ বছর বয়সী একজন পুরুষকে জরুরি বিভাগে আনা হয়েছে গুরুতর এপিগাস্ট্রিক অস্বস্তি এবং বাম পাশে বুকে ব্যথা যা পিঠের দিকে বিকিরণ করে এবং জাগার পর শুরু হয়েছিল। তিনি ব্যথা শুরু হওয়ার পরে বেশ কয়েকবার বমি করেছেন। পূর্বদিন তিনি এপিগাস্ট্রিক ব্যথার মূল্যায়নের জন্য একটি ইসোফ্যাগোগ্যাস্ট্রোডুওডেনোস্কপি করিয়েছেন। তার ইসকেমিক হৃদরোগ আছে এবং তিন বছর আগে করোনারি অ্যাঞ্জিওপ্লাস্টি করা হয়েছিল। তার মা প্যানক্রিয়াটিক ক্যান্সার থেকে মারা গেছেন যখন তিনি ৬০ বছর বয়সী ছিলেন। তার বর্তমান ওষুধের মধ্যে রয়েছে অ্যাসপিরিন, ক্লোপিডোগ্রেল, মেটোপ্রোলল, রামিপ্রিল এবং রোসুভাস্টাটিন। তিনি ফিকে, উদ্বিগ্ন এবং ঘাম ঝরাচ্ছেন। তার তাপমাত্রা ৩৭.৯ ডিগ্রি সেলসিয়া (১০০.২ ডিগ্রি ফারেনহাইট), পাল্স ১৪০ প্রতি মিনিট, শ্বাসপ্রশ্বাস ২০ প্রতি মিনিট, এবং রক্তচাপ উপরের অঙ্গগুলোতে ১০০/৬০ মিমি পারদ এবং নিচের অঙ্গগুলোতে ১০৮/৬৮ মিমি পারদ। রুম এয়ারে পালস অক্সিমেট্রি দেখায় অক্সিজেন স্যাচুরেশন ৯৮%। একটি S4 প্রিকর্ডিয়ামের উপর শোনা যায়, পাশাপাশি বুকে ক্রিপিটাস রয়েছে। পেটের পরীক্ষা এপিগাস্ট্রিক অঞ্চলে স্পর্শে সংবেদনশীলতা দেখায়। সিরাম পরীক্ষায় প্রাথমিক ট্রোপোনিন আই স্তর ০.০৩১ ন্যানোগ্রাম প্রতি মিলিলিটার (স্বাভাবিক < ০.১ ন্যানোগ্রাম/মি.) এবং ৬ ঘন্টা পরে ০.০২৬ ন্যানোগ্রাম প্রতি মিলিলিটার। একটি ১২-লিড ইসিজি সাইনাস ট্যাকিকার্ডিয়া দেখায় অ-নির্দিষ্ট এসটি-টি পরিবর্তনসহ। নিম্নের মধ্যে কোনটি সবচেয়ে সম্ভাব্য নির্ণয়?
A. পনিউমোথোর্যাক্স
B. তীব্র অগ্ন্যাশয় প্রদাহ
C. ইসোফেগিয়াল পারফোরেশন
D. অর্টিক ডিসেকশন
E. তীব্র মায়োকার্ডিয়াল ইনফার্কশন",,,,,
R0109,"A 63-year-old man is brought to the emergency department for evaluation of abdominal pain. The pain started four days ago and is now a diffuse crampy pain with an intensity of 6/10. The patient has nausea and has vomited twice today. His last bowel movement was three days ago. He has a history of hypertension and recurrent constipation. Five years ago, he underwent emergency laparotomy for a perforated duodenal ulcer. His father died of colorectal cancer at the age of 65 years. The patient has been smoking one pack of cigarettes daily for the past 40 years. Current medications include lisinopril and lactulose. His temperature is 37.6°C (99.7°F), pulse is 89/min, and blood pressure is 120/80 mm Hg. Abdominal examination shows distention and mild tenderness to palpation. There is no guarding or rebound tenderness. The bowel sounds are high-pitched. Digital rectal examination shows no abnormalities. An x-ray of the abdomen is shown. In addition to fluid resuscitation, which of the following is the most appropriate next step in the management of this patient?
A. Ciprofloxacin and metronidazole
B. CT scan of the abdomen with IV contrast
C. PEG placement and enteral feeding
D. Colonoscopy
E. Gastrografin enema
F. Nasogastric tube placement and bowel rest
G. Surgical bowel decompression","একজন ৬৩ বছর বয়সী পুরুষকে পেটের ব্যথার মূল্যায়নের জন্য জরুরি বিভাগে আনা হয়েছে। ব্যথা ৪ দিন আগে শুরু হয়েছিল এবং এখন এটি একটি বিস্তৃত ক্র্যাম্পি ব্যথা, তীব্রতা ৬/১০। রোগীর বমিভাব আছে এবং আজ ২ বার বমি করেছে। তার শেষ মলত্যাগ ৩ দিন আগে ছিল। তার উচ্চ রক্তচাপ এবং পুনরাবৃত্ত কোষ্ঠকাঠিন্যের ইতিহাস আছে। ৫ বছর আগে, তিনি পারফোরেটেড ডুওডেনাল আলসার জন্য জরুরি ল্যাপারোটমি করিয়েছেন। তার বাবা কলোরেক্টাল ক্যান্সার থেকে ৬৫ বছর বয়সে মারা গেছেন। রোগী গত ৪০ বছর ধরে প্রতিদিন এক প্যাকেট সিগারেট ধূমপান করছেন। বর্তমান ওষুধগুলোর মধ্যে লিসিনোপ্রিল এবং ল্যাক্টুলোজ রয়েছে। তার তাপমাত্রা ৩৭.৬ ডিগ্রি সেলসিয়াস (৯৯.৭ ডিগ্রি ফারেনহাইট), পাল্স প্রতি মিনিটে ৮৯, এবং রক্তচাপ ১২০/৮০ মিমি পারদ। পেটের পরীক্ষা দেখায় ফুলে যাওয়া এবং স্পর্শে হালকা সংবেদনশীলতা। কোনো সুরক্ষামূলক পেশীর সংকোচন বা পুনরায় স্পর্শে সংবেদনশীলতা নেই। আন্ত্রের শব্দ উচ্চস্বরে শোনা যায়। ডিজিটাল রেক্টাল পরীক্ষা কোনো অস্বাভাবিকতা দেখায় না। পেটের এক্স-রে চিত্রটি প্রদর্শিত হয়েছে। ফ্লুইড রিসাসিটেশন ছাড়াও, নিম্নলিখিতগুলোর মধ্যে কোনটি এই রোগীর ব্যবস্থাপনার সর্বোত্তম পরবর্তী ধাপ হবে?
A. সিপ্রোফ্লোক্সাসিন এবং মেট্রোনিডাজল
B. শিরাপথে কনট্রাস্ট সহ পেটের সিটি স্ক্যান
C. পিইজি স্থাপন এবং এন্টারাল ফিডিং
D. কোলোনোস্কপি
E. গ্যাস্ট্রোগ্রাফিন এনিমা
F. নাসোগ্যাস্ট্রিক টিউব স্থাপন এবং অন্ত্র বিশ্রাম
G. শল্যচিকিৎসা অন্ত্র ডিকম্প্রেশন",,,,,
R0110,"A 26-year-old African-American woman comes to the physician because of a 4-day history of a nonproductive cough and chest pain. The pain is sharp and worse when she breathes deeply. During this time, she has also had two episodes of hematuria. Over the past 6 months, she has had intermittent pain, stiffness, and swelling in her fingers and left knee. She had two miscarriages at age 22 and 24. Her only medication is minocycline for acne vulgaris. Her temperature is 38.1°C (100.6°F), pulse is 75/min, and blood pressure is 138/85 mm Hg. Physical examination shows an erythematous rash on her face. There is mild tenderness over the metacarpophalangeal joints bilaterally with no warmth or erythema. Further evaluation of this patient is most likely to show which of the following findings?
A. Anti-histone antibodies
B. Low serum levels of C3 and C4
C. Prolonged bleeding time
D. Erosions of the metacarpophalangeal joints
E. Bilateral enlargement of the hilar lymph nodes
F. Cytotoxic glomerular antibodies","একটি ২৬-বছর বয়সী আফ্রিকান-আমেরিকান নারী রোগীর কাছে অপ্রোডাকটিভ কাশি এবং বুকে ব্যথার ৪-দিনের ইতিহাসের জন্য আসেন। ব্যথাটি তীক্ষ্ণ এবং গভীর শ্বাস নেওয়ার সময় বাড়ে। এই সময়ের মধ্যে তিনি দুইবার হিমাটুরিয়া হয়েছে। গত ছয় মাসে তিনি আঙুল এবং বাম হাঁটুতে পর্যায়ক্রমিক ব্যথা, কঠোরতা ও ফোলাভাব অনুভব করেছেন। তিনি বয়স ২২ এবং ২৪-এ দুইটি গর্ভপাত করেছেন। তার একমাত্র ওষুধ হল অ্যাকনে ভুলগারিসের জন্য মিনোসাইক্লাইন। তার তাপমাত্রা ৩৮.১ ডিগ্রি সেলসিয়াস (১০০.৬ ডিগ্রি ফারেনহাইট), পাল্স প্রতি মিনিটে ৭৫, এবং রক্তচাপ ১৩৮/৮৫ মিমি পারদ। শারীরিক পরীক্ষায় তার মুখে লালচে দাগ দেখা যায়। উভয় পাশে মেটাকার্পোফ্যালাঞ্জিয়াল জয়েন্টে হালকা সংবেদনশীলতা আছে, তবে কোনো গরমত্ব বা লালচে রঙ নেই। এই রোগীর আরও মূল্যায়নে নিম্নলিখিত কোন ফলাফল সবচেয়ে সম্ভাব্যভাবে দেখা যাবে?
A. অ্যান্টি-হিস্টোন অ্যান্টিবডি
B. সি৩ এবং সি৪ এর কম সিরাম স্তর
C. দীর্ঘস্থায়ী রক্তপাতের সময়
D. মেটাকার্পোফ্যালাঞ্জিয়াল জয়েন্টের ক্ষয়
E. হিলার লিম্ফ নোডের উভয় পার্শ্বীয় বৃদ্ধি
F. সাইটোটক্সিক গ্লোমেরুলার অ্যান্টিবডি",,,,,
R0111,"A 36-year-old woman comes to the physician for a follow-up visit after she had a PET scan that showed a nodule on the thyroid gland. She has no difficulty or pain while swallowing. She was treated for non-Hodgkin lymphoma at the age of 28 years, which included external beam radiation to the head and neck and 4 cycles of chemotherapy. She appears healthy. Vital signs are within normal limits. Physical examination shows no abnormalities. Serum studies show:
Glucose 82 mg/dL
Creatinine 0.7 mg/dL
Thyroid-stimulating hormone 3 μU/mL
Ultrasound of the neck shows a 1.2-cm (0.5-in) nodule on the left lobe of the thyroid with irregular margins and microcalcifications. A fine-needle aspiration biopsy shows Psammoma bodies and cells with clear, ground-glass, empty nuclei. Which of the following is the most appropriate next step in management?""
A. Percutaneous radiotherapy
B. Radioiodine therapy
C. Observation and follow-up in 3 months
D. Thyroid scintigraphy
E. Surgical excision of the nodule
F. Total thyroidectomy
""","একজন ৩৬ বছর বয়সী নারী ডাক্তারের কাছে ফলো-আপ ভিজিটের জন্য আসে, যেহেতু তিনি একটি পিইটি স্ক্যান করিয়েছিলেন যা থাইরয়েড গ্রন্থিতে একটি গাঁট দেখিয়েছে। গিলতে কোনো কষ্ট বা ব্যথা নেই। তিনি নন-হডজকিন লিম্ফোমার জন্য ২৮ বছর বয়সে চিকিৎসা গ্রহণ করেন, যার মধ্যে মাথা ও গলায় বাহ্যিক বিম বিকিরণ এবং ৪ চক্রের কেমোথেরাপি অন্তর্ভুক্ত ছিল। তিনি সুস্থ দেখাচ্ছেন। জীবনচিহ্ন স্বাভাবিক সীমার মধ্যে রয়েছে। শারীরিক পরীক্ষায় কোনো অস্বাভাবিকতা দেখা যায় না। সিরাম পরীক্ষা দেখায়:
গ্লুকোজ ৮২ মিলিগ্রাম/ডেসিলিটার
ক্রিয়াটিনিন ০.৭ মিলিগ্রাম/ডেসিলিটার
থাইরয়েড-স্টিমুলেটিং হরমোন ৩ মাইক্রোইউ/মিলিলিটার
গলায় আল্ট্রাসাউন্ড দেখায় থাইরয়েডের বাম লোবের উপর একটি ১.২ সেমি (০.৫ ইঞ্চি) গাঁট, যার অনিয়মিত প্রান্ত এবং ক্ষুদ্র ক্যালসিফিকেশন রয়েছে। ফাইন-নিডল অ্যাস্পিরেশন বায়োপসি দেখায় প্সাম্মা বডি এবং পরিষ্কার, গ্রাউন্ড-গ্লাস, ফাঁকা নিউক্লিয়াসযুক্ত কোষ। নিম্নলিখিতগুলির মধ্যে কোনটি ব্যবস্থাপনার সর্বোত্তম পরবর্তী ধাপ হবে?
A. পারকিউটেনিয়াস রেডিয়োথেরাপি
B. রেডিওআইডিন থেরাপি
C. ৩ মাসে পর্যবেক্ষণ ও ফলো-আপ
D. থাইরয়েড স্কিন্টিগ্রাফি
E. গাঁটের শল্যচিকিৎসা দ্বারা অপসারণ
F. টোটাল থাইরয়েডেক্টমি",,,,,
R0112,"A previously healthy 18-year-old woman comes to the physician because of a 2-day history of swelling and itchiness of her mouth and lips. It decreases when she eats cold foods such as frozen fruit. Four days ago, she underwent orthodontic wire-placement on her upper and lower teeth. Since then, she has been taking ibuprofen twice daily for the pain. For the past 6 months, she has been on a strict vegan diet. She is sexually active with one partner and uses condoms consistently. She had chickenpox that resolved spontaneously when she was 6 years old. Her vitals are within normal limits. Examination shows diffuse erythema and edema of the buccal mucosa with multiple serous vesicles and shallow ulcers. Stroking the skin with pressure does not cause blistering of the skin. The remainder of the examination shows no abnormalities. Which of the following is the most likely cause of these symptoms?
A. Pemphigus vulgaris
B. Dermatitis herpetiformis
C. Vitamin deficiency
D. Herpes labialis
E. Allergic contact dermatitis
F. Reactivation of varicella zoster virus
G. IgE-mediated hypersensitivity
""","একজন পূর্বে সুস্থ ১৮ বছর বয়সী নারী চিকিৎসকের কাছে আসেন কারণ তার মুখ ও ঠোঁটের ফোলাভাব এবং চুলকানির ২ দিনের ইতিহাস রয়েছে। ঠাণ্ডা খাবার যেমন হিমায়িত ফল খাওয়ার সময় এটি কমে যায়। ৪ দিন আগে, তার উপরের ও নিচের দাঁতে অর্থোডন্টিক তার স্থাপন করা হয়েছিল। তারপর থেকে, তিনি ব্যথার জন্য দিনে দুবার আইবুপ্রোফেন গ্রহণ করছেন। গত ৬ মাস ধরে, তিনি কঠোর ভেগান ডায়েট অনুসরণ করে আসছেন। তিনি এক সঙ্গীর সঙ্গে যৌন সক্রিয় এবং নিয়মিত কন্ডোম ব্যবহার করেন। তিনি ছয় বছর বয়সে জলবসন্ত হয়েছিলেন যা স্বতঃস্ফূর্তভাবে সেরে গিয়েছিল। তার জৈবিক চিহ্নগুলি স্বাভাবিক সীমার মধ্যে রয়েছে। পরীক্ষায় বুকের মিউকোসা বিস্তৃত লালচে রঙ এবং ফোলাভাব দেখায়, সঙ্গে একাধিক সিরাস ভেসিকল ও অগভীর আলসার। চাপ দিয়ে ত্বকে ঘষলেও ত্বকে ফোস্কা তৈরি হয় না। পরীক্ষার বাকি অংশে কোনো অস্বাভাবিকতা দেখা যায়নি। নিম্নলিখিতগুলির মধ্যে কোনটি এই উপসর্গগুলোর সবচেয়ে সম্ভাব্য কারণ?
A. পেমফিগাস ভলগারিস
B. ডার্মাটাইটিস হারপেটিফর্মিস
C. ভিটামিন ঘাটতি
D. হের্পিস ল্যাবিয়ালিস
E. অ্যালার্জিক সংস্পর্শ ডার্মাটাইটিস
F. ভ্যারিসেলা জোস্টার ভাইরাসের পুনরায় সক্রিয়তা
G. আইজিই-মাধ্যমিক অতিসংবেদনশীলতা",,,,,
R0113,"A 4-year-old boy is brought to the physician for the evaluation of fatigue since he returned from visiting family in South Africa one week ago. The day after he returned, he had fever, chills, and diffuse joint pain for 3 days. His symptoms improved with acetaminophen. He was born at term and has been healthy. His immunizations are up-to-date. His temperature is 37.6°C (99.68°F), pulse is 100/min, and blood pressure is 100/60 mm Hg. Examination shows conjunctival pallor. The remainder of the examination shows no abnormalities. Laboratory studies show:
Hemoglobin 10.8 g/dL
Mean corpuscular volume 68 μm3
Red cell distribution width 14% (N = 13%-15%)
Hemoglobin A2 6% (N < 3.5%)
A peripheral smear shows microcytic, hypochromic erythrocytes, some of which have a darkly stained center and peripheral rim, separated by a pale ring. Which of the following is the most appropriate next step in the management of this patient?""
A. Oral hydroxyurea
B. Oral albendazole
C. Folic acid therapy
D. Oral succimer
E. Reassurance
F. Oral pyridoxine
G. Iron supplementation","একজন ৪ বছর বয়সী ছেলে ক্লান্তি মূল্যায়নের জন্য ডাক্তারের কাছে আনা হয়েছে, যেহেতু তিনি এক সপ্তাহ আগে দক্ষিণ আফ্রিকায় পরিবার পরিদর্শন করে ফিরে এসেছেন। ফেরার পরের দিন, তিনি জ্বর, কাঁপুনি এবং বিস্তৃত সন্ধি ব্যথা তিন দিনের জন্য অনুভব করেন। তার উপসর্গগুলি অ্যাসিটামিনোফেন দিয়ে উন্নত হয়েছে। তিনি পূর্ণ গর্ভকালীন সময়ে জন্মগ্রহণ করেন এবং সুস্থ ছিলেন। তার টিকাকরণ হালনাগাদ রয়েছে। তার তাপমাত্রা ৩৭.৬ ডিগ্রি সেলসিয়া (৯৯.৬৮ ডিগ্রি ফারেনহাইট), পাল্স ১০০/min, এবং রক্তচাপ ১০০/৬০ মিমি পারদ। পরীক্ষায় কনজাঙ্কটিভাল শ্বেতবর্ণ দেখা যায়। বাকি পরীক্ষায় কোনো অস্বাভাবিকতা পাওয়া যায় না। প্রয়োগশালা পরীক্ষা দেখায়:
হিমোগ্লোবিন ১০.৮ গ্রাম প্রতি ডেসিলিটার
গড় কোষীয় আয়তন ৬৮ মাইক্রোমিটার ঘন
লাল রক্তকণিকা বিতরণ প্রস্থ ১৪% (এন = ১৩%-১৫%)
হিমোগ্লোবিন এ২ ৬% (এন < ৩.৫%)
একটি পার্শ্বীয় স্মিয়ার মাইক্রোসাইটিক, হাইপোক্রোমিক ইরিথ্রোসাইট দেখায়, যার কিছুতে গাঢ় রঙের কেন্দ্র এবং পার্শ্বীয় রিম থাকে, যা একটি ফিকে রিং দ্বারা পৃথক। নিম্নলিখিতগুলির মধ্যে কোনটি এই রোগীর ব্যবস্থাপনায় সবচেয়ে উপযুক্ত পরবর্তী পদক্ষেপ?
A. মৌখিক হাইড্রোক্সিউরিয়া
B. মৌখিক আলবেনডাজল
C. ফোলিক অ্যাসিড থেরাপি
D. মৌখিক সাক্সিমার
E. আশ্বাস প্রদান
F. মৌখিক পাইরিডক্সিন
G. লোহা সম্পূরণ",,,,,
R0114,"A 68-year-old man comes to the emergency department because of a 1-week history of worsening bouts of shortness of breath at night. He has had a cough for 1 month. Occasionally, he has coughed up frothy sputum during this time. He has type 2 diabetes mellitus and long-standing hypertension. Two years ago, he was diagnosed with Paget disease of bone during a routine health maintenance examination. He has smoked a pack of cigarettes daily for 20 years. His temperature is 37°C (98.6°F), pulse is 110/min, respirations are 25/min, and blood pressure is 145/88 mm Hg. Current medications include metformin, alendronate, hydrochlorothiazide, and enalapril. Examination shows bibasilar crackles. Cardiac examination shows a dull, low-pitched sound during late diastole that is best heard at the apex. There is no jugular venous distention or peripheral edema. Arterial blood gas analysis on room air shows:
pH 7.46
PCO2 29 mm Hg
PO2 83 mm Hg
HCO3- 18 mEq/L
Echocardiography shows a left ventricular ejection fraction of 55%. Which of the following is the most likely underlying cause of this patient’s current condition?""
A. Destruction of alveolar walls
B. Decreased myocardial contractility
C. Diuretic overdose
D. Myxomatous valve degeneration
E. Systemic arteriovenous fistulas
F. Impaired myocardial relaxation","৬৮ বছর বয়সী একজন পুরুষ জরুরি বিভাগে আসেন কারণ রাতের সময় শ্বাসকষ্টের তীব্রতা বাড়ার ১-সপ্তাহের ইতিহাস রয়েছে। তিনি ১ মাস ধরে কাশি করছেন। কখনও কখনও, এই সময়ে ফেনাযুক্ত শ্লেষ্মা উপসর্গ করে ফেলেছেন। তার টাইপ ২ ডায়াবেটিস এবং দীর্ঘস্থায়ী উচ্চ রক্তচাপ আছে। দুই বছর আগে, একটি রুটিন স্বাস্থ্য রক্ষণাবেক্ষণ পরীক্ষার সময় তাকে পেজেট রোগ নির্ণয় করা হয়েছিল। তিনি দৈনিক এক প্যাক সিগারেট ২০ বছর ধরে ধূমপান করেছেন। তার তাপমাত্রা ৩৭ ডিগ্রি সেলসিয়া (৯৮.৬ ডিগ্রি ফারেনহাইট), নাড়ি ১১০/মিনিট, শ্বাসের হার ২৫/মিনিট, এবং রক্তচাপ ১৪৫/৮৮ মিমি পারদ। বর্তমান ওষুধগুলির মধ্যে রয়েছে মেটফরমিন, আলেনড্রোনেট, হাইড্রোক্লোরোথিয়াজাইড, এবং এনালাপ্রিল। পরীক্ষায় বিবেসিলার ক্র্যাকলস দেখা যায়। কার্ডিয়াক পরীক্ষায় দেরি ডায়াস্টোলের সময় একটি ম্লান, নিম্ন-স্বরের শব্দ শোনা যায় যা অ্যাপেক্সে সর্বোত্তমভাবে শোনা যায়। যুগুলার শিরা ফুলে যাওয়া বা পার্শ্বিক এডিমা নেই। কক্ষের বায়ুতে ধমনী রক্ত গ্যাস বিশ্লেষণে দেখা যায়:
পি এইচ ৭.৪৬
পি সি ও২ ২৯ মিমি পারদ
পি ও২ ৮৩ মিমি পারদ
এইচ সি ও৩- ১৮ মিলিইকুইভ্যালেন্ট/লিটার
ইকোকার্ডিওগ্রাফিতে বাম ভেন্ট্রিকুলার ইজেকশন ফ্র্যাকশন ৫৫% দেখা যায়। নিম্নলিখিতগুলির মধ্যে কোনটি এই রোগীর বর্তমান অবস্থার সবচেয়ে সম্ভাব্য অন্তর্নিহিত কারণ?
A. অ্যালভিয়োলার প্রাচীরের ধ্বংস
B. হৃৎপেশীর সংকোচন ক্ষমতা হ্রাস
C. ডায়ুরেটিক অতিরিক্ত ডোজ
D. মাইক্সোমাটাস ভাল্ভের অবক্ষয়
E. সিস্টেমিক আর্টেরিয়োভেনাস ফিস্টুলা
F. হৃৎপেশীর শিথিলকরণে ব্যাঘাত",,,,,
R0115,"A 79-year-old woman comes to the physician for the evaluation of a 2-month history of a non-productive cough and fatigue. During this period, she also has had a 4.5-kg (10-lb) weight loss and has become increasingly short of breath with mild exertion. She has congestive heart failure and hypertension. Three months ago, she was in India for 3 weeks to attend a family wedding. She worked as a seamstress in a textile factory for 50 years. She has smoked one pack of cigarettes daily for 47 years. Her current medications include enalapril, digoxin, isosorbide, spironolactone, and metoprolol. She appears thin. Her temperature is 37.0°C (98.6°F), pulse is 90/min, respirations are 25/min, and blood pressure is 110/70 mm Hg. Pulse oximetry on room air shows an oxygen saturation of 94%. There is dullness to percussion and decreased breath sounds over the right lung base. The remainder of the examination shows no abnormalities. Laboratory studies show a glucose level of 90 mg/dL, serum lactate dehydrogenase of 227 U/L, and serum protein of 6.3 g/dL. An x-ray of the chest shows nodular pleural lesions on the right side and a moderate-sized pleural effusion. Thoracentesis shows 250 ml of turbid fluid. Analysis of the pleural fluid aspirate shows:
Erythrocyte count 1/mm3
Leukocyte count 4,000/mm3
Glucose 59 mg/dl
Lactate dehydrogenase 248 U/L
Protein 3.8 g/dL
Which of the following is the most likely underlying cause of this patient's effusion?""
A. Bronchial adenocarcinoma
B. Mesothelioma
C. Nephrotic syndrome
D. Tuberculosis
E. Congestive heart failure","৭৯ বছর বয়সী এক নারী রোগীর অপ্রোডাকটিভ কাশি এবং ক্লান্তির দুই মাসের ইতিহাস মূল্যায়নের জন্য ডাক্তারের কাছে আসেন। এই সময়কালে তিনি ৪.৫-কেজি (১০-পাউন্ড) ওজন হ্রাস করেছেন এবং সামান্য শারীরিক পরিশ্রমে বাড়তি শ্বাসকষ্ট অনুভব করছেন। তার কনজেস্টিভ হার্ট ফেইলিউর এবং উচ্চ রক্তচাপ রয়েছে। তিন মাস আগে তিনি ৩ সপ্তাহের জন্য ভারতের একটি পারিবারিক বিয়েতে গিয়েছিলেন। তিনি টেক্সটাইল কারখানায় ৫০ বছর সিমসিস্ট হিসেবে কাজ করেছেন। তিনি ৪৭ বছর ধরে প্রতিদিন এক প্যাকেট সিগারেট ধূমপান করেন। তার বর্তমান ওষুধগুলির মধ্যে রয়েছে এনালাপ্রিল, ডাইগক্সিন, আইসোসরবিড, স্পিরোনোল্যাকটোন এবং মেটোপ্রোলল। তিনি পাতলা দেখাচ্ছেন। তার তাপমাত্রা ৩৭.০°ডিগ্রি সেলসিয়াস (৯৮.৬°ডিগ্রি ফারেনহাইট), পাল্স ৯০/মিনিট, শ্বাসপ্রশ্বাসের হার ২৫/মিনিট, এবং রক্তচাপ ১১০/৭০ মিমি পারদ। কক্ষের বাতাসে পাল্স অক্সিমেট্রি দেখায় অক্সিজেন স্যাচুরেশন ৯৪%। ডান ফুসফুসের ভিত্তিতে পারকাশনে নীরবতা এবং শ্বাসের শব্দ কমে গেছে। পরীক্ষার বাকি অংশে কোনো অস্বাভাবিকতা দেখা যায় না। ল্যাবরেটরি ফলাফল দেখায় গ্লুকোজ স্তর ৯০ মিলিগ্রাম/ডেসিলিটার, সিরাম ল্যাকটেট ডিহাইড্রোজেনেজ ২২৭ ইউনিট/লিটার, এবং সিরাম প্রোটিন ৬.৩ গ্রাম/ডেসিলিটার। চেস্টের এক্স-রে ডান পাশে নোডুলার প্লুরাল লেশন্স এবং মাঝারি আকারের প্লুরাল ইফিউশন দেখায়। থোরেসেন্টিসিসে ২৫০ মিলিলিটার টার্বিড তরল পাওয়া গেছে। প্লুরাল ফ্লুইড অ্যাস্পিরেটের বিশ্লেষণে দেখা যায়:
ইরিথ্রোসাইট গণনা ১/ঘন মিমিলিটার
লিউকোসাইট গণনা ৪,০০০/ঘন মিমিলিটার
গ্লুকোজ ৫৯ মিলিগ্রাম/ডেসিলিটার
ল্যাকটেট ডিহাইড্রোজেনেজ ২৪৮ ইউনিট/লিটার
প্রোটিন ৩.৮ গ্রাম/ডেসিলিটার
নিম্নের কোনটি এই রোগীর ইফিউশনের সবচেয়ে সম্ভাব্য অন্তর্নিহিত কারণ?
A. ব্রঙ্কিয়াল অ্যাডেনোকার্সিনোমা
B. মেসোথেলিওমা
C. নেফ্রোটিক সিনড্রোম
D. যক্ষ্মা
E. কনজেস্টিভ হার্ট ফেলিওর",,,,,
R0116,"A 50-year-old woman comes to the physician because of intermittent pain and numbness in her right hand for 6 weeks. She has a pins-and-needles sensation that worsens at night and is relieved when she shakes her hand. She also has episodic left knee pain throughout the day. She has a history of hypertension controlled with lisinopril. She takes over-the-counter medications for constipation. Her BMI is 35 kg/m2. Her mother has a history of rheumatoid arthritis. She looks fatigued. Her pulse is 57/min and blood pressure is 120/75 mm Hg. On physical examination, there is normal range of motion in the wrists and digits. Sensation is decreased to light touch in the thumb and index finger. There is no thenar muscle atrophy. Deep tendon reflexes are 1+ and there is mild edema in the legs. Which of the following treatments is most likely to benefit the patient?
A. L-thyroxine
B. Methotrexate
C. Ibuprofen
D. Surgical decompression
E. Oral prednisone","একজন ৫০ বছর বয়সী নারী চিকিৎসকের কাছে আসেন কারণ তার ডান হাতের মাঝে মাঝে ব্যথা এবং অসাড়তা রয়েছে ৬ সপ্তাহ ধরে। তার পিনস-এন্ড-নিডলস অনুভূতি আছে যা রাতে বাড়ে এবং যখন তিনি হাত নাড়েন তখন কমে যায়। তিনি দিন জুড়ে পর্যায়ক্রমিক বাম হাঁটু ব্যথা থেকেও ভুগছেন। তার উচ্চ রক্তচাপের ইতিহাস আছে যা লিসিনোপ্রিল দিয়ে নিয়ন্ত্রিত হয়। তিনি কোষ্ঠকাঠিন্যের জন্য ওভার-দ্য-কাউন্টার ওষুধ নেন। তার বিএমআই ৩৫ কেজি/মি২। তার মায়ের রিউমাটয়েড আর্থ্রাইটিসের ইতিহাস আছে। তিনি ক্লান্ত দেখাচ্ছেন। তার পালস ৫৭/মিনিট এবং রক্তচাপ ১২০/৭৫ মিমি পারদ। শারীরিক পরীক্ষায় কব্জি এবং আঙুলে স্বাভাবিক গতি সীমা রয়েছে। থাম্ব ও ইনডেক্স আঙুলে হালকা স্পর্শের সংবেদন কমে আছে। থেনার পেশীর অ্যাট্রফি নেই। ডিপ টেন্ডন রিফ্লেক্স ১+ এবং পায়ে হালকা ফোলাভাব আছে। নিম্নলিখিত কোন চিকিৎসা রোগীর জন্য সবচেয়ে বেশি উপকারী হওয়ার সম্ভাবনা রয়েছে?
A. এল-থাইরোক্সিন
B. মেথোট্রেক্সেট
C. আইবুপ্রোফেন
D. সার্জিক্যাল ডিকম্প্রেশন
E. ওরাল প্রেডনিসোন",,,,,
R0117,"A 65-year-old Asian woman comes to the physician for a routine health maintenance examination. On questioning, she has had occasional night sweats during the past 2 months. She has not had fevers or weight loss. Seven months ago, she had an acute myocardial infarction and was treated with percutaneous coronary intervention. She has hypertension, hyperlipidemia, and gastroesophageal reflux disease. She has smoked one pack of cigarettes daily for 37 years. Current medications include aspirin, atorvastatin, ramipril, metoprolol, and esomeprazole. She is 178 cm (5 ft 10 in) tall and weighs 89 kg (207 lbs); BMI is 29.7 kg/m2. Her temperature is 37.4°C (99.3°F), pulse is 84/min, respirations are 18/min, and blood pressure is 145/80 mm Hg. The lungs are clear to auscultation. Cardiac examination shows an S4. There is a nontender skin lesion near the right large toenail. A photograph of the lesion is shown. The remainder of the examination shows no abnormalities. Which of the following is the most likely diagnosis?
A. Cholesterol embolism
B. Traumatic subungual hemorrhage
C. Malignant melanoma
D. Onychomycosis
E. Squamous cell carcinoma","একজন ৬৫ বছর বয়সী এশীয় নারী রুটিন স্বাস্থ্য রক্ষণাবেক্ষণ পরীক্ষার জন্য ডাক্তারের কাছে আসেন। প্রশ্ন করার সময়, তিনি গত ২ মাসে মাঝে মাঝে রাতের ঘাম অনুভব করেছেন। তিনি জ্বর বা ওজন হ্রাস পাননি। ৭ মাস আগে, তিনি একটি তীব্র মায়োকার্ডিয়াল ইনফার্কশন হয়েছিলেন এবং পারকুটেনিয়াস করোনারি ইন্টারভেনশনের মাধ্যমে চিকিৎসা পেয়েছেন। তার উচ্চ রক্তচাপ, হাইপারলিপিডেমিয়া, এবং গ্যাস্ট্রোইসোফেজিয়াল রিফ্লাক্স রোগ রয়েছে। তিনি প্রতিদিন এক প্যাকেট সিগারেট ধূমপান করেছেন এবং তা ৩৭ বছর ধরে চালিয়ে আসছেন। বর্তমান ওষুধগুলোর মধ্যে আছে অ্যাস্পিরিন, এটরভাস্টাটিন, রামিপ্রিল, মেটোপ্রোলল, এবং এসোমেপ্রাজোল। তিনি উচ্চতা ১৭৮ সেমি (৫ ফিট ১০ ইঞ্চি) এবং ওজন ৮৯ কেজি (২০৭ পাউন্ড); বিএমআই হল ২৯.৭ কেজি/মি2। তার তাপমাত্রা ৩৭.৪ ডিগ্রি সেলসিয়াস (৯৯.৩ ডিগ্রি ফারেনহাইট), পাল্স ৮৪/মিনিট, শ্বাসপ্রশ্বাসের হার ১৮/মিনিট, এবং রক্তচাপ ১৪৫/৮০ মিমি পারদ। শ্বাসনালী শোনার সময় পরিষ্কার। হৃদযন্ত্রের পরীক্ষা দেখায় একটি এস৪। ডান বড় পায়ের আঙুলের নখের কাছাকাছি একটি অব্যথাযুক্ত ত্বক রোগ রয়েছে। ক্ষতের একটি ফটোগ্রাফ দেখানো হয়েছে। পরীক্ষার বাকি অংশে কোনো অস্বাভাবিকতা দেখা যায়নি। নিম্নলিখিতগুলোর মধ্যে কোনটি সবচেয়ে সম্ভাব্য নির্ণয়?
A. কোলেস্টেরল এমবোলিজম
B. ট্রোমাটিক সাবঅনগুয়াল রক্তক্ষরণ
C. ম্যালিগ্যান্ট মেলানোমা
D. অনাইকোমাইকোসিস
E. স্কোয়ামাস সেল কার্সিনোমা",,,,,
R0118,"A 22-year-old man is brought to the emergency department 25 minutes after an episode of violent jerky movements of his arms and legs. He has no recollection of the episode. The episode lasted for 3-4 minutes. His girlfriend reports that he has not been sleeping well over the past month. He is only oriented to place and person. His temperature is 37°C (98.6°F), pulse is 99/min, respirations are 18/min, and blood pressure is 110/80 mm Hg. Neurologic examination shows no focal findings. A complete blood count as well as serum concentrations of glucose, electrolytes, and calcium are within the reference range. Urine toxicology screening is negative. An MRI of the brain shows no abnormalities. Which of the following is the most appropriate next step in management?
A. Lorazepam
B. Lumbar puncture
C. Serum prolactin level
D. Tilt table test
E. Electroencephalography
F. Lamotrigine","একজন ২২-বছর বয়সী পুরুষকে জরুরি বিভাগের কাছে নিয়ে আসা হয়েছে ২৫ মিনিট পরে তার হাত ও পায়ে হিংসাত্মক ঝাঁকুনি আন্দোলনের একটি পর্বের ঘটনার পর। তিনি সেই পর্বটি স্মরণ করতে পারেন না। পর্বটি চলেছিল ৩-৪ মিনিট। তার বান্ধবী জানান যে তিনি গত এক মাস ধরে ভালভাবে ঘুমাতে পারছেন না। তিনি কেবল স্থান ও ব্যক্তির প্রতি সচেতন। তার তাপমাত্রা ৩৭ ডিগ্রি সেলসিয়াস (৯৮.৬ ডিগ্রি ফারেনহাইট), পাল্স ৯৯/মিনিট, শ্বাসপ্রশ্বাসের হার ১৮/মিনিট, এবং রক্তচাপ ১১০/৮০ মিমি পারদ। স্নায়বিক পরীক্ষা কোনো ফোকাল ফলাফল দেখায় না। একটি সিবিসি পাশাপাশি সিরাম গ্লুকোজ, ইলেক্ট্রোলাইট ও ক্যালসিয়ামের ঘনত্ব রেফারেন্স সীমার মধ্যে রয়েছে। ইউরিন টক্সিকোলজি স্ক্রিনিং নেগেটিভ। মস্তিষ্কের এমআরআই কোনো অস্বাভাবিকতা দেখায় না। নিম্নলিখিতগুলির মধ্যে কোনটি ব্যবস্থাপনার সর্বোত্তম পরবর্তী ধাপ হবে?
A. লোরাজেপাম
B. লাম্বার পাঙ্কচার
C. সিরাম প্রোল্যাকটিন স্তর
D. টিল্ট টেবিল টেস্ট
E. ইলেক্ট্রোএনসেফালোগ্রাফি
F. লামোট্রিজিন",,,,,
R0119,"A 72-year-old man is brought to the physician by his son because of gradually progressive yellow discoloration of his skin and generalized pruritus for the past 2 weeks. During this period, his appetite has decreased and he has had a 6.3-kg (14-lb) weight loss. He reports that his stool appears pale and his urine is very dark. Three years ago, he had an episode of acute upper abdominal pain that was treated with IV fluids, NSAIDs, and dietary modification. He has stopped drinking alcohol since then; he used to drink 1-2 beers daily for 40 years. He has smoked a pack of cigarettes daily for the past 50 years. His vital signs are within normal limits. Physical examination shows yellowing of the conjunctivae and skin. The abdomen is soft and nontender; a soft, cystic mass is palpated in the right upper quadrant. Serum studies show:
Bilirubin, total 5.6 mg/dL
Direct 4.8 mg/dL
Alkaline phosphatase 192 U/L
AST 32 U/L
ALT 34 U/L
Abdominal ultrasonography shows an anechoic cystic mass in the subhepatic region and dilation of the intrahepatic and extrahepatic bile ducts. Which of the following is the most likely diagnosis?""
A. Pancreatic adenocarcinoma
B. Acute cholangitis
C. Choledocholithiasis
D. Alcoholic hepatitis
E. Cholecystitis
F. Budd-Chiari syndrome
G. Pancreatic pseudocyst","একজন ৭২ বছর বয়সী পুরুষকে তার পুত্রের মাধ্যমে ডাক্তারের কাছে আনা হয়েছে কারণ গত ২ সপ্তাহ ধরে ধীরে ধীরে বাড়তে থাকা ত্বকের হলুদ রঙ এবং সর্বত্র চুলকানি। এই সময়ে তার ক্ষুধা কমে গেছে এবং তিনি ৬.৩ কেজি (১৪ পাউন্ড) ওজন হ্রাস করেছেন। তিনি জানান যে তার মল ফিকে দেখা যায় এবং প্রস্রাব খুব গাঢ়। তিন বছর আগে, তিনি তীব্র উপরের পেটের ব্যথার একটি পর্বে আক্রান্ত হন যা শিরাপথে তরল, এনএসএইডি এবং খাদ্য পরিবর্তনের মাধ্যমে চিকিৎসা করা হয়েছিল। তারপর থেকে তিনি অ্যালকোহল পান করা বন্ধ করেছেন; তিনি ৪০ বছর ধরে প্রতিদিন ১-২ বিয়ার পান করতেন। তিনি গত ৫০ বছর ধরে প্রতিদিন একটি প্যাকেট সিগারেট ধূমপান করেন। তার গুরুত্বপূর্ণ চিহ্নগুলি স্বাভাবিক সীমার মধ্যে রয়েছে। শারীরিক পরীক্ষায় কনজাংকটিভা এবং ত্বকের হলুদ রঙ দেখা যায়। পেট নরম ও অসংবেদনশীল; ডান উপরের চতুর্ভাগে একটি নরম, সিস্টিক গাঁট স্পর্শ করা যায়। সিরাম পরীক্ষায় দেখা যায়:
বিলিরুবিন, মোট ৫.৬ মিলিগ্রাম/ডেসিলিটার
ডাইরেক্ট ৪.৮ মিলিগ্রাম/ডেসিলিটার
আলকালাইন ফসফাটেজ ১৯২ ইউনিট/লিটার
এএসটি ৩২ ইউনিট/লিটার
এএলটি ৩৪ ইউনিট/লিটার
অ্যাবডোমিনাল আল্ট্রাসাউন্ডে সাবহেপাটিক অঞ্চলে একটি অ্যানেকোইক সিস্টিক গাঁট এবং ইন্ট্রাহেপাটিক ও এক্সট্রাহেপাটিক পিত্তনালী সম্প্রসারণ দেখা যায়। নিম্নলিখিতগুলির মধ্যে কোনটি সবচেয়ে সম্ভাব্য নির্ণয়?
A. প্যানক্রিয়াটিক এডেনোকার্সিনোমা
B. তীব্র কোল্যাংজাইটিস
C. কোয়েডোকোলিথিয়াসিস
D. অ্যালকোহলিক হেপাটাইটিস
E. কোলেসিস্টাইটিস
F. বাড-চিয়ারি সিনড্রোম
G. প্যানক্রিয়াটিক পসুডোসিস্ট",,,,,
R0120,"A 13-year-old boy is brought to the emergency department because of pain in his right knee for the past week. The pain is exacerbated by jogging and climbing up stairs. He has no history of trauma to the knee. He is otherwise healthy. He is an active member of his school's gymnastics team. His vital signs are within normal limits. Examination of the right knee shows a tender swelling at the proximal tibia; range of motion is full. Knee extension against resistance causes pain in the anterior proximal tibia. The remainder of the examinations shows no abnormalities. X-ray of the right knee shows anterior tibial soft tissue swelling with fragmentation of the tibial tuberosity. Which of the following is the most appropriate next step?
A. Intratendinous injection of triamcinolone
B. Administration of oral ketorolac
C. Perform joint aspiration
D. Open reduction of the tuberosity
E. Perform excision of the tibial tuberosity
F. Administration of oral methotrexate
G. Perform a bone biopsy
H. Application of a lower leg cast
""","একজন ১৩ বছর বয়সী ছেলে জরুরি বিভাগে আনা হয়েছে কারণ তার ডান হাঁটুর ব্যথা গত এক সপ্তাহ ধরে। দৌড়ানো এবং সিঁড়ি ওঠার সময় ব্যথা বাড়ে। হাঁটুর কোনো আঘাতের ইতিহাস নেই। অন্যথায় তিনি সুস্থ। তিনি তার স্কুলের জিমনাস্টিক্স দলে সক্রিয় সদস্য। তার গুরুত্বপূর্ণ চিহ্নগুলো স্বাভাবিক সীমার মধ্যে। ডান হাঁটুর পরীক্ষা দেখায় প্রোক্সিমাল টিবিয়াতে কোমল ফোলাভাব; গতি পরিসীমা পূর্ণ। প্রতিরোধের বিরুদ্ধে হাঁটু প্রসারণে অ্যান্টেরিয়র প্রোক্সিমাল টিবিয়ায় ব্যথা হয়। অন্যান্য পরীক্ষাগুলোতে কোনো অস্বাভাবিকতা দেখা যায় না। ডান হাঁটুর এক্স-রে দেখায় অ্যান্টেরিয়র টিবিয়াল সফট টিস্যু ফোলাভাব এবং টিবিয়াল টিউবেরোসিটি ভাঙ্গন। নিম্নলিখিতগুলির মধ্যে কোনটি সবচেয়ে উপযুক্ত পরবর্তী পদক্ষেপ?
A. ট্রায়ামসিনোলোনের অন্তঃটেন্ডিনাস ইনজেকশন
B. মৌখিক কেটোরল্যাকের প্রদান
C. সংযোগস্থল অ্যাস্পিরেশন সম্পাদন করুন
D. টিউবেরোসিটির ওপেন রিডাকশন
E. টিবিয়াল টিউবেরোসিটি এক্সিশন করা
F. মৌখিক মেথোট্রেক্সেটের প্রদান
G. হাড়ের বায়োপসি সম্পাদন করুন
H. নিম্ন অঙ্গের কাস্ট প্রয়োগ করা",,,,,
R0121,"A 63-year-old man comes to the physician for the evaluation of a skin lesion on his chest. He first noticed the lesion 2 months ago and thinks that it has increased in size since then. The lesion is not painful or pruritic. He has type 2 diabetes mellitus, hypercholesterolemia, and glaucoma. The patient has smoked 1 pack of cigarettes daily for the last 40 years and drinks two to three beers on the weekend. Current medications include metformin, atorvastatin, topical timolol, and a multivitamin. Vital signs are within normal limits. The lesion is partly elevated on palpation and does not change its form on pinching. A photograph of the lesion is shown. Which of the following is the most likely diagnosis?
A. Malignant melanoma
B. Dermatofibroma
C. Keratoacanthoma
D. Lentigo maligna
E. Seborrheic keratosis
F. Compound melanocytic nevus
G. Pyogenic granuloma
H. Basal cell carcinoma","একজন ৬৩ বছর বয়সী পুরুষ তার বুকে থাকা একটি ত্বকের লেশনের মূল্যায়নের জন্য ডাক্তারের কাছে আসেন। তিনি প্রথমে এই লেশনটি ২ মাস আগে লক্ষ্য করেন এবং মনে করেন যে তখন থেকে এটি আকারে বৃদ্ধি পেয়েছে। লেশনটি ব্যথা বা চুলকানি সৃষ্টি করে না। তার টাইপ ২ ডায়াবেটিস মেলিটাস, হাইপারকোলেস্টেরোলোমিয়া এবং গ্লুকোমা রয়েছে। রোগী গত ৪০ বছর ধরে প্রতিদিন ১ প্যাক সিগারেট ধূমপান করেন এবং সপ্তাহান্তে দুই থেকে তিনটি বিয়ার পান করেন। বর্তমান ওষুধগুলোর মধ্যে রয়েছে মেটফরমিন, অ্যাটরভাস্টাটিন, টপিকাল টাইমোলল এবং একটি মাল্টিভিটামিন। জীবনচিহ্ন স্বাভাবিক সীমার মধ্যে রয়েছে। লেশনটি স্পর্শে আংশিকভাবে উঁচু হয় এবং চিমটে ধরলে এর আকৃতি পরিবর্তিত হয় না। লেশনের একটি ফটো দেখানো হয়েছে। নিম্নের কোনটি সবচেয়ে সম্ভাব্য নির্ণয়?
A. ম্যালিগ্যান্ট মেলানোমা
B. ডার্মাটোফাইব্রোমা
C. কেরাটোঅ্যাক্যান্থোমা
D. লেনটিগো ম্যালিগনা
E. সেবোরিক কেরাটোসিস
F. কম্পাউন্ড মেলানোসাইটিক নেভাস
G. পায়োজেনিক গ্র্যানুলোমা
H. বেসাল সেল কার্সিনোਮਾ",,,,,
R0122,"A 22-year-old college student comes to the physician because of depressed mood and fatigue for the past 5 weeks. He has been feeling sad and unmotivated to attend his college classes. He finds it particularly difficult to get out of bed in the morning. He has difficulty concentrating during lectures and often feels that he is less intelligent compared to his classmates. In elementary school, he was diagnosed with attention deficit hyperactivity disorder and treated with methylphenidate; he stopped taking this medication 4 years ago because his symptoms had improved during high school. He has smoked two packs of cigarettes daily for 8 years; he feels guilty that he has been unable to quit despite numerous attempts. During his last attempt 3 weeks ago, he experienced increased appetite and subsequently gained 3 kg (6 lb 10 oz) in a week. Mental status examination shows psychomotor retardation and restricted affect. There is no evidence of suicidal ideation. Which of the following is the most appropriate pharmacotherapy?
A. Amitriptyline
B. Mirtazapine
C. Lithium carbonate
D. Methylphenidate
E. Bupropion
F. Fluoxetine
G. Phenelzine
H. Valproic acid","২২ বছর বয়সী কলেজ ছাত্র চিকিৎসকের কাছে আসেন কারণ গত ৫ সপ্তাহ ধরে দুঃখিত মেজাজ এবং ক্লান্তি। তিনি দুঃখিত অনুভব করছেন এবং তার কলেজ ক্লাসে অংশ নিতে অনুপ্রেরণা কম। সকালে বিছানা থেকে ওঠা বিশেষভাবে কঠিন মনে হয়। লেকচার চলাকালীন মনোযোগ কেন্দ্রীভূত করতে অসুবিধা হয় এবং প্রায়ই নিজেকে সহপাঠীদের তুলনায় কম বুদ্ধিমান বলে অনুভব করেন। প্রাথমিক বিদ্যালয়ে, তাকে অ্যাটেনশন ডেফিসিট হাইপারঅ্যাকটিভিটি ডিসঅর্ডার নির্ণয় করা হয়েছিল এবং মেথাইলফেনিডেট দিয়ে চিকিৎসা করা হয়েছিল; তিনি এই ওষুধটি ৪ বছর আগে বন্ধ করে দেন কারণ উচ্চ বিদ্যালয়ে তার উপসর্গগুলি উন্নত হয়েছে। তিনি গত ৮ বছর ধরে দৈনিক দুই প্যাক সিগারেট ধূমপান করেন; বহু প্রচেষ্টা সত্ত্বেও ছাড়তে না পারায় তিনি দোষবোধ করেন। শেষবারের চেষ্টা ৩ সপ্তাহ আগে, তিনি ক্ষুধা বৃদ্ধি অনুভব করেন এবং এক সপ্তাহে ৩ কেজি (৬ পাউন্ড ১০ আউন্স) ওজন বাড়িয়ে নেন। মানসিক অবস্থা পরীক্ষায় সাইকোমোটর ধীরগতি এবং সীমিত আবেগ প্রকাশ দেখা যায়। আত্মহত্যার কোনো চিন্তার প্রমাণ নেই। নিম্নলিখিতগুলির মধ্যে কোনটি সর্বোত্তম ফার্মাকোথেরাপি?
A. আমিট্রিপটিলিন
B. মির্টাজাপিন
C. লিথিয়াম কার্বনেট
D. মেথাইলফেনিডেট
E. বুপ্রোপিয়ন
F. ফ্লুক্সিটিন
G. ফেনেলজাইন
H. ভ্যালপ্রোইক অ্যাসিড",,,,,
R0123,"A 50-year-old man comes to the physician because of a 6-month history of difficulties having sexual intercourse due to erectile dysfunction. He has type 2 diabetes mellitus that is well controlled with metformin. He does not smoke. He drinks 5-6 beers daily. His vital signs are within normal limits. Physical examination shows bilateral pedal edema, decreased testicular volume, and increased breast tissue. The spleen is palpable 2 cm below the left costal margin. Abdominal ultrasound shows an atrophic, hyperechoic, nodular liver. An upper endoscopy is performed and shows dilated submucosal veins 2 mm in diameter with red spots on their surface in the distal esophagus. Therapy with a sildenafil is initiated for his erectile dysfunction. Which of the following is the most appropriate next step in management of this patient's esophageal findings?
A. Injection sclerotherapy
B. Nadolol therapy
C. Losaratan therapy
D. Octreotide therapy
E. Isosorbide mononitrate therapy
F. Endoscopic band ligation
G. Transjugular intrahepatic portosystemic shunt
H. Metoprolol therapy
""","৫০ বছর বয়সী পুরুষ রোগী ৬-মাসের ইরেক্টাইল ডিসফাংশনের কারণে যৌনমিলনে অসুবিধা হওয়ার ইতিহাস নিয়ে ডাক্তারের কাছে আসেন। তার টাইপ ২ ডায়াবেটিস মেলিটাস ভালভাবে মেটফরমিন দিয়ে নিয়ন্ত্রিত। তিনি ধূমপান করেন না। তিনি প্রতিদিন ৫-৬ বিয়ার পান করেন। তার জীবনের চিহ্ন স্বাভাবিক সীমার মধ্যে রয়েছে। শারীরিক পরীক্ষায় দ্বিপাক্ষিক পায়ের ফোলাভাব, অণ্ডকোষের আয়তন হ্রাস এবং স্তনের টিস্যু বৃদ্ধি দেখা যায়। বাম কস্টাল মার্জিনের নিচে ২ সেন্টিমিটার দূরে পাঁপড়ি স্পর্শযোগ্য। অ্যাবডোমেনাল আল্ট্রাসাউন্ডে অ্যাট্রোফিক, হাইপারইকোয়িক, নডুলার লিভার দেখা যায়। উপরের এন্ডোস্কোপিতে ডিস্টাল ইসোফ্যাগাসে পৃষ্ঠে লাল দাগসহ ব্যাস ২ মিলিমিটার বিস্তৃত সাবমিউকোসাল শিরা দেখা যায়। তার ইরেক্টাইল ডিসফাংশনের জন্য সিলডেনাফিল দিয়ে থেরাপি শুরু করা হয়। নিম্নলিখিতগুলোর মধ্যে কোনটি এই রোগীর ইসোফ্যাগাসের পরিবর্তনগুলোর ব্যবস্থাপনায় সর্বাধিক উপযুক্ত পরবর্তী পদক্ষেপ?
A. ইনজেকশন স্ক্লেরোথেরাপি
B. নাডোলল থেরাপি
C. লোসারাটান থেরাপি
D. অক্ট্রিওটাইড থেরাপি
E. আইসোসরবাইড মনোনাইট্রেট থেরাপি
F. এন্ডোস্কোপিক ব্যান্ড লিগেশন
G. ট্রান্সজুগুলার ইনট্রাহেপাটিক পোর্টোসিস্টেমিক শন্ট
H. মেটোপ্রোলল থেরাপি",,,,,
R0124,"A 28-year-old man is brought to the emergency department with shortness of breath and chest pain, 35 minutes after he was involved in a high-speed motor vehicle collision. He was the helmeted driver of a scooter hit by a truck. On arrival, he is alert and oriented with a Glasgow Coma Scale rating of 14. His temperature is 37.3°C (99.1°F), pulse is 103/min, respirations are 33/min and blood pressure is 132/88 mm Hg. Pulse oximetry on room air shows an oxygen saturation of 94%. Examination shows multiple abrasions over his abdomen and extremities. There is a 2.5-cm (1-in) laceration on the left side of the chest. There are decreased breath sounds over the left base. Cardiac examination shows no abnormalities. The abdomen is soft and there is tenderness to palpation over the left upper quadrant. Bowel sounds are normal. His hemoglobin concentration is 13.6 g/dL, leukocyte count is 9,110/mm3, and platelet count is 190,000/mm3. A chest x-ray is shown. Which of the following is the most likely diagnosis?
A. Diaphragmatic rupture
B. Esophageal perforation
C. Diaphragmatic eventration
D. Pneumothorax
E. Phrenic nerve palsy
""","একজন ২৮ বছর বয়সী পুরুষকে জরুরি বিভাগে শ্বাসকষ্ট এবং বুকের ব্যথা নিয়ে আনা হয়, উচ্চ গতির মোটরযান সংঘর্ষে জড়িত হওয়ার ৩৫ মিনিট পরে। তিনি ট্রাকের আঘাতে ধরা একটি স্কুটারের হেলমেটধারী চালক ছিলেন। আগমনকালে, তিনি সতর্ক এবং দিকনির্দেশে সচেতন গ্লাসগো কোমা স্কেল রেটিং ১৪ সহ। তার তাপমাত্রা ৩৭.৩ ডিগ্রি সেলসিয়াস (৯৯.১ ডিগ্রি ফারেনহাইট), পল্স ১০৩/মিনিট, শ্বাসপ্রশ্বাসের হার ৩৩/মিনিট এবং রক্তচাপ ১৩২/৮৮ মিমি পারদ। রুম এয়ারে পালস অক্সিমেট্রি দেখায় অক্সিজেন স্যাচুরেশন ৯৪%। পরীক্ষা দেখায় তার পেট এবং অঙ্গপ্রত্যঙ্গে একাধিক ঘষা চোট। বুকের বাম পাশে একটি ২.৫ সেমি (১ ইঞ্চি) ছেদন রয়েছে। বাম ভিত্তিতে শ্বাসধ্বনি কমে গেছে। হৃদয় পরীক্ষা কোনো অস্বাভাবিকতা দেখায় না। পেট নরম এবং বাম উপরের চতুর্ভাগে স্পর্শে সংবেদনশীলতা রয়েছে। আন্ত্রের শব্দ স্বাভাবিক। তার হিমোগ্লোবিন ঘনত্ব ১৩.৬ গ্রাম/ডেসিলিটার, লিউকোসাইট গণনা ৯,১১০/মিমি৩, এবং প্লেটলেট গণনা ১৯০,০০০/মিমি৩। একটি বুকের এক্স-রে দেখানো হয়েছে। নিচের কোনটি সবচেয়ে সম্ভাব্য নির্ণয়?
A. ডায়াফ্র্যাজম ফাটল
B. ইসোফেগাস ছিদ্র
C. ডায়াফ্র্যাজম ইভেন্ট্রেশন
D. নিউমোথোর্যাক্স
E. ফ্রেনিক স্নায়ু প্যালসি",,,,,
R0125,"One day after undergoing a left carotid endarterectomy, a 63-year-old man has a severe headache. He describes it as 9 out of 10 in intensity. He has nausea. He had 80% stenosis in the left carotid artery and received heparin prior to the surgery. He has a history of 2 transient ischemic attacks, 2 and 4 months ago. He has hypertension, type 2 diabetes mellitus, and hypercholesterolemia. He has smoked one pack of cigarettes daily for 40 years. He drinks 1-2 beers on weekends. Current medications include lisinopril, metformin, sitagliptin, and aspirin. His temperature is 37.3°C (99.1°F), pulse is 111/min, and blood pressure is 180/110 mm Hg. He is confused and oriented only to person. Examination shows pupils that react sluggishly to light. There is a right facial droop. Muscle strength is decreased in the right upper and lower extremities. Deep tendon reflexes are 3+ on the right. There is a left cervical surgical incision that shows no erythema or discharge. Cardiac examination shows no abnormalities. A complete blood count and serum concentrations of creatinine, electrolytes, and glucose are within the reference range. A CT scan of the head is shown. Which of the following is the strongest predisposing factor for this patient's condition?
A. Degree of carotid stenosis
B. Aspirin therapy
C. Perioperative heparin
D. Hypertension
E. Smoking","বাম ক্যারোটিড এন্ডআর্থেরেক্টমি করার এক দিন পর, ৬৩ বছর বয়সী একজন পুরুষে তীব্র মাথাব্যথা দেখা দিয়েছে। তিনি এটি তীব্রতা হিসেবে ৯ এর মধ্যে ১০ বলে বর্ণনা করেন। তার বমিভাব আছে। বাম ক্যারোটিড ধমনীতে ৮০% স্টেনোসিস ছিল এবং শল্যচিকিৎসার আগে হেপারিন গ্রহণ করেছিলেন। তাঁর দুইটি ট্রান্সিয়েন্ট ইস্কেমিক আক্রমণের (TIA) ইতিহাস রয়েছে, যা ২ ও ৪ মাস আগে ঘটেছিল। তিনি উচ্চ রক্তচাপ, টাইপ ২ ডায়াবেটিস এবং হাইপারকোলেস্টেরলেমিয়া রোগে আক্রান্ত। তিনি এক প্যাকেট সিগারেট প্রতিদিন ৪০ বছর ধরে ধূমপান করেছেন। সপ্তাহান্তে ১-২ বিয়ার পান করেন। বর্তমান ওষুধগুলির মধ্যে রয়েছে লিসিনোপ্রিল, মেটফরমিন, সিটাগ্লিপটিন এবং অ্যাসপিরিন। তার তাপমাত্রা ৩৭.৩ ডিগ্রি সেলসিয়া (৯৯.১ ডিগ্রি ফারেনহাইট), পল্স ১১১/মিনিট, এবং রক্তচাপ ১৮০/১১০ মিমি পারদ। তিনি বিভ্রান্ত এবং শুধুমাত্র ব্যক্তির দিকে দিকনির্দেশিত। পরীক্ষায় দেখা যায় পিউপিলগুলি আলোতে ধীরগতিতে প্রতিক্রিয়া করে। ডান দিকের মুখে ঝুলে যাওয়া আছে। ডান উপরের ও নিচের অঙ্গগুলিতে পেশীর শক্তি কমেছে। ডান পাশে গভীর টেন্ডন রিফ্লেক্স ৩+। বাম ঘাড়ের শল্যচিকিৎসা কাটা কোনো লালভাব বা নিঃসরণ দেখায় না। হৃদয় পরীক্ষা কোনও অস্বাভাবিকতা দেখায় না। একটি সম্পূর্ণ রক্ত গণনা এবং সেরাম ক্রিয়েটিনিন, ইলেক্ট্রোলাইট ও গ্লুকোজের ঘনত্ব রেফারেন্স সীমার মধ্যে রয়েছে। মাথার একটি সিটি স্ক্যান দেখানো হয়েছে। নিম্নলিখিতগুলির মধ্যে কোনটি এই রোগীর অবস্থার জন্য সবচেয়ে শক্তিশালী পূর্বপ্রবণ কারণ?
A. ক্যারোটিড স্টেনোসিসের মাত্রা
B. অ্যাসপিরিন থেরাপি
C. শল্যচিকিৎসা-সময় হেপারিন
D. উচ্চ রক্তচাপ
E. ধূমপান",,,,,
R0126,"A 72-year-old woman comes to the physician for follow-up care. One year ago, she was diagnosed with a 3.8-cm infrarenal aortic aneurysm found incidentally on abdominal ultrasound. She has no complaints. She has hypertension, type 2 diabetes mellitus, and COPD. Current medications include hydrochlorothiazide, lisinopril, glyburide, and an albuterol inhaler. She has smoked a pack of cigarettes daily for 45 years. Her temperature is 37°C (98.6°F), pulse is 90/min, respirations are 12/min, and blood pressure is 145/85 mm Hg. Examination shows a faint abdominal bruit on auscultation. Ultrasonography of the abdomen shows a 4.9-cm saccular dilation of the infrarenal aorta. Which of the following is the most appropriate next step in management?
A. Adjustment of cardiovascular risk factors and follow-up CT in 12 months
B. Adjustment of cardiovascular risk factors and follow-up CT in 6 months
C. Elective endovascular aneurysm repair
D. Elective open aneurysm repair
E. Adjustment of cardiovascular risk factors and follow-up ultrasound in 6 months
F. Adjustment of cardiovascular risk factors and follow-up ultrasound in 12 months","একজন ৭২ বছর বয়সী নারী ফলো-আপের জন্য ডাক্তারের কাছে আসেন। এক বছর আগে, তাকে একটি ৩.৮ সেন্টিমিটার ইনফ্রারেনাল অোরটার অ্যানিউরিজম দুর্ঘটনাক্রমে পেটের আল্ট্রাসাউন্ডে পাওয়া যায়। তার কোনো অভিযোগ নেই। তিনি উচ্চ রক্তচাপ, টাইপ ২ ডায়াবেটিস মেলিটাস এবং সিওপিডি রোগী। বর্তমান ওষুধগুলির মধ্যে রয়েছে হাইড্রোক্লোরোথিয়াজাইড, লিসিনোপ্রিল, গ্লাইবুরাইড এবং একটি আলবুটেরল ইনহেলার। তিনি ৪৫ বছর ধরে প্রতিদিন এক প্যাক সিগারেট ধূমপান করেন। তার তাপমাত্রা ৩৭ ডিগ্রি সেলসিয়াস (৯৮.৬ ডিগ্রি ফারেনহাইট), পাল্স ৯০/মিনিট, শ্বাসপ্রশ্বাসের হার ১২/মিনিট এবং রক্তচাপ ১৪৫/৮৫ মিমি পারদ। পরীক্ষায় উদরে হালকা ব্রুইট শোনা যায়। পেটের আল্ট্রাসাউন্ডে ইনফ্রারেনাল অোরটারার একটি ৪.৯ সেন্টিমিটার স্যাকুলার ডাইলেশন দেখা যায়। নিম্নলিখিতগুলির মধ্যে কোনটি ব্যবস্থাপনার সর্বোত্তম পরবর্তী ধাপ?
A. কার্ডিওভাসকুলার ঝুঁকি ফ্যাক্টরগুলির সমন্বয় এবং ১২ মাসে সিটি অনুসরণ
B. কার্ডিওভাসকুলার ঝুঁকি ফ্যাক্টরগুলির সমন্বয় এবং ৬ মাসে সিটি অনুসরণ
C. ইলেকটিভ এন্ডোভাসকুলার অ্যানিউরিজম রিপেয়ার
D. ইলেকটিভ ওপেন অ্যানিউরিজম রিপেয়ার
E. কার্ডিওভাসকুলার ঝুঁকি ফ্যাক্টরগুলির সমন্বয় এবং ৬ মাসে আল্ট্রাসাউন্ড অনুসরণ
F. কার্ডিওভাসকুলার ঝুঁকি ফ্যাক্টরগুলির সমন্বয় এবং ১২ মাসে আল্ট্রাসাউন্ড অনুসরণ",,,,,
R0127,"A 68-year-old woman comes to the physician for a follow-up visit for elevated blood pressure. Two weeks ago, her blood pressure was 154/78 mm Hg at a routine visit. Subsequent home blood pressure measurements at days 5, 10, and 14 have been: 156/76 mm Hg, 158/80 mm Hg, and 160/80 mm Hg. She has trouble falling asleep but otherwise feels well. She had a cold that resolved with over-the-counter medication 2 weeks ago. She has a history of primary hypothyroidism and a cyst in the right kidney, which was found incidentally 20 years ago. She takes levothyroxine. She is 178 cm (5 ft 10 in) tall and weighs 67 kg (148 lb); BMI is 21.3 kg/m2. Her pulse is 82/min, and blood pressure is 162/79 mm Hg. Examination shows no abnormalities. Laboratory studies, including thyroid function studies, serum electrolytes, and serum creatinine, are within normal limits. Which of the following is the most likely underlying cause of this patient's blood pressure findings?
A. Increase in kidney size
B. Decrease in arterial compliance
C. Episodic hypoxic vasoconstriction
D. Medication-induced vasoconstriction
E. Increase in LV end-diastolic volume
F. Increase in cardiac output
G. Decrease in renal artery blood flow
H. Decrease in baroreceptor sensitivity
I. Increase in aldosterone production","একজন ৬৮ বছর বয়সী নারী উঁচু রক্তচাপের জন্য ফলো-আপ ভিজিটে ডাক্তারের কাছে আসেন। দুই সপ্তাহ আগে, রুটিন ভিজিটে তার রক্তচাপ ছিল ১৫৪/৭৮ মিমি পারদ। পরবর্তী বাড়ির রক্তচাপ মাপগুলো দিন ৫, ১০ এবং ১৪-এ ছিল: ১৫৬/৭৬ মিমি পারদ, ১৫৮/৮০ মিমি পারদ, এবং ১৬০/৮০ মিমি পারদ। তার ঘুমাতে সমস্যা হয় তবে অন্যথায় তিনি ভালই অনুভব করেন। তিনি দুই সপ্তাহ আগে ওভার-দ্য-কাউন্টার ওষুধ দিয়ে নিরাময় হওয়া এক সর্দিতে আক্রান্ত ছিলেন। তার প্রাথমিক হাইপোথাইরয়েডিজ়মের ইতিহাস আছে এবং ডান কিডনিতে একটি সিস্ট রয়েছে, যা অনিচ্ছাকৃতভাবে ২০ বছর আগে পাওয়া গিয়েছিল। তিনি লেভোথাইরক্সিন গ্রহণ করেন। তিনি ১৭৮ সেন্টিমিটার (৫ ফুট ১০ ইঞ্চি) লম্বা এবং ওজন ৬৭ কেজি (১৪৮ পাউন্ড); বিএমআই হল ২১.৩ কেজি/মি2। তার পালস ৮২/min, এবং রক্তচাপ ১৬২/৭৯ মিমি পারদ। পরীক্ষায় কোনো অস্বাভাবিকতা দেখা যায়নি। ল্যাবরেটরি স্টাডি, যার মধ্যে থাইরয়েড ফাংশন স্টাডি, সিরাম ইলেক্ট্রোলাইট এবং সিরাম ক্রিয়াটিনিন অন্তর্ভুক্ত, স্বাভাবিক সীমার মধ্যে রয়েছে। নিম্নলিখিতগুলির মধ্যে কোনটি এই রোগীর রক্তচাপের ফলাফলের সবচেয়ে সম্ভাব্য অন্তর্নিহিত কারণ হতে পারে?
A. কিডনি আকারের বৃদ্ধি
B. ধমনীর নমনীয়তা হ্রাস
C. পর্যায়ক্রমিক হাইপক্সিক রক্তনালী সংকোচন
D. ঔষধ-জনিত রক্তনালী সংকোচন
E. বাম ভেন্ট্রিকলের শেষ-ডায়াস্টোলিক আয়তনের বৃদ্ধি
F. হৃদযন্ত্রের আউটপুটে বৃদ্ধি
G. কিডনি আর্টারির রক্তপ্রবাহ হ্রাস
H. বারোরিসেপ্টর সংবেদনশীলতা হ্রাস
I. অ্যালডোস্টেরন উৎপাদনে বৃদ্ধি",,,,,
R0128,"A 33-year-old nulliparous woman comes to the physician because of a 5-month history of increased flow and duration of her menses. Menses previously occurred at regular 32-day intervals and lasted 4 days with normal flow. They now last 10 days and the flow is heavy with the passage of clots. During this period, she has also had dyspareunia and cyclical lower abdominal pain. Her mother died of cervical cancer at the age of 58 years. Her BMI is 31 kg/m2. Her temperature is 37°C (98.6°F), pulse is 86/min, and blood pressure is 110/70 mm Hg. Pelvic examination shows an asymmetrically enlarged, nodular uterus consistent in size with a 12-week gestation. A urine pregnancy test is negative. Which of the following is the most likely cause of this patient's findings?
A. Endometrial tissue within the ovaries
B. Endometrial tissue within the uterine wall
C. Excessive serum androgen levels
D. Benign tumor of the myometrium
E. Malignant transformation of endometrial tissue
F. Inflammation of the endometrium
G. Abnormal thickening of endometrial tissue
H. Pedunculated endometrial mass
I. Malignant proliferation of trophoblasts","একজন ৩৩ বছর বয়সী নালিপ্যারাস মহিলা চিকিৎসকের কাছে আসেন কারণ তার মাসিকের প্রবাহ ও সময়কাল ৫ মাস ধরে বৃদ্ধি পেয়েছে। মাসিক পূর্বে নিয়মিত ৩২-দিনের অন্তরালে ঘটত এবং স্বাভাবিক প্রবাহ সহ ৪ দিন স্থায়ী হতো। এখন সেগুলি ১০ দিন স্থায়ী হয় এবং প্রবাহ ভারী, রক্তের গুঁড়ি সহ। এই সময়ে, তার ডাইস্প্যারিনিয়া এবং চক্রাকারে নিম্ন পেটের ব্যথা হয়েছে। তার মা সার্ভিক্যাল ক্যান্সার থেকে ৫৮ বছর বয়সে মারা গেছেন। তার বিএমআই ৩১ কেজি/মি২। তার তাপমাত্রা ৩৭ ডিগ্রি সেলসিয়াস (৯৮.৬ ডিগ্রি ফারেনহাইট), পাল্স প্রতি মিনিটে ৮৬, এবং রক্তচাপ ১১০/৭০ মিমি পারদ। পেলভিক পরীক্ষা দেখায় একটি অসমমিতভাবে বড়, গাঁটযুক্ত জরায়ু যা আকারে ১২-সপ্তাহের গর্ভধারণের সমান। একটি মূত্র গর্ভাবস্থা পরীক্ষা নেতিবাচক হয়েছে। নিম্নলিখিতগুলির মধ্যে কোনটি এই রোগীর ফলাফলগুলোর সবচেয়ে সম্ভাব্য কারণ?
A. ডিম্বাশয়ে এন্ডোমেট্রিয়াল টিস্যু
B. গর্ভাশয়ের প্রাচীরে এন্ডোমেট্রিয়াল টিস্যু
C. সিরাম অ্যান্ড্রোজেনের অতিরিক্ত মাত্রা
D. মায়োমেট্রিয়ামের সৌম্য টিউমার
E. এন্ডোমেট্রিয়াল টিস্যুর ক্যান্সারীয় রূপান্তর
F. এন্ডোমেট্রিয়ামের প্রদাহ
G. এন্ডোমেট্রিয়াল টিস্যুর অস্বাভাবিক পুরুত্ব বৃদ্ধি
H. পেডাঙ্কুলেটেড এন্ডোমেট্রিয়াল গাঁট
I. ট্রোফোব্লাস্টের ক্যান্সারীয় বৃদ্ধি",,,,,
R0129,"A 21-year-old primigravid woman comes to the physician at 10 weeks' gestation because of progressive fatigue for the past 3 weeks. She reports that she has had a 3.2-kg (7-lb) weight loss after conceiving despite an increase in appetite. She has become increasingly anxious and has trouble falling asleep. There is no personal or family history of serious illness. Medications include folic acid and a multivitamin. She is 165 cm (5 ft 5 in) tall and weighs 55 kg (120 lb); BMI is 20 kg/m2. Her temperature is 37.4°C (99.4°F), pulse is 120/min, respirations are 18/min, and blood pressure is 150/70 mm Hg. The globes of the eyes are prominent. The thyroid gland is firm and diffusely enlarged. Neurologic examination shows a fine resting tremor of the hands. There is a midsystolic click at the apex and a grade 2/6 early systolic murmur at the upper left sternal border. Serum thyroid-stimulating hormone concentration is 0.1 μU/mL. An ECG is normal except for sinus tachycardia. Which of the following is the most appropriate next step in management?
A. Lugol's iodine
B. Thyroidectomy
C. Propylthiouracil
D. Methimazole
E. Radioactive iodine ablation
F. Observation
G. Atenolol","২১ বছর বয়সী প্রাইমিগ্রাভিড নারী গর্ভধারণের ১০ সপ্তাহে ডাক্তারের কাছে আসেন কারণ গত ৩ সপ্তাহ ধরে ক্রমবর্ধমান ক্লান্তি। তিনি জানান যে গর্ভধারণের পরেও ক্ষুধা বাড়লেও তিনি ৩.২ কেজি (৭ পাউন্ড) ওজন হারিয়েছেন। তিনি ক্রমশ উদ্বিগ্ন হয়ে পড়ছেন এবং ঘুমাতে সমস্যায় পড়ছেন। গুরুতর কোনো রোগের ব্যক্তিগত বা পারিবারিক ইতিহাস নেই। ওষুধে রয়েছে ফলিক অ্যাসিড এবং মাল্টিভিটামিন। তার উচ্চতা ১৬৫ সেন্টিমিটার (৫ ফুট ৫ ইঞ্চি) এবং ওজন ৫৫ কেজি (১২০ পাউন্ড); বিএমআই হল ২০ কেজি/মি২। তার তাপমাত্রা ৩৭.৪ ডিগ্রি সেলসিয়া (৯৯.৪ ডিগ্রি ফারেনহাইট), পাল্স হল ১২০ প্রতি মিনিট, শ্বাসপ্রশ্বাসের হার হল ১৮ প্রতি মিনিট, এবং রক্তচাপ হল ১৫০/৭০ মিমি পারদ। চোখের গ্লোবগুলি উঁচু। থাইরয়েড গ্রন্থি দৃঢ় এবং বিস্তৃতভাবে বড়। স্নায়বিক পরীক্ষায় হাতে সূক্ষ্ম বিশ্রামকালে কম্পন দেখা যায়। অ্যাপেক্সে মধ্য-সিস্টোলিক ক্লিক আছে এবং উপরের বাম স্টার্নাল সীমানায় গ্রেড ২/৬ প্রাথমিক সিস্টোলিক মর্মর শব্দ শোনা যায়। সিরাম থাইরয়েড-স্টিমুলেটিং হরমোন ঘনত্ব হল ০.১ মাইক্রোইউ/মিলিলিটার। ইসিজি স্বাভাবিক তবে সাইনাস ট্যাকিকার্ডিয়া ব্যতীত। নিম্নলিখিতগুলির মধ্যে কোনটি ব্যবস্থাপনার সর্বোত্তম পরবর্তী ধাপ?
A. লুগোলের আয়ডিন
B. থাইরয়েডেক্টোমি
C. প্রোপিলথায়োরাসিল
D. মেথিমাজল
E. রেডিওএক্টিভ আইওডিন এব্লেশন
F. পর্যবেক্ষণ
G. এটেনোলল",,,,,
R0130,"A 3-year-old boy is brought to the emergency department because of pain and swelling of his right knee joint for 1 day. He has not had any trauma to the knee. He was born at term and has been healthy since. His maternal uncle has a history of a bleeding disorder. His temperature is 37.1°C (98.8°F) and pulse is 97/min. The right knee is erythematous, swollen, and tender; range of motion is limited. No other joints are affected. An x-ray of the knee shows an effusion but no structural abnormalities of the joint. Arthrocentesis is done. The synovial fluid is bloody. Further evaluation of this patient is most likely to show which of the following?
A. Synovial fluid leukocytosis
B. Decreased platelet count
C. Prolonged partial thromboplastin time
D. Elevated erythrocyte sedimentation rate
E. Elevated antinuclear antibody levels
F. Sunburst appearance on x-ray
G. Prolonged prothrombin time","৩ বছরের একটি ছেলে জরুরি বিভাগে আনা হয়েছে কারণ তার ডান হাঁটু সংযোগস্থলে এক দিনের জন্য ব্যথা এবং ফোলাভাব রয়েছে। তাকে হাঁটুর কোনো আঘাত হয়নি। সে পূর্ণ মেয়াদে জন্মগ্রহণ করেছে এবং তখন থেকে সুস্বাস্থ্যের অধিকারী। তার মা'র ভাইয়ের রক্তক্ষরণ রোগের ইতিহাস আছে। তার তাপমাত্রা ৩৭.১ ডিগ্রি সেলসিয়া (৯৮.৮ ডিগ্রি ফারেনহাইট) এবং পাল্স প্রতি মিনিটে ৯৭। ডান হাঁটু লালচে, ফোলানো এবং স্পর্শে ব্যথাযুক্ত; গতি সীমিত। অন্য কোনো সংযোগস্থলে প্রভাব নেই। এক্স-রে তে ইফিউশন দেখা যায় কিন্তু কোন কাঠামোগত অস্বাভাবিকতা নয়। আর্থ্রোসেন্টেসিস করা হয়। সিনোভিয়াল তরল রক্তময়। এই রোগীর অতিরিক্ত মূল্যায়নে সবচেয়ে সম্ভবত নিম্নলিখিত কোনটি দেখা যাবে?
A. সিনোভিয়াল তরলে লিউকোসাইটোসিস
B. প্লেটলেট সংখ্যা হ্রাস
C. আংশিক থ্রম্বোপ্লাস্টিন সময় বর্ধিত
D. ইরিথ্রোসাইট সেডিমেন্টেশন রেট বৃদ্ধি পেয়েছে
E. অ্যান্টি নিউক্লিয়ার অ্যান্টিবডি মাত্রা বাড়া
F. এক্স-রে তে সানবার্সট চেহারা দেখা যায়
G. প্রোথ্রম্বিন সময় বর্ধিত",,,,,
R0131,"A 34-year-old man with AIDS comes to the physician because of a 2-day history of decreasing vision and seeing black spots in his right eye. He has no pain and the left eye is asymptomatic. He was treated for fungal esophagitis 6 months ago with fluconazole. He was diagnosed with Kaposi's sarcoma 2 years ago. Current medications include efavirenz, tenofovir, emtricitabine, azithromycin, trimethoprim-sulfamethoxazole, multivitamins, and a nutritional supplement. He is 170 cm (5 ft 7 in) tall and weighs 45 kg (99 lbs);BMI is 15.6 kg/m2. His temperature is 37°C (98.6°F), pulse is 89/min, and blood pressure is 110/70 mm Hg. Examination shows cervical lymphadenopathy. There are multiple violaceous plaques seen over his trunk and extremities. Fundoscopic examination shows granular yellow-white opacities around the retinal vessels and multiple areas of dot-blot hemorrhages. His CD4+ T-lymphocyte count is 36/mm3. Which of the following is the most likely diagnosis?
A. Cytomegalovirus retinitis
B. Herpes simplex keratitis
C. Toxoplasma retinitis
D. HIV retinopathy
E. Varicella zoster retinitis","৩৪ বছর বয়সী এক এডস রোগী ডাক্তারের কাছে আসেন কারণ তার ডান চোখে দৃষ্টিশক্তি কমে যাওয়া এবং কালো দাগ দেখা দেওয়ার দুই দিনের ইতিহাস রয়েছে। তিনি কোনো ব্যথা অনুভব করেন না এবং বাম চোখে কোনও উপসর্গ নেই। ছয় মাস আগে ফাঙ্গাল ইসোফ্যাজাইটিসের জন্য তিনি ফ্লুকোনাজল দিয়ে চিকিৎসা পেয়েছিলেন। দুই বছর আগে তাকে ক্যাপোসি সারকমা নির্ণয় করা হয়েছিল। বর্তমান ওষুধগুলির মধ্যে রয়েছে এফাভিরেঞ্জ, টেনোফোভির, এমট্রিসিটাবিন, আজিথ্রোমাইসিন, ট্রিমেথোপ্রিম-সালফামেথক্সাজল, মাল্টিভিটামিন এবং একটি পুষ্টিকর সাপ্লিমেন্ট। তিনি ১৭০ সেন্টিমিটার (৫ ফুট ৭ ইঞ্চি) লম্বা এবং ওজন ৪৫ কেজি (৯৯ পাউন্ড); বিএমআই ১৫.৬ কেজি/মিটার২। তার তাপমাত্রা ৩৭ ডিগ্রি সেলসিয়াস (৯৮.৬ ডিগ্রি ফারেনহাইট), পাল্স ৮৯ প্রতি মিনিট, এবং রক্তচাপ ১১০/৭০ মিমি পারদ। পরীক্ষায় সার্ভিক্যাল লিম্ফেডেনোপ্যাথি দেখা যায়। তার ট্রাঙ্ক ও অঙ্গপ্রত্যঙ্গে বহু বেগুনী প্ল্যাক দেখা যায়। ফান্ডোসকোপিক পরীক্ষায় রেটিনাল রক্তনালী চারপাশে দানা-দানা হলুদ-সাদা অপাসিটি এবং ডট-ব্লট হেমোরেজের বহু এলাকা দেখা যায়। তার CD৪+ টি-লিম্ফোসাইট গণনা ৩৬/মিমি3। নিম্নলিখিতগুলির মধ্যে কোনটি সবচেয়ে সম্ভাব্য নির্ণয়?
A. সিটোমেগালোভাইরাস রেটিনাইটিস
B. হার্পেস সিমপ্লেক্স কেরাটাইটিস
C. টোক্সোপ্লাজমা রেটিনাইটিস
D. এইচআইভি রেটিনোপ্যাথি
E. ভারিসেলা জস্টার রেটিনাইটিস",,,,,
R0132,"A 3-week-old newborn is brought to the physician by his parents because of poor feeding, irritability, and frequent vomiting over the past week. The vomitus is greenish in color and smells strange. His parents have tried to feed him every 4 hours, but the patient often spits up or refuses to eat. The patient was born at term and had his first bowel movement at 50 hours of life. He has since had one bowel movement daily. He is at the 50th percentile for length, 10th percentile for weight, and 40th percentile for head circumference. He does not appear to be in acute distress. His temperature is 36.9°C (98.4°F), pulse is 140/min, respirations are 40/min, and blood pressure is 90/60 mm Hg. Physical examination shows that the patient has small, low-set ears, a broad and flat nasal bridge, and a large space between the first and second toes bilaterally. The abdomen is distended. When the finger is removed following a rectal exam, there is an explosive release of stool from the patient's rectum. An x-ray of the abdomen shows a section of dilated colon followed by a segment of colon without stool or air. Which of the following is most likely to confirm the diagnosis?
A. CT scan of the abdomen
B. Transabdominal ultrasonography
C. Barium enema
D. Anorectal manometry
E. Quantitative pilocarpine iontophoresis
F. Rectal suction biopsy","৩-সপ্তাহের নবজাতককে তার বাবা-মা চিকিৎসকের কাছে নিয়ে এসেছেন কারণ দুর্বল খাওয়ানো, বিরক্তি এবং গত সপ্তাহে ঘনঘন বমিভাব। বমি সবুজচ্যুতি রঙের এবং অদ্ভুত গন্ধযুক্ত। তার বাবা-মা প্রতি ৪ ঘণ্টায় তাকে খাওয়ানোর চেষ্টা করেছেন, তবে রোগী প্রায়ই বমি করে বা খাবার প্রত্যাখ্যান করে। রোগী পূর্ণগর্ভে জন্মগ্রহণ করেন এবং জীবনের ৫০ ঘণ্টায় প্রথম মলত্যাগ করেন। তারপর থেকে তিনি প্রতিদিন একবার মলত্যাগ করেন। দৈর্ঘ্যের জন্য তিনি ৫০তম পার্সেন্টাইলে, ওজনের জন্য ১০ম পার্সেন্টাইলে এবং মাথার পরিধির জন্য ৪০তম পার্সেন্টাইলে আছেন। তিনি তীব্র কষ্টে দেখাচ্ছেন না। তার তাপমাত্রা ৩৬.৯ ডিগ্রি সেলসিয়াস (৯৮.৪ ডিগ্রি ফারেনহাইট), পাল্স প্রতি মিনিটে ১৪০, শ্বাসপ্রশ্বাস প্রতি মিনিটে ৪০, এবং রক্তচাপ ৯০/৬০ মিমি পারদ। শারীরিক পরীক্ষায় দেখা যায় রোগীর ছোট, নিচু-সেট কান, প্রশস্ত ও সমতল নাসাল সেতু, এবং উভয় পায়ের প্রথম ও দ্বিতীয় আঙুলের মধ্যে বড় ফাঁক রয়েছে। বুকটি ফুলে আছে। রেক্টাল পরীক্ষার পরে আঙ্গুলি সরানোর সময় রোগীর রেকটাম থেকে মলের বিস্ফোরক মুক্তি হয়। বুকের এক্স-রে দেখায় একটি প্রসারিত কোলনের অংশ, তারপরে মল বা বায়ুহীন কোলনের একটি সেগমেন্ট। নিম্নলিখিতগুলির মধ্যে কোনটি রোগ নির্ণয় নিশ্চিত করার জন্য সবচেয়ে সম্ভাব্য?
A. বুকের সিটি স্ক্যান
B. ট্রান্সঅ্যাবডোমিনাল আল্ট্রাসাউন্ডোগ্রাফি
C. বেরিয়াম এনিমা
D. অনোরেক্টাল ম্যানোমেট্রি
E. কোয়ানটিটেটিভ পিলোকার্পিন আয়নটোফোরেসিস
F. রেকটাল সাকশন বায়োপসি",,,,,
R0133,"A 3-month-old girl is brought to the emergency department because of a 2-day history of progressive difficulty breathing and a dry cough. Five weeks ago, she was diagnosed with diffuse hemangiomas involving the intrathoracic cavity and started treatment with prednisolone. She appears uncomfortable and in moderate respiratory distress. Her temperature is 38°C (100.4°F), pulse is 150/min, respirations are 50/min, and blood pressure is 88/50 mm Hg. Pulse oximetry on room air shows an oxygen saturation of 87%. Oral examination shows a white plaque covering the tongue that bleeds when scraped. Chest examination shows subcostal and intercostal retractions. Scattered fine crackles and rhonchi are heard throughout both lung fields. Laboratory studies show a leukocyte count of 21,000/mm3 and an increased serum beta-D-glucan concentration. An x-ray of the chest shows symmetrical, diffuse interstitial infiltrates. Which of the following is most likely to confirm the diagnosis?
A. Bronchoalveolar lavage
B. Urine antigen test
C. DNA test for CFTR mutation
D. CT scan of the chest
E. Tuberculin skin test
F. Spirometry","৩-মাসের একটি মেয়ে জরুরি বিভাগে আনা হয়েছে কারণ ২-দিনের অগ্রগামী শ্বাসকষ্ট এবং শুকনো কাশির ইতিহাস রয়েছে। পাঁচ সপ্তাহ আগে তাকে ইনট্রাথোরেসিক গহ্বরে বিস্তৃত হেম্যাঞ্জিওমা নির্ণয় করা হয়েছিল এবং প্রেডনিসোলোন দিয়ে চিকিৎসা শুরু করা হয়েছিল। তিনি অস্বস্তি প্রকাশ করছেন এবং মাঝারি শ্বাসকষ্টে আছেন। তার তাপমাত্রা ৩৮ ডিগ্রি সেলসিয়াস (১০০.৪ ডিগ্রি ফারেনহাইট), পাল্স ১৫০/মিনিট, শ্বাসের হার ৫০/মিনিট, রক্তচাপ ৮৮/৫০ মিমি পারদ। রুম এয়ারে পাল্স অক্সিমেট্রি দেখায় অক্সিজেন স্যাচুরেশন ৮৭%। মৌখিক পরীক্ষায় দেখা যায় একটি সাদা প্ল্যাক টাংকে ঢাকা আছে যা স্ক্র্যাপ করলে রক্তপাত হয়। বুকের পরীক্ষা দেখায় সাবকোস্টাল এবং ইন্টারকোস্টাল রিট্রাকশন। উভয় ফুসফুস ক্ষেত্র জুড়ে ছড়িয়ে থাকা সূক্ষ্ম ক্র্যাকলস এবং রনকি শোনা যায়। প্রায়োগিক ফলাফল দেখায় লিউকোসাইট সংখ্যা ২১,০০০/মিমি৩ এবং সেরাম বেটা-ডি-গ্লুকান ঘনত্ব বৃদ্ধি পেয়েছে। এক্স-রেতে বুকের ছবি দেখায় সমমিত, বিস্তৃত ইন্টারস্টিশিয়াল ইনফিলট্রেটস। নিম্নলিখিত কোনটি সবচেয়ে সম্ভাব্যভাবে নির্ণয় নিশ্চিত করবে?
A. ব্রঙ্কোঅ্যালভোলার লাভেজ
B. ইউরিন অ্যান্টিজেন টেস্ট
C. সিএফটিআর মিউটেশন এর জন্য ডিএনএ টেস্ট
D. বুকের সিটি স্ক্যান
E. টিবারকুলিন স্কিন টেস্ট
F. স্পাইরোমেট্রি",,,,,
R0134,"Please refer to the summary above to answer this question
Administration of which of the following is most likely to improve this patient's current symptoms?""
""Patient information
Age: 82 years
Gender: M, self-identified
Ethnicity: Caucasian
Site of care: office
History
Reason for Visit/Chief Concern: “I have been getting these large bruises on my arms and legs.”
History of Present Illness:
his wife noticed 6 weeks ago that he had bruising on the bilateral lower extremities
additional ecchymoses developed on the bilateral upper extremities 2 weeks ago
feels increasingly fatigued
has joint pain of the elbows, hips, and knees
was unable to complete his final cycle of chemotherapy for non-small cell lung carcinoma because of the pain
has not had trauma or prior episodes of significant bleeding
Past Medical History:
hypertension
benign prostatic hyperplasia
osteoarthritis
non-small cell lung carcinoma: treated with resection, currently undergoing adjuvant chemotherapy
Social History:
lives with his wife
has been eating sparingly
has smoked 2 packs of cigarettes daily for 60 years
Medications:
amlodipine, lisinopril, tamsulosin, acetaminophen; currently undergoing cisplatin-based chemotherapy
Allergies:
no known drug allergies
Physical Examination
Temp Pulse Resp. BP O2 Sat Ht Wt BMI
36.6°C
(97.8°F)
88/min 20/min 128/83 mm Hg 96%
175 cm
(5 ft 9 in)
53 kg
(117 lb)
17 kg/m2
Appearance: pale, tired-appearing, cachectic man, sitting in a wheelchair
HEENT: mild mucosal bleeding
Pulmonary: diminished breath sounds in the left lower lung field; moderate inspiratory wheezes bilaterally; no rales or rhonchi
Cardiac: normal S1 and S2; no murmurs, rubs, or gallops
Abdominal: soft; nontender; nondistended; normal bowel sounds
Extremities: symmetrically cool; no edema
Skin: coiled hairs with perifollicular hemorrhages; multiple ecchymoses of the bilateral upper and lower extremities
Neurologic: symmetrically decreased sensation to pinprick, vibration, and fine touch in the distal lower extremities""
A. Vitamin C
B. Vitamin A
C. Vitamin D
D. Vitamin B12
E. Vitamin B6
F. Vitamin K
""","অনুগ্রহ করে উপরের সারাংশটি দেখুন এই প্রশ্নের উত্তর দিতে। নিম্নলিখিতগুলির মধ্যে কোনটির প্রয়োগ সম্ভবত রোগীর বর্তমান লক্ষণগুলি উন্নত করতে সবচেয়ে বেশি সম্ভাবনা রাখে? রোগীর তথ্য বয়স: ৮২ বছর লিঙ্গ: পুরুষ, স্বনির্ধারিত জাতিগত পরিচয়: ককেশিয়ান সেবাস্থল: অফিস ইতিহাস ভিজিটের কারণ/প্রধান উদ্বেগ: “আমি আমার বাহু ও পায়ে বড় বড় নীলচে দাগ (ব্রুইজ) পাচ্ছি।” বর্তমান অসুস্থতার ইতিহাস: তার স্ত্রী লক্ষ্য করেন ৬ সপ্তাহ আগে তিনি দ্বিপাক্ষিক নিম্ন অঙ্গগুলিতে নীলচে দাগ পেয়েছেন। অতিরিক্ত ইকাইমোসিস দ্বিপাক্ষিক উপরের অঙ্গগুলিতে ২ সপ্তাহ আগে বিকশিত হয়। ধীরে ধীরে ক্লান্তি অনুভব করছেন। কনুই, নিতম্ব এবং হাঁটুর জয়েন্টে ব্যথা আছে। ব্যথার কারণে তিনি নন-স্মল সেল লাং কার্সিনোমার শেষ চক্রের কেমোথেরাপি সম্পন্ন করতে পারেননি। কোনো আঘাত বা পূর্বে উল্লেখযোগ্য রক্তপাতের ঘটনা নেই। অতীত রোগ ইতিহাস: উচ্চ রক্তচাপ, সৌম্য প্রস্টেটিক হাইপারপ্লাসিয়া, অস্টিওআর্থ্রাইটিস, নন-স্মল সেল লাং কার্সিনোমা: রিসেকশন দ্বারা চিকিৎসিত, বর্তমানে সহায়ক কেমোথেরাপি চলছে। সামাজিক ইতিহাস: স্ত্রীর সঙ্গে বসবাস করেন, কম খাবার গ্রহণ করছেন, ৬০ বছর ধরে প্রতিদিন ২ প্যাক সিগারেট ধূমপান করেছেন। ওষুধসমূহ: অ্যামলোডিপিন, লিসিনোপ্রিল, ট্যামসুলোসিন, অ্যাসিটামিনোফেন; বর্তমানে সিসপ্লাটিন-ভিত্তিক কেমোথেরাপি চলছে। অ্যালার্জি: কোনো পরিচিত ওষুধ অ্যালার্জি নেই। শারীরিক পরীক্ষা তাপমাত্রা ৩৬.৬°ডিগ্রি সেলসিয়া (৯৭.৮°F) পাল্স ৮৮/মিনিট শ্বাসপ্রশ্বাস ২০/মিনিট রক্তচাপ ১২৮/৮৩ মিমি পারদ অক্সিজেন স্যাচুরেশন ৯৬% উচ্চতা ১৭৫ সেমি (৫ ফুট ৯ ইঞ্চি) ওজন ৫৩ কেজি (১১৭ পাউন্ড) বিএমআই ১৭ কেজি/মি2 দেহরূপ: ফিকে, ক্লান্ত দেখাচ্ছেন, ক্যাশেক্টিক পুরুষ, হুইলচেয়ারে বসে আছেন। মাথা-কান-গলা-নাক-থুকু (এইএনইটি): হালকা মিউকোসাল রক্তপাত। ফুসফুস: বাম নিম্ন ফুসফুসের ক্ষেত্রে শ্বাসধ্বনি হ্রাস পেয়েছে; উভয় পাশে মাঝারি অনুপ্রবেশীয় উইজেস; রেলস বা রনকি নেই। হৃদযন্ত্র: স্বাভাবিক S১ এবং S২; কোনো মর্মর, ঘষা বা গ্যালপ নেই। বুকের পরীক্ষা: নরম; অস্বেদনশীল; ফোলাভাবহীন; স্বাভাবিক অন্ত্রের শব্দ। অঙ্গগুলি: সমমিতভাবে শীতল; কোনো এডিমা নেই। ত্বক: কোয়িল্ড চুলের সঙ্গে পারিফোলিকুলার রক্তপাত; দ্বিপাক্ষিক উপরের ও নিম্ন অঙ্গগুলিতে একাধিক ইকাইমোসিস। স্নায়বিক: দূরবর্তী নিম্ন অঙ্গের পিনপ্রিক, কম্পন এবং সূক্ষ্ম স্পর্শে সমমিতভাবে সংবেদনশক্তি হ্রাস।
A. ভিটামিন সি
B. ভিটামিন এ
C. ভিটামিন ডি
D. ভিটামিন বি১২
E. ভিটামিন বি৬
F. ভিটামিন কে",,,,,
R0135,"A 61-year-old man comes to the physician because of a 2-month history of severe chest discomfort. The chest discomfort usually occurs after heavy meals or eating in the late evening and lasts several hours. He has nausea sometimes but no vomiting. He has also had an occasional nighttime cough during this period. He has hypertension and type 2 diabetes mellitus. He has smoked one pack of cigarettes daily for the past 41 years and drinks one beer daily. Current medications include metformin, naproxen, enalapril,and sitagliptin. He is 177 cm (5 ft 10 in) tall and weighs 135 kg (297 lb); BMI is 43 kg/m2. Vital signs are within normal limits. Cardiopulmonary examination shows no abnormalities. The abdomen is soft and nontender. Laboratory studies are within the reference ranges. An ECG shows no abnormalities. An upper endoscopy shows that the Z-line is located 4 cm above the diaphragmatic hiatus and reveals the presence of a 1.5-cm esophageal ulcer with an erythematous base and without bleeding. The physician recommends weight loss as well as smoking and alcohol cessation. Treatment with omeprazole is begun. One month later, his symptoms are unchanged. Which of the following is the most appropriate next step in management?
A. Clarithromycin, amoxicillin, and omeprazole therapy for 2 weeks
B. Laparoscopic herniotomy
C. Laparoscopic Nissen fundoplication with hiatoplasty
D. Calcium carbonate therapy for 2 months
E. Bariatric surgery","৬১ বছর বয়সী একজন পুরুষ রোগী চেস্টে তীব্র অস্বস্তির ২ মাসের ইতিহাস নিয়ে ডাক্তারের কাছে আসেন। এই বুকে অস্বস্তি সাধারণত ভারী খাবার খাওয়ার পরে বা দেরি সন্ধ্যায় খাবার গ্রহণের পর ঘটে এবং কয়েক ঘন্টা স্থায়ী হয়। কখনও কখনও তাকে বমিভাব থাকে তবে বমি করে না। তিনি এই সময়কালে মাঝে মাঝে রাতের কাশিও অনুভব করেছেন। তার উচ্চ রক্তচাপ ও ডায়াবেটিস টাইপ ২ রয়েছে। তিনি গত ৪১ বছর ধরে প্রতিদিন এক প্যাক সিগারেট ধূমপান করেন এবং দৈনিক একটি বিয়ার পান করেন। বর্তমান ওষুধের মধ্যে মেটফরমিন, ন্যাপ্রোক্সেন, এনালাপ্রিল এবং সিটাগ্লিপটিন অন্তর্ভুক্ত। তিনি ১৭৭ সেন্টিমিটার (৫ ফুট ১০ ইঞ্চি) লম্বা এবং ১৩৫ কেজি (২৯৭ পাউন্ড) ওজনের; বিএমআই ৪৩ কেজি/বর্গমিটার। জীবনচিহ্ন স্বাভাবিক সীমার মধ্যে আছে। কার্ডিওপালমোনারি পরীক্ষা কোনো অস্বাভাবিকতা দেখায় না। উদর নরম এবং ব্যথাহীন। ল্যাবরেটরি ফলাফল রেফারেন্স সীমার মধ্যে আছে। ইসিজি কোনো অস্বাভাবিকতা দেখায় না। একটি আপার এন্ডোস্কপি দেখিয়েছে যে জেড-লাইন ডায়াফ্র্যাগম্যাটিক হায়াটাসের উপরে ৪ সেন্টিমিটার অবস্থানে রয়েছে এবং ১.৫ সেন্টিমিটার ইসোফেজিয়াল আলসার যার লালচে ভিত্তি আছে এবং রক্তপাত নেই তা প্রকাশ করেছে। চিকিৎসক ওজন কমানো এবং ধূমপান ও অ্যালকোহল বন্ধ করার পরামর্শ দেন। ওমেপ্রাজোল দিয়ে চিকিৎসা শুরু করা হয়। এক মাস পরে, তার উপসর্গগুলি অপরিবর্তিত থাকে। নিম্নলিখিতগুলির মধ্যে কোনটি ব্যবস্থাপনার সর্বোত্তম পরবর্তী ধাপ?
A. ক্ল্যারিথ্রোমাইসিন, অ্যামোক্সিসিলিন এবং ওমেপ্রাজোল থেরাপি ২ সপ্তাহের জন্য
B. ল্যাপারোস্কোপিক হর্ণিয়োটমি
C. ল্যাপারোস্কোপিক নিসেন ফান্ডোপ্লিকেশন হায়াটোপ্লাস্টি সহ
D. ক্যালসিয়াম কার্বনেট থেরাপি ২ মাসের জন্য
E. ব্যারিয়াট্রিক শল্যচিকিৎসা",,,,,
R0136,"Five days after being admitted to the hospital for an open cholecystectomy, a 56-year-old woman develops difficulty breathing. She also has fevers, chills, and malaise. She has a cough productive of minimal amounts of yellowish-white sputum that started two days prior. She has type 2 diabetes mellitus, hypertension, and a history of gallstones. Her current medications include metformin, lisinopril, and atorvastatin. Her temperature is 39.5°C (103.1°F), pulse is 104/minute, blood pressure is 94/68 mm Hg, and respirations are 30/minute. Pulse oximetry on 2 L of oxygen via nasal cannula shows an oxygen saturation of 92%. Examination reveals decreased breath sounds over the right lung base. Abdominal examination shows a well-healing scar without erythema or discharge in the right upper quadrant. The skin is warm and well-perfused. Her hemoglobin concentration is 10.5 g/dL, leukocyte count is 16,000/mm3, platelet count is 345,000/mm3, and creatinine is 1.5 mg/dL. She is admitted to the ICU and started on IV fluids. Blood and urine for cultures are obtained. X-ray of the chest reveals a right sided pleural effusion. Which of the following is the next best step in management?
A. CT of the chest with contrast
B. External cooling and intravenous acetaminophen
C. Intravenous cefepime and oral metronidazole
D. X-ray of the abdomen
E. Intravenous ceftriaxone and azithromycin
F. Intravenous vancomycin and cefepime
G. CT of the abdomen
H. Intravenous dobutamine","ওপেন কোলেসিস্টেক্টমির জন্য হাসপাতালে ভর্তি হওয়ার ৫ দিন পর, একটি ৫৬ বছর বয়সী নারী শ্বাসকষ্টে ভোগে। তার পাশাপাশি জ্বর, কম্পন এবং অস্বস্তি থাকে। দুই দিন আগে শুরু হওয়া তার কাশি সামান্য পরিমাণের হলুদ-সাদা শ্লেষ্মা উৎপন্ন করে। তার টাইপ ২ ডায়াবেটিস মেলিটাস, উচ্চ রক্তচাপ এবং পিত্তপাথরের ইতিহাস আছে। বর্তমানে তার ওষুধের মধ্যে রয়েছে মেটফরমিন, লিসিনোপ্রিল এবং অ্যাটোরভাস্ট্যাটিন। তার তাপমাত্রা ৩৯.৫° সেলসিয়া (১০৩.১° ফারেনহাইট), পাল্স ১০৪/মিনিট, রক্তচাপ ৯৪/৬৮ মিমি পারদ, এবং শ্বাসপ্রশ্বাসের হার ৩০/মিনিট। নাসিক ক্যানুলা দিয়ে ২ লিটার অক্সিজেনে পালস অক্সিমেট্রি দেখায় অক্সিজেন স্যাচুরেশন ৯২%। পরীক্ষায় ডান ফুসফুসের ভিত্তিতে শ্বাসধ্বনির হ্রাস দেখা যায়। পেটের পরীক্ষায় ডান উপরের কোয়াড্র্যান্টে লালচেহারা বা নিঃসরণ ছাড়া ভালভাবে সেরে ওঠা দাগ দেখা যায়। ত্বক উষ্ণ এবং ভালো রক্ত সরবরাহযুক্ত। তার হিমোগ্লোবিন ঘনত্ব ১০.৫ গ্রাম/ডেসিলিটার, শ্বেত রক্তকণিকা সংখ্যা ১৬,০০০/ঘন মিমি, প্লেটলেট সংখ্যা ৩৪৫,০০০/ঘন মিমি, এবং ক্রিয়াটিনিন ১.৫ মিলিগ্রাম/ডেসিলিটার। তাকে আইসিইউ-তে ভর্তি করা হয় এবং শিরাপথে তরল দিয়ে শুরু করা হয়। রক্ত ও মূত্রের সংস্কৃতি নেওয়া হয়। বুকে এক্স-রে ডান পাশে প্লুরাল ইফিউশন দেখায়। নিম্নলিখিতগুলির মধ্যে পরবর্তী সর্বোত্তম ব্যবস্থাপনা কী?
A. কনট্রাস্ট সহ বুকে সিটি
B. বহিঃশীতলকরণ এবং শিরাপথে অ্যাসেটামিনোফেন
C. শিরাপথে সেফেপিম এবং মৌখিক মেট্রোনিডাজল
D. পেটে এক্স-রে
E. শিরাপথে সেফট্রায়াক্সন এবং আজিথ্রোমাইসিন
F. শিরাপথে ভ্যানকমাইসিন এবং সেফেপিম
G. পেটে সিটি
H. শিরাপথে ডোবুটামাইন",,,,,
R0137,"A 52-year-old woman comes to the physician because of a 4-month history of progressive pain and stiffness of the fingers of her right hand that is worse at the end of the day. She works as a hair dresser and has to take frequent breaks to rest her hand. She has hypertension, for which she takes hydrochlorothiazide. Two weeks ago, she completed a course of oral antibiotics for a urinary tract infection. Her sister has systemic lupus erythematosus. She drinks one to two beers daily and occasionally more on weekends. Over the past 2 weeks, she has been taking ibuprofen as needed for the joint pain. Her vital signs are within normal limits. Physical examination shows swelling, joint-line tenderness, and decreased range of motion of the right first metacarpophalangeal joint as well as the 2nd and 4th distal interphalangeal joints of the right hand. Discrete, hard, mildly tender swellings are palpated over the 2nd and 4th distal interphalangeal joints of the right hand. Which of the following is the most likely underlying mechanism for these findings?
A. Monosodium urate crystal precipitation in the joints
B. Bacterial infection of the joint space
C. Autoimmune-mediated cartilage erosion
D. Degenerative disease of the joints
E. Calcium pyrophosphate dihydrate crystal precipitation in the joints","একজন ৫২-বছর বয়সী নারী ডাক্তারের কাছে আসেন কারণ তার ডান হাতের আঙুলগুলোর ক্রমবর্ধমান ব্যথা ও কঠিনতা রয়েছে যা দিনের শেষে বাড়ে, যার ইতিহাস চার-মাসের। তিনি হেয়ারড্রেসার হিসেবে কাজ করেন এবং হাতে বিশ্রাম নিতে প্রায়ই বিরতি নিতে হয়। তাকে উচ্চ রক্তচাপ আছে, যার জন্য তিনি হাইড্রোক্লোরোথায়াজাইড গ্রহণ করেন। দুই সপ্তাহ আগে, তিনি মূত্রনালীর সংক্রমণের জন্য মৌখিক অ্যান্টিবায়োটিকের একটি কোর্স সম্পন্ন করেছিলেন। তার বোনকে সিস্টেমিক লুপাস ইরাইথেমাটোসাস রয়েছে। তিনি প্রতিদিন এক থেকে দুইটি বিয়ার পান করেন এবং মাঝে কখনো সপ্তাহান্তে বেশি পান করেন। গত ২ সপ্তাহ ধরে, তিনি জয়েন্টের ব্যথার জন্য প্রয়োজনমতো আইবুপ্রোফেন গ্রহণ করছেন। তার গুরুত্বপূর্ণ চিহ্নগুলি স্বাভাবিক সীমার মধ্যে রয়েছে। শারীরিক পরীক্ষায় ডান হাতের প্রথম মেটাকার্পোফ্যালাঞ্জিয়াল জয়েন্ট এবং ডান হাতে দ্বিতীয় ও চতুর্থ ডিস্টাল ইন্টারফ্যালাঞ্জিয়াল জয়েন্টে ফোলাভাব, জয়েন্ট-লাইন সংবেদনশীলতা এবং গতিসীমা হ্রাস দেখা যায়। ডান হাতের দ্বিতীয় ও চতুর্থ ডিস্টাল ইন্টারফ্যালাঞ্জিয়াল জয়েন্টে পৃথক, কঠিন, সামান্য সংবেদনশীল ফোলাভাব স্পর্শ করা যায়। নিম্নলিখিতগুলির মধ্যে কোনটি এই ফলাফলের সবচেয়ে সম্ভাব্য অন্তর্নিহিত প্রক্রিয়া?
A. মোনোসোডিয়াম ইউরেট স্ফটিকের জয়েন্টে অবক্ষেপণ
B. জয়েন্ট স্পেসের ব্যাকটেরিয়াল সংক্রমণ
C. অটোইমিউন-প্রবাহিত কার্টিলেজ ক্ষয়
D. জয়েন্টের ডিগেনারেটিভ রোগ
E. ক্যালসিয়াম পাইরোফসফেট ডাইহাইড্রেট স্ফটিকের জয়েন্টে অবক্ষেপণ",,,,,
R0138,"A 57-year-old nulliparous woman comes to the physician 2 weeks after noticing a lump in her right breast. Her last mammogram was performed 4 years ago and showed no abnormalities. Menopause began 2 years ago, during which time the patient was prescribed hormone replacement therapy for severe hot flashes and vaginal dryness. Vital signs are within normal limits. Examination of the right breast shows a firm, nontender mass close to the nipple. There are no changes in the skin or nipple, and there is no palpable axillary adenopathy. The abdomen is soft and nontender; there is no organomegaly. Mammography shows a suspicious 2-cm mass adjacent to the nipple. Which of the following is the most appropriate next step in management?
A. Fine needle aspiration
B. Excisional biopsy
C. Bone scan
D. Measurement of serum CA 15-3
E. Mastectomy
F. Core needle biopsy
""","৫৭ বছর বয়সী, যিনি কখনো সন্তান জন্ম দেননি এমন নারী রোগী ডান স্তনে একটি গাঁট লক্ষ্য করার দুই সপ্তাহ পর চিকিৎসকের কাছে আসেন। তার শেষ ম্যামোগ্রাফি চার বছর আগে করা হয়েছিল এবং কোনো অস্বাভাবিকতা দেখা যায়নি। মেনোপজ দুই বছর আগে শুরু হয়েছিল, যার সময় রোগীকে তীব্র গরম ঝলক ও যোনি শুষ্কতার জন্য হরমোন রিপ্লেসমেন্ট থেরাপি নির্ধারিত হয়েছিল। জীবনচিহ্ন স্বাভাবিক সীমার মধ্যে রয়েছে। ডান স্তনের পরীক্ষা দেখায় নিপলের কাছে একটি দৃঢ়, অ-ব্যথাযুক্ত গঠন। ত্বক বা নিপলে কোনো পরিবর্তন নেই, এবং স্পর্শযোগ্য বাহু গ্রন্থি বৃদ্ধি নেই। উদর নরম এবং অ-ব্যথাযুক্ত; কোন অঙ্গের বৃহত্তরতা নেই। ম্যামোগ্রাফি দেখায় সন্দেহজনক ২ সেন্টিমিটার গঠন নিপলের পাশে। নিম্নলিখিতগুলির মধ্যে ব্যবস্থাপনার সর্বোত্তম পরবর্তী ধাপটি কী?
A. ফাইন নিডল অ্যাসপিরেশন
B. এক্সিসিয়নাল বায়োপসি
C. বোন স্ক্যান
D. সিরাম সি এ ১৫-৩ এর পরিমাপ
E. মাস্টেকটোমি
F. কোর নিডল বায়োপসি",,,,,
R0139,"A 1-month-old male infant is brought to the physician because of inconsolable crying for the past 3 hours. For the past 3 weeks, he has had multiple episodes of high-pitched unprovoked crying every day that last up to 4 hours and resolve spontaneously. He was born at term and weighed 2966 g (6 lb 9 oz); he now weighs 3800 g (8 lb 6 oz). He is exclusively breast fed. His temperature is 36.9°C (98.4°F) and pulse is 140/min. Examination shows a soft and nontender abdomen. The remainder of the examination shows no abnormalities. Which of the following is the most appropriate next step in management?
A. Perform lumbar puncture
B. Administer simethicone
C. Administer pantoprazole
D. Reassurance
E. Recommend the use of Gripe water","১-মাসের পুরুষ শিশুটি চিকিৎসকের কাছে আনা হয়েছে কারণ অতীত ৩ ঘণ্টা ধরে অশান্তি রোধ করা যায় না এমন কাঁদা। গত ৩ সপ্তাহ ধরে, তিনি প্রতিদিন উচ্চস্বরে অপ্রত্যাশিত কাঁদার একাধিক পর্ব পেয়েছেন যা সর্বোচ্চ ৪ ঘণ্টা স্থায়ী হয় এবং স্বয়ংক্রিয়ভাবে থেমে যায়। তিনি পূর্ণ গর্ভকালীন সময়ে জন্মগ্রহণ করেন এবং ওজন ছিল ২৯৬৬ গ্রাম (৬ পাউন্ড ৯ আউন্স); এখন তার ওজন ৩৮০০ গ্রাম (৮ পাউন্ড ৬ আউন্স)। তিনি শুধুমাত্র স্তন্যদুগ্ধ পান করেন। তার তাপমাত্রা ৩৬.৯ ডিগ্রি সেলসিয়া (৯৮.৪ ডিগ্রি ফারেনহাইট) এবং পাল্স ১৪০/মিনিট। পরীক্ষায় নরম এবং অসংবেদনশীল পেট দেখা যায়। অন্যান্য পরীক্ষার ফলাফল কোনো অস্বাভাবিকতা দেখায় না। নিম্নলিখিতগুলির মধ্যে কোনটি ব্যবস্থাপনার সর্বোত্তম পরবর্তী ধাপ হবে?
A. লাম্বার পাঙ্কচার করুন
B. সিমেথিকোন দিন
C. প্যানটোপ্রাজোল দিন
D. আশ্বাস দিন
E. গ্রাইপ ওয়াটারের ব্যবহার সুপারিশ করুন",,,,,
R0140,"A 56-year-old man comes to the physician because of throat pain and increasing difficulty swallowing food for the past 5 months. He has also had episodic left ear pain for the past 3 months. He has hypertension. His only medication is amlodipine. His father died of laryngeal cancer at the age of 55 years. He has smoked one pack of cigarettes daily for 36 years. He drinks 2-3 beers daily. Vital signs are within normal limits. Examination shows left cervical lymphadenopathy. Oropharyngeal examination shows a 3-cm ulcerating left tonsillar mass. Examination of both auditory canals is unremarkable. Which of the following is the most appropriate initial step in management?
A. Esophagoscopy
B. Nasopharyngoscopy
C. Panendoscopy
D. Barium swallow
E. Laryngoscopy
""","৫৬ বছর বয়সী একজন পুরুষ থroat ব্যথা এবং গত ৫ মাস ধরে খাবার গিলতে বাড়তি কষ্টের জন্য ডাক্তারের কাছে আসেন। তিনি গত ৩ মাস ধরে পর্যায়ক্রমে বাম কান ব্যথাও অনুভব করেছেন। তার উচ্চ রক্তচাপ আছে। তার একমাত্র ওষুধ হল আম্লোডিপিন। তার বাবা ৫৫ বছর বয়সে ল্যারিঞ্জিয়াল ক্যান্সার থেকে মারা গেছেন। তিনি ৩৬ বছর ধরে প্রতিদিন একটি প্যাকেট সিগারেট ধূমপান করেন। তিনি দৈনিক ২-৩ বিয়ার পান করেন। জীবনচিহ্ন স্বাভাবিক সীমার মধ্যে আছে। পরীক্ষায় বাম ঘাড়ের লিম্ফেডেনোপ্যাথি দেখা যায়। ওরোফ্যারিঞ্জিয়াল পরীক্ষায় বাম টনসিলের একটি ৩ সেমি আলসারযুক্ত গাঁট দেখা যায়। দুইটি শ্রবণ নালী পরীক্ষা অস্বাভাবিক কিছু দেখায় না। নিম্নলিখিতগুলির মধ্যে কোনটি ব্যবস্থাপনার সর্বোত্তম প্রাথমিক ধাপ?
A. ইসোফ্যাগোসকপি
B. নাসোফ্যারিঞ্জিয়োসকপি
C. প্যানএন্ডোস্কপি
D. বেরিয়াম স্বালো
E. লারিঞ্জোসকপি",,,,,
R0141,"A 4-year-old boy is brought to the physician because of a 5-day history of sore throat and a painful swelling on the left side of his neck that has become progressively larger. He has had pain during swallowing and has refused to eat solid foods for the past 3 days. He immigrated to the United States one year ago from India. His immunization records are unavailable. His family keeps 2 cats as pets. He appears well. He is at the 60th percentile for height and 50th percentile for weight. His temperature is 37.7°C (99.9°F), pulse is 103/min, and blood pressure is 92/60 mm Hg. The oropharynx is erythematous; the tonsils are enlarged with exudates. There is a 3-cm warm, tender, nonfluctuant cervical lymph node on the left side of the neck. His hemoglobin is 12.6 g/dL, leukocyte count is 11,100/mm3, and platelet count is 180,000/mm3. In addition to obtaining a throat swab and culture, which of the following is the most appropriate next step in management?
A. Sulfadiazine and pyrimethamine therapy
B. Incision and drainage
C. Fine-needle aspiration biopsy
D. Clindamycin therapy
E. Tuberculin skin test
F. Immunoglobulin therapy
G. Excisional biopsy
H. Reassurance and follow-up in 2 weeks","একজন ৪ বছর বয়সী ছেলে ডাক্তারের কাছে আনা হয়েছে কারণ তার গলা ব্যথা এবং ঘাড়ের বাম পাশে একটি ব্যথাযুক্ত ফোলা রয়েছে যা পাঁচ দিনের ইতিহাসে ধীরে ধীরে বড় হচ্ছে। তিনি গিলতে গিলে ব্যথা অনুভব করছেন এবং গত তিন দিন ধরে কঠিন খাবার খেতে অস্বীকার করেছেন। তিনি এক বছর আগে ভারত থেকে যুক্তরাষ্ট্রে অভিবাসন করেন। তার টিকাদানের রেকর্ড পাওয়া যায় না। তার পরিবার দুইটি বিড়াল পোষ্য হিসেবে রাখে। তিনি সুস্থ দেখাচ্ছেন। উচ্চতার জন্য তিনি ৬০তম পার্সেন্টাইলে এবং ওজনের জন্য ৫০তম পার্সেন্টাইলে আছেন। তার তাপমাত্রা ৩৭.৭ ডিগ্রি সেলসিয়াস (৯৯.৯ ডিগ্রি ফারেনহাইট), পালস প্রতি মিনিটে ১০৩, এবং রক্তচাপ ৯২/৬০ মিমি পারদ। ওরোফ্যারিংক্স লালচে; টনসিলগুলি এক্সুডেট সহ বড় হয়েছে। ঘাড়ের বাম পাশে একটি ৩ সেন্টিমিটার গরম, সংবেদনশীল, অ-ফ্লাকটুয়েন্ট সার্ভিক্যাল লিম্ফ নোড রয়েছে। তার হিমোগ্লোবিন ১২.৬ গ্রাম প্রতি ডেসিলিটার, সাদা রক্তকণিকা সংখ্যা ১১,১০০ প্রতি ঘন মিলিমিটার, এবং প্লেটলেট সংখ্যা ১৮০,০০০ প্রতি ঘন মিলিমিটার। গলা সুয়াব এবং কালচার নেওয়ার পাশাপাশি, নিম্নলিখিতগুলির মধ্যে কোনটি ব্যবস্থাপনার সর্বোত্তম পরবর্তী ধাপ?
A. সালফাডিয়াজিন এবং পিরিমেথামিন থেরাপি
B. ইনসিশন এবং ড্রেনেজ
C. ফাইন-নিড়ল অ্যাসপিরেশন বায়োপসি
D. ক্লিন্ডামাইসিন থেরাপি
E. টিউবারকুলিন ত্বক পরীক্ষা
F. ইমিউনোগ্লোবুলিন থেরাপি
G. এক্সিসিয়োনাল বায়োপসি
H. আশ্বাস এবং ২ সপ্তাহে ফলো-আপ",,,,,
R0142,"A 51-year-old man is brought to the emergency department because of a 2-day history of fever, abdominal pain, and confusion. His wife states that he has been unable to recall his birthday or her name. He was diagnosed with hepatitis C 3 years ago but refused treatment. He has been treated twice in the past year for acute pancreatitis. There is no family history of serious illness. His only medication is a calcium supplement. He emigrated from India 15 years ago. He appears ill. His temperature is 38.3°C (100.9°F), pulse is 101/min, and blood pressure is 104/68 mm Hg. He is confused and oriented only to person. Examination shows scleral icterus and spider angiomas. There are fine tremors of the hands bilaterally. The abdomen is distended and shifting dullness is present. There is diffuse tenderness to palpation with no guarding. Bowel sounds are absent. Laboratory studies show:
Hemoglobin 12.6 g/dL
Leukocyte count 13,900/mm3
Platelet count 342,000/mm3
Serum
Albumin 2.6 g/dL
Total bilirubin 2.56 mg/dL
Alkaline phosphatase 54 U/L
AST 17 U/L
ALT 44 U/L
Paracentesis is performed. Ascitic fluid analysis shows an albumin concentration of 0.8 g/dL, glucose concentration of 62 mg/dL, and a leukocyte count of 1900/mm3 with 60% neutrophils. Which of the following is the most likely explanation for these findings?""
A. Pancreatic fluid leakage
B. Aseptic peritoneal inflammation
C. Neoplastic growth
D. Bacterial translocation
E. Perforated viscus","৫১ বছর বয়সী একজন পুরুষকে জরুরি বিভাগে আনা হয়েছে কারণ তিনি গত ২-দিনের জ্বর, পেটের ব্যথা এবং বিভ্রান্তির ইতিহাস রয়েছে। তার স্ত্রী জানান যে তিনি নিজের জন্মদিন বা তাঁর নাম স্মরণ করতে পারছেন না। তিন বছর আগে তাকে হেপাটাইটিস সি নির্ণয় করা হয়েছিল কিন্তু চিকিৎসা প্রত্যাখ্যান করেন। গত এক বছরে দুবার তীব্র অগ্ন্যাশয় প্রদাহের জন্য চিকিৎসা নেওয়া হয়েছে। গুরুতর রোগের কোনো পারিবারিক ইতিহাস নেই। তার একমাত্র ওষুধ হল ক্যালসিয়াম সাপ্লিমেন্ট। তিনি ১৫ বছর আগে ভারত থেকে অভিবাসন করেন। তিনি অসুস্থ দেখাচ্ছেন। তার তাপমাত্রা ৩৮.৩ ডিগ্রি সেলসিয়াস (১০০.৯ ডিগ্রি ফারেনহাইট), নাড়ি হল ১০১/মিনিট, এবং রক্তচাপ হল ১০৪/৬৮ মিমি পারদ। তিনি বিভ্রান্ত এবং শুধুমাত্র ব্যক্তির দিকে দিকনির্দেশিত। পরীক্ষায় স্ক্লেরাল জন্ডিস এবং স্পাইডার অ্যানজিওমা দেখা যায়। দুই হাতে সূক্ষ্ম কম্পন দেখা যায়। পেট ফুলে আছে এবং শিফ্টিং ডালনেস উপস্থিত রয়েছে। স্পর্শে বিস্তৃত সংবেদনশীলতা আছে কিন্তু কোনো গার্ডিং নেই। আন্ত্রের শব্দ শোনা যায় না। ল্যাবরেটরি ফলাফল দেখায়: হিমোগ্লোবিন ১২.৬ গ্রাম প্রতি ডেসিলিটার, লিউকোসাইট গণনা ১৩,৯০০/মিলিমিটার ঘন, প্লেটলেট গণনা ৩৪২,০০০/মিলিমিটার ঘন। সিরাম অ্যালবুমিন ২.৬ গ্রাম প্রতি ডেসিলিটার, মোট বিলিরুবিন ২.৫৬ মিলিগ্রাম প্রতি ডেসিলিটার, অ্যালকালাইন ফসফাটেজ ৫৪ ইউনিট প্রতি লিটার, এএসটি ১৭ ইউনিট প্রতি লিটার, এএলটি ৪৪ ইউনিট প্রতি লিটার। প্যারাসেন্টেসিস করা হয়। অ্যাসিটিক তরলের বিশ্লেষণে অ্যালবুমিন ঘনত্ব ০.৮ গ্রাম প্রতি ডেসিলিটার, গ্লুকোজ ঘনত্ব ৬২ মিলিগ্রাম প্রতি ডেসিলিটার, এবং লিউকোসাইট গণনা ১,৯০০/মিলিমিটার ঘন, যেখানে ৬০% নিউট্রোফিল রয়েছে। নিম্নলিখিতগুলির মধ্যে কোনটি এই ফলাফলের সবচেয়ে সম্ভাব্য ব্যাখ্যা?
A. অগ্ন্যাশয়ের তরল লিকেজ
B. নিষ্ক্রিয় পেরিটোনিয়াল প্রদাহ
C. নিওপ্লাস্টিক বৃদ্ধি
D. ব্যাকটেরিয়া ট্রান্সলোকেশন
E. ফাঁস হওয়া ভিস্কাস",,,,,
R0143,"A 36-year-old woman comes to the physician because of difficulty discarding items in her home. She says that the accumulation of things in her kitchen and dining room makes regular use of these spaces incredibly difficult. Her behavior started when she was in high school. She feels anxious when she tries to discard her possessions and her husband tries to clean and organize the home. This behavior frustrates her because most of the items she saves have little emotional or monetary value. She reports that there has been no improvement despite attending cognitive behavioral therapy sessions for the past 6 months. She now feels that her behavior is “taking over” her life. She does not drink, smoke, or use illicit drugs. She takes no medications. Her temperature is 36°C (96.8°F), pulse is 90/min, respirations are 12/min, and blood pressure is 116/80 mm Hg. On mental status examination, she is calm, alert, and oriented to person, place, and time. Her mood is depressed; her speech is organized, logical, and coherent; and there are no psychotic symptoms. Which of the following is the most appropriate next step in management?
A. Atomoxetine
B. Fluoxetine
C. Lamotrigine
D. Buspirone
E. Methylphenidate","একজন ৩৬ বছর বয়সী নারী চিকিৎসকের কাছে আসে কারণ তিনি তার বাড়িতে জিনিস ফেলে দেওয়ার ক্ষেত্রে কঠিনতা অনুভব করছেন। তিনি বলেন যে রান্নাঘর ও ডাইনিং রুমে জিনিসপত্রের সঞ্চয় এই স্থানগুলো নিয়মিত ব্যবহারকে অত্যন্ত কঠিন করে তুলছে। তার আচরণ উচ্চ বিদ্যালয়ে থাকাকালেই শুরু হয়েছিল। তিনি যখন তার সম্পদ ফেলে দেওয়ার চেষ্টা করেন তখন উদ্বিগ্ন বোধ করেন এবং তাঁর স্বামী ঘরটি পরিষ্কার ও সাজাতে চেষ্টা করেন। এই আচরণ তাকে হতাশ করে কারণ তিনি যে অধিকাংশ জিনিস সংরক্ষণ করেন তার আবেগগত বা আর্থিক মূল্য খুব কম। তিনি জানান যে গত ৬ মাস ধরে কগনিটিভ বিহেভিয়োরাল থেরাপি সেশনগুলোতে অংশ নেওয়া সত্ত্বেও কোনো উন্নতি হয়নি। এখন তিনি অনুভব করেন যে তার আচরণ তার জীবনকে ‘দখল’ করে নিচ্ছে। তিনি মদ পান করেন না, ধূমপান করেন না, অথবা অবৈধ ড্রাগ ব্যবহার করেন না। তিনি কোনো ওষুধ গ্রহণ করেন না। তার তাপমাত্রা ৩৬ ডিগ্রি সেলসিয়াস (৯৬.৮ ডিগ্রি ফারেনহাইট), পাল্স ৯০/মিনিট, শ্বাসপ্রশ্বাসের হার ১২/মিনিট, এবং রক্তচাপ ১১৬/৮০ মিমি পারদ। মানসিক অবস্থা পরীক্ষায়, তিনি শান্ত, সজাগ, এবং ব্যক্তি, স্থান ও সময়ের প্রতি দিকনির্দেশিত। তার মেজাজ বিষণ্ন; তার ভাষা সংগঠিত, যুক্তিসঙ্গত, এবং সুসংগত; এবং কোনো সাইকোটিক উপসর্গ নেই। নিম্নলিখিতগুলির মধ্যে কোনটি ব্যবস্থাপনার সর্বোত্তম পরবর্তী পদক্ষেপ হবে?
A. এটোমোক্সিটিন
B. ফ্লুওসেটিন
C. লামোট্রিজিন
D. বাসপিরোন
E. মেথাইলফেনিডেট",,,,,
R0144,"A 34-year-old primigravid woman comes to the physician for a prenatal visit at 37-weeks' gestation because of worsening back pain for 3 weeks. The pain is worse with extended periods of walking, standing, and sitting. She has not had any changes in bowel movements or urination. Her mother has rheumatoid arthritis. Examination of the back shows bilateral pain along the sacroiliac joint area as a posterior force is applied through the femurs while the knees are flexed. She has difficulty actively raising either leg while the knee is extended. Motor and sensory function are normal bilaterally. Deep tendon reflexes are 2+. Babinski sign is absent. Pelvic examination shows a uterus consistent in size with a 37-weeks' gestation. There is no tenderness during abdominal palpation. Which of the following is the most likely explanation for this patient's symptoms?
A. Spinal cord compression
B. Vertebral bone compression fracture
C. Placental abruption
D. Relaxation of the pelvic girdle ligaments
E. Rheumatoid arthritis
F. L5 radiculopathy","একজন ৩৪ বছর বয়সী প্রাইমিগ্রাভিড নারী গর্ভধারণের ৩৭ সপ্তাহে একটি গর্ভকালীন পরিদর্শনের জন্য ডাক্তারের কাছে আসে কারণ গত ৩ সপ্তাহ ধরে পিঠের ব্যথা বাড়ছে। হাঁটা, দাঁড়ানো এবং বসা দীর্ঘ সময়ের জন্য করলে ব্যথা আরও বাড়ে। তার মলত্যাগ বা প্রস্রাবের কোনো পরিবর্তন হয়নি। তার মা রিউমাটয়েড আর্থ্রাইটিস আছে। পিঠের পরীক্ষা দেখায় যে উভয় পাশে স্যাক্রোইলিয়াক জয়েন্ট এলাকায় ব্যথা আছে যখন হাঁটুর গতি বাঁকানো অবস্থায় ফিমার দিয়ে পেছনের দিকে চাপ প্রয়োগ করা হয়। হাঁটু প্রসারিত থাকলে তিনি কোনো একটি পা সক্রিয়ভাবে তুলতে কঠিনতা অনুভব করেন। মোটর ও সংবেদনশীল কার্যকারিতা উভয় পাশে স্বাভাবিক। গভীর টেন্ডন প্রতিফলন ২+। বাবিনস্কি সাইন অনুপস্থিত। পেলভিক পরীক্ষা দেখায় যে গর্ভাশয়টি ৩৭ সপ্তাহের গর্ভধারণের আকারের সাথে সামঞ্জস্যপূর্ণ। বুকের স্পর্শকালে কোনো সংবেদনশীলতা নেই। নিম্নলিখিতগুলির মধ্যে কোনটি এই রোগীর উপসর্গের সবচেয়ে সম্ভাব্য ব্যাখ্যা?
A. মেরুদণ্ডের মজ্জা সংকোচন
B. কশেরুকা হাড়ের সংকোচন ভাঙন
C. প্লাসেন্টাল বিচ্ছিন্নতা
D. পেলভিক গিয়ার্ডলিগামেন্টের শিথিলতা
E. রিউমাটয়েড আর্থ্রাইটিস
F. এল৫ র‍্যাডিকুলোপ্যাথি",,,,,
R0145,"A 32-year-old woman comes to her physician because of increasing back pain for the past 10 months. The pain is worse in the morning when she wakes up and improves with activity. She used to practice yoga, but stopped 5 months ago as bending forward became increasingly difficult. She has also had bilateral hip pain for the past 4 months. She has not had any change in urination. She has celiac disease and eats a gluten-free diet. Her temperature is 37.1°C (98.8°F), pulse is 65/min, respirations are 13/min, and blood pressure is 116/72 mmHg. Examination shows the range of spinal flexion is limited. Flexion, abduction, and external rotation of bilateral hips produces pain. An x-ray of her pelvis is shown. Further evaluation of this patient is likely to show which of the following?
A. High levels of rheumatoid factor
B. HLA-B27 positive genotype
C. Presence of anti-dsDNA antibodies
D. High levels of creatine phosphokinase
E. Presence of anti-Ro and anti-La antibodies
F. HLA-DR3 positive genotype","৩২ বছর বয়সী এক নারী তার ডাক্তারের কাছে আসেন কারণ গত ১০ মাস ধরে পিঠের ব্যথা বাড়ছে। এই ব্যথা সকালে যখন তিনি জাগ্রত হন তখন বেশি তীব্র এবং কার্যকলাপের সঙ্গে কমে যায়। তিনি আগে যোগব্যায়াম করতেন, কিন্তু ৫ মাস আগে থেমে গেছেন কারণ সামনে বেঁকতে পারা ক্রমশ কঠিন হয়ে উঠছিল। এছাড়াও গত ৪ মাস ধরে তার দু'পাশের হিপে ব্যথা রয়েছে। মূত্রত্যাগে কোনো পরিবর্তন ঘটেনি। তিনি সিলিয়াক রোগে আক্রান্ত এবং গ্লুটেন-মুক্ত ডায়েট অনুসরণ করেন। তার তাপমাত্রা ৩৭.১ ডিগ্রি সেলসিয়াস (৯৮.৮ ডিগ্রি ফারেনহাইট), নাড়ি ৬৫/মিনিট, শ্বাসের হার ১৩/মিনিট, এবং রক্তচাপ ১১৬/৭২ মিমি পারদ। পরীক্ষায় দেখা যায় যে স্পাইনাল ফ্লেক্সনের পরিসীমা সীমিত। দু'পাশের হিপের ফ্লেক্সন, এবডাকশন ও এক্সটার্নাল রোটেশন ব্যথা সৃষ্টি করে। তার পেলভিসের এক্স-রে দেখানো হয়েছে। এই রোগীর অতিরিক্ত মূল্যায়নে সম্ভবত নিম্নলিখিত কোনটি দেখা যাবে?
A. রিউমাটয়েড ফ্যাক্টরের উচ্চ মাত্রা
B. এইচএলএ-বি২৭ পজিটিভ জিনোটাইপ
C. অ্যান্টি-ডিএসডিএনএ অ্যান্টিবডির উপস্থিতি
D. ক্রিয়েটিন ফসফোকাইনেজের উচ্চ মাত্রা
E. অ্যান্টি-রো এবং অ্যান্টি-লা অ্যান্টিবডির উপস্থিতি
F. এইচএলএ-ডিআর৩ পজিটিভ জিনোটাইপ",,,,,
R0146,"Three days after undergoing an open cholecystectomy, an obese 57-year-old woman has fever, chills, and a headache. She has right-sided chest pain that increases on inspiration and has had a productive cough for the last 12 hours. She had an episode of hypotension after the operation that resolved with intravenous fluid therapy. She underwent an abdominal hysterectomy 16 years ago for multiple fibroids of the uterus. She has smoked one pack of cigarettes daily for 17 years. She appears uncomfortable. Her temperature is 39°C (102.2°F), pulse is 98/min, respirations are 18/min, and blood pressure is 128/82 mm Hg. Inspiratory crackles are heard at the right lung base. The abdomen is soft and nontender. There is a healing surgical incision below the right ribcage. The remainder of the examination shows no abnormalities. Which of the following is the most likely diagnosis?
A. Congestive heart failure
B. Pulmonary embolism
C. Subphrenic abscess
D. Pneumonia
E. Atelectasis
F. Pneumothorax","ওপেন কোলেসিস্টেকটোমি করার তিন দিন পর, ৫৭ বছর বয়সী স্থূল একজন নারী জ্বর, শিহরণ, এবং মাথাব্যথা অনুভব করছেন। তিনি ডান পাশে বুকের ব্যথা পেয়েছেন যা শ্বাস নেওয়ার সময় বাড়ে এবং গত ১২ ঘণ্টায় উৎপাদনশীল কাশি হয়েছে। অপারেশনের পরে রক্তচাপ হ্রাসের একটি ঘটনা ঘটেছিল যা শিরাপথে তরল থেরাপি দিয়ে সমাধান হয়েছে। তিনি ১৬ বছর আগে গর্ভাশয়ের বহু ফাইব্রয়েডের জন্য অ্যাবডোমিনাল হিস্টেরেকটমি করিয়েছিলেন। তিনি ১৭ বছর ধরে প্রতিদিন এক প্যাকেট সিগারেট ধূমপান করেছেন। তিনি অস্বস্তিকর দেখাচ্ছেন। তার তাপমাত্রা ৩৯ ডিগ্রি সেলসিয়াস (১০২.২ ডিগ্রি ফারেনহাইট), পাল্স প্রতি মিনিটে ৯৮, শ্বাসপ্রশ্বাস প্রতি মিনিটে ১৮, এবং রক্তচাপ ১২৮/৮২ মিমি পারদ। ডান ফুসফুসের ভিত্তিতে ইনস্পিরেটরি ক্র্যাকলস শোনা যায়। পেট নরম এবং অসংবেদনশীল। ডান রিবকেজের নিচে একটি নিরাময়প্রাপ্ত সার্জিক্যাল ইনসিশন রয়েছে। পরীক্ষার বাকি অংশে কোনো অস্বাভাবিকতা দেখা যায় না। নিম্নলিখিতগুলির মধ্যে কোনটি সবচেয়ে সম্ভাব্য নির্ণয়?
A. কংজেস্টিভ হার্ট ফেলিওর
B. পালমোনারি এমবোলিজ়ম
C. সাবফ্রেনিক অ্যাবসেস
D. নিউমোনিয়া
E. এটেলেকটাসিস
F. পনিউমোথোর্যাক্স",,,,,
R0147,"A 2-year-old boy is brought to the physician for the evaluation of fever, difficulty breathing, and coughing for the past week. In the past year, he has had four sinus infections, three upper respiratory tract infections, and an episode of severe bronchiolitis requiring hospitalization. Since birth, he has had multiple episodes of oral thrush treated with nystatin, as well as chronic diarrhea and failure to thrive. His temperature is 38.0°C (100.4°F), pulse is 130/min, respirations are 38/min, and blood pressure is 106/63 mm Hg. Pulse oximetry on room air shows an oxygen saturation of 88%. Auscultation of the lungs show bilateral crackles and wheezing. Examination shows a prominent nasal bridge, hypoplastic wing of the nose, a shortened chin, and dysplastic ears. An x-ray of the chest shows hyperinflation of the lungs, interstitial infiltrates, and atelectasis. A nasopharyngeal aspirate test for respiratory syncytial virus (RSV) is positive. This patient most likely has a deficiency of which of the following?
A. B cells
B. Complement components C5-C9
C. T cells
D. Immunoglobulin A
E. Interleukin-12 receptor
F. B and T cells
G. Leukocyte adhesion
""","একটি ২ বছর বয়সী ছেলে জ্বর, শ্বাসকষ্ট এবং গত সপ্তাহ থেকে কাশির মূল্যায়নের জন্য ডাক্তারের কাছে আনা হয়েছে। গত বছরে, তার চারটি সাইনাস সংক্রমণ, তিনটি উপরের শ্বাসনালী সংক্রমণ এবং হাসপাতালে ভর্তি প্রয়োজনীয় তীব্র ব্রঙ্কিওলাইটিসের একটি পর্ব হয়েছে। জন্মের পর থেকে, তাকে নিস্টাটিন দিয়ে চিকিৎসা করা বহুবার মুখের থ্রাশ হয়েছে, পাশাপাশি দীর্ঘস্থায়ী ডায়রিয়া এবং বৃদ্ধি ব্যর্থতা। তার তাপমাত্রা ৩৮.০ ডিগ্রি সেলসিয়াস (১০০.৪ ডিগ্রি ফারেনহাইট), পাল্স ১৩০ প্রতি মিনিট, শ্বাসপ্রশ্বাস ৩৮ প্রতি মিনিট, এবং রক্তচাপ ১০৬/৬৩ মিমি পারদ। রুম এয়ারে পালস অক্সিমেট্রি দেখায় যে অক্সিজেন স্যাচুরেশন ৮৮%। ফুসফুসের শ্রবণ পরীক্ষা দেখায় দ্বিপাক্ষিক ক্র্যাকল এবং শিস শব্দ। পরীক্ষায় একটি উজ্জ্বল নাসা সেতু, নাকের ক্ষুদ্র পাখি (ডানা), সংক্ষিপ্ত চিবুক এবং বিকৃত কানের উপস্থিতি দেখা যায়। এক্স-রে চেস্টে ফুসফুসের অতিরিক্ত বায়ু ভর্তি, ইন্টারস্টিশিয়াল ইনফিলট্রেট এবং এটেলেক্টেসিস দেখা যায়। শ্বাসযন্ত্রের সিঙ্কিটিয়াল ভাইরাস (আরএসভি) এর জন্য নাসোফ্যারিঞ্জিয়াল অ্যাসপিরেট টেস্ট পজিটিভ। এই রোগীর সবচেয়ে বেশি সম্ভাবনা রয়েছে নিম্নলিখিতগুলির মধ্যে কোনটির ঘাটতি আছে?
A. বি কোষ
B. কমপ্লিমেন্ট উপাদান সি৫-সি৯
C. টি কোষ
D. ইমিউনোগ্লোবুলিন এ
E. ইন্টারলুকিন-১২ রিসেপ্টর
F. বি এবং টি কোষ
G. লিউকোসাইট আডহেশন",,,,,
R0148,"A 51-year-old man comes to the physician because of a 1-day history of progressive pain, excessive tearing, and blurry vision of his right eye. He first noticed his symptoms last evening while he was watching a movie at a theater. His left eye is asymptomatic. He wears contact lenses. He has atopic dermatitis treated with topical hydrocortisone. His temperature is 37°C (98.6°F), pulse is 85/min, and blood pressure is 135/75 mm Hg. Examination shows a visual acuity in the left eye of 20/25 and 20/40 in the right eye. The right eye shows conjunctival injection and an edematous cornea with a whitish exudate at the bottom of the anterior chamber. Fluorescein staining shows a round corneal infiltrate. Which of the following is the most appropriate pharmacotherapy?
A. Topical ketorolac and artificial tears
B. Oral acyclovir
C. Topical ofloxacin
D. Topical timolol and pilocarpine
E. Topical prednisolone
F. Topical ganciclovir","একজন ৫১ বছর বয়সী পুরুষ ডাক্তারের কাছে আসে কারণ তার ডান চোখে এক-দিনের অগ্রগতিশীল ব্যথা, অতিরিক্ত অশ্রুপাত এবং ঝাপসা দৃষ্টির ইতিহাস রয়েছে। তিনি প্রথম তার উপসর্গগুলি গত সন্ধ্যায় লক্ষ্য করেন যখন তিনি থিয়েটারে একটি সিনেমা দেখছিলেন। তার বাম চোখে কোনো লক্ষণ নেই। তিনি কন্ট্যাক্ট লেন্স পরিধান করেন। তার এটোপিক ডার্মাটাইটিস রয়েছে যা টপিক্যাল হাইড্রোকর্টিসোন দিয়ে চিকিৎসা করা হয়। তার তাপমাত্রা ৩৭ ডিগ্রি সেলসিয়াস (৯৮.৬ ডিগ্রি ফারেনহাইট), পাল্স প্রতি মিনিটে ৮৫, এবং রক্তচাপ ১৩৫/৭৫ মিমি পারদ। পরীক্ষায় বাম চোখের দৃষ্টিশক্তি ২০/২৫ এবং ডান চোখের দৃষ্টিশক্তি ২০/৪০ দেখা যায়। ডান চোখে কনজাংটিভাল ইনজেকশন এবং এডিমাটাস কর্নিয়া রয়েছে যার নিচের অ্যান্টেরিয়র চেম্বারের তলায় সাদা রঙের এক্সুডেট আছে। ফ্লুরোসিন স্টেইনিং একটি গোলাকার কর্নিয়াল ইনফিলট্রেট দেখায়। নিম্নলিখিতগুলির মধ্যে কোনটি সবচেয়ে উপযুক্ত ফার্মাকোথেরাপি?
A. টপিক্যাল কেটোরোল্যাক এবং কৃত্রিম অশ্রু
B. ওরাল অ্যাসাইক্লোভির
C. টপিক্যাল অফ্লোক্সাসিন
D. টপিক্যাল টিমোলল এবং পিলোকার্পাইন
E. টপিক্যাল প্রেডনিসোন
F. টপিক্যাল গ্যানসিক্লোভির",,,,,
R0149,"A 37-year-old woman comes to the physician because of a 2-week history of palpitations and loose stools. She has had a 2.3-kg (5-lb) weight loss over the past month. She has had no change in appetite. She has no history of serious illness. She works in accounting and has been under more stress than usual lately. She takes no medications. She appears pale. Her temperature is 37.8°C (100.1°F), pulse is 110/min, respirations are 20/min, and blood pressure is 126/78 mm Hg. Cardiopulmonary examination shows no abnormalities. The abdomen is soft and nontender. There is a bilateral hand tremor with outstretched arms and a palpable thyroid nodule in the left lobe. Serum laboratory studies show a thyroid stimulating hormone level of 0.03 μU/mL and a thyroxine level of 28 μg/dL. A radioactive iodine uptake scan shows enhancement in a 3-cm encapsulated nodule in the lower left lobe with decreased uptake in the remaining gland. Which of the following is the most likely diagnosis?
A. Thyroid storm
B. Riedel's thyroiditis
C. Papillary carcinoma
D. Graves' disease
E. Toxic adenoma
F. Goiter
""","৩৭ বছর বয়সী এক নারী রোগীর কাছে দুই সপ্তাহের হৃদকম্পন এবং তরল মলের ইতিহাসে আসেন। তিনি গত মাসে ২.৩ কেজি (৫-পাউন্ড) ওজন হ্রাস করেছেন। তার ক্ষুধায় কোনো পরিবর্তন হয়নি। গুরুতর রোগের কোনো ইতিহাস নেই। তিনি হিসাবরক্ষণ বিভাগে কাজ করেন এবং সম্প্রতি সাধারণের চেয়ে বেশি চাপের মধ্যে ছিলেন। তিনি কোনও ওষুধ গ্রহণ করছেন না। তিনি ফিকে দেখাচ্ছেন। তার তাপমাত্রা ৩৭.৮ ডিগ্রি সেলসিয়াস (১০০.১ ডিগ্রি ফারেনহাইট), নাড়ি প্রতি মিনিটে ১১০, শ্বাসপ্রশ্বাস প্রতি মিনিটে ২০, এবং রক্তচাপ ১২৬/৭৮ মিমি পারদ। কার্ডিওফুসের পরীক্ষায় কোনো অস্বাভাবিকতা দেখা যায়নি। পেট নরম ও ব্যথাহীন। দুই পাশে হাত প্রসারিত অবস্থায় কাঁপুনি রয়েছে এবং বাম লোবে একটি স্পর্শযোগ্য থাইরয়েড গুঁড়ি আছে। সিরাম গবেষণায় থাইরয়েড স্টিমুলেটিং হরমোনের স্তর ০.০৩ মাইক্রোইউনিট/মিলিলিটার এবং থাইরক্সিনের স্তর ২৮ মাইক্রোগ্রাম/ডেসিলি লিটার দেখা গেছে। রেডিওঅ্যাকটিভ আয়োডিন আপটেক স্ক্যানে নিম্ন বাম লোবের একটি ৩-সেন্টিমিটার এনক্যাপসুলেটেড গুঁড়িতে বৃদ্ধি এবং অবশিষ্ট গ্রন্থিতে হ্রাসপ্রাপ্ত আপটেক দেখা গেছে। নিম্নলিখিতগুলির মধ্যে কোনটি সবচেয়ে সম্ভাব্য নির্ণয়?
A. থাইরয়েড স্টর্ম
B. রিডেলস থাইরয়েডাইটিস
C. প্যাপিলারি কার্সিনোমা
D. গ্রেভস রোগ
E. টক্সিক অ্যাডেনোমা
F. গোইটার",,,,,
R0150,"A 33-year-old man comes to the physician because of decreased hearing in his right ear for the past 4 months. During this period, he has also had multiple episodes of dizziness and a constant ringing noise in his right ear. Over the past 5 weeks, he has also noticed scant amounts of right-sided ear discharge. He has a history of multiple ear infections since childhood that were treated with antibiotics. Vital signs are within normal limits. Otoscopic examination shows a white pearly mass behind the right tympanic membrane. Placing a 512 Hz tuning fork in the center of the forehead shows lateralization to the right ear. Which of the following is the most appropriate therapy for this patient's symptoms?
A. Topical ciprofloxacin
B. Radiation therapy
C. Systemic corticosteroids
D. Fitting for hearing aids
E. Surgical excision","৩৩-বছর-বয়সী একজন পুরুষ রোগীর কাছে যান কারণ তার ডান কানে গত ৪ মাস ধরে শোনার ক্ষমতা কমে গেছে। এই সময়কালে, তিনি ডান কানে একাধিক মাথা ঘোরা এবং একটি স্থায়ী ঘণ্টি বাজার শব্দের অভিজ্ঞতা পেয়েছেন। গত ৫ সপ্তাহে, তিনি ডান পাশে কানের নিঃসরণ খুব কম পরিমাণে লক্ষ্য করেছেন। শৈশব থেকে তার বহু কানের সংক্রমণের ইতিহাস রয়েছে যা অ্যান্টিবায়োটিক দিয়ে চিকিৎসা করা হয়েছে। জীবনচিহ্নগুলি স্বাভাবিক সীমার মধ্যে আছে। কর্ণদর্শী পরীক্ষায় ডান টিম্প্যানিক মেমব্রেনের পেছনে সাদা মুক্তা সদৃশ গঠন দেখা যায়। মাথার মাঝখানে ৫১২ হার্টজের টিউনিং ফর্ক রাখলে ডান কানে ল্যাটারালাইজেশন দেখা যায়। নিম্নলিখিতগুলির মধ্যে কোনটি এই রোগীর উপসর্গের জন্য সবচেয়ে উপযুক্ত থেরাপি?
A. স্থানীয় সিপ্রোফ্লক্সাসিন
B. বিকিরণ থেরাপি
C. সার্বিক কর্টিকোস্টেরয়েড
D. শ্রবণ যন্ত্রের ফিটিং
E. শল্যচিকিত্সা দ্বারা অপসারণ",,,,,
R0151,"A 23-year-old primigravid woman comes to the physician at 36 weeks' gestation for her first prenatal visit. She confirmed the pregnancy with a home urine pregnancy kit a few months ago but has not yet followed up with a physician. She takes no medications. Vital signs are within normal limits. Pelvic examination shows a uterus consistent in size with a 36-week gestation. Laboratory studies show:
Hemoglobin 10.6 g/dL
Serum
Glucose 88 mg/dL
Hepatitis B surface antigen negative
Hepatitis C antibody negative
HIV antibody positive
HIV load 11,000 copies/mL (N < 1000 copies/mL)
Ultrasonography shows an intrauterine fetus consistent in size with a 36-week gestation. Which of the following is the most appropriate next step in management of this patient?""
A. Intrapartum zidovudine and vaginal delivery when labor occurs
B. Start cART and schedule cesarean delivery at 38 weeks' gestation
C. Start cART and prepare for vaginal delivery at 38 weeks' gestation
D. Intrapartum zidovudine and cesarean delivery at 38 weeks' gestation
E. Prepare for vaginal delivery at 38 weeks' gestation
F. Conduct cesarean delivery immediately","একজন ২৩ বছর বয়সী প্রাইমিগ্রাভিড নারী গর্ভধারণের ৩৬ সপ্তাহে তার প্রথম গর্ভকালীন পরিদর্শনের জন্য ডাক্তারের কাছে আসে। তিনি কয়েক মাস আগে ঘরে তৈরি মূত্র গর্ভধারণ কিট দিয়ে গর্ভাবস্থা নিশ্চিত করেছিলেন কিন্তু এখনও ডাক্তারের সঙ্গে ফলো-আপ করেননি। তিনি কোনো ওষুধ গ্রহণ করছেন না। জীবনচিহ্ন স্বাভাবিক সীমার মধ্যে রয়েছে। পেলভিক পরীক্ষা দেখায় গর্ভাশয়টি ৩৬ সপ্তাহের গর্ভধারণের আকারের সঙ্গে সামঞ্জস্যপূর্ণ। ল্যাবরেটরি পরীক্ষায় দেখা যায়:
হিমোগ্লোবিন ১০.৬ গ্রাম/ডেসিলিটার
সিরাম গ্লুকোজ ৮৮ মিলিগ্রাম/ডেসিলিটার
হেপাটাইটিস বি সারফেস অ্যান্টিজেন নেতিবাচক
হেপাটাইটিস সি অ্যান্টিবডি নেতিবাচক
এইচআইভি অ্যান্টিবডি ধনাত্মক
এইচআইভি লোড ১১,০০০ কপি/মিলিলিটার (N < ১,০০০ কপি/মিলিলিটার)
আল্ট্রাসাউন্ডগ্রাফি দেখায় একটি ইনট্রা-ইউটারিন ভ্রূণ যা ৩৬ সপ্তাহের গর্ভধারণের আকারের সঙ্গে সামঞ্জস্যপূর্ণ। নিম্নলিখিতগুলির মধ্যে কোনটি এই রোগীর ব্যবস্থাপনার সর্বোত্তম পরবর্তী ধাপ?
A. ইনট্রাপার্টাম জিডোভিডিন এবং যখন শ্রম শুরু হয় তখন যোনি মাধ্যমে প্রসব
B. সিএআরটি আরম্ভ করুন এবং গর্ভধারণের ৩৮ সপ্তাহে সিজারিয়ান প্রসব নির্ধারণ করুন
C. সিএআরটি আরম্ভ করুন এবং গর্ভধারণের ৩৮ সপ্তাহে যোনি মাধ্যমে প্রসবের জন্য প্রস্তুত হন
D. ইনট্রাপার্টাম জিডোভিডিন এবং গর্ভধারণের ৩৮ সপ্তাহে সিজারিয়ান প্রসব
E. গর্ভধারণের ৩৮ সপ্তাহে যোনি মাধ্যমে প্রসবের জন্য প্রস্তুত হন
F. তাৎক্ষণিকভাবে সিজারিয়ান প্রসব সম্পন্ন করুন",,,,,
R0152,"An otherwise healthy 28-year-old woman comes to the physician because of a 14-day history of a painful red nodules on her legs associated with malaise and mild joint pains. She reports that the nodules were initially smaller and distinct but some have fused together over the past 3-4 days and now appear like bruises. There is no preceding history of fever, trauma, or insect bites. Her vital signs are within normal limits. A photograph of the tender lesions on her shins is shown. The remainder of the examination shows no abnormalities. Complete blood count and antistreptolysin O (ASO) titers are within the reference range. Erythrocyte sedimentation rate is 30 mm/h. Which of the following is the most appropriate next step in management ?
A. Oral amoxicillin
B. Oral isoniazid
C. Antinuclear antibodies
D. X-ray of the chest
E. Stool culture
F. Skin biopsy
G. Triamcinolone injection","একজন অন্যথায় সুস্থ ২৮-বছর বয়সী নারী ডাক্তারের কাছে আসে কারণ তার পা-তে ব্যথাযুক্ত লাল গাঁটা নিয়ে ১৪ দিনের ইতিহাস রয়েছে, যা অস্বস্তি এবং হালকা জোড়া ব্যথার সঙ্গে যুক্ত। তিনি জানান যে গাঁটাগুলো প্রথমে ছোট এবং পৃথক ছিল কিন্তু কিছু গত ৩-৪ দিনে একসাথে যুক্ত হয়ে এখন নীলচে দাগের মতো দেখায়। তাপমাত্রা, আঘাত অথবা পোকামাকড়ের কামড়ের পূর্বে কোনো ইতিহাস নেই। তার গুরুত্বপূর্ণ চিহ্নগুলো স্বাভাবিক সীমার মধ্যে রয়েছে। তার গোড়ালির সংবেদনশীল ক্ষতগুলোর একটি ফটো দেখানো হয়েছে। পরীক্ষার বাকি অংশে কোনো অস্বাভাবিকতা দেখা যায় না। সম্পূর্ণ রক্ত গণনা এবং অ্যান্টিস্ট্রেপটোলাইসিন ও (এএসও) টাইটারগুলো রেফারেন্স সীমার মধ্যে রয়েছে। ইরিথ্রোসাইট সেডিমেন্টেশন রেট ৩০ মিমি/ঘণ্টা। নিচের কোনটি ব্যবস্থাপনার সর্বোত্তম পরবর্তী ধাপ হবে?
A. মৌখিক অ্যামোক্সিসিলিন
B. মৌখিক আইসোনিয়াজিড
C. অ্যান্টিনুক্লিয়ার অ্যান্টিবডি
D. বক্ষের এক্স-রে
E. মল সংস্কৃতি
F. ত্বক বায়োপসি
G. ট্রিয়ামসিনোলোন ইনজেকশন",,,,,
R0153,"A 3-year-old boy is brought to the physician because of a 1-day history of abdominal pain and frequent urination. His mother reports that the patient has wet his bed overnight and that his urine smelled odd this morning. He has been toilet trained for 4 months and has had very few accidents since then. His last bowel movement was 3 days ago. He was born at term after a normal gestation and has reached all developmental milestones. His parents divorced 4 months ago and the patient's father has moved away. The patient began preschool 6 weeks ago. During this period, he has had two upper respiratory infections that resolved without treatment. His 12-year-old brother has type 1 diabetes mellitus. Vital signs are within normal limits. Physical examination of the abdomen shows mild suprapubic tenderness. Urine dipstick is positive for leukocyte esterase, nitrite, and blood; urinalysis shows white blood cells and gram-negative rods. Which of the following is the most likely predisposing factor for this patient's condition?
A. Social stressors
B. Constipation
C. Posterior urethral valves
D. Respiratory tract infection
E. Family history of diabetes mellitus","একজন ৩ বছর বয়সী ছেলেকে ডাক্তারের কাছে আনা হয়েছে, যেহেতু তিনি একদিন ধরে পেটে ব্যথা ও বারবার মূত্রত্যাগের অভিযোগ করছেন। তার মা জানান যে রোগী রাতে বিছানা ভেজিয়ে ফেলেছেন এবং আজ সকালে তার মূত্রে অদ্ভুত গন্ধ ছিল। তিনি গত ৪ মাস ধরে টয়লেট প্রশিক্ষণপ্রাপ্ত এবং তারপর থেকে খুব কমই দুর্ঘটনা ঘটেছে। তার শেষ মলত্যাগ ছিল ৩ দিন আগে। তিনি স্বাভাবিক গর্ভধারণের পর পূর্ণ সময়ে জন্মগ্রহণ করেন এবং সব বিকাশগত লক্ষ্য অর্জন করেছেন। তার বাবা-মা ৪ মাস আগে বিচ্ছিন্ন হন এবং রোগীর পিতা চলে গেছেন। রোগী ৬ সপ্তাহ আগে প্রি-স্কুলে ভর্তি হয়েছিলেন। এই সময়কালে তিনি দুইটি উপরের শ্বাসযন্ত্র সংক্রমণ পেয়েছেন যা কোনো চিকিৎসা ছাড়াই সেরে গিয়েছে। তার ১২ বছরের ভাই টাইপ ১ ডায়াবেটিসে আছে। জীবনচিহ্নগুলো স্বাভাবিক সীমার মধ্যে রয়েছে। পেটের শারীরিক পরীক্ষায় হালকা সুপ্রাপিউবিক সংবেদনশীলতা দেখা যায়। মূত্র ডিপস্টিক লিউকোসাইট এস্টেরেজ, নাইট্রাইট এবং রক্তের জন্য পজিটিভ দেখায়; মূত্র বিশ্লেষণে সাদা রক্তকণিকা ও গ্রাম-নেগেটিভ রড দেখা যায়। উপরের কোনটি এই রোগীর অবস্থার সবচেয়ে সম্ভাব্য পূর্বপ্রবণ কারণ হতে পারে?
A. সামাজিক চাপ
B. কোষ্ঠকাঠিন্য
C. পোস্টেরিয়র ইউরেথ্রাল ভালভস
D. শ্বাসযন্ত্র সংক্রমণ
E. ডায়াবেটিসের পারিবারিক ইতিহাস",,,,,
R0154,"A 43-year-old woman comes to the physician because of a 3-month history of a painless ulcer on the sole of her right foot. There is no history of trauma. She has been dressing the ulcer once daily at home with gauze. She has a 15-year history of poorly-controlled type 1 diabetes mellitus and hypertension. Current medications include insulin and lisinopril. Vital signs are within normal limits. Examination shows a 2 x 2-cm ulcer on the plantar aspect of the base of the great toe with whitish, loose tissue on the floor of the ulcer and a calloused margin. A blunt metal probe reaches the deep plantar space. Sensation to vibration and light touch is decreased over both feet. Pedal pulses are intact. An x-ray of the right foot shows no abnormalities. Which of the following is the most appropriate initial step in management?
A. Total contact casting of right foot
B. Amputation of the right forefoot
C. Increase frequency of dressing change
D. Intravenous antibiotic therapy
E. Sharp surgical debridement of the ulcer
F. Surgical revascularization of the right foot","একজন ৪৩ বছর বয়সী নারী ডাক্তারের কাছে আসেন কারণ তার ডান পায়ের তলদেশে ব্যথা না থাকা আলসার তিন মাসের ইতিহাস রয়েছে। আঘাতের কোনো ইতিহাস নেই। তিনি বাড়িতে গজ দিয়ে আলসারটি প্রতিদিন একবার ড্রেসিং করছেন। তার ১৫ বছরের ইতিহাস রয়েছে খারাপভাবে নিয়ন্ত্রিত টাইপ ১ ডায়াবেটিস এবং উচ্চ রক্তচাপের। বর্তমান ওষুধগুলোর মধ্যে রয়েছে ইনসুলিন এবং লিসিনোপ্রিল। জীবনচিহ্নগুলো স্বাভাবিক সীমার মধ্যে আছে। পরীক্ষায় দেখা যায় বড় আঙুলের ভিত্তির প্ল্যান্টার দিকের উপর একটি ২ × ২ সেন্টিমিটার আলসার, যার তলদেশে সাদা রঙের ঢিলা টিস্যু এবং কলাসযুক্ত প্রান্ত রয়েছে। একটি নরম ধাতব প্রোব গভীর প্ল্যান্টার স্থানে পৌঁছায়। কম্পন এবং হালকা স্পর্শের অনুভূতি উভয় পায়ে কমে গেছে। পেডাল পালস অক্ষত আছে। ডান পায়ের এক্স-রে কোনো অস্বাভাবিকতা দেখায় না। নিম্নলিখিতগুলোর মধ্যে কোনটি ব্যবস্থাপনার সর্বোত্তম প্রাথমিক পদক্ষেপ হবে?
A. ডান পায়ের সম্পূর্ণ সংস্পর্শ কাস্টিং
B. ডান ফরফুটের অপসারণ
C. ড্রেসিং পরিবর্তনের ফ্রিকোয়েন্সি বাড়ানো
D. শিরাপথে অ্যান্টিবায়োটিক থেরাপি
E. আলসারের তীক্ষ্ণ শল্যচিকিত্সা ডিব্রাইডমেন্ট
F. ডান পায়ের শল্যচিকিত্সা রিভাস্কুলারাইজেশন",,,,,
R0155,"A 30-year-old African American woman comes to the physician for the evaluation of a dry cough and chest discomfort for the past 3 days. During this period, the patient has had headaches, muscle aches, joint pain, fever, and chills. Ten days ago, she was hiking with her family in Mississippi. The patient has asthma that is treated with an albuterol inhaler. Her mother has a lung disease treated with methotrexate. The patient has smoked one pack of cigarettes daily for the past 10 years. Her temperature is 38°C (100.4°F). Physical examination shows slight wheezes throughout both lung fields. Laboratory studies and urinalysis are positive for polysaccharide antigen. Bronchoalveolar lavage using silver/PAS-staining shows macrophages filled with a dimorphic fungus with septate hyphae. Which of the following is the most likely cause of this patient's symptoms?
A. Paracoccidioides brasiliensis infection
B. Sarcoidosis
C. Legionella pneumophila infection
D. Coccidioides immitis infection
E. Aspergillus fumigatus infection
F. Pneumocystis pneumonia
G. Histoplasma capsulatum infection
H. Blastomyces dermatitidis infection","৩০ বছর বয়সী আফ্রিকান আমেরিকান নারী শুষ্ক কাশি এবং বুকের অস্বস্তি গত ৩ দিন ধরে মূল্যায়নের জন্য চিকিৎসকের কাছে আসেন। এই সময়কালে রোগীর মাথাব্যথা, পেশীর ব্যথা, সংযোগস্থলের ব্যথা, জ্বর এবং কম্পন হয়েছে। ১০ দিন আগে তিনি মিসিসিপিতে তার পরিবারসহ হাইকিং করছিলেন। রোগীর হাঁপানি আছে যা অ্যালবুটেরল ইনহেলার দিয়ে চিকিৎসা করা হয়। তার মায়ের মেথোট্রেক্সেট দিয়ে চিকিৎসিত একটি ফুসফুস রোগ রয়েছে। রোগী গত ১০ বছর ধরে প্রতিদিন এক প্যাকেট সিগারেট ধূমপান করেছেন। তার তাপমাত্রা ৩৮ ডিগ্রি সেলসিয়াস (১০০.৪ ডিগ্রি ফারেনহাইট)। শারীরিক পরীক্ষায় উভয় ফুসফুস ক্ষেত্র জুড়ে সামান্য শ্বাসের শব্দ শোনা যায়। ল্যাবরেটরি পরীক্ষা এবং মূত্র বিশ্লেষণে পলিস্যাক্যারাইড অ্যান্টিজেনের জন্য পজিটিভ ফলাফল দেখা গেছে। সিলভার/পিএএস-স্টেইনিং ব্যবহার করে ব্রঙ্কোআলভিওলার ল্যাভেজে ম্যাক্রোফেজগুলোতে সেপটেট হাইফা সহ ডিমরফিক ফাঙ্গাস ভর্তি দেখা যায়। নিম্নের মধ্যে কোনটি এই রোগীর উপসর্গের সবচেয়ে সম্ভাব্য কারণ?
A. প্যারাকোক্সিডিওইডেস ব্রাসিলিয়েন্সিস সংক্রমণ
B. সারকয়েডোসিস
C. লেজিওনেলা নিউমোফিলা সংক্রমণ
D. কোক্সিডিওইডেস ইমিটিস সংক্রমণ
E. অ্যাসপারজিলাস ফিউমিগাটাস সংক্রমণ
F. প্নিউমোসিস্টিস নিউমোনিয়া
G. হিস্টোপ্লাজমা ক্যাপসুলাটাম সংক্রমণ
H. ব্লাস্টোমাইসেস ডার্মাটিটিডিস সংক্রমণ",,,,,
R0156,"Three weeks after birth, an infant girl develops episodes of apnea. She has become increasingly lethargic over the past two days, and experienced two episodes of apnea lasting 10 seconds each within the last day. She was born at 31 weeks of gestation and weighed 1600-g (3-lb 8-oz). Apgar scores were 4 and 7 at 1 and 5 minutes, respectively. She takes no medications. Her temperature is 36.7°C (98.0°F), pulse is 185/min, respirations are 60/min and irregular, and blood pressure is 70/35 mm Hg. She appears pale. Physical examination shows no abnormalities. Laboratory studies show a hemoglobin of 6.5 g/dL, a reticulocyte count of 0.5%, and a mean corpuscular volume of 92 μm3. Leukocyte count, platelet count, total bilirubin and indirect bilirubin are all within reference range. Which of the following is the most likely underlying mechanism of this patient's anemia?
A. Impaired synthesis of hemoglobin β-chain
B. Defective δ-aminolevulinic acid synthase
C. Bone marrow suppression
D. Glucose-6-phosphate dehydrogenase deficiency
E. Iron deficiency
F. Impaired erythropoietin production","৩ সপ্তাহ পরে জন্মের, একটি শিশুকন্যা এপনিয়া এর পর্ব বিকাশ করে। তিনি গত ২ দিন ধরে ক্রমবর্ধমান অলস হয়ে উঠেছেন, এবং শেষ দিনে প্রত্যেকটি ১০ সেকেন্ড স্থায়ী দুইটি এপনিয়া পর্ব অভিজ্ঞতা করেছেন। তিনি গর্ভধারণের ৩১ সপ্তাহে জন্মগ্রহণ করেন এবং ওজন ছিল ১৬০০-গ্রাম (৩-পাউন্ড ৮-আউন্স)। অ্যাপগার স্কোর ছিল ৪ এবং ৭ যথাক্রমে ১ এবং ৫ মিনিটে। তিনি কোনো ওষুধ গ্রহণ করেন না। তার তাপমাত্রা ৩৬.৭ ডিগ্রি সেলসিয়া (৯৮.০ ডিগ্রি ফারেনহাইট), পাল্স ১৮৫/মিনিট, শ্বাসপ্রশ্বাস ৬০/মিনিট এবং অনিয়মিত, এবং রক্তচাপ ৭০/৩৫ মিমি পারদ। তিনি ফিকেনা দেখাচ্ছেন। দেহপরীক্ষায় কোনো অস্বাভাবিকতা দেখা যায় না। ল্যাবরেটরি গবেষণায় হিমোগ্লোবিন ৬.৫ গ্রাম/ডিএল, রেটিকুলোসাইট গণনা ০.৫%, এবং গড় কোষীয় আয়তন ৯২ মাইক্রোমিটার ঘন পাওয়া গেছে। লিউকোসাইট গণনা, প্লেটলেট গণনা, মোট বিলিরুবিন এবং পরোক্ষ বিলিরুবিন সবই রেফারেন্স সীমার মধ্যে রয়েছে। নিম্নের কোনটি এই রোগীর অ্যানেমিয়ার সবচেয়ে সম্ভাব্য অন্তর্নিহিত প্রক্রিয়া?
A. হিমোগ্লোবিন বেটা-চেইনের সংশ্লেষণে ব্যাঘাত
B. ডেল্টা-আমিনোলেভুলিনিক অ্যাসিড সিন্থেজের ত্রুটি
C. অস্থিমজ্জা দমন
D. গ্লুকোজ-৬-ফসফেট ডিহাইড্রোজেনেজের ঘাটতি
E. লোহা ঘাটতি
F. ইরিথ্রোপয়েটিন উৎপাদনে ব্যাঘাত",,,,,
R0157,"A 72-year-old woman with metastatic ovarian cancer is brought to the physician by her son because she is in immense pain and cries all the time. On a 10-point scale, she rates the pain as an 8 to 9. One week ago, a decision to shift to palliative care was made after she failed to respond to 2 years of multiple chemotherapy regimens. She is now off chemotherapy drugs and has been in hospice care. Current medications include 2 mg morphine intravenously every 2 hours and 650 mg of acetaminophen every 4 to 6 hours. The son is concerned because he read online that increasing the dose of morphine would endanger her breathing. Which of the following is the most appropriate next step in management?
A. Increase dosage of morphine
B. Initiate palliative radiotherapy
C. Change morphine to a non-opioid analgesic
D. Initiate cognitive behavioral therapy
E. Perform transcutaneous electrical nerve stimulation
F. Counsel patient and continue same opioid dose","৭২ বছর বয়সী এক নারী যিনি মেটাস্টাটিক ওভেরিয়ান ক্যান্সার রোগে আছেন, তার পুত্র তাকে ডাক্তারের কাছে নিয়ে এসেছেন কারণ তিনি অত্যন্ত ব্যথা অনুভব করছেন এবং সব সময় কান্না করেন। ১০-পয়েন্ট স্কেলে, তিনি ব্যথাকে ৮ থেকে ৯ হিসাবে রেট করেন। এক সপ্তাহ আগে, দুই বছরের বহু কীমোথেরাপি রেজিমেনের প্রতি সাড়া না দেওয়ার পর প্যালিয়েটিভ কেয়ারে পরিবর্তনের সিদ্ধান্ত নেওয়া হয়েছিল। তিনি এখন কীমোথেরাপি ওষুধ বন্ধ করেছেন এবং হসপিস কেয়ারে আছেন। বর্তমান ওষুধগুলোর মধ্যে রয়েছে প্রতি দুই ঘণ্টায় শিরাপথে ২ মিলিগ্রাম মরফিন এবং প্রতি ৪ থেকে ৬ ঘণ্টায় ৬৫০ মিলিগ্রাম অ্যাসিটামিনোফেন। পুত্র উদ্বিগ্ন কারণ তিনি অনলাইনে পড়েছেন যে মরফিনের ডোজ বাড়ালে তার শ্বাসপ্রশ্বাস বিপদে পড়তে পারে। নিম্নলিখিতগুলোর মধ্যে কোনটি ব্যবস্থাপনার সর্বোত্তম পরবর্তী পদক্ষেপ হবে?
A. মরফিনের ডোজ বাড়ানো
B. প্যালিয়েটিভ রেডিওথেরাপি শুরু করা
C. মরফিনকে অ-ওপিওইড ব্যথানাশক দিয়ে পরিবর্তন করা
D. কগ্নিটিভ বিহেভিয়োরাল থেরাপি শুরু করা
E. ট্র্যান্সকিউটেনিয়াস ইলেকট্রিক্যাল নার্ভ স্টিমুলেশন করা
F. রোগীকে পরামর্শ দেওয়া এবং একই অপিওইড ডোজ চালিয়ে যাওয়া",,,,,
R0158,"Two hours after undergoing a left femoral artery embolectomy, an obese 63-year-old woman has severe pain, numbness, and tingling of the left leg. The surgery was without complication and peripheral pulses were weakly palpable postprocedure. She has type 2 diabetes mellitus, peripheral artery disease, hypertension, and hypercholesterolemia. Prior to admission, her medications included insulin, enalapril, carvedilol, aspirin, and rosuvastatin. She appears uncomfortable. Her temperature is 37.1°C (99.3°F), pulse is 98/min, and blood pressure is 132/90 mm Hg. Examination shows a left groin surgical incision. The left lower extremity is swollen, stiff, and tender on palpation. Dorsiflexion of her left foot causes severe pain in her calf. Femoral pulses are palpated bilaterally. Pedal pulses are weaker on the left side as compared to the right side. Laboratory studies show:
Hemoglobin 12.1
Leukocyte count 11,300/mm3
Platelet count 189,000/mm3
Serum
Glucose 222 mg/dL
Creatinine 1.1 mg/dL
Urinalysis is within normal limits. Which of the following is the most likely cause of these findings?""
A. Deep vein thrombosis
B. Reperfusion injury
C. Rhabdomyolysis
D. Cholesterol embolism
E. Cellulitis","বাম ফিমোরাল আর্টারি এম্বোলেকটমি করার ২ ঘন্টা পরে, একটি স্থূল ৬৩ বছর বয়সী নারী বাম পায়ের তীব্র ব্যথা, অসাড়তা এবং ঝিনঝিন অনুভূতি পাচ্ছেন। শল্যচিকিৎসাটি কোনো জটিলতা ছাড়া সম্পন্ন হয়েছিল এবং প্রক্রিয়ার পর পারিফেরাল পালসগুলি দুর্বলভাবে স্পর্শযোগ্য ছিল। তার টাইপ ২ ডায়াবেটিস, পেরিফেরাল আর্টারি ডিজিজ, উচ্চ রক্তচাপ এবং হাইপারকোলেস্টেরলেমিয়া রয়েছে। ভর্তির আগে তার ওষুধগুলোর মধ্যে ইন্সুলিন, এনালাপ্রিল, কার্ভেডিলল, অ্যাসপিরিন এবং রোসুভাস্টাটিন অন্তর্ভুক্ত ছিল। তিনি অস্বস্তিকর দেখাচ্ছেন। তার তাপমাত্রা ৩৭.১ ডিগ্রি সেলসিয়াস (৯৯.৩ ডিগ্রি ফারেনহাইট), পাল্স প্রতি মিনিটে ৯৮ এবং রক্তচাপ ১৩২/৯০ মিমি পারদ। পরীক্ষায় বাম গ্রীনের শল্য চিরের কাটা দেখা যায়। বাম নিম্ন অঙ্গটি ফোলাভাবযুক্ত, কঠিন এবং স্পর্শে সংবেদনশীল। তার বাম পা ডোরসিফ্লেক্সন করলে তার ক্যালফে তীব্র ব্যথা হয়। ফিমোরাল পালস দুপাশেই স্পর্শযোগ্য। বাম পাশে পেডাল পালস ডান পাশের তুলনায় দুর্বল। ল্যাবরেটরি ফলাফল দেখায়:
হিমোগ্লোবিন ১২.১
লিউকোসাইট গণনা ১১,৩০০/ঘন মিলিমিটার
প্লেটলেট গণনা ১৮৯,০০০/ঘন মিলিমিটার
সিরাম গ্লুকোজ ২২২ মিলিগ্রাম/ডেসিলিটার
ক্রিয়াটিনিন ১.১ মিলিগ্রাম/ডেসিলিটার
ইউরিনালাইসিস স্বাভাবিক সীমার মধ্যে। নিম্নলিখিতগুলোর কোনটি এই ফলাফলের সবচেয়ে সম্ভাব্য কারণ?
A. ডিপ ভেইন থ্রম্বোসিস
B. রিপারফিউশন ইনজুরি
C. র্যাবডোমায়োলাইসিস
D. কোলেস্টেরল এমবোলিজম
E. সেলুলাইটিস",,,,,
R0159,"A 56-year-old woman comes to the physician for follow-up after a measurement of elevated blood pressure at her last visit three months ago. She works as a high school teacher at a local school. She says that she mostly eats cafeteria food and take-out. She denies any regular physical activity. She does not smoke or use any recreational drugs. She drinks 2 to 3 glasses of wine per day. She has hypercholesterolemia for which she takes atorvastatin. Her height is 165 cm (5 ft 5 in), weight is 82 kg (181 lb), and BMI is 30.1 kg/m2. Her pulse is 67/min, respirations are 18/min, and blood pressure is 152/87 mm Hg on the right arm and 155/92 mm Hg on the left arm. She would like to try lifestyle modifications to improve her blood pressure before considering pharmacologic therapy. Which of the following lifestyle modifications is most likely to result in the greatest reduction of this patient's systolic blood pressure?
A. Losing 15 kg (33 lb) of body weight
B. Decreasing alcohol consumption to maximum of one drink per day
C. Reducing sodium intake to less than 2.4 g per day
D. Adopting a DASH diet
E. Walking for 30 minutes, 5 days per week","একজন ৫৬ বছর বয়সী নারী ফিজিশিয়ারের কাছে তৃতীয় মাস আগে শেষ ভিজিটে রক্তচাপের উচ্চ মান মাপা হওয়ার পর অনুসরণমূলক পরীক্ষা জন্য আসেন। তিনি স্থানীয় একটি স্কুলে হাইস্কুল শিক্ষক হিসেবে কাজ করেন। তিনি বলেন যে তিনি বেশিরভাগ সময় ক্যাফেটেরিয়া খাবার এবং টেক-আউট খান। তিনি কোনো নিয়মিত শারীরিক কার্যকলাপ করেন না। তিনি ধূমপান বা মাদক ব্যবহার করেন না। তিনি দিনে ২ থেকে ৩ গ্লাস ওয়াইন পান করেন। তার হাইপারকোলেস্টেরলেমিয়া আছে যার জন্য তিনি অ্যাটরভাস্টাটিন গ্রহণ করেন। তার উচ্চতা ১৬৫ সেন্টিমিটার (৫ ফুট ৫ ইঞ্চি), ওজন ৮২ কেজি (১৮১ পাউন্ড), এবং বিএমআই ৩০.১ কেজি/মি2। তার পালস ৬৭/min, শ্বাসপ্রশ্বাসের হার ১৮/min, এবং রক্তচাপ ডান বাহুতে ১৫২/৮৭ মিমি পারদ ও বাম বাহুতে ১৫৫/৯২ মিমি পারদ। তিনি ফার্মাকোলজিক থেরাপি বিবেচনা করার আগে তার রক্তচাপ উন্নত করতে জীবনধারা পরিবর্তন চেষ্টা করতে চান। নিম্নলিখিত কোন জীবনধারা পরিবর্তন এই রোগীর সিস্টোলিক রক্তচাপে সর্বোচ্চ হ্রাস ঘটানোর সম্ভাবনা বেশি?
A. দেহের ওজন ১৫ কেজি (৩৩ পাউন্ড) কমানো
B. মদ্যপান গ্রহণ কমিয়ে দিনে সর্বোচ্চ এক গ্লাসে সীমাবদ্ধ করা
C. সোডিয়াম গ্রহণ কমিয়ে দিনে ২.৪ গ্রাম এর চেয়ে কম করা
D. ড্যাশ ডায়েট গ্রহণ করা
E. প্রতি সপ্তাহে ৫ দিন, প্রতিদিন ৩০ মিনিট হাঁটা",,,,,
R0160,"A 62-year-old man comes to the physician because of a persistent cough for the past 2 weeks. During this time, he has also had occasional discomfort in his chest. Three weeks ago, he had a sore throat, headache, and a low-grade fever, which were treated with acetaminophen and rest. He has a history of hypertension and hyperlipidemia. His father died of myocardial infarction at the age of 57 years. He has smoked a pack of cigarettes daily for the past 40 years. Current medications include enalapril and atorvastatin. His temperature is 37°C (98.6°F), pulse is 70/min, and blood pressure is 145/90 mm Hg. Physical examination shows no abnormalities. An x-ray of the chest is shown. Which of the following is the most appropriate next step in management?
A. Esophageal manometry
B. CT scan of the chest
C. Arteriography
D. Reassurance
E. Emergency surgery
F. Genetic testing
G. Biopsy
H. Barium esophagram
I. Endovascular repair","৬২ বছর বয়সী একজন পুরুষ ধারাবাহিক কাশির জন্য গত ২ সপ্তাহ ধরে চিকিৎসকের কাছে আসেন। এই সময়ে তিনি মাঝে মাঝে বুকে অস্বস্তি অনুভব করেছেন। তিন সপ্তাহ আগে, তিনি গলা ব্যথা, মাথাব্যথা এবং কম তাপমাত্রার জ্বরের শিকার হন, যা অ্যাসিটামিনোফেন ও বিশ্রামের মাধ্যমে চিকিৎসা করা হয়েছিল। তার উচ্চ রক্তচাপ এবং হাইপারলিপিডেমিয়ার ইতিহাস রয়েছে। তাঁর বাবা ৫৭ বছর বয়সে মায়োকার্ডিয়াল ইনফার্কশন থেকে মারা গেছেন। তিনি গত ৪০ বছর ধরে প্রতিদিন এক প্যাকেট সিগারেট ধূমপান করেন। বর্তমান ওষুধের মধ্যে আছে এনালাপ্রিল এবং অ্যাটরভাস্ট্যাটিন। তার তাপমাত্রা ৩৭ ডিগ্রি সেলসিয়াস (৯৮.৬ ডিগ্রি ফারেনহাইট), পাল্স ৭০/মিনিট, এবং রক্তচাপ ১৪৫/৯০ মিমি পারদ। শারীরিক পরীক্ষায় কোনো অস্বাভাবিকতা দেখা যায়নি। বক্ষের এক্স-রে দেখানো হয়েছে। নিম্নলিখিতগুলির মধ্যে কোনটি ব্যবস্থাপনার সর্বোত্তম পরবর্তী ধাপ হবে?
A. ইসোফেজিয়াল ম্যানোমেট্রি
B. বক্ষের সিটি স্ক্যান
C. আর্টিরিওগ্রাফি
D. আশ্বাস
E. জরুরি শল্যচিকিৎসা
F. বংশগত পরীক্ষা
G. বায়োপসি
H. বারিয়াম ইসোফাগ্রাম
I. এন্ডোভাস্কুলার মেরামত",,,,,
R0161,"A 50-year-old man is brought to the emergency department with progressive retrosternal chest pain and shortness of breath that started the day before. The pain is severe, worsens with inspiration, and radiates to his neck. He has also had a sore throat and neck pain the last 4 days. He remained bed-bound during this time and had poor appetite. One week ago, he underwent an upper endoscopy for peptic ulcer disease. He has type 2 diabetes mellitus, peptic ulcer disease, hyperlipidemia, and hypertension. His only medication is omeprazole. He does not smoke or drink alcohol. He appears in significant distress. His temperature is 39.1°C (102.3°F), pulse is 108/min, respirations are 28/min, and blood pressure is 88/46 mm Hg. The lungs are clear to auscultation. Cardiac examinations shows tachycardia but is otherwise unremarkable. The abdomen is soft and nontender. Oropharyngeal examination is limited because the patient is unable to open his mouth due to pain. His hematocrit is 42%, leukocyte count is 13,800/mm3, and platelet count is 205,000/mm3. The patient is intubated in the emergency department and appropriate treatment is started. Chest x-ray shows a widened mediastinum. Which of the following is most likely to have prevented this patient's condition?
A. Pericardiocentesis
B. Intravenous methylprednisolone administration
C. Intravenous ampicillin-sulbactam administration
D. Blood pressure control
E. Intravenous levofloxacin administration
""","৫০ বছর বয়সী একজন পুরুষকে জরুরি বিভাগে আনা হয়েছে অগ্রগতিশীল রেট্রোস্টার্নাল বুকের ব্যথা এবং শ্বাসকষ্ট নিয়ে, যা এক দিন আগে শুরু হয়েছিল। ব্যথাটি তীব্র, শ্বাস নেওয়ার সঙ্গে বাড়ে, এবং গলায় বিকিরণ করে। তিনি গত ৪ দিনে গলা ব্যথা ও ঘাড়ের ব্যথাও পেয়েছেন। এই সময় তিনি বিছানায় সীমাবদ্ধ ছিলেন এবং ক্ষুধা কম ছিল। এক সপ্তাহ আগে, তিনি পেপটিক আলসার রোগের জন্য উপরের এন্ডোস্কপি করিয়েছিলেন। তার টাইপ ২ ডায়াবেটিস, পেপটিক আলসার রোগ, হাইপারলিপিডেমিয়া এবং উচ্চ রক্তচাপ রয়েছে। তার একমাত্র ওষুধ হল ওমেপ্রাজোল। তিনি ধূমপান বা মদ্যপান করেন না। তিনি উল্লেখযোগ্য কষ্টে দেখা যাচ্ছে। তার তাপমাত্রা ৩৯.১°ডিগ্রি সেলসিয়া (১০২.৩°ডিগ্রি ফারেনহাইট), পাল্স ১০৮/মিনিট, শ্বাসের হার ২৮/মিনিট, এবং রক্তচাপ ৮৮/৪৬ মিমি পারদ। ফুসফুস শোনায় পরিষ্কার। কার্ডিয়াক পরীক্ষায় ট্যাকিকার্ডিয়া দেখা যায় তবে অন্যথা কোনো অস্বাভাবিকতা নেই। পেট নরম ও অসংবেদনশীল। ওরোফ্যারিঞ্জিয়াল পরীক্ষা সীমিত কারণ রোগী ব্যথার কারণে মুখ খুলতে পারছে না। তার হিমাটোক্রিট ৪২%, শ্বেত রক্তকণিকা গণনা ১৩,৮০০/ঘন মিলিমিটার, এবং প্লেটলেট গণনা ২০৫,০০০/ঘন মিলিমিটার। রোগীকে জরুরি বিভাগে শিরাপথে ইনটিউবেট করা হয়েছে এবং উপযুক্ত চিকিৎসা শুরু করা হয়েছে। চেস্ট এক্স-রে দেখায় প্রশস্ত মেডিয়াস্টিনাম। নিম্নলিখিত কোনটি এই রোগীর অবস্থাকে প্রতিরোধ করতে সবচেয়ে সম্ভাব্যভাবে সহায়তা করত?
A. পেরিকার্ডিয়োসেন্টেসিস
B. শিরাপথে মেথাইলপ্রেডনিসোলোন প্রদান
C. শিরাপথে অ্যাম্পিসিলিন-সুলব্যাক্টাম প্রদান
D. রক্তচাপ নিয়ন্ত্রণ
E. শিরাপথে লেভোফ্লোক্সাসিন প্রদান",,,,,
R0162,"A 17-year-old boy is brought to the physician because of progressive right knee pain for the past 3 months. He reports that the pain is worse at night and while doing sports at school. He has not had any trauma to the knee or any previous problems with his joints. His vital signs are within normal limits. Examination of the right knee shows mild swelling and tenderness without warmth or erythema; the range of motion is limited. He walks with an antalgic gait. Laboratory studies show an alkaline phosphatase of 180 U/L and an erythrocyte sedimentation rate of 80 mm/h. An x-ray of the right knee is shown. Which of the following is the most likely diagnosis?
A. Osteoclastoma
B. Ewing sarcoma
C. Chordoma
D. Osteochondroma
E. Chondrosarcoma
F. Osteosarcoma
""","একজন ১৭ বছর বয়সী ছেলে প্রগতিশীল ডান হাঁটু ব্যথার জন্য গত ৩ মাস ধরে চিকিৎসকের কাছে আনা হয়েছে। তিনি জানান যে ব্যথা রাতে এবং স্কুলে খেলাধুলা করার সময় বেশি হয়। হাঁটুর কোনো আঘাত বা তার জয়েন্টের পূর্বে কোনও সমস্যা ছিল না। তার জীবনীগত সূচকগুলো স্বাভাবিক সীমার মধ্যে আছে। ডান হাঁটুর পরীক্ষা দেখায় হালকা ফোলাভাব এবং সংবেদনশীলতা, তাপ বা লালচে রঙ ছাড়া; গতি পরিসীমা সীমিত। তিনি অ্যান্টালজিক গেইটে হাঁটেন। ল্যাবরেটরি পরীক্ষায় আলকালাইন ফসফাটেজের মান ১৮০ ইউনিট/লিটার এবং ইরিথ্রোসাইট সেডিমেন্টেশন রেট ৮০ মিমি/ঘণ্টা দেখা গেছে। ডান হাঁটুর এক্স-রে দেখানো হয়েছে। নিচের বিকল্পগুলির মধ্যে কোনটি সবচেয়ে সম্ভাব্য নির্ণয়?
A. অস্টিওক্লাস্টোমা
B. ইউইং সারকোমা
C. করডোমা
D. অস্টিওকন্ড্রোমা
E. কন্ড্রোসারকোমা
F. অস্টিওসারকোমা",,,,,
R0163,"A 76-year-old man comes to the emergency department because of an episode of seeing jagged edges followed by loss of central vision in his right eye. The episode occurred 6 hours ago and lasted approximately 5 minutes. The patient has no pain. He has a 3-month history of intermittent blurriness out of his right eye and reports a 10-minute episode of slurred speech and left-sided facial droop that occurred 2 months ago. He has hypercholesterolemia, stable angina pectoris, hypertension, and a 5-year history of type 2 diabetes mellitus. Medications include glyburide, atorvastatin, labetalol, isosorbide, lisinopril, and aspirin. He feels well. He is oriented to person, place, and time. His temperature is 37°C (98.6°F), pulse is 76/min, respirations are 12/min, and blood pressure is 154/78 mm Hg. The extremities are well perfused with strong peripheral pulses. Ophthalmologic examination shows visual acuity of 20/30 in the left eye and 20/40 in the right eye. Visual fields are normal. Fundoscopic examination shows two pale spots along the supratemporal and inferotemporal arcade. Neurologic examination shows no focal findings. Cardiopulmonary examination shows systolic rumbling at the right carotid artery. The remainder of the examination shows no abnormalities. An ECG shows normal sinus rhythm with no evidence of ischemia. Which of the following is the most appropriate next step in management?
A. Echocardiography
B. Fluorescein angiography
C. Reassurance and follow-up
D. CT scan of the head
E. Temporal artery biopsy
F. Carotid duplex ultrasonography","৭৬ বছর বয়সী একজন পুরুষ জরুরি বিভাগে আসছেন কারণ তিনি ধারালো প্রান্ত দেখা এবং তার ডান চোখের কেন্দ্রীয় দৃষ্টিশক্তি হারানোর একটি ঘটনা ঘটেছে। এই ঘটনা ৬ ঘণ্টা আগে ঘটেছিল এবং প্রায় ৫ মিনিট স্থায়ী ছিল। রোগীর কোনো ব্যথা নেই। তাঁর ডান চোখে মাঝে মাঝেই ঝাপসা দেখার ৩ মাসের ইতিহাস রয়েছে এবং তিনি ২ মাস আগে ১০-মিনিটের একটি কথা ফাঁকফোকর ও বাম পাশে মুখের পেশি দুর্বলতার ঘটনা রিপোর্ট করেছেন। তার উচ্চ কোলেস্টেরল, স্থিতিশীল অ্যানজাইনা পেক্টোরিস, উচ্চ রক্তচাপ এবং টাইপ ২ ডায়াবেটিস মেলিটাসের ৫ বছরের ইতিহাস রয়েছে। ওষুধগুলির মধ্যে গ্লাইবুরাইড, অ্যাটোরভাস্টাটিন, ল্যাবেটালোল, আইসোসরবিড, লিসিনোপ্রিল এবং অ্যাস্পিরিন অন্তর্ভুক্ত। তিনি ভাল বোধ করছেন। ব্যক্তি, স্থান ও সময় সম্পর্কে সচেতন। তার তাপমাত্রা ৩৭ ডিগ্রি সেলসিয়া (৯৮.৬ ডিগ্রি ফারেনহাইট), পালস ৭৬/মিনিট, শ্বাসপ্রশ্বাসের হার ১২/মিনিট এবং রক্তচাপ ১৫৪/৭৮ মিমি পারদ। অঙ্গগুলি ভালভাবে রক্ত সরবরাহিত এবং পার্শ্বিক পালস শক্তিশালী। চোখের পরীক্ষায় বাম চোখে দৃষ্টিস্পষ্টতা ২০/৩০ এবং ডান চোখে ২০/৪০ দেখা যায়। ভিজ্যুয়াল ফিল্ড স্বাভাবিক। ফান্ডোস্কোপিক পরীক্ষায় সুপ্রাটেম্পোরাল ও ইনফ্রাটেম্পোরাল আর্কেডের entlang দুইটি ফিকে দাগ দেখা যায়। স্নায়বিক পরীক্ষায় কোনো স্থানীয় ফলাফল নেই। হৃদযন্ত্র-শ্বাসতন্ত্র পরীক্ষা ডান ক্যারোটিড আর্টারিতে সিস্টোলিক রাম্বলিং দেখায়। বাকি পরীক্ষায় কোনো অস্বাভাবিকতা নেই। ইসিজি স্বাভাবিক সাইনাস রিদম দেখায় এবং কোনো ইস্কেমিয়ার চিহ্ন নেই। নিম্নলিখিতগুলির মধ্যে কোনটি সর্বোত্তম পরবর্তী ব্যবস্থাপনা ধাপ?
A. ইকোকার্ডিওগ্রাফি
B. ফ্লুরোসিন অ্যানজিওগ্রাফি
C. আশ্বাস ও অনুসরণ
D. মাথার সিটি স্ক্যান
E. টেম্পোরাল আর্টারি বায়োপসি
F. ক্যারোটিড ডুপ্লেক্স আল্ট্রাসাউন্ডগ্রাফি",,,,,
R0164,"A 58-year-old woman comes to the physician because of a 2-year history of progressively worsening pain in her knees and fingers. The knee pain is worse when she walks for longer than 30 minutes. When she wakes up in the morning, her fingers and knees are stiff for about 15 minutes. She cannot recall any trauma to the joints. She was treated with amoxicillin following a tick bite 2 years ago. She is otherwise healthy and only takes a multivitamin and occasionally acetaminophen for the pain. She drinks 1-2 glasses of wine daily. She is 160 cm (5 ft 3 in) tall and weighs 79 kg (174 lb); BMI is 31 kg/m2. Her temperature is 36.9°C (98.4°F), pulse is 70/min, and blood pressure is 133/78 mm Hg. Examination of the lower extremities reveals mild genu varum. Range of motion of both knees is limited; there is palpable crepitus. Complete flexion and extension elicit pain. Tender nodules are present on the proximal and distal interphalangeal joints of the index, ring, and little fingers bilaterally. Which of the following is the most likely diagnosis?
A. Gout
B. Lyme arthritis
C. Rheumathoid arthritis
D. Osteoarthritis
E. Septic arthritis
F. Pseudogout","একজন ৫৮-বছরের নারী চিকিৎসকের কাছে আসেন কারণ তার হাঁটু ও আঙুলে ধীরে ধীরে বাড়তে থাকা ব্যথার ২-বছরের ইতিহাস রয়েছে। যখন তিনি ৩০ মিনিটের বেশি সময় হাঁটেন, তখন হাঁটু ব্যথা আরও তীব্র হয়। সকালে যখন তিনি জাগেন, তার আঙুল ও হাঁটু প্রায় ১৫ মিনিটের জন্য কঠিন থাকে। তিনি কোনো সংযোগস্থলে আঘাতের স্মরণ করতে পারেন না। ২ বছর আগে টিক কামড়ে তিনি অ্যামোক্সিসিলিন দিয়ে চিকিৎসা করিয়েছিলেন। অন্যথায় তিনি সুস্থ এবং ব্যথার জন্য শুধুমাত্র মাল্টিভিটামিন ও মাঝে মাঝে অ্যাসেটামিনোফেন গ্রহণ করেন। তিনি প্রতিদিন ১-২ গ্লাস ওয়াইন পান করেন। তার উচ্চতা ১৬০ সেন্টিমিটার (৫ ফুট ৩ ইঞ্চি) এবং ওজন ৭৯ কেজি (১৭৪ পাউন্ড); বিএমআই হল ৩১ কেজি/মি২। তার তাপমাত্রা ৩৬.৯ ডিগ্রি সেলসিয়াস (৯৮.৪ ডিগ্রি ফারেনহাইট), পাল্স ৭০/min এবং রক্তচাপ ১৩৩/৭৮ মিমি পারদ। নিম্ন অঙ্গের পরীক্ষায় হালকা গেনু ভ্যারুম দেখা যায়। উভয় হাঁটুর গতিসীমা সীমিত; স্পর্শযোগ্য ক্রিপিটাস রয়েছে। সম্পূর্ণ বাঁকানো ও প্রসারণে ব্যথা হয়। দুই পাশে সূচি, আংটি এবং ছোট আঙুলের প্রোক্সিমাল ও ডিস্টাল ইন্টারফ্যালেঞ্জিয়াল সংযোগস্থলে কোমল গাঁট উপস্থিত আছে। নিম্নলিখিতগুলির মধ্যে কোনটি সবচেয়ে সম্ভাব্য নির্ণয়?
A. গেঁটে বাত
B. লাইম আর্থ্রাইটিস
C. রিউম্যাথয়েড আর্থ্রাইটিস
D. অস্টিওআর্থ্রাইটিস
E. সেপটিক আর্থ্রাইটিস
F. পসিউডোগাউট",,,,,
R0165,"A previously healthy 21-year-old college student is brought to the emergency department because of a 10-hour history of increasing headache, stiff neck, and sensitivity to light. He returned from a mission trip to Haiti 3 weeks ago where he worked in a rural health clinic. He appears lethargic. He is oriented to person, place, and time. His temperature is 39°C (102°F), pulse is 115/min, respirations are 20/min, and blood pressure is 100/70 mm Hg. Examination shows equal and reactive pupils. There are scattered petechiae over the trunk and lower extremities. Range of motion of the neck is decreased due to pain. Neurologic examination shows no focal findings. Blood cultures are obtained and a lumbar puncture is performed. Cerebrospinal fluid (CSF) analysis shows neutrophilic pleocytosis and decreased glucose concentration. Which of the following is most likely to have prevented this patient's condition?
A. Fluconazole therapy
B. Mefloquine therapy
C. Inactivated whole-cell vaccine
D. Toxoid vaccine
E. Polysaccharide conjugate vaccine
F. Permethrin spray
G. Erythromycin therapy
H. Live attenuated vaccine","একজন পূর্বে সুস্থ ২১-বছর বয়সী কলেজ ছাত্রকে জরুরি বিভাগে আনা হয়েছে কারণ তার ১০ ঘণ্টার বৃদ্ধি পায়া মাথাব্যথা, কঠিন ঘাড় এবং আলোতে সংবেদনশীলতার ইতিহাস রয়েছে। তিনি ৩ সপ্তাহ আগে হাইতি-তে একটি মিশন ট্রিপ থেকে ফিরে এসেছেন যেখানে তিনি গ্রামীণ স্বাস্থ্য ক্লিনিকে কাজ করতেন। তিনি অবসাদগ্রস্ত দেখাচ্ছেন। তিনি ব্যক্তি, স্থান এবং সময় সম্পর্কে সচেতন। তার তাপমাত্রা ৩৯° ডিগ্রি সেলসিয়া (১০২° ডিগ্রি ফারেনহাইট), পাল্স ১১৫/মিনিট, শ্বাসপ্রশ্বাস ২০/মিনিট, এবং রক্তচাপ ১০০/৭০ মিমি পারদ। পরীক্ষায় সমান এবং প্রতিক্রিয়াশীল পিউপিল দেখা যায়। দেহের মূল অংশ ও নিম্ন অঙ্গগুলিতে ছড়িয়ে থাকা পেটেকিয়া রয়েছে। ব্যথার কারণে ঘাড়ের গতি সীমা কমে গেছে। স্নায়বিক পরীক্ষা কোনো ফোকাল ফলাফল দেখায় না। রক্ত সংস্কৃতি নেওয়া হয় এবং লাম্বার পাঙ্কচার করা হয়। সেরিব্রোস্পাইনাল ফ্লুইড (সিএসএফ) বিশ্লেষণে নিউট্রোফিলিক প্লিওসাইটোসিস এবং কম গ্লুকোজ ঘনত্ব দেখা যায়। নিম্নলিখিতগুলোর মধ্যে কোনটি সর্বাধিক সম্ভাবনা রয়েছে যে এই রোগীর অবস্থাকে প্রতিরোধ করতে পারত?
A. ফ্লুকোনাজল থেরাপি
B. মেফ্লোকুইন থেরাপি
C. ইনঅ্যাক্টিভেটেড হোল-সেল ভ্যাকসিন
D. টক্সয়ড ভ্যাকসিন
E. পলিস্যাকারাইড কনজুগেট ভ্যাকসিন
F. পারমেথ্রিন স্প্রে
G. এরিথ্রোমাইসিন থেরাপি
H. লাইভ অ্যাটেনুয়েটেড ভ্যাকসিন",,,,,
R0166,"Please refer to the summary above to answer this question
An 8-year-old boy is brought to the physician by his mother for a well-child examination at a clinic for low-income residents. Although her son's elementary school offers free afterschool programming, her son has not been interested in attending. Both the son's maternal and paternal grandmothers have major depressive disorder. The mother is curious about the benefits of afterschool programming and asks for the physician's input. Based on the study results, which of the following statements best addresses the mother's question?""
""High-quality afterschool programming during childhood promotes long-term adult mental health
Background
High-quality afterschool programming in children has been found to improve standardized test scores, dropout rates, and college attendance. The APPLE (Afterschool Programming for Psychiatric Long-term Endpoints) study seeks to examine the effect of such programs on long-term adult mental health.
Design, Setting, and Participants
Socioeconomically disadvantaged children ages 5-10 were recruited for this study. Participants with a history of intellectual/developmental disability or existing psychiatric illness were excluded. Eligible families were identified by screening government social service agencies in Milwaukee, Wisconsin, and of all qualified families who were invited to participate in free afterschool enrichment activities for their children, 320 children were enrolled. The socioeconomic characteristics of study participants were found to be similar to those of the population being studied.
160 children were randomly assigned to free afterschool enrichment activities and 160 to a waiting list that served as a control; the parents of 12 children declined participation after their children were randomly assigned to the control group. Of the 83 children participating in the study's 20-year follow-up, 62 were in the treatment group and 21 were in the control group.
Interventions
The intervention involved free afterschool programming for the first three years of the study. The programming lasted three hours per day and was held five days per week, consisting of an hour of creative problem-based math/reading instruction supplemented with two hours of music, art, and athletic group activities. Children in the control group were placed on the waiting list for the intervention.
Main Outcomes and Measures
Data on incidence of common DSM 5-validated mental health conditions was collected at the study's 20-year follow-up evaluation and confirmed by chart review.
Results
Table - Association of major depression, ADHD, bipolar disorder, and psychotic disorder at 20-year follow-up of participants who received afterschool enrichment during childhood*.
*Adjusted for income and family history of psychiatric illness.
Major Depressive Disorder Attention Deficit Hyperactivity Disorder Bipolar Disorder (I or II) without Psychosis Any Psychotic Disorder
Hazard Ratio (95% CI) P -value Hazard Ratio (95% CI) P -value Hazard Ratio (95% CI) P -value Hazard Ratio (95% CI) P -value
Control 1.0 [reference] -- 1.0 [reference] -- 1.0 [reference] -- 1.0 [reference] --
Afterschool Enrichment 0.69 (0.59-0.87) < 0.001 0.80 (0.74-0.92) 0.02 0.64 (0.59-1.35) 0.34 0.84 (0.51-1.23) 0.22
Conclusions
This study highlights the potential of high-quality afterschool programming during childhood in promoting long-term adult mental health.
Source of funding: Wisconsin Children's Mental Health Foundation, National Early Childhood Education Coalition""
A. High-quality afterschool programming has a greater effect on reducing ADHD risk in adults than major depressive disorder risk.
B. The patient's family history of psychiatric illness prevents any conclusions from being drawn from the study.
C. High-quality afterschool programming would decrease this patient's risk of developing attention deficit hyperactivity disorder.
D. High-quality afterschool programming for low-income 8-year-olds may correlate with decreased bipolar disorder risk in adults.
E. High-quality afterschool programming would decrease this patient's risk of developing major depressive disorder.
F. High-quality afterschool programming should be free of charge for low-income children to improve adult mental health.
G. High-quality afterschool programming has a greater effect on reducing psychotic disorder risk in adults than bipolar disorder risk.
H. High-quality afterschool programming for low-income 8-year-olds may correlate with decreased ADHD risk in adults.","দয়া করে উপরের সারাংশটি দেখুন এই প্রশ্নের উত্তর দিতে।  
একজন ৮-বছর বয়সী ছেলে তার মায়ের দ্বারা নিম্ন-আয়ের বাসিন্দাদের জন্য একটি ক্লিনিকে ভাল-শিশু পরীক্ষা করার জন্য আনা হয়েছে। যদিও তার সন্তানদের প্রাথমিক বিদ্যালয়ে বিনামূল্যে আফটারস্কুল প্রোগ্রামিং অফার করা হয়, তবুও সে এতে অংশ নিতে আগ্রহী নয়। ছেলেটির মা ও বাবা উভয়ের দাদীমা-দাদি সকলেই প্রধান বিষণ্নতা ব্যাধি (মেজর ডিপ্রেসিভ ডিসঅর্ডার) রোগে আক্রান্ত ছিলেন। মা আফটারস্কুল প্রোগ্রামিংয়ের সুবিধা সম্পর্কে কৌতূহলী এবং ডাক্তারকে তার মতামত জানতে চেয়েছেন। গবেষণা ফলাফলের ভিত্তিতে, নিম্নলিখিত কোন বিবৃতি মায়ের প্রশ্নের সর্বোত্তম উত্তর দেয়?  

""উচ্চ-গুণমানের আফটারস্কুল প্রোগ্রামিং শৈশবে দীর্ঘ-মেয়াদী বয়সকালের মানসিক স্বাস্থ্যের উন্নতি করে।  
পটভূমি  
শিশুদের মধ্যে উচ্চ-গুণমানের আফটারস্কুল প্রোগ্রামিং স্ট্যান্ডার্ডাইজড টেস্ট স্কোর, ড্রপআউট হার এবং কলেজে ভর্তি হওয়ার হার বাড়াতে সহায়তা করে বলে পাওয়া গেছে। অ্যাপল (Afterschool Programming for Psychiatric Long-term Endpoints) গবেষণাটি এমন প্রোগ্রামের দীর্ঘ-মেয়াদী বয়সকালের মানসিক স্বাস্থ্যের উপর প্রভাব পরীক্ষা করার লক্ষ্য রাখে।  
ডিজাইন, সেটিং এবং অংশগ্রহণকারী  
সমাজ-অর্থনৈতিকভাবে অবহেলিত ৫-১০ বছর বয়সের শিশুদের এই গবেষণার জন্য নিয়োগ করা হয়েছিল। বুদ্ধিবৃত্তিক/বিকাশজনিত অক্ষমতা বা বিদ্যমান মানসিক রোগের ইতিহাস থাকা অংশগ্রহণকারীদের বাদ দেওয়া হয়েছে। যোগ্য পরিবারগুলি মিলওয়াকি, উইসকনসিনের সরকারি সামাজিক সেবা সংস্থাগুলির স্ক্রিনিংয়ের মাধ্যমে চিহ্নিত করা হয়েছিল এবং সব যোগ্য পরিবারের মধ্যে যারা তাদের সন্তানদের জন্য বিনামূল্যে আফটারস্কুল সমৃদ্ধিকরণ কার্যক্রমে অংশগ্রহণের আমন্ত্রণ পেয়েছিলেন, ৩২০টি শিশু ভর্তি হয়েছে। গবেষণার অংশগ্রহণকারীদের সমাজ-অর্থনৈতিক বৈশিষ্ট্যগুলি অধ্যয়নকৃত জনসংখ্যার সঙ্গে সাদৃশ্যপূর্ণ পাওয়া গেছে।  
১৬০টি শিশুকে র্যান্ডমভাবে বিনামূল্যে আফটারস্কুল সমৃদ্ধিকরণ কার্যক্রমে এবং ১৬০টি শিশুকে অপেক্ষা তালিকায় (কন্ট্রোল) রাখা হয়; কন্ট্রোল গ্রুপে র্যান্ডমভাবে বরাদ্দ হওয়ার পর ১২টি শিশুর বাবা-মা অংশগ্রহণ প্রত্যাখ্যান করেন। গবেষণার ২০-বছরের ফলো-আপে মোট ৮৩টি শিশু অংশ নেয়, যার মধ্যে ৬২টি চিকিৎসা গোষ্ঠী এবং ২১টি কন্ট্রোল গোষ্ঠীতে ছিল।  
হস্তক্ষেপ  
হস্তক্ষেপের অন্তর্ভুক্তি প্রথম তিন বছর বিনামূল্যে আফটারস্কুল প্রোগ্রামিং ছিল। এই প্রোগ্রামটি প্রতিদিন তিন ঘণ্টা, সপ্তাহে পাঁচ দিন চলত, যার মধ্যে এক ঘণ্টা সৃজনশীল সমস্যাভিত্তিক গণিত/পাঠ নির্দেশনা এবং দুই ঘণ্টা সঙ্গীত, শিল্প ও ক্রীড়া দলীয় কার্যক্রম অন্তর্ভুক্ত ছিল। কন্ট্রোল গোষ্ঠীর শিশুরা হস্তক্ষেপের জন্য অপেক্ষা তালিকায় রাখা হয়েছিল।  
প্রধান ফলাফল এবং মাপ  
২০-বছরের ফলো-আপ মূল্যায়নে সাধারণ DSM ৫-সত্যায়িত মানসিক স্বাস্থ্য অবস্থার ঘটনার তথ্য সংগ্রহ করা হয়েছে এবং চার্ট রিভিউয়ের মাধ্যমে নিশ্চিত করা হয়েছে।  
ফলাফল  
টেবিল - শৈশবে আফটারস্কুল সমৃদ্ধিকরণ গ্রহণকারী অংশগ্রহণকারীদের ২০-বছরের ফলো-আপে প্রধান বিষণ্নতা, এডিএইচডি, বাইপোলার ডিসঅর্ডার এবং সাইকোটিক ডিসঅর্ডারের সম্পর্ক।  
*আয় এবং পারিবারিক মানসিক রোগের ইতিহাস অনুযায়ী সমন্বিত।  

প্রধান ডিপ্রেসিভ ডিজঅর্ডার | অ্যাটেনশন ডেফিসিট হাইপারএক্টিভিটি ডিজঅর্ডার | বাইপোলার ডিসঅর্ডার (I বা II) সাইকোসিস ছাড়া | যেকোনো সাইকোটিক ডিসঅর্ডার  
ঝুঁকি অনুপাত (৯৫% সিআই) পি-ভ্যালু | ঝুঁকি অনুপাত (৯৫% সিআই) পি-ভ্যালু | ঝুঁকি অনুপাত (৯৫% সিআই) পি-ভ্যালু | ঝুঁকি অনুপাত (৯৫% সিআই) পি-ভ্যালু  
কন্ট্রোল ১.০ [রেফারেন্স] — ১.০ [রেফারেন্স] — ১.০ [রেফারেন্স] — ১.০ [রেফারেন্স] —  
আফটারস্কুল সমৃদ্ধিকরণ ০.৬৯ (০.৫৯-০.৮৭) < ০.০০১ | ০.৮০ (০.৭৪-০.৯২) ০.০২ | ০.৬৪ (০.৫৯-১.৩৫) ০.৩৪ | ০.৮৪ (০.৫১-১.২৩) ০.২২  

উপসংহার  
এই গবেষণাটি শৈশবে উচ্চ-গুণমানের আফটারস্কুল প্রোগ্রামিংয়ের দীর্ঘ-মেয়াদী বয়সকালের মানসিক স্বাস্থ্যের উন্নতিতে সম্ভাব্য ভূমিকা তুলে ধরে।  
অর্থায়ন সূত্র: উইসকনসিন চিলড্রেন্স মেন্টাল হেলথ ফাউন্ডেশন, ন্যাশনাল আরলি চাইল্ডহুড এডুকেশন কোয়ালিশন
A. উচ্চ-গুণমানের আফটারস্কুল প্রোগ্রামিং বয়সকালে প্রধান বিষণ্নতা ঝুঁকি কমানোর তুলনায় এডিএইচডি ঝুঁকি হ্রাসে বেশি প্রভাব ফেলে।
B. রোগীর পারিবারিক মানসিক রোগের ইতিহাস গবেষণা থেকে কোনো উপসংহার টানা বাধা দেয়।
C. উচ্চ-গুণমানের আফটারস্কুল প্রোগ্রামিং এই রোগীর এডিএইচডি বিকাশের ঝুঁকি কমাবে।
D. নিম্ন-আয়ের ৮-বছর বয়সী শিশুদের জন্য উচ্চ-গুণমানের আফটারস্কুল প্রোগ্রামিং বয়সকালে বাইপোলার ডিসঅর্ডারের ঝুঁকি হ্রাসের সঙ্গে সম্পর্কিত হতে পারে।
E. উচ্চ-গুণমানের আফটারস্কুল প্রোগ্রামিং এই রোগীর প্রধান বিষণ্নতা বিকাশের ঝুঁকি কমাবে।
F. নিম্ন-আয়ের শিশুদের জন্য বয়সকালে মানসিক স্বাস্থ্যের উন্নতির জন্য উচ্চ-গুণমানের আফটারস্কুল প্রোগ্রামিং বিনামূল্যে হওয়া উচিত।
G. উচ্চ-গুণমানের আফটারস্কুল প্রোগ্রামিং বয়সকালে বাইপোলার ডিসঅর্ডারের তুলনায় সাইকোটিক ডিসঅর্ডার ঝুঁকি হ্রাসে বেশি প্রভাব ফেলে।
H. নিম্ন-আয়ের ৮-বছর বয়সী শিশুদের জন্য উচ্চ-গুণমানের আফটারস্কুল প্রোগ্রামিং বয়সকালে এডিএইচডি ঝুঁকি হ্রাসের সঙ্গে সম্পর্কিত হতে পারে।",,,,,
R0167,"A 15-year-old girl is brought to the physician for a school physical examination. She feels well. She is performing well in school and getting good grades. She is 147 cm (4 ft 10 in) tall and weighs 60 kg (132 lbs); BMI is 27.6 kg/m2. Her temperature is 37°C (98.6°F), pulse is 82/min, respirations are 16/min, and blood pressure is 138/82 mm Hg in the left arm and 110/74 mm Hg in the left leg. Physical examination shows an unusually short and broad neck with bilateral excess skin folds that extend to the shoulders and low-set ears. There is an increased carrying angle when she fully extends her arms at her sides. An x-ray of the chest shows inferior rib notching. Which of the following additional findings is most likely in this patient?
A. Horseshoe adrenal gland on abdominal CT
B. Prolonged activated partial thromboplastin time
C. Triphalangeal thumb on upper extremity x-ray
D. Mitral valve prolapse on echocardiogram
E. Uterine agenesis on pelvic exam
F. Mutation of FBN1 on genetic testing
G. Streak ovaries on pelvic ultrasound
""","একজন ১৫-বছর বয়সী মেয়েকে স্কুল শারীরিক পরীক্ষার জন্য ডাক্তারের কাছে আনা হয়। তিনি ভালো বোধ করছেন। তিনি স্কুলে ভাল পারফর্ম করছেন এবং ভাল গ্রেড পাচ্ছেন। তার উচ্চতা ১৪৭ সেন্টিমিটার (৪ ফুট ১০ ইঞ্চি) এবং ওজন ৬০ কেজি (১৩২ পাউন্ড); বিএমআই হল ২৭.৬ কেজি/মি2। তার তাপমাত্রা ৩৭ ডিগ্রি সেলসিয়াস (৯৮.৬ ডিগ্রি ফারেনহাইট), পাল্স হল ৮২/মিনিট, শ্বাসপ্রশ্বাস হল ১৬/মিনিট, এবং রক্তচাপ বাম বাহুতে ১৩৮/৮২ মিমি পারদ ও বাম পায়ে ১১০/৭৪ মিমি পারদ। শারীরিক পরীক্ষায় দেখা যায় অস্বাভাবিকভাবে ছোট এবং প্রশস্ত ঘাড়, যার দুপাশে অতিরিক্ত ত্বকের ভাঁজ রয়েছে যা কাঁধ পর্যন্ত প্রসারিত এবং নিম্ন-সেট কান। যখন তিনি সম্পূর্ণভাবে বাহু পাশে সোজা করে রাখেন, তখন ক্যারিিং কোণ বৃদ্ধি পায়। বক্ষের এক্স-রে নিচের পাঁজরের নোটচিং প্রদর্শন করে। নিম্নের কোন অতিরিক্ত ফলাফল এই রোগীর মধ্যে সবচেয়ে সম্ভাব্য?
A. হর্সশু অ্যাড্রিনাল গ্রন্থি অ্যাবডোমেন সিটিতে
B. দীর্ঘস্থায়ী সক্রিয় পারশ্বিক থ্রম্বোপ্লাস্টিন টাইম
C. উপরের অঙ্গের এক্স-রে তে ট্রিপহ্যালাঞ্জিয়াল থাম্ব
D. ইকোকার্ডিওগ্রামে মিট্রাল ভালভ প্রোল্যাপস
E. পেলভিক পরীক্ষায় গর্ভাশয় অনুপস্থিতি
F. জেনেটিক টেস্টে FBN1 মিউটেশন
G. পেলভিক আল্ট্রাসাউন্ডে স্ট্রিক ওভারি",,,,,
R0168,"Five days after undergoing right knee arthroplasty for osteoarthritis, a 68-year-old man has severe pain in this right knee preventing him from participating in physical therapy. On the third postoperative day when the dressing was changed, the surgical wound appeared to be intact, slightly swollen, and had a clear secretion. He has a history of diabetes, hyperlipidemia, and hypertension. Current medications include metformin, enalapril, and simvastatin. His temperature is 37.3°C (99.1°F), pulse is 94/min, and blood pressure is 130/88 mm Hg. His right knee is swollen, erythematous, and tender to palpation. There is pain on movement of the joint. The medial parapatellar skin incision appears superficially opened in its proximal and distal part with yellow-green discharge. There is blackening of the skin on both sides of the incision. Which of the following is the next best step in the management of this patient?
A. Surgical debridement
B. Nafcillin therapy
C. Skin grafting
D. Removal of prostheses
E. Vacuum dressing
F. Antiseptic dressing
""","৫ দিন পরে ডান হাঁটুর অস্টিওআর্থরাইটিসের জন্য আর্থ্রোপ্লাস্টি করা একটি ৬৮ বছর বয়সী পুরুষে এই ডান হাঁটে তীব্র ব্যথা দেখা দিচ্ছে যা তাকে শারীরিক থেরাপিতে অংশগ্রহণ থেকে বাধা দেয়। তৃতীয় পোস্ট-অপারেটিভ দিনে যখন ড্রেসিং পরিবর্তন করা হয়েছিল, সার্জিক্যাল ক্ষত অক্ষত, সামান্য ফোলাভাবযুক্ত এবং পরিষ্কার সেক্রেশন ছিল। তার ডায়াবেটিস, হাইপারলিপিডেমিয়া ও উচ্চ রক্তচাপের ইতিহাস রয়েছে। বর্তমান ওষুধগুলির মধ্যে আছে মেটফরমিন, এনালাপ্রিল এবং সিমভাস্টাটিন। তার তাপমাত্রা ৩৭.৩ ডিগ্রি সেলসিয়াস (৯৯.১ ডিগ্রি ফারেনহাইট), পাল্স ৯৪/মিনিট, এবং রক্তচাপ ১৩০/৮৮ মিমি পারদ। তার ডান হাঁটু ফোলাভাবযুক্ত, লালচে এবং স্পর্শে সংবেদনশীল। জয়েন্টের গতি করার সময় ব্যথা আছে। মেডিয়াল পারাপ্যাটেলার ত্বক ছেদন প্রোক্সিমাল ও ডিস্টাল অংশে পৃষ্ঠতলে খোলা দেখা যায়, হলুদ-সবুজ স্রাব সহ। ছেদের উভয় পাশে ত্বকে কালো দাগ রয়েছে। নিম্নলিখিতগুলির মধ্যে কোনটি এই রোগীর ব্যবস্থাপনার পরবর্তী সেরা পদক্ষেপ?
A. সার্জিক্যাল ডিব্রাইডমেন্ট
B. নাফসিলিন থেরাপি
C. ত্বক গ্রাফটিং
D. প্রোস্থেসিস অপসারণ
E. ভ্যাকুয়াম ড্রেসিং
F. অ্যান্টিসেপটিক ড্রেসিং",,,,,
R0169,"A 54-year-old man comes to the physician because of diarrhea that has become progressively worse over the past 4 months. He currently has 4-6 episodes of foul-smelling stools per day. Over the past 3 months, he has had fatigue and a 5-kg (11-lb) weight loss. He returned from Bangladesh 6 months ago after a year-long business assignment. He has osteoarthritis and hypertension. Current medications include amlodipine and naproxen. He appears pale and malnourished. His temperature is 37.3°C (99.1°F), pulse is 76/min, and blood pressure is 140/86 mm Hg. Examination shows pale conjunctivae and dry mucous membranes. Angular stomatitis and glossitis are present. The abdomen is distended but soft and nontender. Rectal examination shows no abnormalities. Laboratory studies show:
Hemoglobin 8.9 g/dL
Leukocyte count 4100/mm3
Platelet count 160,000/mm3
Mean corpuscular volume 110 μm3
Serum
Na+ 133 mEq/L
Cl- 98 mEq/l
K+ 3.3 mEq/L
Creatinine 1.1 mg/dL
IgA 250 mg/dL
Anti-tissue transglutaminase, IgA negative
Stool culture and studies for ova and parasites are negative. Test of the stool for occult blood is negative. Fecal fat content is 22 g/day (N < 7). Fecal lactoferrin is negative and elastase is within normal limits. Which of the following is the most appropriate next step in diagnosis?""
A. CT scan of the abdomen
B. Schilling test
C. IgG against deamidated gliadin peptide
D. Serum lipase
E. Anti-Saccharomyces cerevisiae antibody
F. Enteroscopy
G. Anti-neutrophil cytoplasmic antibody
H. PAS-stained biopsy of small bowel","একজন ৫৪ বছর বয়সী পুরুষ ডায়েরিয়ার কারণে যা গত ৪ মাসে ধীরে ধীরে খারাপ হয়েছে, চিকিৎসকের কাছে আসেন। তিনি বর্তমানে দিনে ৪ থেকে ৬ বার দুর্গন্ধযুক্ত মলত্যাগ করেন। গত ৩ মাসে তিনি ক্লান্তি এবং ৫ কেজি (১১ পাউন্ড) ওজন হ্রাস অনুভব করেছেন। তিনি এক বছরের ব্যবসায়িক মিশনের পর ৬ মাস আগে বাংলাদেশ থেকে ফিরে এসেছেন। তিনি অস্টিওআর্থ্রাইটিস এবং উচ্চ রক্তচাপে আক্রান্ত। বর্তমান ওষুধগুলোর মধ্যে রয়েছে অ্যামলোডিপিন এবং ন্যাপ্রোক্সেন। তিনি ফিকি ও অপুষ্ট দেখাচ্ছেন। তার তাপমাত্রা ৩৭.৩ ডিগ্রি সেলসিয়াস (৯৯.১ ডিগ্রি ফারেনহাইট), পাল্স প্রতি মিনিটে ৭৬, এবং রক্তচাপ ১৪০/৮৬ মিমি পারদ। পরীক্ষায় ফিকে কনজাংটিভা এবং শুষ্ক মুখের ঝিল্লি দেখা যায়। কোণীয় স্টোমাটাইটিস এবং গ্লোসিটিস উপস্থিত আছে। বুকের অংশ ফুলে আছে তবে নরম ও অব্যথিত। রেক্টাল পরীক্ষা কোনো অস্বাভাবিকতা দেখায় না। ল্যাবরেটরি পরীক্ষায় দেখা যায়:
হিমোগ্লোবিন ৮.৯ গ্রাম প্রতি ডেসিলিটার
শ্বেত রক্ত কণিকার সংখ্যা ৪১০০ প্রতি ঘন মিমি
প্লেটলেটের সংখ্যা ১৬০,০০০ প্রতি ঘন মিমি
গড় কর্পাসকুলার ভলিউম ১১০ মাইক্রোমিটার ঘন
সোডিয়াম ১৩৩ মিলিইকুইভ্যালেন্ট/লিটার
ক্লোরাইড ৯৮ মিলিইকুইভ্যালেন্ট/লিটার
পটাশিয়াম ৩.৩ মিলিইকুইভ্যালেন্ট/লিটার
ক্রিয়াটিনিন ১.১ মিলিগ্রাম প্রতি ডেসিলিটার
আইজিএ ২৫০ মিলিগ্রাম প্রতি ডেসিলিটার
অ্যান্টি-টিস্যু ট্রান্সগ্লুটামিনেজ, আইজিএ নেতিবাচক
মল সংস্কৃতি এবং ডিম ও পরজীবীর জন্য করা গবেষণা নেতিবাচক।
অদৃশ্য রক্তের জন্য মলের পরীক্ষাও নেতিবাচক। মল চর্বির পরিমাণ ২২ গ্রাম/দিন (স্বাভাবিক < ৭)। মল ল্যাক্টোফেরিন নেতিবাচক এবং ইলাস্টেজ স্বাভাবিক সীমার মধ্যে। নিম্নলিখিতগুলোর মধ্যে কোনটি নির্ণয়ের সর্বাধিক উপযুক্ত পরবর্তী ধাপ?
A. পেটে সিটি স্ক্যান
B. শিলিং টেস্ট
C. ডিমাইডেটেড গ্লিয়াডিন পেপটাইডের বিরুদ্ধে আইজিজি
D. সিরাম লিপেজ
E. অ্যান্টি-স্যাকারোমাইসেস সেরিভিসিয়া অ্যান্টিবডি
F. এন্টারোস্কপি
G. অ্যান্টি-নিউট্রোফিল সাইটোপ্লাজমিক অ্যান্টিবডি
H. ক্ষুদ্র অন্ত্রের পিএএস-রঙিত বায়োপসি",,,,,
R0170,"A 3-year-old boy is brought to the physician for a well-child examination. He feels well. He was born at 38 weeks' gestation and weighed 2766 g (6 lb 2 oz). He now weighs 14 kg (31 lbs). There is no personal or family history of serious illness. His immunizations are up-to-date. He is at 60th percentile for height and 55th percentile for weight. Vital signs are within normal limits. The lungs are clear to auscultation. A grade 3/6 systolic ejection murmur is heard along the upper left sternal border. S2 is widely split and does not vary with respiration. There is a grade 2/6 mid-diastolic murmur along the lower left sternal border. The abdomen is soft and nontender; there is no organomegaly. Which of the following is the most likely diagnosis?
A. Patent ductus arteriosus
B. Benign heart murmur
C. Atrial septal defect
D. Ventricular septal defect
E. Pulmonary valve stenosis
F. Coarctation of the aorta
""","৩ বছর বয়সী একটি ছেলে ভাল শিশুর পরীক্ষার জন্য ডাক্তারের কাছে আনা হয়েছে। তিনি ভালো অনুভব করছেন। তিনি ৩৮ সপ্তাহ গর্ভধারণে জন্মগ্রহণ করেন এবং ওজন ছিল ২৭৬৬ গ্রাম (৬ পাউন্ড ২ আউন্স)। এখন তার ওজন ১৪ কেজি (৩১ পাউন্ড)। গুরুতর রোগের কোনো ব্যক্তিগত বা পারিবারিক ইতিহাস নেই। তার টিকাদান হালনাগাদ রয়েছে। তিনি উচ্চতার জন্য ৬০তম পারসেন্টাইল এবং ওজনের জন্য ৫৫তম পারসেন্টাইলে আছেন। জীবনীয় চিহ্নগুলি স্বাভাবিক সীমার মধ্যে। শ্বাসযন্ত্র শোনায় পরিষ্কার। উপরের বাম স্টার্নাল সীমা বরাবর গ্রেড ৩/৬ সিস্টোলিক ইজেকশন মর্মর শোনা যায়। এস২ ব্যাপকভাবে বিভক্ত এবং শ্বাসপ্রশ্বাসে পরিবর্তন হয় না। নিচের বাম স্টার্নাল সীমা বরাবর গ্রেড ২/৬ মিড-ডায়াস্টোলিক মর্মর শোনা যায়। পেট নরম ও অসংবেদনশীল; কোনো অঙ্গবৃদ্ধি নেই। নিম্নলিখিতগুলির মধ্যে কোনটি সবচেয়ে সম্ভাব্য নির্ণয়?
A. পেটেন্ট ডাক্টাস আর্টেরিয়োসিস
B. বেনাইন হার্ট মর্মর
C. এট্রিয়াল সেপটাল ডিফেক্ট
D. ভেন্ট্রিকুলার সেপটাল ডিফেক্ট
E. পালমোনারি ভালভ স্টেনোসিস
F. আওর্টা কোঅ্যাক্রেশন",,,,,
R0171,"A 68-year-old man comes to the physician for a routine health maintenance examination. He has had increasing shortness of breath and a productive cough for the past 1 year. He can walk up a flight of stairs without stopping. He has hypertension and his only medication is amlodipine. He has a history of asthma during childhood. He smoked 1 pack of cigarettes daily for 30 years but quit 16 years ago. He used to work at a shipyard and retired 5 years ago. His pulse is 98/min, respirations are 25/min and blood pressure is 134/88 mm Hg. Pulse oximetry on room air shows an oxygen saturation of 93%. Scattered expiratory wheezing and rhonchi are heard throughout both lung fields. Cardiac examination shows no murmurs, rubs, or gallops. Spirometry shows an FEV1:FVC ratio of 63% and an FEV1 of 65% of predicted. His diffusing capacity for carbon monoxide (DLCO) is 40% of predicted. Which of the following is the most likely cause of this patient's findings?
A. Asthma
B. Chronic bronchitis
C. Congestive heart failure
D. Pulmonary hypertension
E. Bronchiectasis
F. Emphysema
G. Asbestosis
""","একজন ৬৮ বছর বয়সী পুরুষ রুটিন স্বাস্থ্য রক্ষণাবেক্ষণ পরীক্ষার জন্য ডাক্তারের কাছে আসে। গত ১ বছরের মধ্যে তিনি শ্বাসকষ্টের বৃদ্ধি এবং উৎপাদনশীল কাশি অনুভব করছেন। তিনি থামা ছাড়াই সিঁড়ি এক তলা উপরে হাঁটতে পারেন। তার উচ্চ রক্তচাপ আছে এবং তার একমাত্র ওষুধ হল অ্যাম্লোডিপিন। শৈশবে তার হাঁপানির ইতিহাস রয়েছে। তিনি প্রতিদিন ১ প্যাকেট সিগারেট ৩০ বছর ধূমপান করেছেন কিন্তু ১৬ বছর আগে ছেড়েছেন। তিনি পূর্বে একটি শিপইয়ার্ডে কাজ করতেন এবং ৫ বছর আগে অবসর নিয়েছিলেন। তার পালস হল ৯৮/মিনিট, শ্বাসপ্রশ্বাসের হার হল ২৫/মিনিট এবং রক্তচাপ হল ১৩৪/৮৮ মিমি পারদ। রুম এয়ারে পালস অক্সিমেট্রি দেখায় যে অক্সিজেন স্যাচুরেশন হল ৯৩%。 উভয় ফুসফুসের ক্ষেত্র জুড়ে ছড়িয়ে ছিটিয়ে এক্সপিরেটরি হুইজিং এবং রনকি শোনা যায়। কার্ডিয়াক পরীক্ষা দেখায় কোনো মর্মর শব্দ, ঘষা বা গ্যালাপ নেই। স্পাইরোমেট্রি দেখায় যে এফইভি১:এফভিসি অনুপাত হল ৬৩% এবং পূর্বাভাসের ৬৫% এফইভি১। কার্বন মনোঅক্সাইডের জন্য তার ডিফিউসিং ক্যাপাসিটি (ডিএলসিও) পূর্বাভাসের ৪০%。 নিম্নলিখিতগুলির মধ্যে কোনটি এই রোগীর ফলাফলের সবচেয়ে সম্ভাব্য কারণ?
A. হাঁপানি
B. ক্রনিক ব্রঙ্কাইটিস
C. কনজেস্টিভ হৃদযন্ত্রের ব্যর্থতা
D. ফুসফুসের উচ্চ রক্তচাপ
E. ব্রংকিয়েক্টাসিস
F. এম্ফাইসেমা
G. অ্যাসবেস্টোসিস",,,,,
R0172,"A 16-year-old girl is brought to the physician because menarche has not yet occurred. She has no history of serious illness and takes no medications. She is 162 cm (5 ft 3 in) tall and weighs 80 kg (176 lb); BMI is 31.2 kg/m2. Breast and pubic hair development is Tanner stage 4. She also has oily skin, acne, and hyperpigmentation of the intertriginous areas of her neck and axillae. The remainder of the examination, including pelvic examination, shows no abnormalities. Which of the following is the most likely explanation for this patient's amenorrhea?
A. Insensitivity to androgens
B. Elevated serum prolactin levels
C. XO chromosomal abnormality
D. Müllerian agenesis
E. Elevated LH:FSH ratio
F. Imperforate hymen
G. Elevated β-hCG levels
H. Elevated serum TSH levels
I. Elevated serum cortisol levels
""","একটি ১৬ বছর বয়সী মেয়ে ডাক্তারের কাছে আনা হয়েছে কারণ তার মাসিক এখনও শুরু হয়নি। তার কোনো গুরুতর রোগের ইতিহাস নেই এবং তিনি কোনও ওষুধ গ্রহণ করেন না। তিনি ১৬২ সেমি (৫ ফুট ৩ ইঞ্চি) লম্বা এবং ৮০ কেজি (১৭৬ পাউন্ড) ওজনের; বিএমআই ৩১.২ কেজি/বর্গ মিটার। স্তন ও পাবিক চুলের বিকাশ ট্যানার স্টেজ ৪। তার তেলযুক্ত ত্বক, ব্রণ এবং গলায় ও বগলে (অ্যাক্সিলায়) অবস্থিত ইন্টারট্রিজিনিয়াস এলাকাগুলিতে অতিরিক্ত রঙধূসরতা রয়েছে। পেলভিক পরীক্ষা সহ পরীক্ষার বাকি অংশে কোনো অস্বাভাবিকতা দেখা যায় না। নিম্নলিখিতগুলির মধ্যে কোনটি এই রোগীর মাসিক অনুপস্থিতির সবচেয়ে সম্ভাব্য ব্যাখ্যা?
A. অ্যান্ড্রোজেনের অসংবেদনশীলতা
B. সিরাম প্রোল্যাকটিন স্তর বৃদ্ধি
C. এক্স-ও ক্রোমোসোমাল অস্বাভাবিকতা
D. মুলেরিয়ান এজেনেসিস
E. এলএইচ : এফএসএইচ অনুপাত বৃদ্ধি
F. ইমপারফোরেট হাইমেন
G. বিটা-এইচসিজি স্তর বৃদ্ধি
H. সিরাম টিএসএইচ স্তর বৃদ্ধি
I. সিরাম কর্টিসল স্তর বৃদ্ধি",,,,,
R0173,"A 28-year-old primigravid woman comes to the physician at 27 weeks' gestation with increased urinary frequency, a burning sensation when urinating, flank pain, and nausea. Her pregnancy has been uncomplicated. Glucose tolerance testing performed at 25 weeks' gestation was normal. She is sexually active with her husband. Her only medication is a prenatal vitamin. Her pulse is 90/min, respirations are 16/min, and blood pressure is 125/75 mm Hg. Physical examination shows marked tenderness in the right costovertebral area. Pelvic examination shows a uterus consistent with 27 weeks' gestation. Her urine dipstick is positive for leukocyte esterase and nitrites. The urine is sent for bacterial culture. Which of the following changes most likely contributed to this patient's condition?
A. Decreased ureteral smooth muscle tone
B. Increased body temperature
C. Increased urine concentration
D. Decreased urine volume
E. Increased urinary pH
F. Decreased urine glucose concentration
""","২৮ বছর বয়সী একক গর্ভবতী নারী (প্রাইমিগ্রাভিড) ২৭ সপ্তাহের গর্ভধারণে ডাক্তারের কাছে আসে, যেখানে মূত্রত্যাগের ফ্রিকোয়েন্সি বৃদ্ধি, প্রস্রাব করার সময় জ্বালাপোড়া অনুভূতি, পার্শ্ব ব্যথা এবং বমিভাব রয়েছে। তার গর্ভধারণ কোনো জটিলতা ছাড়া চলেছে। ২৫ সপ্তাহে করা গ্লুকোজ টলারেন্স পরীক্ষা স্বাভাবিক ছিল। তিনি তাঁর স্বামীর সঙ্গে যৌন সক্রিয়। তার একমাত্র ওষুধ হল একটি প্রি-নাটাল ভিটামিন। তার পালস ৯০/প্রতি মিনিট, শ্বাসের হার ১৬/প্রতি মিনিট, এবং রক্তচাপ ১২৫/৭৫ মিমি পারদ। শারীরিক পরীক্ষায় ডান পার্শ্বীয় কস্টোভার্টিব্রাল এলাকায় স্পষ্ট সংবেদনশীলতা দেখা যায়। পেলভিক পরীক্ষা দেখায় গর্ভাশয়টি ২৭ সপ্তাহের গর্ভধারণের সঙ্গে সামঞ্জস্যপূর্ণ। তার মূত্র ডিপস্টিক লিউকোসাইট এসটেরেজ এবং নাইট্রাইটের জন্য পজিটিভ হয়েছে। মূত্রকে ব্যাকটেরিয়াল কালচার করার জন্য পাঠানো হয়। নিম্নলিখিত কোন পরিবর্তনটি সম্ভবত এই রোগীর অবস্থার কারণ হয়েছে?
A. ইউরেটার মসৃণ পেশীর টোন হ্রাস
B. শরীরের তাপমাত্রা বৃদ্ধি
C. মূত্র ঘনত্ব বৃদ্ধি
D. মূত্র পরিমাণ হ্রাস
E. মূত্রের পিএইচ বৃদ্ধি
F. মূত্র গ্লুকোজ ঘনত্ব হ্রাস",,,,,
R0174,"Two days after delivery, a newborn develops a red, irritated eye with yellow discharge. She was born at 39 weeks' gestation to a 28-year-old woman, gravida 1, para 1. Pregnancy and delivery were uncomplicated. The mother had not seen her gynecologist since her first prenatal visit. The newborn's temperature is 37.2°C (99.0°F), pulse is 140/min, respirations are 42/min, and blood pressure is 73/53 mm Hg. Ophthalmic examination shows eyelid edema, conjunctival injection, and copious yellow mucopurulent discharge from the right eye. There is no corneal ulceration or evidence of keratitis. Funduscopic examination is normal. The diagnosis is confirmed and appropriate treatment is administered. Which of the following is most likely to have prevented this patient's condition?
A. Oral erythromycin administered to the infant
B. IV ceftriaxone administered to the infant
C. Topical erythromycin administered to the infant
D. Oral doxycycline administered to the mother
E. Oral amoxicillin administered to the mother","ডেলিভারির দুই দিন পরে, একটি নবজাতক লাল, জ্বালা যুক্ত চোখে হলুদ নিঃসরণ বিকাশ করে। তিনি ৩৯ সপ্তাহের গর্ভধারণে ২৮ বছর বয়সী নারীর কাছে জন্মেছেন, গ্র্যাভিডা ১, প্যারা ১। গর্ভধারণ এবং প্রসব জটিলতা মুক্ত ছিল। মা তার প্রথম প্রি-নাটাল ভিজিটের পর থেকে গাইনেকোলজিস্টকে দেখেননি। নবজাতকের তাপমাত্রা ৩৭.২ ডিগ্রি সেলসিয়াস (৯৯.০ ডিগ্রি ফারেনহাইট), পাল্স হল ১৪০/মিনিট, শ্বাসপ্রশ্বাস প্রতি মিনিটে ৪২, এবং রক্তচাপ ৭৩/৫৩ মিমি পারদ। চক্ষু পরীক্ষায় চোখের পাতা এডেমা, কনজাংটিভাল ইনজেকশন, এবং ডান চোখ থেকে প্রচুর হলুদ মিউকোপিউরুলেন্ট নিঃসরণ দেখা যায়। কর্নিয়াল আলসার বা কেরাটাইটিসের কোনো প্রমাণ নেই। ফান্ডাসকোপিক পরীক্ষা স্বাভাবিক। নির্ণয় নিশ্চিত হয়েছে এবং উপযুক্ত চিকিৎসা প্রদান করা হয়েছে। নিম্নলিখিত কোনটি এই রোগীর অবস্থার প্রতিরোধে সবচেয়ে সম্ভাব্যভাবে সহায়তা করতে পারত?
A. শিশুকে মৌখিক এরিথ্রোমাইসিন প্রদান করা।
B. শিশুকে শিরাপথে সেফট্রায়াক্সোন প্রদান করা।
C. শিশুকে টপিক্যাল এরিথ্রোমাইসিন প্রদান করা।
D. মায়ের জন্য মৌখিক ডক্সিসাইক্লিন প্রদান করা।
E. মায়ের জন্য মৌখিক অ্যামোক্সিসিলিন প্রদান করা।",,,,,
R0175,"A 29-year-old, gravida 1 para 0, at 10 weeks' gestation comes to the physician for progressively worsening emesis, nausea, and a 2-kg (4.7-lb) weight loss over the past 2 weeks. The most recent bouts of vomiting occur around 3-4 times a day, and she is stressed that she had to take a sick leave from work the last 2 days. She is currently taking ginger and vitamin B6 with limited relief. Her pulse is 80/min, blood pressure is 100/60 mmHg, and respiratory rate is 13/min. Orthostatic vital signs are within normal limits. The patient is alert and oriented. Her abdomen is soft and nontender. Urinalysis shows no abnormalities. Her hematocrit is 40%. Venous blood gas shows:
pH 7.43
pO2 42 mmHg
pCO2 54 mmHg
HCO3- 31 mEq/L
SO2 80%
In addition to oral fluid resuscitation, which of the following is the most appropriate next step in management?""
A. IV fluid resuscitation
B. Administration of supplemental oxygen
C. Scheduled meal times
D. Monitoring and stress counseling
E. PO bismuth subsalicylate
F. Trial of metoclopramide
G. Discontinuation of ginger and vitamin B6
H. Addition of doxylamine","২৯ বছর বয়সী, গ্র্যাভিডা ১ প্যারা ০, ১০ সপ্তাহের গর্ভধারণে রোগী প্রগতিশীলভাবে বাড়তে থাকা বমি, বমি ভাব এবং গত ২ সপ্তাহে ২-কেজি (৪.৭-পাউন্ড) ওজন হ্রাস নিয়ে ডাক্তারের কাছে আসেন। সর্বশেষ বমির পর্বগুলো দিনে প্রায় ৩-৪ বার ঘটে, এবং তিনি উদ্বিগ্ন যে শেষ ২ দিন কাজ থেকে অসুস্থ ছুটি নিতে বাধ্য হয়েছেন। বর্তমানে তিনি জিঞ্জার এবং ভিটামিন বি৬ গ্রহণ করছেন তবে স্বস্তি সীমিত। তার পাল্স ৮০/মিন, রক্তচাপ ১০০/৬০ মিমি পারদ, শ্বাসের হার ১৩/মিন। অর্থোস্ট্যাটিক ভিটাল সাইন স্বাভাবিক সীমার মধ্যে। রোগী সতর্ক এবং দিশা জানেন। তার পেট নরম এবং অসংবেদনশীল। মূত্র বিশ্লেষণে কোনো অস্বাভাবিকতা দেখা যায়নি। হিমাটোক্রিট ৪০%। শিরা রক্ত গ্যাস দেখায়: পি এইচ ৭.৪৩, পি ও২ ৪২ মিমি পারদ, পি সিও২ ৫৪ মিমি পারদ, এইচ সি ও৩- ৩১ মিলিইকুইভ্যালেন্ট/লিটার, এস ও২ ৮০%। মৌখিক তরল রিসাসিটেশন ছাড়াও, নিম্নের কোনটি ব্যবস্থাপনার সর্বোত্তম পরবর্তী ধাপ?
A. শিরাপথে তরল রিসাসিটেশন
B. অতিরিক্ত অক্সিজেনের প্রদান
C. নির্ধারিত খাবারের সময়সূচি
D. পর্যবেক্ষণ ও চাপ পরামর্শ
E. মৌখিক বিস্মথ সাবসালিসিলেট
F. মেটোক্লোপ্রামাইডের চেষ্টা
G. জিঞ্জার এবং ভিটামিন বি৬ বন্ধ করা
H. ডক্সিলামিন যোগ করা",,,,,
R0176,"A 23-year-old woman is brought to the emergency department by her friend because of a 1-hour episode of confusion. Earlier that night, they were at a dance club, and the patient was very energetic and euphoric. Thirty minutes after arriving, she became agitated and nauseous. She no longer seemed to know where she was or how she got there, and she began talking to herself. She has no major medical illness. She is an undergraduate student at a local college. She does not smoke but drinks 10-14 mixed drinks each week. Her temperature is 38.3°C (100.9°F), pulse is 115/min and regular, respirations are 16/min, and blood pressure is 138/84 mm Hg. She oriented to self but not to time or place. Throughout the examination, she grinds her teeth. Her pupils are 7 mm in diameter and minimally reactive. Her skin is diffusely flushed and diaphoretic. Cardiopulmonary examination shows no abnormalities. Serum studies show:
Na+ 129 mEq/L
K+ 3.7 mEq/L
HCO3- 22 mEq/L
Creatinine 1.2 mg/dL
Glucose 81 mg/dL
Which of the following substances is the most likely cause of this patient's presentation?""
A. Phencyclidine
B. Cocaine
C. Diphenhydramine
D. Acetaminophen
E. Ecstasy
F. Codeine
G. Methamphetamine","একজন ২৩ বছর বয়সী নারীকে তার বন্ধু জরুরি বিভাগে নিয়ে এসেছে কারণ তিনি এক ঘণ্টার বিভ্রান্তির এপিসোডে ছিলেন। সেই রাতের আগে, তারা একটি ড্যান্স ক্লাবে গিয়েছিলেন, এবং রোগী খুবই উদ্যমী ও উচ্ছ্বসিত ছিলেন। পৌঁছানোর ত্রিশ মিনিট পরে, তিনি উত্তেজিত ও বমিভাব অনুভব করেন। তিনি আর জানেন না তিনি কোথায় আছেন বা কীভাবে সেখানে পৌঁছেছেন, এবং নিজে সঙ্গে কথা বলতে শুরু করেন। তার কোনো বড় রোগের ইতিহাস নেই। তিনি স্থানীয় কলেজের স্নাতকোত্তর ছাত্র। তিনি ধূমপান করেন না তবে প্রতি সপ্তাহে ১০-১৪ মিক্সড ড্রিংকস পান করেন। তার তাপমাত্রা ৩৮.৩° ডিগ্রি সেলসিয়া (১০০.৯° ডিগ্রি ফারেনহাইট), পালস ১১৫/মিনিট এবং রেগুলার, শ্বাসপ্রশ্বাস ১৬/মিনিট, এবং রক্তচাপ ১৩৮/৮৪ মিমি পারদ। তিনি নিজে সম্পর্কে সচেতন কিন্তু সময় বা স্থানের ব্যাপারে নয়। পরীক্ষার পুরো সময় তিনি দাঁত ঘষেন। তার পিউপিলের ব্যাস ৭ মিমি এবং সামান্য প্রতিক্রিয়াশীল। তার ত্বক ব্যাপকভাবে লাল ও ঘামযুক্ত। কার্ডিওফুস ফিজিক্যাল পরীক্ষায় কোনো অস্বাভাবিকতা দেখা যায়নি। সিরাম গবেষণায় দেখানো হয়েছে:
সোডিয়াম ১২৯ মিলিইকুইভ্যালেন্ট/লিটার
পটাশিয়াম ৩.৭ মিলিইকুইভ্যালেন্ট/লিটার
বাইকার্বনেট ২২ মিলিইকুইভ্যালেন্ট/লিটার
ক্রিয়াটিনিন ১.২ মিলিগ্রাম/ডেসিলিটার
গ্লুকোজ ৮১ মিলিগ্রাম/ডেসিলিটার
নিম্নলিখিত কোন পদার্থটি এই রোগীর উপসর্গের সবচেয়ে সম্ভাব্য কারণ?
A. ফেন্সাইক্লিডিন
B. কোকেইন
C. ডাইফেনহাইড্রামিন
D. অ্যাসিটামিনোফেন
E. এক্সট্যাসি
F. কোডেইন
G. মেথ্যাম্পেটামিন",,,,,
R0177,"A 62-year-old man comes to the physician for the evaluation of lower back pain and tingling and numbness in his legs for the past 6 months. The pain radiates bilaterally to his buttocks and legs gets worse while standing or walking downhill. Two weeks ago, he had an upper respiratory tract infection that resolved spontaneously. He has hypertension and hypercholesterolemia. His son has ankylosing spondylitis. The patient does not smoke. He drinks 2-3 beers on the weekends. Current medications include enalapril and atorvastatin. He is 180 cm (5 ft 11 in) tall and weighs 90 kg (198 lb); BMI is 27.8 kg/m2. His temperature is 37°C (98.6°F), pulse is 70/min, and blood pressure is 135/85 mm Hg. There is no tenderness to palpation over the lumbar spine. Sensation to pinprick and light touch is decreased over the lower extremities. The patient's gait is unsteady and wide based. Muscle strength is normal. Deep tendon reflexes are 1+ bilaterally. Babinski's sign is absent bilaterally. Further evaluation is most likely to reveal which of the following findings?
A. Positive HLA-B27
B. Increased hemoglobin A1c
C. Positive straight leg raise
D. Albuminocytologic dissociation on CSF analysis
E. Leaning forward relieves the pain
F. Decreased ankle-brachial index","৬২ বছর বয়সী একজন পুরুষ নিম্ন পিঠের ব্যথা এবং তার পায়ে ঝিনঝিনি ও অস্পর্শতা গত ৬ মাস ধরে মূল্যায়নের জন্য ডাক্তারের কাছে আসেন। ব্যথাটি উভয় পাশে তার নিতম্ব এবং পা পর্যন্ত বিস্তৃত হয় এবং দাঁড়িয়ে থাকলে অথবা ঢালু পথে হেঁটে চললে তীব্রতা বৃদ্ধি পায়। দুই সপ্তাহ আগে তিনি একটি উপরের শ্বাসনালী সংক্রমণ থেকে আক্রান্ত হন যা স্বয়ংক্রিয়ভাবে সেরে গিয়েছিল। তার উচ্চ রক্তচাপ এবং উচ্চ কোলেস্টেরল রয়েছে। তার পুত্রের অ্যান্কাইলোসিং স্পন্ডিলাইটিস আছে। রোগী ধূমপান করেন না। তিনি সপ্তাহান্তে ২-৩টি বিয়ার পান করেন। বর্তমান ওষুধের মধ্যে রয়েছে এনালাপ্রিল এবং অ্যাটরভাস্ট্যাটিন। তার উচ্চতা ১৮০ সেমি (৫ ফুট ১১ ইঞ্চি) এবং ওজন ৯০ কেজি (১৯৮ পাউন্ড); BMI হল ২৭.৮ কেজি/মি2। তার তাপমাত্রা ৩৭ ডিগ্রি সেলসিয়া (৯৮.৬ ডিগ্রি ফারেনহাইট), পাল্স প্রতি মিনিটে ৭০, এবং রক্তচাপ ১৩৫/৮৫ মিমি পারদ। লোম্বার মেরুদণ্ডে স্পর্শ করার সময় কোনও নরমত্ব বা ব্যথা দেখা যায় না। নিম্ন অঙ্গগুলিতে পিনপ্রিক এবং হালকা স্পর্শের অনুভূতি কমে গেছে। রোগীর গতি অস্থিতিশীল এবং পায়ের বিস্তৃতি প্রশস্ত। পেশির শক্তি স্বাভাবিক। ডিপ টেন্ডন রিফ্লেক্স উভয় পাশে ১+ আছে। বাবিনস্কি সাইন উভয় পাশে অনুপস্থিত। আরও মূল্যায়নে সম্ভবত নিম্নলিখিত কোনটি প্রকাশ পাবে?
A. ইতিবাচক এইচএলএ-বি২৭
B. বর্ধিত হিমোগ্লোবিন এ১সি
C. ইতিবাচক স্ট্রেইট লেগ রেইজ
D. সিএসএফ বিশ্লেষণে অ্যালবুমিন-সাইটোলজিক বিচ্ছিন্নতা
E. সামনে ঝুঁকলে ব্যথা কমে যায়
F. হ্রাসপ্রাপ্ত অ্যাঙ্কল-ব্র্যাকিয়াল ইনডেক্স",,,,,
R0178,"A 9-year-old girl is brought to the physician by her father because of multiple episodes of staring and facial grimacing that have occurred over the past 3 weeks. There are no precipitating factors for these episodes and they last for several minutes. She does not respond to her family members during these episodes. One week ago, her brother witnessed an episode in which she woke up while sleeping, stared, and made hand gestures. She does not remember any of these episodes but does recall having a vague muddy taste in her mouth prior to the onset of these symptoms. After the episode, she feels lethargic and is confused. Physical and neurologic examinations show no abnormalities. Which of the following is the most likely diagnosis?
A. Generalized tonic-clonic seizures
B. Atonic seizure
C. Simple partial seizures
D. Absence seizure
E. Complex partial seizure
F. Syncope
G. Breath-holding spell
H. Narcolepsy
I. Myoclonic seizure","৯-বছরের একটি মেয়ে তার পিতার মাধ্যমে ডাক্তারের কাছে আনা হয়েছে কারণ গত ৩ সপ্তাহে বহুবার তাকানো ও মুখের কুঁচকানোর ঘটনা ঘটেছে। এই ঘটনাগুলোর কোনো উদ্দীপক কারণ নেই এবং সেগুলো কয়েক মিনিট স্থায়ী হয়। তিনি এই সময়ে পরিবারের সদস্যদের প্রতি সাড়া দেন না। ১ সপ্তাহ আগে, তার ভাই একটি ঘটনা দেখেছিল যেখানে সে ঘুম থেকে জেগে উঠল, তাকলো ও হাতের অঙ্গভঙ্গি করল। তিনি এই ঘটনাগুলোর কোনোটি স্মরণ করতে পারেন না তবে উপসর্গগুলোর শুরু হওয়ার আগে তার মুখে একটি অস্পষ্ট কাদা-সদৃশ স্বাদ ছিল। ঘটনার পরে সে অলস বোধ করে এবং বিভ্রান্ত থাকে। শারীরিক ও স্নায়বিক পরীক্ষায় কোনো অস্বাভাবিকতা দেখা যায় না। নিম্নলিখিতগুলোর মধ্যে কোনটি সবচেয়ে সম্ভাব্য নির্ণয়?
A. সার্বজনীন টনিক-ক্লোনিক সিজার
B. অ্যাটোনিক সিজার
C. সহজ আংশিক সিজার
D. অ্যাবসেন্স সিজার
E. জটিল আংশিক সিজার
F. সিঙ্কোপ
G. শ্বাসধারণের স্পেল
H. নারকোলেপসি
I. মায়োক্লোনিক সিজার",,,,,
R0179,"A previously healthy 32-year-old male comes to the emergency department because of a high-grade fever and malaise for 3 days. He has severe generalized joint and body pains refractory to acetaminophen. He also has a severe stabbing pain behind his eyes. He returned from a trip to Taiwan 1 week ago. He is sexually active and uses condoms inconsistently. His temperature is 38.7°C (101.7°F), pulse is 102/min, and blood pressure is 100/70 mm Hg. Examination shows nontender inguinal lymphadenopathy. There is a maculopapular rash over the trunk and extremities with some sparing of the skin over his back and groin. Abdominal examination shows no abnormalities. Laboratory studies show:
Hemoglobin 13.3 g/dL
Leukocyte count 3,900/mm3
Platelet count 90,000/mm3
Serum
Na+ 136 mEq/L
Cl- 103 mEq/L
K+ 4.2 mEq/L
Urea nitrogen 15 mg/dL
Creatinine 1.2 mg/dL
Bilirubin
Total 0.4 mg/dL
Direct 0.1 mg/dL
Alkaline phosphatase 40 U/L
AST 130 U/L
ALT 60 U/L
Urinalysis is normal. An ELISA test for HIV is negative. Which of the following measures is most likely to have prevented this patient’s condition?""
A. Safe sexual practices
B. Mosquito repellent
C. Prophylaxis with doxycycline
D. Vaccination
E. Frequent hand washing","একজন পূর্বে সুস্থ ৩২ বছর বয়সী পুরুষ জরুরি বিভাগে আসেন কারণ উচ্চ গ্রেডের জ্বর এবং অস্বস্তি তিন দিনের জন্য। তিনি তীব্র সাধারণীকৃত সন্ধি ও দেহব্যথা অনুভব করেন যা অ্যাসিটামিনোফেনের প্রতি প্রতিকারহীন। তার পাশাপাশি চোখের পেছনে তীব্র ছুরি-ধরনের ব্যথা রয়েছে। তিনি এক সপ্তাহ আগে তাইওয়ান ভ্রমণ থেকে ফিরে এসেছেন। তিনি যৌন সক্রিয় এবং কন্ডোম অনিয়মিতভাবে ব্যবহার করেন। তার তাপমাত্রা ৩৮.৭ ডিগ্রি সেলসিয়াস (১০১.৭ ডিগ্রি ফারেনহাইট), পাল্স প্রতি মিনিটে ১০২, রক্তচাপ ১০০/৭০ মিমি পারদ। পরীক্ষায় অ-সংবেদনশীল ইংগুইনাল লিম্ফ নোডের বৃদ্ধি দেখা যায়। দেহ ও অঙ্গপ্রান্তে একটি ম্যাকুলোপ্যাপুলার র্যাশ রয়েছে, যার কিছু অংশ তার পিঠ এবং গ্রীনে ত্বক থেকে বাদ দেওয়া হয়েছে। উদর পরীক্ষা কোনো অস্বাভাবিকতা দেখায় না। ল্যাবরেটরি স্টাডি দেখায়:
হিমোগ্লোবিন ১৩.৩ গ্রাম প্রতি ডেসিলিটার
লিউকোসাইট সংখ্যা ৩,৯০০ প্রতি ঘন মিলিমিটার
প্লেটলেট গণনা ৯০,০০০ প্রতি ঘন মিলিমিটার
সিরাম
সোডিয়াম ১৩৬ মিলিইকুইভ্যালেন্ট/লিটার
ক্লোরাইড ১০৩ মিলিইকুইভ্যালেন্ট/লিটার
পটাশিয়াম ৪.২ মিলিইকুইভ্যালেন্ট/লিটার
ইউরিয়া নাইট্রোজেন ১৫ মিলিগ্রাম প্রতি ডেসিলিটার
ক্রিয়াটিনিন ১.২ মিলিগ্রাম প্রতি ডেসিলিটার
বিলিরুবিন
মোট ০.৪ মিলিগ্রাম প্রতি ডেসিলিটার
ডাইরেক্ট ০.১ মিলিগ্রাম প্রতি ডেসিলিটার
অ্যালকালাইন ফসফাটেজ ৪০ ইউনিট/লিটার
এএসটি ১৩০ ইউনিট/লিটার
এএলটি ৬০ ইউনিট/লিটার
মূত্র বিশ্লেষণ স্বাভাবিক। এইচআইভি এর জন্য একটি ইএলআইএসএ পরীক্ষা নেতিবাচক। নিম্নের কোন ব্যবস্থা সবচেয়ে সম্ভাব্যভাবে এই রোগীর অবস্থাকে প্রতিরোধ করতে পারত?
A. সুরক্ষিত যৌন আচরণ
B. মশা প্রতিরোধক
C. ডক্সিসাইক্লিন দিয়ে প্রতিরোধমূলক চিকিৎসা
D. টিকাদান
E. নিয়মিত হাত ধোয়া",,,,,
R0180,"A 49-year-old man comes to the physician because of tender, red nodules that appeared on his chest 3 days ago. Three weeks ago, he had similar symptoms in his right lower limb and another episode in his left foot; both episodes resolved spontaneously. He also has diarrhea and has had a poor appetite for 1 month. He has a history of dry cough and joint pain, for which he takes albuterol and aspirin as needed. He has smoked 2 packs of cigarettes daily for 15 years. He does not drink alcohol. Physical examination shows a linear, erythematous lesion on the right anterior chest wall, through which a cord-like structure can be palpated. The lungs are clear to auscultation. The abdomen is soft, nontender, and non-distended. Examination of the legs is normal. An ultrasound of the legs shows no abnormalities. Which of the following is the most appropriate next step in diagnosis of the underlying condition?
A. Serum fibrinogen level
B. Serum angiotensin-converting enzyme level
C. CT scan of the abdomen
D. X-ray of the chest
E. Serum antiphospholipid antibody level
F. Terminal ileoscopy
G. Coagulation studies
H. Ankle brachial index","৪৯ বছর বয়সী একজন পুরুষ রোগী ত্বকে নরম, লাল গাঁটের জন্য ডাক্তারের কাছে আসেন যা ৩ দিন আগে তার বুকে প্রকাশ পেয়েছে। ৩ সপ্তাহ আগে, তিনি তার ডান নিচের অঙ্গে অনুরূপ উপসর্গ এবং বাম পায়ে আরেকটি এপিসোড অনুভব করেছিলেন; উভয়ই স্বয়ংক্রিয়ভাবে সেরে গিয়েছিল। এছাড়াও তাকে ডায়রিয়া রয়েছে এবং ১ মাস ধরে ক্ষুধা কম হয়েছে। তিনি শুষ্ক কাশি ও জয়েন্টের ব্যথার ইতিহাস আছে, যার জন্য প্রয়োজন অনুযায়ী অ্যালবুটেরল এবং অ্যাসপিরিন গ্রহণ করেন। তিনি ১৫ বছর ধরে প্রতিদিন ২ প্যাক সিগারেট ধূমপান করে আসছেন। তিনি মদ্যপান করেন না। শারীরিক পরীক্ষায় ডান সামনের বক্ষপ্রাচীরে একটি রেখীয়, লালচে ক্ষত দেখা যায়, যার মাধ্যমে একটি দড়ি-সদৃশ গঠন স্পর্শ করা যায়। ফুসফুস শ্বাসযন্ত্রের শব্দ শুনতে পরিষ্কার। পেট নরম, অ-ব্যথাযুক্ত এবং অ-বিস্ফোরিত। পা'র পরীক্ষা স্বাভাবিক। পায়ের আল্ট্রাসাউন্ডে কোনো অস্বাভাবিকতা দেখা যায়নি। নিম্নলিখিতগুলির মধ্যে কোনটি অন্তর্নিহিত অবস্থার নির্ণয়ের জন্য সবচেয়ে উপযুক্ত পরবর্তী ধাপ?
A. সিরাম ফাইব্রিনোজেন স্তর
B. সিরাম অ্যানজিওটেন্সিন-কনভার্টিং এনজাইম স্তর
C. উদরের সিটি স্ক্যান
D. বক্ষের এক্স-রে
E. সিরাম অ্যান্টি-ফসফোলিপিড অ্যান্টিবডি স্তর
F. টার্মিনাল ইলিওস্কপি
G. কোয়াগুলেশন স্টাডি
H. অ্যাঙ্কল ব্র্যাকিয়াল ইনডেক্স",,,,,
R0181,"A 56-year-old woman is brought to the emergency department by her husband because of slurred speech and left facial droop for the past 30 minutes. During this period, she has also had numbness on the left side of her face. She has never had such an episode before. She has hypertension, hypercholesterolemia, and type 2 diabetes mellitus. Her father died of lung cancer 1 week ago. The patient has smoked one pack of cigarettes daily for 30 years. She drinks one glass of wine daily. Her current medications include metformin, sitagliptin, enalapril, and atorvastatin. She is 168 cm (5 ft 6 in) tall and weighs 86 kg (190 lb); BMI is 30.5 kg/m2. She is oriented to time, place, and person. Her temperature is 37°C (98.7°F), pulse is 97/min, and blood pressure is 140/90 mm Hg. Examination shows drooping of the left side of the face. Her speech is clear. Examination shows full muscle strength. Deep tendon reflexes are 2+ bilaterally. A finger-nose test and her gait are normal. Cardiopulmonary examination shows a right-sided carotid bruit. A complete blood count and serum concentrations of creatinine, glucose, and electrolytes are within the reference ranges. An ECG shows left ventricular hypertrophy. A noncontrast CT scan of the brain shows no abnormalities. On the way back from the CT scan, her presenting symptoms resolve. Which of the following is the most likely diagnosis?
A. Conversion disorder
B. Partial seizure
C. Embolic stroke
D. Bell palsy
E. Transient ischemic attack
F. Multiple sclerosis","একজন ৫৬ বছর বয়সী নারীকে তার স্বামী জরুরি বিভাগে নিয়ে এসেছে কারণ গত ৩০ মিনিট ধরে তিনি ম্লান ভাষণ এবং বাম দিকের মুখের ড্রপ অনুভব করছেন। এই সময়ে, তার মুখের বাম পাশে অনুভূতির হ্রাসও হয়েছে। এমন কোনো ঘটনার তিনি আগে কখনো অভিজ্ঞতা পাননি। তার উচ্চ রক্তচাপ, হাইপারকোলেস্টেরলেমিয়া এবং টাইপ ২ ডায়াবেটিস রয়েছে। এক সপ্তাহ আগে তার বাবা ফুসফুস ক্যান্সার থেকে মারা গেছেন। রোগী প্রতি দিন ৩০ বছর ধরে এক প্যাকেট সিগারেট ধূমপান করেন। তিনি প্রতিদিন এক গ্লাস ওয়াইন পান করেন। তার বর্তমান ওষুধগুলোর মধ্যে রয়েছে মেটফরমিন, সিটাগ্লিপটিন, এনালাপ্রিল এবং অ্যাটরভাস্ট্যাটিন। তার উচ্চতা ১৬৮ সেন্টিমিটার (৫ ফুট ৬ ইঞ্চি) এবং ওজন ৮৬ কেজি (১৯০ পাউন্ড); বিএমআই হল ৩০.৫ কেজি/মি২। তিনি সময়, স্থান এবং ব্যক্তির প্রতি দিকনির্দেশে সচেতন। তার তাপমাত্রা ৩৭ ডিগ্রি সেলসিয়াস (৯৮.৭ ডিগ্রি ফারেনহাইট), পাল্স প্রতি মিনিটে ৯৭ এবং রক্তচাপ ১৪০/৯০ মিমি পারদ। পরীক্ষায় মুখের বাম পাশে ঝুলে থাকা দেখা যায়। তার ভাষণ স্পষ্ট। পরীক্ষায় পেশীর শক্তি পূর্ণ দেখানো হয়েছে। ডিপ টেন্ডন রিফ্লেক্স দুপাশে ২+। ফিঙ্গার-নোজ পরীক্ষা এবং তার গতি স্বাভাবিক। কার্ডিওপালমোনারি পরীক্ষায় ডান পাশে ক্যারোটিড ব্রুইট দেখা যায়। একটি সম্পূর্ণ রক্ত গণনা এবং সিরাম ক্রিয়াটিনিন, গ্লুকোজ ও ইলেক্ট্রোলাইটের ঘনত্ব রেফারেন্স সীমার মধ্যে রয়েছে। ইসিজি-তে বাম ভেন্ট্রিকুলার হাইপারট্রফি দেখা যায়। মস্তিষ্কের নন-কন্ট্রাস্ট সিটি স্ক্যানে কোনো অস্বাভাবিকতা দেখা যায় না। সিটি স্ক্যান থেকে ফিরে আসার পথে তার উপস্থাপিত লক্ষণগুলো সমাধান হয়। নিম্নলিখিতগুলোর মধ্যে কোনটি সবচেয়ে সম্ভাব্য নির্ণয়?
A. কনভার্সন ডিসঅর্ডার
B. আংশিক মৃগী
C. এম্বোলিক স্ট্রোক
D. বেল পালসি
E. ট্রান্সিয়েন্ট ইস্কেমিক অ্যাট্যাক
F. মাল্টিপল স্ক্লেরোসিস",,,,,
R0182,"A 28-year-old woman comes to the physician because she had a positive pregnancy test at home. She reports feeling nauseated and has vomited several times over the past week. During this period, she has also had increased urinary frequency. She is sexually active with her boyfriend and they use condoms inconsistently. Her last menstrual period was 5 weeks ago. Physical examination shows no abnormalities. A urine pregnancy test is positive. A pap smear is positive for a high-grade squamous intraepithelial lesion. Colposcopy shows cervical intraepithelial neoplasia grade II and III. Which of the following is the most appropriate next step in the management of this patient?
A. Reevaluation with cytology and colposcopy 6 weeks after birth
B. Colposcopy and cytology at 6-month intervals for 12 months
C. Endocervical curettage
D. Perform loop electrosurgical excision
E. Diagnostic excisional procedure
""","২৮ বছর বয়সী এক নারী চিকিৎসকের কাছে আসে কারণ তিনি বাড়িতে গর্ভধারণের টেস্টে পজিটিভ ফলাফল পেয়েছেন। তিনি জানান যে তাকে বমি বমি ভাব হচ্ছে এবং গত সপ্তাহে বেশ কয়েকবার বমি করেছেন। এই সময়কালে তিনি মূত্রত্যাগের ফ্রিকোয়েন্সি বৃদ্ধি পেয়েছে বলে জানান। তিনি তার বয়ফ্রেন্ডের সঙ্গে যৌন সক্রিয় এবং তারা কন্ডোম অনিয়মিতভাবে ব্যবহার করেন। তার শেষ মাসিক ছিল ৫ সপ্তাহ আগে। শারীরিক পরীক্ষায় কোনো অস্বাভাবিকতা দেখা যায়নি। মূত্র গর্ভধারণ টেস্ট পজিটিভ হয়েছে। প্যাপ স্মিয়ার ফলাফল উচ্চ-গ্রেড স্কোয়ামাস ইনট্রাএপিথেলিয়াল লেশনের জন্য পজিটিভ এসেছে। কোলপোস্কপি দেখায় সার্ভিক্যাল ইনট্রাএপিথেলিয়াল নেয়োপ্লাসিয়া গ্রেড ২ এবং ৩। নিম্নলিখিতগুলির মধ্যে কোনটি এই রোগীর ব্যবস্থাপনার সর্বোত্তম পরবর্তী ধাপ হবে?
A. জন্মের ৬ সপ্তাহ পরে সাইটোলোজি এবং কোলপোস্কপি দিয়ে পুনর্মূল্যায়ন।
B. ১২ মাসের জন্য প্রতি ৬-মাসে কোলপোস্কপি এবং সাইটোলোজি।
C. এন্ডোসার্ভিক্যাল কিউরেটেজ।
D. লুপ ইলেক্ট্রোসার্জিক্যাল এক্সিশন সম্পাদন করুন।
E. ডায়াগনস্টিক এক্সিশনাল প্রক্রিয়া।",,,,,
R0183,"A 26-year-old woman comes to the emergency department 30 minutes after she was bitten by her neighbor's cat. She has no history of serious illness and takes no medications. She received all recommended immunizations during childhood but has not received any since then. Vital signs are within normal limits. Physical examination shows four puncture wounds on the thenar eminence of the right hand. There is mild swelling but no erythema. There is normal range of motion of her right thumb and wrist. The wound is cleaned with povidone iodine and irrigated with saline. Which of the following is the most appropriate next step in management?
A. Obtain a wound culture
B. Administer oral amoxicillin-clavulanate
C. Close the wound surgically
D. Provide reassurance
E. Order a CT scan of the right hand
F. Close the wound with cyanoacrylate tissue adhesive
G. Administer the rabies vaccine
H. Administer tetanus toxoid and tetanus IV immunoglobulin
I. Administer oral cephalexin","একজন ২৬ বছর বয়সী নারী প্রতিবেশীর বিড়ালের কামড়ে ৩০ মিনিট পরে জরুরি বিভাগে আসেন। তার কোনো গুরুতর রোগের ইতিহাস নেই এবং তিনি কোনও ওষুধ গ্রহণ করেন না। শৈশবে তিনি সমস্ত সুপারিশকৃত টিকাদান পেয়েছেন কিন্তু তারপর থেকে কোনটি পাননি। গুরুত্বপূর্ণ চিহ্নগুলি স্বাভাবিক সীমার মধ্যে রয়েছে। শারীরিক পরীক্ষায় ডান হাতের থেনার ইমিনেন্সে চারটি পাংচার ক্ষত দেখা যায়। হালকা ফোলাভাব আছে তবে কোনো লালভাব নেই। তার ডান বড় আঙুল এবং কব্জির স্বাভাবিক গতি সীমা রয়েছে। ক্ষতটি পোভিডোন আয়োডিন দিয়ে পরিষ্কার করা হয় এবং সালাইনের মাধ্যমে ধোয়া হয়। নিম্নলিখিতগুলোর মধ্যে কোনটি ব্যবস্থাপনার সর্বাধিক উপযুক্ত পরবর্তী পদক্ষেপ?
A. ক্ষতের কালচার নিন
B. মৌখিক অ্যামোক্সিসিলিন-ক্লাভুলানেট দিন
C. শল্যচিকিত্সা দ্বারা ক্ষত বন্ধ করুন
D. আশ্বস্ত করুন
E. ডান হাতে সিটি স্ক্যানের আদেশ দিন
F. সায়ানোঅ্যাক্রিলেট টিস্যু আঠা দিয়ে ক্ষত বন্ধ করুন
G. রেবিস ভ্যাকসিন দিন
H. টেটানাস টক্সয়েড এবং টেটানাস শিরাপথে ইমিউনোগ্লোবুলিন দিন
I. মৌখিক সেফালেক্সিন দিন",,,,,
R0184,"A 42-year-old woman, gravida 3, para 3 comes to the physician because of a 14-month history of prolonged and heavy menstrual bleeding. Menses occur at regular 28-day intervals and last 7 days with heavy flow. She also feels fatigued. She is sexually active with her husband and does not use contraception. Vital signs are within normal limits. Pelvic examination shows a firm, irregularly-shaped uterus consistent in size with a 16-week gestation. Her hemoglobin concentration is 9 g/dL, hematocrit is 30%, and mean corpuscular volume is 92 μm3. Pelvic ultrasound shows multiple intramural masses in an irregularly enlarged uterus. The ovaries appear normal bilaterally. The patient has completed childbearing and would like definitive treatment for her symptoms. Operative treatment is scheduled. Which of the following is the most appropriate next step in management?
A. Progestin-only contraceptive pills
B. Red cell concentrates
C. Danazol
D. Leuprolide
E. Levonorgestrel-releasing intrauterine device
F. Tranexamic acid
G. Methotrexate
H. Estrogen-progestin contraceptive pills","৪২ বছর বয়সী এক নারী, গর্ভধারণ ৩, সন্তান ৩, দীর্ঘস্থায়ী এবং ভারী মাসিক রক্তপাতের ১৪-মাসের ইতিহাসের জন্য ডাক্তারের কাছে আসেন। মাসিক নিয়মিত ২৮-দিনের অন্তরে ঘটে এবং ভারী প্রবাহসহ ৭ দিন স্থায়ী হয়। তিনি ক্লান্তি অনুভব করেন। তিনি স্বামীর সঙ্গে যৌন সক্রিয় এবং গর্ভনিরোধক ব্যবহার করেন না। গুরুত্বপূর্ণ চিহ্নগুলি স্বাভাবিক সীমার মধ্যে রয়েছে। পেলভিক পরীক্ষা দেখায় একটি দৃঢ়, অনিয়মিত-আকৃতির জরায়ু যা ১৬-সপ্তাহের গর্ভধারণের সমান আকারের। তার হিমোগ্লোবিন ঘনত্ব ৯ গ্রাম/ডেসিলিটার, রক্তের লাল কোষের পরিমাণ (হেমাটোক্রিট) ৩০%, এবং গড় কণিকা ভলিউম ৯২ মাইক্রোমিটার ঘন। পেলভিক আল্ট্রাসাউন্ডে অনিয়মিতভাবে বড় হওয়া জরায়ুতে একাধিক ইন্ট্রামুরাল মাসা দেখা যায়। ডিম্বাশয় দুটোই দ্বিপাক্ষিকভাবে স্বাভাবিক দেখায়। রোগী সন্তানধারণ শেষ করেছেন এবং তার উপসর্গের জন্য চূড়ান্ত চিকিৎসা চান। অপারেটিভ চিকিৎসা নির্ধারিত হয়েছে। নিম্নলিখিতগুলির মধ্যে কোনটি ব্যবস্থাপনার সর্বোত্তম পরবর্তী ধাপ হবে?
A. প্রোজেস্টিন-একক গর্ভনিরোধক পিল
B. লাল রক্তকণিকা কনসেনট্রেট
C. ড্যানাজোল
D. লিউপ্রোলাইড
E. লেভোনর্গেস্ট্রেল-মুক্তি ইনট্রা-ইউটেরিন ডিভাইস
F. ট্রানেক্সামিক অ্যাসিড
G. মেথোট্রেক্সেট
H. ইস্ট্রোজেন-প্রোজেস্টিন গর্ভনিরোধক পিল",,,,,
R0185,"A 34-year-old man comes to the physician because of fatigue and shortness of breath with moderate exertion for the past 2 months. Over the past 10 days, he has had low-grade fevers and night sweats. He has no history of serious illness except for a bicuspid aortic valve diagnosed 5 years ago. He has smoked one pack of cigarettes daily for 10 years and drinks 3-5 beers on social occasions. He does not use illicit drugs. The patient takes no medications. He appears weak. His temperature is 37.7°C (99.9°F), pulse is 70/min, and blood pressure is 128/64 mm Hg. The lungs are clear to auscultation. A grade 2/6 systolic murmur is heard best at the right sternal border and second intercostal space. There are several hemorrhages underneath his fingernails on both hands and multiple tender, red nodules on his fingers. Which of the following is the most likely causal organism?
A. Streptococcus gallolyticus
B. Staphylococcus epidermidis
C. Enterococcus faecalis
D. Streptococcus sanguinis
E. Streptococcus pneumoniae
F. Staphylococcus aureus
G. Streptococcus pyogenes
H. Candida albicans","৩৪ বছর বয়সী একজন পুরুষ রোগী মাঝারি পরিশ্রমে ক্লান্তি এবং শ্বাসকষ্টের জন্য গত ২ মাস ধরে ডাক্তারের কাছে আসছেন। গত ১০ দিনে তিনি কম তাপমাত্রার জ্বর এবং রাতের ঘাম অনুভব করেছেন। তার গুরুতর কোনো অসুস্থতার ইতিহাস নেই, শুধুমাত্র ৫ বছর আগে নির্ণয় করা একটি দ্বিকোষিক অর্টিক ভালভ আছে। তিনি দৈনিক এক প্যাকেট সিগারেট, ১০ বছর ধরে ধূমপান করেন এবং সামাজিক অনুষ্ঠানে ৩ থেকে ৫ বিয়ার পান করেন। তিনি অবৈধ মাদক ব্যবহার করেন না। রোগী কোনো ওষুধ গ্রহণ করে না। তিনি দুর্বল দেখাচ্ছেন। তার তাপমাত্রা ৩৭.৭ ডিগ্রি সেলসিয়াস (৯৯.৯ ডিগ্রি ফারেনহাইট), পাল্স প্রতি মিনিটে ৭০, এবং রক্তচাপ ১২৮/৬৪ মিমি পারদ। শ্বাসনালী অডিটেশনে পরিষ্কার। ডান স্টার্নাল সীমা ও দ্বিতীয় ইন্টারকোস্টাল স্থানে গ্রেড ২/৬ সিস্টোলিক মর্মর সর্বোত্তমভাবে শোনা যায়। উভয় হাতে তার নখের নিচে কয়েকটি রক্তক্ষরণ এবং আঙুলে একাধিক কোমল লাল গাঁট রয়েছে। নিম্নলিখিতগুলির মধ্যে কোনটি সবচেয়ে সম্ভাব্য কারণকারী অণুজীব?
A. স্ট্রেপটোকক্কাস গ্যালোলিটিকাস
B. স্ট্যাফিলোকক্কাস এপিডার্মিডিস
C. এনটারোকক্কাস ফেসালিস
D. স্ট্রেপটোকক্কাস স্যাঙ্গুইনিস
E. স্ট্রেপটোকক্কাস নিউমোনিয়ে
F. স্ট্যাফিলোকক্কাস অরিয়াস
G. স্ট্রেপটোকক্কাস পাইওজিনেস
H. কানডিডা অ্যালবিক্যান্স",,,,,
R0186,"A 27-year-old woman comes to the emergency department because of progressive numbness and weakness in her left arm and left leg for 2 days. During this period, she has also had urinary urgency and incontinence. Three months ago, she had blurry vision, difficulty distinguishing colors, and headache for one week, all of which have resolved. The patient has smoked a half pack of cigarettes daily for 10 years and drinks four glasses of wine each week. Her temperature is 37°C (98.6°F), pulse is 78/min, respirations are 14/min, and blood pressure is 110/68 mm Hg. Examination shows 3/5 strength in the left arm and leg, and 5/5 strength on the right side. Upon flexion of the neck, the patient experiences a shooting electric sensation that travels down the spine. MRI of the brain shows gadolinium-enhancing lesions in the right central sulcus, cervical spinal cord, and optic nerve. Which of the following is the most appropriate next step in the management of this patient?
A. Dimethyl fumarate therapy
B. Interferon beta therapy
C. Administer lorazepam
D. Administer IV methylprednisolone
E. Plasmapheresis
F. Administer tissue plasminogen activator
G. Glatiramer acetate therapy","২৭ বছর বয়সী এক নারী জরুরি বিভাগে আসেন কারণ তার বাম বাহু ও বাম পায়ের ক্রমবর্ধমান অসংবেদনশীলতা এবং দুর্বলতা দুই দিন ধরে রয়েছে। এই সময়কালে তিনি মূত্রত্যাগের তাড়াহুড়ো এবং অপ্রতিরোধও অনুভব করেছেন। তিন মাস আগে, তিনি এক সপ্তাহের জন্য ঝাপসা দৃষ্টি, রঙ পার্থক্য করতে অসুবিধা এবং মাথাব্যথা পেয়েছিলেন, যা সবই সেরে গিয়েছে। রোগী দশ বছর ধরে প্রতিদিন অর্ধ প্যাক সিগারেট ধূমপান করেন এবং প্রতি সপ্তাহে চার গ্লাস ওয়াইন পান করেন। তার তাপমাত্রা ৩৭ ডিগ্রি সেলসিয়াস (৯৮.৬ ডিগ্রি ফারেনহাইট), পাল্স ৭৮ প্রতি মিনিট, শ্বাসপ্রশ্বাসের হার ১৪ প্রতি মিনিট, এবং রক্তচাপ ১১০/৬৮ মিমি পারদ। পরীক্ষায় বাম বাহু ও পায়ে শক্তি ৩/৫ এবং ডান পাশে ৫/৫ দেখা যায়। গলা বাঁকালে রোগী একটি শুটিং ইলেকট্রিক অনুভূতি পান যা মেরুদণ্ড বরাবর নিচে নেমে আসে। মস্তিষ্কের এমআরআই গ্যাডোলিনিয়াম-এনহ্যান্সিং লেশন্স দেখায় ডান সেন্ট্রাল সালকাসে, সার্ভিক্যাল স্পাইনাল কর্ডে এবং অপটিক নার্ভে। নিম্নলিখিতগুলির মধ্যে কোনটি এই রোগীর ব্যবস্থাপনার সর্বোত্তম পরবর্তী ধাপ?
A. ডাইমেথাইল ফিউমারেট থেরাপি
B. ইন্টারফেরন বিটা থেরাপি
C. লোরাজেপাম প্রদান করুন
D. শিরাপথে মিথাইলপ্রেডনিসোলোন প্রদান করুন
E. প্লাজমাফেরেসিস
F. টিস্যু প্লাস্মিনোজেন অ্যাক্টিভেটর প্রদান করুন
G. গ্লাটিরামার এসিটেট থেরাপি",,,,,
R0187,"Ten days after a motor vehicle collision, a 28-year-old man develops jaundiced skin. Upon initial presentation for his injuries, the patient was taken for an emergency laparotomy, which revealed significant internal hemorrhage from blunt abdominal trauma to the spleen. He required rapid transfusion with a total of 7 units of packed red blood cells. He has recovered well from the procedure until this morning, when he began to develop jaundiced skin and sclerae. He does not have pruritus. He has had no prior surgeries and takes no other medications. He is sexually active with one female partner. Prior to the accident, he drank 4 beers per day. His vital signs are within normal limits. Abdominal examination is limited due to pain. There are no palpable abdominal masses. There is a midline surgical scar with no erythema, purulence, or drainage. He has healing abrasions on the upper left side of his face and bruises over the anterior abdomen. CT scans show a resolving hematoma in the peritoneal cavity. Laboratory studies show:
Hemoglobin 9.7 g/dL
Hematocrit 30%
Leukocyte count 7,000/mm3
Platelet count 135,000/mm3
Serum
Total bilirubin 3.9 mg/dL
Indirect bilirubin 3.7 mg/dL
Direct bilirubin 0.2 mg/dL
Aspartate aminotransferase (AST) 60 U/L
Alanine aminotransferase (ALT) 92 U/L
Which of the following is the most likely cause of this patient's jaundice?""
A. Biliary obstruction
B. Hepatocellular injury
C. Increased formation of bilirubin
D. Intrahepatic cholestasis
E. Impaired conjugation of bilirubin
F. Decreased hepatic uptake of unconjugated bilirubin
""","মোটর যানবাহন সংঘর্ষের ১০ দিন পর, একটি ২৮ বছর বয়সী পুরুষ জন্ডিসযুক্ত ত্বক বিকাশ করে। প্রাথমিকভাবে তার আঘাতের জন্য উপস্থাপনের সময়, রোগীকে জরুরি ল্যাপারোটমি করা হয়েছিল, যেখানে পেটের ধাক্কা দ্বারা প্লীহায় উল্লেখযোগ্য অভ্যন্তরীণ রক্তপাত প্রকাশিত হয়। তার মোট ৭ ইউনিট প্যাকড লাল রক্তকণিকা দ্রুত ট্রান্সফিউশন প্রয়োজন হয়েছিল। তিনি প্রক্রিয়া থেকে ভালভাবে সুস্থ হয়ে উঠেছেন আজ সকালে পর্যন্ত, যখন তিনি জন্ডিসযুক্ত ত্বক এবং স্ক্লেরা বিকাশ করা শুরু করেন। তার চুলকানি নেই। এর আগে তার কোনো শল্যচিকিৎসা হয়নি এবং তিনি অন্য কোনো ওষুধ গ্রহণ করেন না। তিনি এক নারী সঙ্গীর সঙ্গে যৌন সক্রিয়। দুর্ঘটনার আগে, তিনি প্রতিদিন ৪টি বিয়ার পান করতেন। তার গুরুত্বপূর্ণ চিহ্নগুলি স্বাভাবিক সীমার মধ্যে রয়েছে। বেদনা কারণে পেটের পরীক্ষা সীমিত। কোনো স্পর্শযোগ্য পেটের গাঁঠ নেই। মিডলাইন শল্যচিকিৎসা দাগ রয়েছে যার কোনো লালভাব, পিউরুলেন্স বা ড্রেনেজ নেই। তার মুখের উপরের বাম পাশে নিরাময়শীল ঘষা এবং সামনের পেটের উপর রক্তবর্ণ দাগ রয়েছে। CT স্ক্যান পারিটোনিয়াল গহ্বরে সমাধান হচ্ছিল এমন হেমাটোমা দেখায়। ল্যাবরেটরি গবেষণায় দেখা যায়:
হিমোগ্লোবিন ৯.৭ গ্রাম/ডেসিলিটার
হেমাটোক্রিট ৩০%
সাদা রক্ত কণিকা সংখ্যা ৭,০০০/ঘন মিলিমিটার
প্লেটলেট গণনা ১৩৫,০০০/ঘন মিলিমিটার
সিরাম
মোট বিলিরুবিন ৩.৯ মিলিগ্রাম/ডেসিলিটার
অপ্রত্যক্ষ বিলিরুবিন ৩.৭ মিলিগ্রাম/ডেসিলিটার
প্রত্যক্ষ বিলিরুবিন ০.২ মিলিগ্রাম/ডেসিলিটার
অ্যাসপার্টেট অ্যামিনোট্রান্সফারেজ (এএসটি) ৬০ ইউনিট/লিটার
অ্যালানাইন অ্যামিনোট্রান্সফারেজ (এএলটি) ৯২ ইউনিট/লিটার
নিম্নের মধ্যে কোনটি এই রোগীর জন্ডিসের সবচেয়ে সম্ভবত কারণ?
A. পিত্তনালীর বাধা
B. যকৃত কোষীয় আঘাত
C. বিলিরুবিনের উৎপাদন বৃদ্ধি
D. অন্তঃযকৃতি কোলেস্টেসিস
E. বিলিরুবিনের সংযোজন ব্যাহত
F. অসংযুক্ত বিলিরুবিনের যকৃতে শোষণ হ্রাস",,,,,
R0188,"A 36-year-old woman comes to the physician because of an 8-month history of occasional tremor. The tremor is accompanied by sudden restlessness and nausea, which disrupts her daily work as a professional violinist. The symptoms worsen shortly before upcoming concerts but also appear when she goes for a walk in the city. She is concerned that she might have a neurological illness and have to give up her career. The patient experiences difficulty falling asleep because she cannot stop worrying that a burglar might break into her house. Her appetite is good. She drinks one glass of wine before performances """"to calm her nerves"""" and otherwise drinks 2-3 glasses of wine per week. The patient takes daily multivitamins as prescribed. She appears nervous. Her temperature is 36.8°C (98.2°F), pulse is 92/min, and blood pressure is 135/80 mm Hg. Mental status examination shows a full range of affect. On examination, a fine tremor on both hands is noted. She exhibits muscle tension. The remainder of the neurological exam shows no abnormalities. Which of the following is the most likely explanation for this patient's symptoms?""
A. Generalized anxiety disorder
B. Specific phobia
C. Essential tremor
D. Adjustment disorder
E. Panic disorder
F. Social anxiety disorder
G. Atypical depressive disorder","৩৬ বছর বয়সী এক নারী রোগী ৮ মাসের মাঝেমধ্যে কম্পনের ইতিহাস নিয়ে চিকিৎসকের কাছে আসেন। এই কম্পনের সঙ্গে হঠাৎ অস্থিরতা এবং বমি বমি ভাব থাকে, যা তার পেশাদার বায়োলিনবাদক হিসেবে দৈনন্দিন কাজকে ব্যাহত করে। উপসর্গগুলো শীঘ্রই আসন্ন কনসার্টের আগে বাড়ে, তবে শহরে হাঁটতে গিয়েও দেখা যায়। তিনি উদ্বিগ্ন যে তিনি কোনো স্নায়বিক রোগে আক্রান্ত হতে পারেন এবং তার ক্যারিয়ার ত্যাগ করতে হবে। রোগী ঘুমাতে অসুবিধা অনুভব করেন, কারণ তিনি থামাতে পারেন না যে একটি চোর তার বাড়িতে প্রবেশ করতে পারে এই বিষয়ে চিন্তা করা থেকে। তার ক্ষুধা ভাল আছে। তিনি পারফরম্যান্সের আগে এক গ্লাস ওয়াইন পান করেন “তার স্নায়ু শান্ত করতে” এবং অন্যথায় সপ্তাহে ২-৩ গ্লাস ওয়াইন পান করেন। রোগী নির্ধারিত অনুযায়ী দৈনিক মাল্টিভিটামিন নেন। তিনি নার্ভাস দেখাচ্ছেন। তার তাপমাত্রা ৩৬.৮ ডিগ্রি সেলসিয়াস (৯৮.২ ডিগ্রি ফারেনহাইট), পাল্স ৯২ প্রতি মিনিট, এবং রক্তচাপ ১৩৫/৮০ মিমি পারদ। মানসিক অবস্থা পরীক্ষায় পূর্ণ পরিসরের আবেগ দেখা যায়। পরীক্ষায় উভয় হাতে সূক্ষ্ম কম্পন লক্ষ্য করা যায়। তিনি পেশীর টান প্রদর্শন করেন। স্নায়বিক পরীক্ষার বাকি অংশে কোনো অস্বাভাবিকতা দেখা যায় না। নিম্নলিখিতগুলির মধ্যে কোনটি এই রোগীর উপসর্গের সবচেয়ে সম্ভাব্য ব্যাখ্যা?
A. সার্বিক উদ্বেগজনিত ব্যাধি
B. নির্দিষ্ট ভয়
C. আবশ্যিক কম্পন
D. সমন্বয় ব্যাধি
E. প্যানিক ব্যাধি
F. সামাজিক উদ্বেগজনিত ব্যাধি
G. অস্বাভাবিক বিষণ্নতা ব্যাধি",,,,,
R0189,"A 62-year-old man comes to the physician because of worsening involuntary movements of both arms for the past 7 months. He reports that certain daily activities have become more difficult to perform. His father had a similar condition that was treated with medications. The patient appears anxious. Vital signs are within normal limits. Examination shows a low-amplitude tremor bilaterally when the arms are outstretched that worsens when reaching out to grab a pen. Muscle strength and tone is normal bilaterally. Deep tendon reflexes are 2+ bilaterally. On mental status examination, his mood is good. His speech is normal in rate and rhythm. Which of the following is the most appropriate next step in management?
A. Deep brain stimulation
B. Thalamotomy
C. Levodopa and carbidopa therapy
D. Clonazepam therapy
E. Penicillamine therapy
F. Propranolol therapy","একজন ৬২ বছর বয়সী পুরুষ রোগীর কাছে আসেন কারণ গত ৭ মাস ধরে উভয় বাহুর অনৈচ্ছিক নড়াচড়া বাড়ছে। তিনি জানান যে কিছু দৈনন্দিন কাজ সম্পাদন করা আরও কঠিন হয়ে গেছে। তার পিতা একই রকম অবস্থায় ছিলেন যেটি ওষুধের মাধ্যমে চিকিৎসা করা হয়েছিল। রোগী উদ্বিগ্ন দেখাচ্ছেন। জীবনচিহ্নগুলো স্বাভাবিক সীমার মধ্যে রয়েছে। পরীক্ষায় দেখা যায় যে যখন বাহুগুলি প্রসারিত থাকে তখন উভয় পাশে কম তীব্রতার কাঁপুনি রয়েছে যা কলম ধরতে হাত বাড়ালে বেড়ে যায়। পেশীর শক্তি ও টোন উভয় পাশে স্বাভাবিক। গভীর টেন্ডন রিফ্লেক্স উভয় পাশে ২+। মানসিক অবস্থা পরীক্ষায় তার মেজাজ ভাল। তার কথা বলার গতি ও ছন্দ স্বাভাবিক। নিম্নলিখিতগুলির মধ্যে কোনটি ব্যবস্থাপনার সর্বোত্তম পরবর্তী ধাপ হবে?
A. ডিপ ব্রেন স্টিমুলেশন
B. থ্যালামোটমি
C. লেভোডোপা এবং কার্বিডোপা থেরাপি
D. ক্লোনাজেপাম থেরাপি
E. পেনিসিল্যামিন থেরাপি
F. প্রোপ্রানোলল থেরাপি",,,,,
R0190,"A 24-year-old woman, gravida 2, para 1, at 10 weeks' gestation comes to the emergency department for vaginal bleeding, cramping lower abdominal pain, and dizziness. She also has had fevers, chills, and foul-smelling vaginal discharge for the past 2 days. She is sexually active with one male partner, and they use condoms inconsistently. Pregnancy and delivery of her first child were uncomplicated. She appears acutely ill. Her temperature is 38.9°C (102°F), pulse is 120/min, respirations are 22/min, and blood pressure is 88/50 mm Hg. Abdominal examination shows moderate tenderness to palpation over the lower quadrants. Pelvic examination shows a tender cervix that is dilated with clots and a solid bloody mass within the cervical canal. Her serum β-human chorionic gonadotropin concentration is 15,000 mIU/mL. Pelvic ultrasound shows an intrauterine gestational sac with absent fetal heart tones. Which of the following is the most appropriate next step in management?
A. Intravenous clindamycin and gentamicin followed by oral misoprostol
B. Oral clindamycin followed by outpatient follow-up in 2 weeks
C. Intravenous clindamycin and gentamicin followed by suction and curettage
D. Intravenous clindamycin and gentamycin followed by close observation
E. Oral clindamycin followed by suction curettage","২৪ বছর বয়সী এক নারী, গর্ভধারণে গ্যাভিডা ২, প্যারা ১, ১০ সপ্তাহের গর্ভাবস্থায় জরুরি বিভাগে যোনি রক্তপাত, নীচের উদরের ক্র্যাম্পিং ব্যথা এবং মাথা ঘোরা নিয়ে আসেন। তিনি অতিরিক্ত দুই দিন ধরে জ্বর, কাঁপুনি এবং দুর্গন্ধযুক্ত যোনি নিঃসরণও পেয়েছেন। তিনি এক পুরুষ সঙ্গীর সঙ্গে যৌন সক্রিয় এবং তারা কন্ডোম অনিয়মিতভাবে ব্যবহার করেন। প্রথম সন্তানের গর্ভধারণ ও প্রসব কোনো জটিলতা ছাড়াই হয়েছে। তিনি তীব্র অসুস্থ দেখাচ্ছেন। তার শারীরিক তাপমাত্রা ৩৮.৯ ডিগ্রি সেলসিয়াস (১০২ ডিগ্রি ফারেনহাইট), পাল্স ১২০/min, শ্বাসের গতি ২২/min, এবং রক্তচাপ ৮৮/৫০ মিমি পারদ। উদরের পরীক্ষা দেখায় নিম্ন কোয়াড্রান্টে মাঝারি স্পর্শনীয় সংবেদনশীলতা। পেলভিক পরীক্ষায় একটি সংবেদনশীল সার্ভিক্স দেখা যায় যা রক্তের জমাট দিয়ে প্রসারিত এবং সার্ভিক্যাল নালিতে একটি কঠিন রক্তাক্ত ভর রয়েছে। সিরাম বিটা-মানব করিয়নিক গোনাডোট্রোপিন ঘনত্ব ১৫,০০০ আইইউ/মিলিলিটার। পেলভিক আল্ট্রাসাউন্ডে একটি গর্ভাশয়ের ভিতরে গেস্টেশন স্যাক দেখা যায় যার ভ্রূণের হৃদস্পন্দন অনুপস্থিত। নিম্নলিখিতগুলির মধ্যে কোনটি ব্যবস্থাপনার সর্বোত্তম পরবর্তী ধাপ হবে?
A. শিরাপথে ক্লিন্ডামাইসিন এবং জেন্টামাইসিন তারপর মৌখিক মিসোপ্রস্টল
B. মৌখিক ক্লিন্ডামাইসিন তারপর ২ সপ্তাহে বহির্বিভাগীয় অনুসরণ
C. শিরাপথে ক্লিন্ডামাইসিন এবং জেন্টামাইসিন তারপর সাকশন এবং কিউরেটেজ
D. শিরাপথে ক্লিন্ডামাইসিন এবং জেন্টামাইসিন তারপর ঘনিষ্ঠ পর্যবেক্ষণ
E. মৌখিক ক্লিন্ডামাইসিন তারপর সাকশন এবং কিউরেটেজ",,,,,
R0191,"A 16-year-old boy comes to the physician for the evaluation of fatigue over the past month. He reports that his energy levels are low and that he spends most of his time in his room. He also states that he is not in the mood for meeting friends. He used to enjoy playing soccer and going to the shooting range with his father, but recently stopped showing interest in these activities. He has been having difficulties at school due to concentration problems. His appetite is low. He has problems falling asleep. He states that he has thought about ending his life, but he has no specific plan. He lives with his parents, who frequently fight due to financial problems. He does not smoke. He drinks 2-3 cans of beer on the weekends. He does not use illicit drugs. He takes no medications. His vital signs are within normal limits. On mental status examination, he is oriented to person, place, and time. Physical examination shows no abnormalities. In addition to the administration of an appropriate medication, which of the following is the most appropriate next step in management?
A. Recommend family therapy
B. Contact child protective services
C. Recommend alcohol cessation
D. Hospitalization
E. Contact local police
F. Reassure the patient that he will feel better
G. Instruct parents to remove guns from the house","১৬ বছর বয়সী একটি ছেলে গত মাসে ক্লান্তি মূল্যায়নের জন্য ডাক্তারের কাছে আসে। তিনি জানান যে তার শক্তির মাত্রা কম এবং তিনি অধিকাংশ সময় তার ঘরে কাটান। তিনি আরও বলেন যে বন্ধুদের সঙ্গে দেখা করার মনোভাব নেই। তিনি আগে ফুটবল খেলতে ও তাঁর পিতার সাথে শুটিং রেঞ্জে যেতে উপভোগ করতেন, তবে সম্প্রতি এই কার্যকলাপে আগ্রহ হারিয়ে ফেলেছেন। তিনি স্কুলে একাগ্রতার সমস্যার কারণে কঠিন পরিস্থিতির মুখোমুখি হচ্ছেন। তার ক্ষুধা কম। ঘুমাতে সমস্যা হয়। তিনি জানান যে তিনি নিজের জীবন শেষ করার কথা ভেবেছেন, কিন্তু কোনো নির্দিষ্ট পরিকল্পনা নেই। তিনি তাঁর পিতামাতার সঙ্গে থাকেন, যারা আর্থিক সমস্যার কারণে প্রায়ই তর্ক করেন। তিনি ধূমপান করেন না। সপ্তাহান্তে তিনি ২-৩ ক্যান বিয়ার পান করেন। তিনি অবৈধ মাদকের ব্যবহার করেন না। তিনি কোনো ওষুধ গ্রহণ করেন না। তার গুরুত্বপূর্ণ চিহ্নগুলি স্বাভাবিক সীমার মধ্যে রয়েছে। মানসিক অবস্থার পরীক্ষায়, তিনি ব্যক্তি, স্থান এবং সময়ের প্রতি সচেতন। শারীরিক পরীক্ষা কোনও অস্বাভাবিকতা দেখায় না। উপযুক্ত একটি ঔষধ প্রদান করার পাশাপাশি, নিম্নলিখিতগুলির মধ্যে কোনটি ব্যবস্থাপনার সর্বোত্তম পরবর্তী ধাপ?
A. পারিবারিক থেরাপি সুপারিশ করুন
B. শিশু সুরক্ষা পরিষেবার সঙ্গে যোগাযোগ করুন
C. অ্যালকোহল বন্ধ করার পরামর্শ দিন
D. হাসপাতালে ভর্তি করুন
E. স্থানীয় পুলিশের সঙ্গে যোগাযোগ করুন
F. রোগীকে আশ্বস্ত করুন যে তিনি শিগগিরই ভাল বোধ করবেন
G. পিতামাতা কে বাড়ি থেকে বন্দুক সরিয়ে ফেলতে নির্দেশ দিন",,,,,
R0192,"A 68-year-old woman comes to the physician because of a 3-month history of an oozing, red area above the left ankle. She does not recall any trauma to the lower extremity. She has type 2 diabetes mellitus, hypertension, atrial fibrillation, and ulcerative colitis. She had a myocardial infarction 2 years ago and a stroke 7 years ago. She has smoked 2 packs of cigarettes daily for 48 years and drinks 2 alcoholic beverages daily. Current medications include warfarin, metformin, aspirin, atorvastatin, carvedilol, and mesalamine. She is 165 cm (5 ft 4 in) tall and weighs 67 kg (148 lb); BMI is 24.6 kg/m2. Her temperature is 36.7°C (98°F), pulse is 90/min, respirations are 12/min, and blood pressure is 135/90 mm Hg. Examination shows yellow-brown spots and dilated tortuous veins over the lower extremities. The feet and the left calf are edematous. Femoral, popliteal, and pedal pulses are palpable bilaterally. There is a 3-cm (1.2-in) painless, shallow, exudative ulcer surrounded by granulation tissue above the medial left ankle. There is slight drooping of the right side of the face. Which of the following is the most likely cause of this patient's ulcer?
A. Decreased arterial blood flow
B. Peripheral neuropathy
C. Neutrophilic dermatosis
D. Venous insufficiency
E. Chronic pressure
F. Drug-induced microvascular occlusion
G. Vasculitis of small and medium-sized vessels
""","৬৮ বছর বয়সী একজন নারী রোগী ৩ মাসের ইতিহাসে বাম গোড়ালির উপরে লাল, রক্তাক্ত স্থান থেকে তরল বের হওয়ার জন্য ডাক্তারের কাছে আসেন। তিনি নিম্ন অঙ্গের কোনো আঘাত স্মরণ করতে পারেন না। তার টাইপ ২ ডায়াবেটিস মেলিটাস, উচ্চ রক্তচাপ, অ্যাট্রিয়াল ফিব্রিলেশন এবং আলসারজনিত কোলাইটিস রয়েছে। তিনি ২ বছর আগে মায়োকার্ডিয়াল ইনফার্কশন এবং ৭ বছর আগে স্ট্রোকের শিকার হয়েছেন। তিনি ৪৮ বছর ধরে প্রতিদিন ২ প্যাকেট সিগারেট ধূমপান করেন এবং দৈনিক ২টি অ্যালকোহলিক পানীয় গ্রহণ করেন। বর্তমান ওষুধগুলির মধ্যে রয়েছে ওয়ারফারিন, মেটফরমিন, অ্যাসপিরিন, এটরভাস্টাটিন, কার্ভেডিলল এবং মেসালামাইন। তার উচ্চতা ১৬৫ সেন্টিমিটার (৫ ফুট ৪ ইঞ্চি) এবং ওজন ৬৭ কেজি (১৪৮ পাউন্ড); বিএমআই ২৪.৬ কেজি/মি২। শরীরের তাপমাত্রা ৩৬.৭ ডিগ্রি সেলসিয়া (৯৮ ডিগ্রি ফারেনহাইট), নাড়ি ৯০/মিনিট, শ্বাসপ্রশ্বাসের হার ১২/মিনিট এবং রক্তচাপ ১৩৫/৯০ মিমি পারদ। পরীক্ষায় হলুদ-বাদামী দাগ এবং প্রসারিত টরটুইস শিরা নিচের অঙ্গগুলিতে দেখা যায়। পা ও বাম গোডাল ফোলাযুক্ত। ফিমোরাল, পোপলিটিয়াল এবং পেডাল পালস উভয় পাশে স্পর্শযোগ্য। মিডিয়াল বাম গোড়ালি উপরে ৩ সেমি (১.২ ইঞ্চি) ব্যথা-হীন, অগভীর, নিঃসরণযুক্ত আলসার গ্র্যানুলেশন টিস্যু দ্বারা পরিবেষ্টিত। মুখের ডান পার্শ্বে সামান্য ঝোঁক আছে। নিম্নলিখিতগুলির মধ্যে কোনটি এই রোগীর আলসারের সবচেয়ে সম্ভাব্য কারণ?
A. হ্রাসপ্রাপ্ত ধমনী রক্ত প্রবাহ
B. পরিধিবাহী স্নায়ু বিকার
C. নিউট্রোফিলিক ডার্মাটোসিস
D. শিরা অপর্যাপ্ততা
E. দীর্ঘস্থায়ী চাপ
F. ঔষধজনিত মাইক্রোভাসকুলার বাধা
G. ছোট ও মাঝারি আকারের রক্তনালীর ভাস্কুলাইটিস",,,,,
R0193,"A 35-year-old woman comes to the physician because of progressive left flank pain and increased urinary frequency for the past two weeks. Her appetite is normal and she has not had any nausea or vomiting. She has a history of type 1 diabetes mellitus that is poorly controlled with insulin. She is sexually active with her boyfriend, and they use condoms inconsistently. Her temperature is 38° C (100.4° F), pulse is 90/min, and blood pressure is 120/80 mm Hg. The abdomen is soft and there is tenderness to palpation in the left lower quadrant; there is no guarding or rebound. There is tenderness to percussion along the left flank. She complains of pain when her left hip is passively extended. Her leukocyte count is 16,000/mm3 and urine pregnancy test is negative. Urinalysis shows 3+ glucose. An ultrasound of the abdomen shows no abnormalities. Which of the following is the most likely diagnosis?
A. Urinary tract infection
B. Ectopic pregnancy
C. Nephrolithiasis
D. Psoas muscle abscess
E. Uterine leiomyoma
F. Anterior cutaneous nerve entrapment
G. Appendicitis","একজন ৩৫-বছর বয়সী মহিলা দুই সপ্তাহ ধরে ক্রমবর্ধমান বাম পার্শ্বের ব্যথা এবং মূত্রত্যাগের ফ্রিকোয়েন্সি বৃদ্ধি পেয়েছে বলে ডাক্তারের কাছে আসেন। তার ক্ষুধা স্বাভাবিক এবং কোনো বমি বা বমিভাব হয়নি। তিনি টাইপ ১ ডায়াবেটিস মেলিটাসের ইতিহাস রয়েছে যা ইনসুলিন দিয়ে যথাযথভাবে নিয়ন্ত্রিত নয়। তিনি তাঁর বান্ধবীর সঙ্গে যৌন সক্রিয় এবং কন্ডোম অনিয়মিতভাবে ব্যবহার করেন। তার তাপমাত্রা ৩৮ ডিগ্রি সেলসিয়াস (১০০.৪ ডিগ্রি ফারেনহাইট), পাল্স প্রতি মিনিটে ৯০, রক্তচাপ ১২০/৮০ মিমি পারদ। উদর নরম এবং বাম নিম্ন কোয়াড্রান্টে স্পর্শকাতরতা রয়েছে; কোনো গার্ডিং বা রিবাউন্ড নেই। বাম পার্শ্ব বরাবর ট্যাকটাইল ধাক্কায় সংবেদনশীলতা আছে। তিনি যখন বাম হিপ প্যাসিভভাবে প্রসারিত করেন তখন ব্যথা অনুভব করেন। তার লিউকোসাইট গণনা ১৬,০০০ প্রতি ঘন মিলিমিটার এবং মূত্র গর্ভধারণ পরীক্ষা নেগেটিভ। ইউরিনালাইসিসে ৩+ গ্লুকোজ দেখা যায়। পেটের আল্ট্রাসাউন্ডে কোনো অস্বাভাবিকতা পাওয়া যায়নি। নিম্নলিখিতগুলির মধ্যে কোনটি সবচেয়ে সম্ভাব্য নির্ণয়?
A. মূত্রনালীর সংক্রমণ
B. ইক্টোপিক গর্ভধারণ
C. নেফ্রোলিথিয়াসিস
D. প্সোয়াস পেশী অ্যাবসেস
E. গর্ভাশয়ের লেইওমাইোমা
F. সামনের ত্বকীয় স্নায়ু আটকে যাওয়া
G. অ্যাপেন্ডিসাইটিস",,,,,
R0194,"A 30-year-old woman, gravida 3, para 1, at 25 weeks' gestation comes to the physician because of mild itching of the vulva and anal region for 2 weeks. She has a history of 2 episodes of vulvovaginal candidiasis last year that both subsided following 1 week of treatment with butoconazole. Vital signs are within normal limits. Pelvic examination shows a uterus consistent in size with a 25-week gestation. There are no signs of vulvar or perianal erythema, edema, or fissures. Microscopy of an adhesive tape that was applied to the perianal region shows multiple ova. Which of the following is the most appropriate next step in management?
A. Praziquantel
B. Ivermectin
C. Albendazole
D. Pyrantel pamoate
E. Supportive therapy","৩০ বছর বয়সী নারী, গ্র্যাভিডা ৩, প্যারা ১, ২৫ সপ্তাহের গর্ভধারণে ২ সপ্তাহ ধরে ভালভা ও গুদের অঞ্চলে হালকা চুলকানি নিয়ে ডাক্তারের কাছে আসেন। গত বছরে তিনি ভ্যাল্ভো-যোনি ক্যান্ডিডিয়াসিসের ২টি এপিসোডের ইতিহাস রয়েছে, যা দুটোই বুটোকোনাজল দিয়ে ১ সপ্তাহের চিকিৎসার পর সেরে গিয়েছিল। জীবনচিহ্ন স্বাভাবিক সীমার মধ্যে রয়েছে। পেলভিক পরীক্ষা দেখায় গর্ভাশয়টি ২৫ সপ্তাহের গর্ভধারণের সঙ্গে সামঞ্জস্যপূর্ণ আকারের। ভালভা বা পারিয়ানাল লালচে ভাব, ফোলাভাব অথবা ফাটলের কোনো চিহ্ন নেই। পারিয়ানাল অঞ্চলে প্রয়োগ করা একটি আঠালো টেপের মাইক্রোস্কোপি দেখায় একাধিক ডিম্বাণু। নিচের কোনটি ব্যবস্থাপনার সর্বোত্তম পরবর্তী পদক্ষেপ হবে?
A. প্রাজিক্যান্টেল
B. আইভারমেকটিন
C. আলবেনডাজল
D. পাইরান্টেল প্যামোয়েট
E. সহায়ক থেরাপি",,,,,
R0195,"Laboratory studies, including serum vitamin B12 (cyanocobalamin), thyroxine (T4), and thyroid-stimulating hormone concentrations, are within normal limits. A lumbar puncture is performed. Cerebrospinal fluid (CSF) analysis is most likely to show which of the following?
A. Antiganglioside GM1 antibodies
B. Increased α-synuclein protein concentration
C. Increased 14-3-3 protein concentration
D. Oligoclonal bands
E. Anti-glutamic acid decarboxylase antibodies
F. Decreased β-amyloid protein concentration","ল্যাবরেটরি গবেষণা, যার মধ্যে সেরাম ভিটামিন বি১২ (সায়ানোকোবালামিন), থাইরক্সিন (টি৪), এবং থাইরয়েড-স্টিমুলেটিং হরমোনের সংকেন্দ্রণ অন্তর্ভুক্ত, স্বাভাবিক সীমার মধ্যে রয়েছে। একটি লাম্বার পাঙ্কচার করা হয়। সেরিব্রোস্পাইনাল ফ্লুইড (সিএসএফ) বিশ্লেষণ সবচেয়ে সম্ভাব্যভাবে নিম্নলিখিত কোনটি দেখাবে?
A. অ্যান্টিগ্যাংলিওসাইড জি এম ১ অ্যান্টিবডি
B. বর্ধিত আলফা-সিনিউক্লেইন প্রোটিনের সংকেন্দ্রণ
C. বর্ধিত ১৪-৩-৩ প্রোটিনের সংকেন্দ্রণ
D. অলিগোক্লোনাল ব্যান্ড
E. অ্যান্টি-গ্লুটামিক অ্যাসিড ডিকার্বক্সিলেজ অ্যান্টিবডি
F. হ্রাসপ্রাপ্ত বেটা-আমাইলয়েড প্রোটিনের সংকেন্দ্রণ",,,,,
R0196,"A 54-year-old man comes to the emergency department because of severe pain in his right leg that began suddenly 3 hours ago. He has had repeated cramping in his right calf while walking for the past 4 months, but it has never been this severe. He has type 2 diabetes mellitus, hypercholesterolemia, and hypertension. Current medications include insulin, enalapril, aspirin, and simvastatin. He has smoked one pack of cigarettes daily for 33 years. He does not drink alcohol. His pulse is 103/min and blood pressure is 136/84 mm Hg. Femoral pulses are palpable bilaterally. The popliteal and pedal pulses are absent on the right. Laboratory studies show:
Hemoglobin 16.1 g/dL
Serum
Urea nitrogen 14 mg/dL
Glucose 166 mg/dL
Creatinine 1.5 mg/dL
A CT angiogram of the right lower extremity is ordered. Which of the following is the most appropriate next step in management?""
A. Remote ischemic preconditioning
B. Administer mannitol
C. Administer ionic contrast
D. Perform postprocedural hemodialysis
E. Administer acetylcysteine
F. Administer normal saline
G. Administer sodium bicarbonate","একজন ৫৪ বছর বয়সী পুরুষ জরুরি বিভাগে আসেন কারণ তার ডান পায়ের তীব্র ব্যথা যা হঠাৎ করে ৩ ঘণ্টা আগে শুরু হয়েছিল। তিনি গত ৪ মাস ধরে হাঁটার সময় ডান পায়ের গোড়ালিতে পুনরাবৃত্তি ক্র্যাম্পিং অনুভব করেছেন, তবে এটি আগে কখনও এত তীব্র ছিল না। তার টাইপ ২ ডায়াবেটিস, হাইপারকোলেস্টেরোলোমিয়া এবং উচ্চ রক্তচাপ রয়েছে। বর্তমান ওষুধগুলির মধ্যে ইনসুলিন, এনালাপ্রিল, অ্যাস্পিরিন এবং সিমভাস্টাটিন অন্তর্ভুক্ত। তিনি দৈনিক এক প্যাকেট সিগারেট ধূমপান করেন গত ৩৩ বছর ধরে। তিনি অ্যালকোহল পান করেন না। তার পালস ১০৩/মিনিট এবং রক্তচাপ ১৩৬/৮৪ মিমি পারদ। ফেমোরাল পালস উভয় পাশে স্পর্শযোগ্য। ডান দিকে পপ্লিটিয়াল এবং পেডাল পালস অনুপস্থিত। ল্যাবরেটরি স্টাডি দেখায়: হিমোগ্লোবিন ১৬.১ গ্রাম প্রতি ডেসিলিটার সিরাম ইউরিয়া নাইট্রোজেন ১৪ মিলিগ্রাম প্রতি ডেসিলিটার গ্লুকোজ ১৬৬ মিলিগ্রাম প্রতি ডেসিলিটার ক্রিয়াটিনিন ১.৫ মিলিগ্রাম প্রতি ডেসিলিটার। ডান নিম্ন অঙ্গের একটি সিটি অ্যাঞ্জিওগ্রাম অর্ডার করা হয়েছে। নিম্নলিখিতগুলির মধ্যে কোনটি ব্যবস্থাপনায় সর্বাধিক উপযুক্ত পরবর্তী ধাপ হবে?
A. রিমোট আইসেমিক প্রিকন্ডিশনিং
B. ম্যানিটল প্রদান
C. আয়নিক কন্ট্রাস্ট প্রদান
D. প্রক্রিয়ার পর হেমোডায়ালিসিস সম্পাদন
E. অ্যাসিটাইলসিস্টেইন প্রদান
F. নরমাল স্যালাইন প্রদান
G. সোডিয়াম বায়কার্বোনেট প্রদান",,,,,
R0197,"A 42-year-old woman is brought to the physician by her husband because she cries frequently and refuses to get out of bed. Over the past 3 weeks, she has been feeling sad and tired most of the time. She has difficulty staying asleep at night and often wakes up early in the morning. After losing her job as a waitress 1 month ago, she has been feeling guilty for not contributing to the household income anymore. She would like to find a new position but is unable to decide “what to do with her life”. She was diagnosed with anorexia nervosa at age 18 and has gone to psychotherapy several times since then. Her weight had been stable for the past 5 years; however, within the past 3 weeks, she has had a 2.8-kg (6.2-lb) weight loss. She would like to regain some weight. She is 160 cm (5 ft 3 in) tall and currently weighs 47 kg (104 lb); BMI is 18.4 kg/m2. Her temperature is 36.3°C (97.3°F), pulse is 58/min, and blood pressure is 110/60 mm Hg. Physical examination shows no abnormalities. Mental status examination shows a depressed mood and flat affect. There is no evidence of suicidal ideation. Which of the following drugs is most likely to address both this patient's mood disorder and her desire to gain weight?
A. Bupropion
B. Lithium
C. Fluoxetine
D. Mirtazapine
E. Venlafaxine
F. Olanzapine
G. Topiramate
H. Phenelzine
""","একজন ৪২ বছর বয়সী নারীকে তার স্বামী ডাক্তারের কাছে নিয়ে এসেছে কারণ তিনি প্রায়ই কাঁদেন এবং বিছানা থেকে ওঠতে অস্বীকার করেন। গত ৩ সপ্তাহে, তিনি বেশিরভাগ সময় দুঃখিত ও ক্লান্ত বোধ করছেন। রাতে ঘুমিয়ে থাকতে তাকে কঠিন হয় এবং প্রায়ই সকালে তাড়াতাড়ি জেগে ওঠেন। ১ মাস আগে ওয়েট্রেস হিসেবে তার কাজ হারানোর পর থেকে, তিনি আর গৃহস্থালীর আয়ে অবদান রাখতে না পারার জন্য দোষবোধ করছেন। তিনি নতুন কোনো পদ খুঁজতে চান কিন্তু “তার জীবন দিয়ে কী করা উচিত” তা সিদ্ধান্ত নিতে অক্ষম। ১৮ বছর বয়সে তাকে অ্যানোরেক্সিয়া নার্ভোসা নির্ণয় করা হয়েছিল এবং তখন থেকে তিনি বেশ কয়েকবার সাইকোথেরাপিতে গেছেন। গত ৫ বছর তার ওজন স্থিতিশীল ছিল; তবে গত ৩ সপ্তাহের মধ্যে তিনি ২.৮ কেজি (৬.২ পাউন্ড) ওজন কমিয়েছেন। তিনি কিছু ওজন পুনরুদ্ধার করতে চান। তিনি ১৬০ সেমি (৫ ফুট ৩ ইঞ্চি) লম্বা এবং বর্তমানে ৪৭ কেজি (১০৪ পাউন্ড) ওজনের; বিএমআই ১৮.৪ কেজি/মি২। তার তাপমাত্রা ৩৬.৩ ডিগ্রি সেলসিয়া (৯৭.৩ ডিগ্রি ফারেনহাইট), পাল্স প্রতি মিনিটে ৫৮, এবং রক্তচাপ ১১০/৬০ মিমি পারদ। শারীরিক পরীক্ষায় কোনো অস্বাভাবিকতা দেখা যায়নি। মানসিক অবস্থা পরীক্ষা একটি দুঃখিত মেজাজ এবং সমতল আবেগ প্রকাশ করে। আত্মহত্যার চিন্তার কোনো প্রমাণ নেই। নিম্নের কোন ওষুধটি সম্ভবত এই রোগীর মেজাজজনিত ব্যাধি এবং তার ওজন বাড়ানোর ইচ্ছা উভয়ই সমাধান করবে?
A. বুপ্রোপিয়ন
B. লিথিয়াম
C. ফ্লুওসেটিন
D. মির্টাজাপিন
E. ভেনলাফ্যাক্সিন
F. ওলানজাপিন
G. টোপিরামেট
H. ফেনেলজাইন",,,,,
R0198,"A 20-year-old woman comes to the physician for the evaluation of fatigue and low energy levels for 2 months. She has not had fever or weight changes. She has no history of serious illness except for an episode of infectious mononucleosis 4 weeks ago. Menses occur at regular 28-day intervals and last 5 days with moderate flow. Her last menstrual period was 3 weeks ago. Her mother has Hashimoto's thyroiditis. Vital signs are within normal limits. Examination shows pale conjunctivae, inflammation of the corners of the mouth, and brittle nails. The remainder of the examination shows no abnormalities. Laboratory studies show:
Hemoglobin 10.3 g/dL
Mean corpuscular volume 74 μm3
Platelet count 280,000/mm3
Leukocyte count 6,000/mm3
Which of the following is the most appropriate initial step in management?""
A. Serum TSH measurement
B. Iron studies
C. Vitamin B12 levels
D. Hemoglobin electrophoresis
E. Peripheral blood smear
F. Direct Coombs test
G. Bone marrow biopsy","২০ বছর বয়সী এক নারী ক্লান্তি এবং কম শক্তির মাত্রা ২ মাসের জন্য মূল্যায়নের উদ্দেশ্যে ডাক্তারের কাছে আসেন। তার জ্বর বা ওজন পরিবর্তন হয়নি। ৪ সপ্তাহ আগে সংক্রামক মনোনিউক্লিওসিসের একটি ঘটনার ছাড়া তার কোনো গুরুতর রোগের ইতিহাস নেই। মাসিক নিয়মিত ২৮ দিনের অন্তরে হয় এবং মাঝারি প্রবাহে ৫ দিন স্থায়ী থাকে। তার শেষ মাসিক ৩ সপ্তাহ আগে ছিল। তার মা হাশিমোটো থাইরয়েডাইটিসে আক্রান্ত। জীবনচিহ্নগুলি স্বাভাবিক সীমার মধ্যে রয়েছে। পরীক্ষায় ফ্যাকাশে কনজাংটিভা, মুখের কোণগুলির প্রদাহ এবং ভঙ্গুর নখ দেখা যায়। বাকি পরীক্ষায় কোনো অস্বাভাবিকতা পাওয়া যায়নি। ল্যাবরেটরি ফলাফল দেখায়:
হিমোগ্লোবিন ১০.৩ গ্রাম/ডিএল
গড় কর্পাসকুলার ভলিউম ৭৪ মাইক্রোমিটার ঘন
প্লেটলেট গণনা ২৮০,০০০/মিলিমিটার ঘন
লুকোসাইট গণনা ৬,০০০/মিলিমিটার ঘন
নিচের কোনটি ব্যবস্থাপনার সর্বোত্তম প্রাথমিক ধাপ হবে?
A. সিরাম টিএসএইচ পরিমাপ
B. লৌহ পরীক্ষা
C. ভিটামিন বি১২ মাত্রা
D. হিমোগ্লোবিন ইলেক্ট্রোফোরেসিস
E. পার্শ্বিক রক্তের স্মেয়ার
F. ডাইরেক্ট কোম্বস টেস্ট
G. হাড়ের মজ্জা বায়োপসি",,,,,
R0199,"A 14-year-old boy is brought to the physician because of increasing swelling of his legs and generalized fatigue for 1 month. During this period he has also had a productive cough and shortness of breath. He has been unable to carry out his daily activities. He has a history of recurrent respiratory tract infections and chronic nasal congestion since childhood. He has a 3-month history of foul-smelling and greasy stools. He is at 4th percentile for height and weight. His temperature is 37°C (98.6°F), pulse is 112/min, respirations are 23/min, and blood pressure is 104/64 mm Hg. Examination shows clubbing of his fingers and scoliosis. There is 2+ pitting edema of the lower extremities. Jugular venous distention is present. Inspiratory crackles are heard in the thorax. Cardiac examination shows a loud S2. The abdomen is mildly distended and the liver is palpated 2 cm below the right costal margin. Hepato-jugular reflux is present. Which of the following is the most likely diagnosis?
A. Myocarditis
B. Extrinsic restrictive lung disease
C. Minimal change disease
D. Hypertrophic cardiomyopathy
E. Protein malnutrition
F. α-1 antitrypsin deficiency
G. Goodpasture syndrome
H. Cystic fibrosis","১৪ বছর বয়সী একটি ছেলে ডাক্তারের কাছে আনা হয়েছে তার পায়ের ক্রমবর্ধমান ফোলাভাব এবং সাধারণ ক্লান্তি ১ মাস ধরে হওয়ার কারণে। এই সময়কালে তার উৎপাদনশীল কাশি এবং শ্বাসকষ্টও হয়েছে। তিনি তাঁর দৈনিক কাজগুলো সম্পন্ন করতে অক্ষম ছিলেন। শৈশব থেকে তার পুনরাবৃত্তি শ্বাসযন্ত্রের সংক্রমণ এবং দীর্ঘস্থায়ী নাসারন্ধ্র বন্ধ হওয়ার ইতিহাস রয়েছে। তার ৩ মাসের সময়কাল ধরে দুর্গন্ধযুক্ত ও তেলাক্ত মলত্যাগের ইতিহাস আছে। উচ্চতা এবং ওজন উভয়ের জন্য তিনি চতুর্থ পার্সেন্টাইলে আছেন। তার তাপমাত্রা ৩৭ ডিগ্রি সেলসিয়া (৯৮.৬ ডিগ্রি ফারেনহাইট), পালস ১১২/মিনিট, শ্বাসপ্রশ্বাসের হার ২৩/মিনিট, এবং রক্তচাপ ১০৪/৬৪ মিমি পারদ। পরীক্ষায় তার আঙুলে ক্লাবিং এবং স্কোলিওসিস দেখা যায়। নিম্ন অঙ্গগুলিতে ২+ পিটিং এডেমা রয়েছে। যুগুলার শিরা ফোলাভাব উপস্থিত আছে। শ্বাসপ্রবেশের সময় ক্র্যাকলস থোরাক্সে শোনা যায়। হৃদযন্ত্রের পরীক্ষায় একটি জোরালো এস২ শোনা যায়। বুকের গহ্বর সামান্য ফোলাভাবযুক্ত এবং যকৃত ডান দিকের কস্টাল মার্জিনের নিচে ২ সেন্টিমিটার স্পর্শ করা যায়। হেপাটো-যুগুলার রিফ্লাক্স উপস্থিত আছে। নিচের কোনটি সবচেয়ে সম্ভাব্য নির্ণয়?
A. মায়োকার্ডাইটিস
B. বহিঃস্থ সীমাবদ্ধ ফুসফুস রোগ
C. ন্যূনতম পরিবর্তন রোগ
D. হাইপারট্রোফিক কার্ডিওমায়োপ্যাথি
E. প্রোটিন অপুষ্টি
F. আলফা-১ অ্যান্টিট্রিপসিন ঘাটতি
G. গুডপাস্টার সিনড্রোম
H. সিস্টিক ফাইব্রোসিস",,,,,
R0200,"A 73-year-old woman presents to the emergency department with diffuse abdominal pain, nausea, and vomiting. Her daughter who accompanies her says she was in her usual state of health until two days ago when she started to complain of abdominal pain and was unable to tolerate oral intake. She has hypertension, congestive heart failure, atrial fibrillation, and osteoarthritis. She underwent an exploratory laparotomy for an ovarian mass a year ago where a mucinous cystadenoma was excised. Her medications include aspirin, nifedipine, lisinopril, metoprolol, warfarin, and Tylenol as needed for pain. She does not drink alcohol or smoke cigarettes. She appears ill and disoriented. Her temperature is 37.9°C (100.3°F), blood pressure is 102/60 mm Hg, pulse is 110/min and irregular, and respirations are 16/min. Examination shows diffuse tenderness to palpation of the abdomen. The abdomen is tympanitic on percussion. Bowel sounds are hyperactive. The lungs are clear to auscultation bilaterally. There is a soft crescendo-decrescendo murmur best auscultated in the right second intercostal space. Laboratory studies show:
Hemoglobin 10.2 g/dL
Leukocyte count 14,000/mm3
Platelet count 130,000/mm3
Prothrombin time 38 seconds
INR 3.2
Serum
Na+ 132 mEq/dL
K+ 3.6 mEq/dL
Cl- 102 mEq/dL
HCO3- 19 mEq/dL
Urea nitrogen 36 mg/dl
Creatinine 2.3 mg/dL
Lactate 2.8 mEq/dL (N= 0.5-2.2 mEq/dL)
An x-ray of the abdomen shows multiple centrally located dilated loops of gas filled bowel. There is no free air under the diaphragm. A nasogastric tube is inserted and IV fluids and empiric antibiotic therapy are started. Emergent exploratory laparotomy is planned. Which of the following is the next best step in management?""
A. Administer low molecular weight heparin
B. Administer unfractionated heparin
C. Administer protamine sulfate
D. Administer vitamin K
E. Administer fresh frozen plasma and Vitamin K
F. Administer platelet concentrate
G. Administer recombinant activated factor VII","৭৩ বছর বয়সী এক নারী জরুরি বিভাগে diffuse পেটের ব্যথা, বমি বমি ভাব এবং বমি নিয়ে উপস্থিত হন। তার সঙ্গে থাকা মেয়ে বলেন তিনি দুই দিন আগে পর্যন্ত স্বাভাবিক স্বাস্থ্য অবস্থায় ছিলেন, তারপর থেকে পেটের ব্যথার অভিযোগ করতে শুরু করেন এবং মৌখিক গ্রহণ সহ্য করতে পারছেন না। তাঁর উচ্চ রক্তচাপ, কনজেস্টিভ হার্ট ফেইলিউর, এট্রিয়াল ফিব্রিলেশন এবং অস্টিওআর্থ্রাইটিস রয়েছে। তিনি এক বছর আগে ডিম্বাশয় গাঁঠের জন্য অনুসন্ধানী ল্যাপারোটমি করিয়ে একটি মিউসিনাস সিস্টেডেনোমা অপসারণ করা হয়েছিল। তার ওষুধগুলির মধ্যে আছে অ্যাসপিরিন, নিফিডিপাইন, লিসিনোপ্রিল, মেটোপ্রোলল, ওয়ারফারিন এবং ব্যথার জন্য প্রয়োজনমতো টাইলেনল। তিনি অ্যালকোহল পান করেন না বা সিগারেট ধূমপান করেন না। তিনি অসুস্থ এবং বিভ্রান্ত দেখাচ্ছেন। তার তাপমাত্রা ৩৭.৯ ডিগ্রি সেলসিয়াস (১০০.৩ ডিগ্রি ফারেনহাইট), রক্তচাপ ১০২/৬০ মিমি পারদ, পাল্স ১১০ প্রতি মিনিট এবং অনিয়মিত, শ্বাসপ্রশ্বাসের হার ১৬ প্রতি মিনিট। পরীক্ষায় পেটের স্পর্শে বিস্তৃত সংবেদনশীলতা দেখা যায়। পেটের ট্যাক্পানিক শব্দ পারকুশনে শোনা যায়। অন্ত্রের শব্দ অতিসক্রিয়। ফুসফুস দুপাশেই পরিষ্কার শোনায়। ডানদ্বিতীয় আন্তঃখণ্ডস্থানে একটি নরম ক্রেসেন্ডো-ডিক্রেসেন্ডো মর্মর সবচেয়ে ভাল শোনা যায়। ল্যাবরেটরি ফলাফল দেখায়:
হিমোগ্লোবিন ১০.২ গ্রাম/ডেসিলিটার
লিউকোসাইট গণনা ১৪,০০০ ঘন মিলিমিটার
প্লেটলেট গণনা ১৩০,০০০ ঘন মিলিমিটার
প্রোথ্রম্বিন সময় ৩৮ সেকেন্ড
আইএনআর ৩.২
সিরাম সোডিয়াম ১৩২ মিলিইকুইভ্যালেন্ট/ডেসিলিটার
পটাশিয়াম ৩.৬ মিলিইকুইভ্যালেন্ট/ডেসিলিটার
ক্লোরাইড ১০২ মিলিইকুইভ্যালেন্ট/ডেসিলিটার
বাইকার্বনেট ১৯ মিলিইকুইভ্যালেন্ট/ডেসিলিটার
ইউরিয়া নাইট্রোজেন ৩৬ মিলিগ্রাম/ডেসিলিটার
ক্রিয়াটিনিন ২.৩ মিলিগ্রাম/ডেসিলিটার
ল্যাক্টেট ২.৮ মিলিইকুইভ্যালেন্ট/ডেসিলিটার (স্বাভাবিক= ০.৫-২.২ মিলিইকুইভ্যালেন্ট/ডেসিলিটার)
এক্স-রে দেখায় কেন্দ্রীয়ভাবে অবস্থিত বহু প্রসারিত গ্যাস ভর্তি অন্ত্র লুপ। ডায়াফ্রামের নিচে কোনো মুক্ত বাতাস নেই। নাসোগ্যাস্ট্রিক টিউব প্রবেশ করানো হয় এবং শিরাপথে তরল ও অনুমানমূলক অ্যান্টিবায়োটিক থেরাপি শুরু করা হয়। জরুরি অনুসন্ধানী ল্যাপারোটমি পরিকল্পিত হয়েছে। নিম্নলিখিতগুলির মধ্যে কোনটি ব্যবস্থাপনায় পরবর্তী সেরা পদক্ষেপ?
A. কম মোলিকুলার ওজনের হেপারিন প্রদান করুন
B. অপরিবক্ত হেপারিন প্রদান করুন
C. প্রোটামিন সালফেট প্রদান করুন
D. ভিটামিন কে প্রদান করুন
E. তাজা জমাট প্লাজমা এবং ভিটামিন কে প্রদান করুন
F. প্লেটলেট কনসেন্ট্রেট প্রদান করুন
G. রিকম্বিন্যান্ট সক্রিয় ফ্যাক্টর ৭ প্রদান করুন",,,,,
