row_id,src_en,hyp_bn,tier,fluency,acceptable,tags,note
R0001,"A 65-year-old woman with COPD comes to the emergency department with 2-day history of worsening shortness of breath and cough. She often has a mild productive cough, but she noticed that her sputum is more yellow than usual. She has not had any recent fevers, chills, sore throat, or a runny nose. Her only medication is a salmeterol inhaler that she uses twice daily. Her temperature is 36.7°C (98°F), pulse is 104/min, blood pressure is 134/73 mm Hg, respiratory rate is 22/min, and oxygen saturation is 85%. She appears uncomfortable and shows labored breathing. Lung auscultation reveals coarse bibasilar inspiratory crackles. A plain film of the chest shows mild hyperinflation and flattening of the diaphragm but no consolidation. She is started on supplemental oxygen via nasal cannula. Which of the following is the most appropriate initial pharmacotherapy?
A. Roflumilast and prednisone
B. Albuterol and montelukast
C. Prednisone and salmeterol
D. Albuterol and theophylline
E. Prednisone and albuterol
F. Prednisone and tiotropium","একজন ৬৫ বছর বয়সী নারী যিনি সিওপিডি আছে জরুরি বিভাগে আসেন দুই দিনের ইতিহাস সহ শ্বাসকষ্ট এবং কাশির অবনতি। তিনি প্রায়ই হালকা উৎপাদনশীল কাশি করেন, তবে তিনি লক্ষ্য করেছেন যে তার শ্লেষ্মা সাধারণের চেয়ে বেশি হলুদ। তার সাম্প্রতিক কোনো জ্বর, ঠাণ্ডা, গলা ব্যথা বা নাক দিয়ে পানি বের হওয়া নেই। তার একমাত্র ওষুধ হল স্যালমেটেরল ইনহেলার যা তিনি দিনে দু'বার ব্যবহার করেন। তাপমাত্রা হল ৩৬.৭ ডিগ্রি সেলসিয়া (৯৮ ডিগ্রি ফারেনহাইট), নাড়ি প্রতি মিনিটে ১০৪, রক্তচাপ ১৩৪/৭৩ মিমি পারদ, শ্বাসের হার প্রতি মিনিটে ২২, এবং অক্সিজেন স্যাচুরেশন ৮৫%। তিনি অস্বস্তিকর দেখায় এবং শ্বাসকষ্টপূর্ণ শ্বাস প্রদর্শন করেন। ফুসফুসের স্টেথোস্কোপি পরীক্ষা কুঁচকানো দ্বিবেসিলার ইনস্পিরেটরি ক্র্যাকলস প্রকাশ করে। একটি সাধারণ চেস্টের রেডিওগ্রাফি হালকা অতিস্ফীতি এবং ডায়াফ্রামের সমতলতা দেখায় তবে কোনো সংহতি নেই। তিনি নাসিক ক্যনুলা দিয়ে অতিরিক্ত অক্সিজেন প্রদান শুরু করা হয়। নিম্নলিখিতগুলোর মধ্যে কোনটি সর্বোত্তম প্রাথমিক ফার্মাকোথেরাপি?
A. রফ্লুমিলাস্ট এবং প্রেডনিসোন
B. অ্যালবিউটেরল এবং মন্টেলুকাস্ট
C. প্রেডনিসোন এবং স্যালমেটেরল
D. অ্যালবিউটেরল এবং থিওফিলিন
E. প্রেডনিসোন এবং অ্যালবিউটেরল
F. প্রেডনিসোন এবং টিওট্রোপিয়াম",,,,,
R0007,"A 36-year-old woman with HIV comes to the physician because of a 3-day history of pain and watery discharge in her left eye. She also has blurry vision and noticed that she is more sensitive to light. Her right eye is asymptomatic. She had an episode of shingles 7 years ago. She was diagnosed with HIV 5 years ago. She admits that she takes her medication inconsistently. She wears contact lenses. Current medications include abacavir, lamivudine, efavirenz, and a nutritional supplement. Her temperature is 37°C (98.6°F), pulse is 89/min, and blood pressure is 110/70 mm Hg. Examination shows conjunctival injection of the left eye. Visual acuity is 20/20 in the right eye and 20/80 in the left eye. Extraocular movements are normal. Her CD4+ T-lymphocyte count is 90/mm3. A photograph of the left eye after fluorescein administration is shown. Which of the following is the most likely diagnosis?
A. Neurotrophic keratopathy
B. Pseudomonas keratitis
C. Herpes zoster keratitis
D. Fusarium keratitis
E. Herpes simplex keratitis
F. Acanthamoeba keratitis
""","একজন ৩৬ বছর বয়সী নারী যিনি এইচআইভি পজিটিভ, ডাক্তারের কাছে আসছেন কারণ তার বাম চোখে ৩ দিনের ইতিহাসে ব্যথা এবং জলীয় নিঃসরণ রয়েছে। তিনি ঝাপসা দৃষ্টিও অনুভব করছেন এবং লক্ষ্য করেছেন যে তিনি আলোতে বেশি সংবেদনশীল। তার ডান চোখে কোনো উপসর্গ নেই। সাত বছর আগে তিনি শিংলসের একটি এপিসোডে আক্রান্ত ছিলেন। পাঁচ বছর আগে তাকে এইচআইভি নির্ণয় করা হয়েছিল। তিনি স্বীকার করেন যে তিনি তার ওষুধগুলি অনিয়মিতভাবে গ্রহণ করেন। তিনি কন্ট্যাক্ট লেন্স ব্যবহার করেন। বর্তমান ওষুধগুলির মধ্যে রয়েছে অ্যাবাকাভির, লামিভুডিন, ইফেভারেঞ্জ এবং একটি পুষ্টিকর সাপ্লিমেন্ট। তার তাপমাত্রা ৩৭ ডিগ্রি সেলসিয়া (৯৮.৬ ডিগ্রি ফারেনহাইট), পালস ৮৯/min, এবং রক্তচাপ ১১০/৭০ মিমি পারদ। পরীক্ষায় বাম চোখে কনজাঙ্ক্টিভাল ইনজেকশন দেখা যায়। দৃষ্টিশক্তি ডান চোখে ২০/২০ এবং বাম চোখে ২০/৮০। বাহ্যিক অক্ষের গতি স্বাভাবিক। তার CD4+ টি-লিম্ফোসাইট গণনা হল ৯০/ঘন মিলিমিটার। ফ্লুরোসিন প্রয়োগের পরে বাম চোখের একটি ফটো দেখানো হয়েছে। নিচের কোনটি সবচেয়ে সম্ভাব্য নির্ণয়?
A. নিউরোট্রফিক কেরাটোপ্যাথি
B. সিউডোমোনাস কেরাটাইটিস
C. হেরপেস জোস্টার কেরাটাইটিস
D. ফুসারিয়াম কেরাটাইটিস
E. হেরপেস সিম্প্লেক্স কেরাটাইটিস
F. অ্যাক্যানথামোইবা কেরাটাইটিস",,,,,
R0013,"An 81-year-old man is brought to the physician by his daughter after being found wandering on the street. His daughter says that over the past several months he has been more aggressive towards friends and family. She also reports several episodes in which he claimed to see two strangers in her apartment. He sometimes stares blankly for several minutes and does not react when addressed. He has hypertension, hyperlipidemia, and was diagnosed with Parkinson disease 10 months ago. His current medications include carbidopa-levodopa, hydrochlorothiazide, and atorvastatin. His temperature is 37°C (98.6°F), pulse is 99/min, and blood pressure is 150/85 mm Hg. He is confused and oriented to person and place but not to time. There is a resting tremor in his right upper extremities. There is muscle rigidity in the upper and lower extremities. He is able to walk without assistance but has a slow gait with short steps. Mental status examination shows short-term memory deficits. Which of the following is the most likely underlying cause of this patient's condition?
A. Lewy body deposition
B. Vascular infarcts
C. Frontotemporal lobe atrophy
D. Prion formation
E. Thiamine deficiency
F. Impaired CSF absorption","৮১ বছর বয়সী একজন পুরুষকে তার মেয়ে ডাক্তারকে নিয়ে এসেছে, যাকে রাস্তায় ঘুরে বেড়াতে পাওয়া গিয়েছিল। তার মেয়ে বলেন যে গত কয়েক মাস ধরে তিনি বন্ধু ও পরিবারের প্রতি আরও আগ্রাসী হয়ে উঠেছেন। তিনি এছাড়াও রিপোর্ট করেন যে কিছু সময়ে তিনি তাঁর অ্যাপার্টমেন্টে দুইজন অপরিচিতকে দেখছেন বলে দাবি করেছেন। তিনি কখনও কখনও কয়েক মিনিটের জন্য ফাঁকা ভাবে তাকিয়ে থাকেন এবং সম্বোধন করা হলে প্রতিক্রিয়া দেন না। তার উচ্চ রক্তচাপ, উচ্চ লিপিডেমিয়া রয়েছে, এবং ১০ মাস আগে পার্কিনসন রোগ নির্ণয় হয়েছিল। তার বর্তমান ওষুধের মধ্যে আছে কার্বিডোपा-লেভডোপা, হাইড্রোক্লোরথিয়াজ়াইড, এবং এটরভাস্টাটিন। তার তাপমাত্রা ৩৭ ডিগ্রি সেলসিয়া (৯৮.৬ ডিগ্রি ফারেনহাইট), পাল্স ৯৯ প্রতি মিনিট, এবং রক্তচাপ ১৫০/৮৫ মিমি পারদ। তিনি বিভ্রান্ত এবং ব্যক্তি ও স্থানের দিকে অভিমুখী তবে সময়ের দিকে নয়। তার ডান উপরের অঙ্গে বিশ্রামজনিত কম্পন রয়েছে। উপরে ও নিচে উভয় অঙ্গে পেশীর কঠোরতা আছে। তিনি সহায়তা ছাড়া হাঁটতে পারেন কিন্তু ধীর গতি এবং ছোট পদক্ষেপে চলেন। মানসিক অবস্থা পরীক্ষায় স্বল্পমেয়াদী স্মৃতির ঘাটতি দেখা যায়। নিম্নলিখিত কোনটি এই রোগীর অবস্থার সবচেয়ে সম্ভাব্য অন্তর্নিহিত কারণ?
A. লিউই বডি জমা
B. ভাসকুলার ইনফার্কশন
C. ফ্রন্টোটেম্পোরাল লোব অ্যাট্রফি
D. প্রিয়ন গঠন
E. থায়ামিন ঘাটতি
F. সিএসএফ শোষণ ব্যাহত",,,,,
R0014,"A 38-year-old man is brought to the emergency department after losing consciousness upon rising from his chair at work. The patient has had progressive cough, shortness of breath, fever, and chills for 6 days but did not seek medical attention for these symptoms. He appears distressed, flushed, and diaphoretic. He is 170 cm (5 ft 7 in) tall and weighs 120 kg (265 lbs); BMI is 41.5 kg/m2. His temperature is 39.4°C (102.9°F), pulse is 129/min, respirations are 22/min, and blood pressure is 91/50 mm Hg when supine. Crackles and bronchial breath sounds are heard over the right posterior hemithorax. A 2/6 midsystolic blowing murmur is heard along the left upper sternal border. Examination shows diffuse diaphoresis, flushed extremities, and dullness to percussion over the right posterior hemithorax. The abdomen is soft and nontender. Multiple nurses and physicians have been unable to attain intravenous access. A large-bore central venous catheter is inserted into the right internal jugular vein by standard sterile procedure. Which of the following is the most appropriate next step in the management of this patient?
A. Administer intravenous levofloxacin
B. Echocardiogram
C. Bronchoscopy
D. CT scan of the chest
E. Chest X-ray
F. Administer intravenous norepinephrine","৩৮ বছর বয়সী একজন পুরুষকে কাজের সময় তার চেয়ার থেকে উঠে দাঁড়ানোর সময় অচেতন হয়ে যাওয়ার পর জরুরি বিভাগে আনা হয়। রোগীর গত ৬ দিন ধরে ক্রমবর্ধমান কাশি, শ্বাসকষ্ট, জ্বর এবং কম্পন হয়েছে কিন্তু তিনি এই উপসর্গগুলোর জন্য কোনো চিকিৎসা সেবা গ্রহণ করেননি। তিনি উদ্বিগ্ন, লালচে এবং ঘামাচ্ছিলেন। তার উচ্চতা ১৭০ সেন্টিমিটার (৫ ফুট ৭ ইঞ্চি) এবং ওজন ১২০ কেজি (২৬৫ পাউন্ড); বিএমআই ৪১.৫ কেজি/মি২। তার তাপমাত্রা ৩৯.৪ ডিগ্রি সেলসিয়াস (১০২.৯ ডিগ্রি ফারেনহাইট), পাল্স প্রতি মিনিটে ১২৯, শ্বাসপ্রশ্বাস প্রতি মিনিটে ২২, এবং Supine অবস্থায় রক্তচাপ ৯১/৫০ মিমি পারদ। ডান পশ্চাৎ হেমিথোর্যাক্সে ক্র্যাকলস এবং ব্রঙ্কিয়াল শ্বাসের শব্দ শোনা যায়। বাম উপরের স্টার্নাল সীমানায় ২/৬ মাঝ-সিস্টোলিক ব্লোয়িং মর্মর শোনা যায়। পরীক্ষায় বিস্তৃত ঘাম, লালচে অঙ্গপ্রান্তি এবং ডান পশ্চাৎ হেমিথোর্যাক্সে পেরকুশনের সময় নীরবতা দেখা যায়। পেট নরম ও ব্যথাহীন। একাধিক নার্স ও ডাক্তার শিরাপথে প্রবেশাধিকার অর্জন করতে অক্ষম ছিলেন। একটি বড় ব্যাসের সেন্ট্রাল ভেইন ক্যাথেটার ডান অভ্যন্তরীণ জুগুলার শিরায় মানক পরিষ্কার পদ্ধতিতে প্রবেশ করানো হয়। নিম্নলিখিতগুলোর মধ্যে কোনটি এই রোগীর ব্যবস্থাপনার সর্বোত্তম পরবর্তী ধাপ?
A. শিরাপথে লেভোফ্লোক্সাসিন প্রদান করুন
B. ইকোকার্ডিওগ্রাম
C. ব্রঙ্কোস্কপি
D. বক্ষের সিটি স্ক্যান
E. বক্ষের এক্স-রে
F. শিরাপথে নোরএপিনেফ্রিন প্রদান করুন",,,,,
R0015,"A 54-year-old man is brought to the emergency department 1 hour after an episode of loss of consciousness that lasted 3 minutes. Since awakening, he has had weakness of the left arm and leg, and his speech has been slurred. He has had a fever for 10 days. He has not had vomiting or headache. He was treated for bacterial sinusitis 3 weeks ago with amoxicillin-clavulanate. He has hypertension, hypothyroidism, hyperlipidemia, and type 2 diabetes mellitus. Current medications include amlodipine, hydrochlorothiazide, metformin, simvastatin, aspirin, and levothyroxine. His temperature is 38.6°C (101.4°F), pulse is 106/min, and blood pressure is 160/90 mm Hg. He is alert and oriented to person, place, and time. Examination shows multiple petechiae on his trunk and painless macules over both palms. A new grade 3/6 systolic murmur is heard best at the apex. He follows commands, but he slurs his words and has difficulty naming common objects. There is left facial droop. Muscle strength is 4/5 in the left upper and lower extremities. Deep tendon reflexes are 3+ on the left side and 2+ on the right side. The left big toe shows an extensor response. Fundoscopic examination shows retinal hemorrhages with white centers. Laboratory studies show:
Hemoglobin 15.3 g/dL
Leukocyte count 12,300/mm3
Serum
Na+ 136 mEq/L
Cl- 103 mEq/L
K+ 4.3 mEq/L
Glucose 108 mg/dL
Creatinine 1.1 mg/dL
Urine
Protein 1+
Glucose negative
Blood 1+
WBC 1-2/hpf
RBC 7-10/hpf
Which of the following is the most likely cause of these findings?""
A. Ruptured arteriovenous malformation
B. Ruptured saccular aneurysm
C. Todd's paralysis
D. Temporal encephalitis
E. Septic emboli
F. Intracranial tumor
G. Carotid artery stenosis
H. Vasospasm of a deep penetrating artery
I. Contiguous spread of infection","একজন ৫৪-বছর বয়সী পুরুষকে জরুরি বিভাগের কাছে নিয়ে আসা হয় এক ঘণ্টা পরে একটি অচেতনতা ঘটনার পর যা তিন মিনিট স্থায়ী ছিল। জাগার পরে থেকে তার বাম বাহু ও পায়ের দুর্বলতা রয়েছে এবং তার কথা গলমল হয়েছে। তিনি দশ দিন ধরে জ্বরে আছেন। তার বমি বা মাথাব্যথা হয়নি। তিনি তিন সপ্তাহ আগে অ্যামোক্সিসিলিন-ক্লাভুলানেট দিয়ে ব্যাকটেরিয়াল সাইনাসাইটিসের চিকিৎসা করিয়েছিলেন। উচ্চ রক্তচাপ, হাইপোথাইরয়েডিজম, হাইপারলিপিডেমিয়া এবং টাইপ ২ ডায়াবেটিস মেলিটাস রয়েছে। বর্তমান ওষুধগুলোর মধ্যে রয়েছে এমলোডিপিন, হাইড্রোক্লোরথায়াজাইড, মেটফরমিন, সিমভাস্টাটিন, অ্যাসপিরিন এবং লেভোথাইরক্সিন। তার তাপমাত্রা ৩৮.৬ ডিগ্রি সেলসিয়া (১০১.৪ ডিগ্রি ফারেনহাইট), ধড়ক ১০৬/মিনিট, এবং রক্তচাপ ১৬০/৯০ মিমি পারদ। তিনি সজাগ ও ব্যক্তি, স্থান ও সময় সম্পর্কে সচেতন। পরীক্ষায় তার দেহে একাধিক পেটিকিয়া এবং উভয় হাতের তালুতে ব্যথা না থাকা ম্যাকিউল দেখা যায়। একটি নতুন গ্রেড ৩/৬ সিস্টোলিক মর্মর শীর্ষে (অ্যাপেক্স) সর্বোত্তমভাবে শোনা যায়। তিনি আদেশ অনুসরণ করেন, তবে তার কথা গলমল এবং সাধারণ বস্তু নামতে অসুবিধা হয়। বাম দিকের মুখের পেশি দুর্বলতা রয়েছে। বাম উপরের ও নিচের অঙ্গগুলোর পেশীর শক্তি গ্রেড ৪/৫। বাম পাশে ডিপ টেন্ডন রিফ্লেক্স ৩+, এবং ডান পাশে ২+। বাম বড় আঙুলে এক্সটেন্সর রেসপন্স দেখা যায়। ফান্ডোসকোপিক পরীক্ষা রেটিনাল হেমোরেজ দেখায় যার সাদা কেন্দ্র রয়েছে। ল্যাবরেটরি স্টাডি দেখায়:
হিমোগ্লোবিন ১৫.৩ গ্রাম/ডিএল
সাদা রক্তকণিকা গণনা ১২,৩০০/ঘন মিমিলিটার
সোডিয়াম ১৩৬ মিলিইকুইভ্যালেন্ট/লিটার
ক্লোরাইড ১০৩ মিলিইকুইভ্যালেন্ট/লিটার
পটাশিয়াম ৪.৩ মিলিইকুইভ্যালেন্ট/লিটার
গ্লুকোজ ১০৮ মিলিগ্রাম/ডিএল
ক্রিয়াটিনিন ১.১ মিলিগ্রাম/ডিএল
প্রোটিন ১+
গ্লুকোজ নেতিবাচক
রক্ত ১+
ডব্লিউবিসি ১-২/হাই-পাওয়া ফিল্ড
আরবিসি ৭-১০/হাই-পাওয়া ফিল্ড
নিম্নলিখিতগুলোর মধ্যে কোনটি এই ফলাফলের সবচেয়ে সম্ভাব্য কারণ?
A. ফাটলযুক্ত আর্টেরিওভেনাস ম্যালফরমেশন
B. ফাটলযুক্ত স্যাকুলার অ্যানিউরিজম
C. টোড পারালাইসিস
D. টেম্পোরাল এনসেফ্যালাইটিস
E. সেপটিক এমবোলি
F. ইন্ট্রাক্রেনিয়াল টিউমার
G. ক্যারোটিড আর্টারি স্টেনোসিস
H. গভীর প্রবেশকারী ধমনীর ভাসোস্পাজম
I. সংলগ্ন সংক্রমণের বিস্তার",,,,,
R0016,"A 42-year-old woman is brought to the physician by her husband because of a 1-year history of abnormal behavior. During this time she has been irritable, restless, and has had multiple episodes of hearing voices. Over the past month, she has also had difficulty swallowing. She has a 2-year history of depression. She was let go by her employer 6 months ago because she could no longer handle all her tasks and often forgot about assignments. Her father committed suicide at the age of 50. The patient has smoked one pack of cigarettes daily over the past 20 years. She has a history of smoking cocaine for 8 years but stopped 1 year ago. Vital signs are within normal limits. On mental status examination, she is confused and oriented to person and place only. Neurologic examination shows a delayed return to neutral ankle position after triggering the plantar reflex. Physical examination shows irregular, nonrepetitive, and arrhythmic movements of the neck and head. The patient has poor articulation. Which of the following is the most likely diagnosis?
A. Wilson disease
B. Sydenham chorea
C. Creutzfeldt-Jakob disease
D. Parkinson disease
E. Multiple sclerosis
F. Drug-induced chorea
G. Huntington disease","৪২ বছর বয়সী এক নারীকে তার স্বামী তাকে চিকিৎসকের কাছে নিয়ে এসেছে কারণ তিনি এক বছরের অস্বাভাবিক আচরণের ইতিহাস রয়েছে। এই সময়ের মধ্যে তিনি বিরক্ত, অস্থির ছিলেন এবং বহুবার কণ্ঠস্বর শোনার অভিজ্ঞতা পেয়েছেন। গত মাসে তিনি গিলতে অসুবিধা অনুভব করেছেন। তার অবসাদের দুই বছরের ইতিহাস রয়েছে। তিনি ছয় মাস আগে তার নিয়োগকর্তা দ্বারা চাকরি থেকে বরখাস্ত হন কারণ তিনি আর সব কাজ সামলাতে পারছিলেন না এবং প্রায়ই দায়িত্ব ভুলে যেতেন। তাঁর পিতা ৫০ বছর বয়সে আত্মহত্যা করেন। রোগী গত বিশ বছরের মধ্যে প্রতিদিন এক প্যাকেট সিগারেট ধূমপান করেছেন। তিনি আট বছর ধরে কোকেইন ধূমপান করতেন কিন্তু এক বছর আগে বন্ধ করেন। জীবনচিহ্নগুলো স্বাভাবিক সীমার মধ্যে আছে। মানসিক অবস্থা পরীক্ষায়, তিনি বিভ্রান্ত এবং শুধুমাত্র ব্যক্তি ও স্থানের প্রতি দিশা জানেন। স্নায়বিক পরীক্ষা দেখায় যে প্ল্যান্টার রিফ্লেক্স উদ্দীপনা করার পর টাখা পায়ের অবস্থানে ফিরে আসতে বিলম্ব হয়। শারীরিক পরীক্ষায় ঘাড় ও মাথার অনিয়মিত, অপ্রতিবর্তনীয় এবং অনিয়মিত ছন্দের নড়াচড়া দেখা যায়। রোগীর উচ্চারণ দুর্বল। নিম্নলিখিতগুলির মধ্যে কোনটি সবচেয়ে সম্ভাব্য নির্ণয়?
A. উইলসন রোগ
B. সাইডেনহাম কোরিয়া
C. ক্রয়টজফেল্ড-যাকব রোগ
D. পার্কিনসন রোগ
E. মাল্টিপল স্ক্লেরোসিস
F. ঔষধ-প্ররোচিত কোরিয়া
G. হানটিংটন রোগ",,,,,
R0017,"A 24-year-old primigravid woman at 38 weeks' gestation comes to the physician for a prenatal visit. At the last two prenatal visits, transabdominal ultrasound showed the fetus in breech presentation. She has no medical conditions and only takes prenatal vitamins. Her pulse is 95/min, respirations are 16/min, and blood pressure is 130/76 mm Hg. The abdomen is soft and nontender; no contractions are felt. Pelvic examination shows a closed cervical os and a uterus consistent with 38 weeks' gestation. The fetal rate tracing shows a baseline heart rate of 152/min and 2 accelerations over 10 minutes. Repeat ultrasound today shows a persistent breech presentation. The patient states that she would like to attempt a vaginal delivery. Which of the following is the most appropriate next step in management?
A. Recommend cesarean section
B. Observe until spontaneous labor
C. Repeat ultrasound in one week
D. Offer external cephalic version
E. Offer internal podalic version","২৪ বছর বয়সী প্রাইমিগ্রাভিড নারী, গর্ভধারণের ৩৮ সপ্তাহে, গাইনিকাল ভিজিটের জন্য ডাক্তারের কাছে আসেন। শেষ দুইটি গাইনিকাল ভিজিটে, ট্রান্সঅ্যাবডোমিনাল আল্ট্রাসাউন্ডে শিশুটি ব্রিচ পজিশনে দেখা গেছে। তার কোনো চিকিৎসা সংক্রান্ত সমস্যা নেই এবং তিনি শুধুমাত্র প্রি-নাটাল ভিটামিন গ্রহণ করেন। তার পালস ৯৫/মিনিট, শ্বাসপ্রশ্বাসের হার ১৬/মিনিট, এবং রক্তচাপ ১৩০/৭৬ মিমি পারদ। পেট নরম ও অস্বেদনজনক; কোনো সংকোচন অনুভূত হয় না। পেলভিক পরীক্ষা দেখায় বন্ধ সের্ভিকাল ওস এবং গর্ভাশয় ৩৮ সপ্তাহের গর্ভধারণের সঙ্গে সামঞ্জস্যপূর্ণ। ফিটাল রেট ট্রেসিংয়ে বেসলাইন হৃদস্পন্দন ১৫২/মিনিট এবং ১০ মিনিটে ২টি ত্বরান্বিততা দেখা যায়। আজকের পুনরায় আল্ট্রাসাউন্ডে একটি স্থায়ী ব্রিচ পজিশন দেখানো হয়েছে। রোগী জানান তিনি যোনি মাধ্যমে প্রসবের চেষ্টা করতে চান। নিম্নলিখিতগুলির মধ্যে কোনটি ব্যবস্থাপনার সর্বোত্তম পরবর্তী ধাপ?
A. সিজারিয়ান ডেলিভারি সুপারিশ করুন
B. স্বতঃস্ফূর্ত শ্রম পর্যন্ত পর্যবেক্ষণ করুন
C. এক সপ্তাহে পুনরায় আল্ট্রাসাউন্ড করুন
D. বহিঃস্থ সেফ্যালিক ভার্সন প্রস্তাব করুন
E. অভ্যন্তরীণ পডালিক ভার্সন প্রস্তাব করুন",,,,,
R0018,"A 2-month-old girl is admitted to the hospital because of a 1-day history of fever and difficulty breathing. She has also had nasal congestion for 2 days. She was born at 28 weeks' gestation and weighed 1105 g (2 lb 7 oz); she currently weighs 2118 g (4 lb 11 oz). Her neonatal course was complicated by respiratory distress syndrome. She required supplemental oxygen for 36 days following birth. She was diagnosed with bronchopulmonary dysplasia 3 weeks ago. The infant missed an appointment with the pediatrician 2 weeks ago. Her only medication is vitamin D drops. She appears lethargic. Her temperature is 38.6°C (101.4°F), pulse is 160/min, respirations are 55/min, and blood pressure is 80/45 mm Hg. Pulse oximetry on room air shows an oxygen saturation of 87%. Physical examination shows moderate subcostal retractions. Wheezing is heard on auscultation of the chest. Her hemoglobin concentration is 10.5 g/dL, leukocyte count is 13,000/mm3, and platelet count is 345,000/mm3. Mechanic ventilatory support is initiated. After 4 days in the pediatric intensive care unit, the patient dies. Administration of which of the following is most likely to have prevented this patient's outcome?
A. Ribavirin
B. Postnatal glucocorticoid
C. Ceftriaxone
D. Respiratory syncytial virus immune globulin
E. Palivizumab","একটি ২-মাসের মেয়ে হাসপাতালে ভর্তি হয়েছে কারণ তার ১-দিনের জ্বর এবং শ্বাসকষ্টের ইতিহাস রয়েছে। তিনি additionally ২ দিন ধরে নাক বন্ধ থাকা লক্ষণও দেখিয়েছেন। তিনি ২৮ সপ্তাহ গর্ভকালীন সময়ে জন্মগ্রহণ করেন এবং ওজন ছিল ১১০৫ গ্রাম (২ পাউন্ড ৭ আউন্স); বর্তমানে তার ওজন ২১১৮ গ্রাম (৪ পাউন্ড ১১ আউন্স)। তার নবজাতক পর্যায়ের কোর্স শ্বাসযন্ত্র দুর্বলতা সিনড্রোম দ্বারা জটিল হয়েছিল। জন্মের পর তিনি ৩৬ দিন অতিরিক্ত অক্সিজেন গ্রহণ করতেন। তিনি ৩ সপ্তাহ আগে ব্রঙ্কোপুলমোনারি ডাইসপ্লাসিয়া নির্ণয় পেয়েছেন। শিশুটি ২ সপ্তাহ আগে পেডিয়াট্রিশিয়ানের সঙ্গে অ্যাপয়েন্টমেন্ট মিস করেছে। তার একমাত্র ওষুধ হল ভিটামিন ডি ড্রপস। তিনি অলস দেখাচ্ছেন। তার তাপমাত্রা ৩৮.৬ ডিগ্রি সেলসিয়া (১০১.৪ ডিগ্রি ফারেনহাইট), হার ১৬০/মিনিট, শ্বাসের হার ৫৫/মিনিট, এবং রক্তচাপ ৮০/৪৫ মিমি পারদ। কক্ষের বাতাসে পাল্স অক্সিমেট্রি দেখায় অক্সিজেন স্যাচুরেশন ৮৭%। শারীরিক পরীক্ষায় মাঝারি সাবকোস্টাল রিট্র্যাকশন দেখা যায়। বুকে শোনালে হুইজিং শোনা যায়। তার হিমোগ্লোবিন ঘনত্ব ১০.৫ গ্রাম/ডেসিলিটার, সাদা রক্তকণিকা সংখ্যা ১৩,০০০/ঘন মিমিলিটার, এবং প্লেটলেট সংখ্যা ৩৪৫,০০০/ঘন মিমিলিটার। যান্ত্রিক শ্বাসযন্ত্র সহায়তা শুরু করা হয়। শিশু তীব্র সেবা ইউনিটে ৪ দিন পর রোগী মারা যায়। নিম্নের কোনটি প্রদান করলে সম্ভবত এই রোগীর ফলাফল রোধ করা যেতে পারত?
A. রিবাভিরিন
B. পোস্টনাটাল গ্লুকোকর্টিকয়েড
C. সেফট্রায়াক্সোন
D. রেস্পিরেটরি সিনসিটিয়াল ভাইরাস ইমিউন গ্লোবুলিন
E. প্যালিভিজুম্যাব",,,,,
R0022,"A 37-year-old woman, gravida 2, para 1, at 35 weeks' gestation is brought to the emergency department for the evaluation of continuous, dark, vaginal bleeding and abdominal pain for one hour. Her first child was delivered by lower segment transverse cesarean section because of a nonreassuring fetal heart rate. The patient has a history of hypertension and has been noncompliant with her hypertensive regimen. Her medications include methyldopa, folic acid, and a multivitamin. Her pulse is 90/min, respirations are 16/min, and blood pressure is 145/90 mm Hg. The abdomen is tender, and hypertonic contractions can be felt. There is blood on the vulva, the introitus, and on the medial aspect of both thighs. The fetus is in a breech presentation. The fetal heart rate is 180/min with recurrent decelerations. Which of the following is the cause of fetal compromise?
A. Rupture of the uterus
B. Placental tissue covering the cervical os
C. Rupture of aberrant fetal vessels
D. Abnormal position of the fetus
E. Detachment of the placenta","৩৭ বছর বয়সী এক নারী, গ্র্যাভিডা ২, প্যারা ১, ৩৫ সপ্তাহের গর্ভধারণে, জরুরি বিভাগে নিয়ে আসা হয়েছে অবিচ্ছিন্ন, অন্ধকার রঙের যোনি রক্তপাত এবং একটি ঘন্টার জন্য পেটের ব্যথার মূল্যায়নের জন্য। তার প্রথম সন্তান নিম্নাংশের ট্র্যান্সভার্স সিজারিয়ান সেকশন দিয়ে ডেলিভারি করা হয়েছিল একটি অনিরাপদ ভ্রূণ হৃদস্পন্দনের কারণে। রোগীর উচ্চ রক্তচাপের ইতিহাস রয়েছে এবং তিনি তার রক্তচাপ নিয়ন্ত্রণের পরিকল্পনায় অঅনুগত ছিলেন। তার ওষুধগুলোর মধ্যে মেথিলডোपा, ফোলিক অ্যাসিড এবং একটি মাল্টিভিটামিন রয়েছে। তার পালস ৯০/মিনিট, শ্বাসপ্রশ্বাস ১৬/মিনিট, এবং রক্তচাপ ১৪৫/৯০ মিমি পারদ। পেটটি সংবেদনশীল, এবং হাইপারটোনিক সংকোচন অনুভূত হয়। ভুল্ভা, ইন্ট্রয়িটাস এবং উভয় উরুর মধ্যভাগে রক্ত রয়েছে। ভ্রূণটি ব্রীচ উপস্থাপনে রয়েছে। ভ্রূণের হৃদস্পন্দন ১৮০/মিনিট, পুনরাবৃত্তি ডিকেলারেশন সহ। নিম্নলিখিতগুলোর মধ্যে কোনটি ভ্রূণ সংকটের কারণ?
A. গর্ভাশয়ের ফাটল
B. সার্ভিকাল ওসকে আচ্ছাদনকারী প্লাসেন্টা টিস্যু
C. অস্বাভাবিক ভ্রূণ রক্তনালী ফাটল
D. ভ্রূণের অস্বাভাবিক অবস্থান
E. প্লাসেন্টার বিচ্ছিন্নতা",,,,,
R0023,"A 26-year-old primigravid woman at 10 weeks' gestation comes to the physician for a prenatal visit. Pregnancy was confirmed by an ultrasound 3 weeks earlier after the patient presented with severe nausea and vomiting. The nausea and vomiting have subsided without medication. She has no vaginal bleeding or discharge. Vital signs are within normal limits. Pelvic examination shows a uterus consistent in size with a 10-week gestation. Transvaginal ultrasonography shows a gestational sac with a mean diameter of 23 mm and an embryo 6 mm in length with absent cardiac activity. Which of the following is the most appropriate next step in management?
A. Serial β-HCG measurements
B. Misoprostol therapy
C. Oxytocin infusion
D. Cervical cerclage
E. Thrombophilia work-up
F. Methotrexate therapy
G. Levonorgestrel therapy","একজন ২৬ বছর বয়সী প্রাইমিগ্রাভিড নারী, গর্ভধারণের ১০ সপ্তাহে, ডাক্তারের কাছে গর্ভকালীন পরিদর্শনের জন্য আসে। গর্ভধারণ নিশ্চিত করা হয়েছিল আল্ট্রাসাউন্ড দ্বারা, রোগী যখন তীব্র বমি ও বমিভাব নিয়ে উপস্থিত হন তার ৩ সপ্তাহ আগে। বমি ও বমিভাব কোনো ঔষধ ছাড়া কমে গেছে। তার কোনও যোনি রক্তপাত বা নিঃসরণ নেই। জীবনচিহ্ন স্বাভাবিক সীমার মধ্যে রয়েছে। পেলভিক পরীক্ষা দেখায় গর্ভের আকারে ১০ সপ্তাহের সঙ্গে সামঞ্জস্যপূর্ণ একটি জরায়ু। ট্রান্সভ্যাজাইনাল আল্ট্রাসাউন্ড দেখায় গর্ভের থলি যার গড় ব্যাসার্ধ ২৩ মিলিমিটার এবং একটি ভ্রূণ যার দৈর্ঘ্য ৬ মিলিমিটার, তবে হৃদস্পন্দন অনুপস্থিত। নিম্নলিখিতগুলোর মধ্যে সর্বাধিক উপযুক্ত পরবর্তী ব্যবস্থা কোনটি?
A. ক্রমিক বেটা-এইচসিজি মাপা
B. মিসোপ্রস্টল থেরাপি
C. অক্সিটোসিন ইনফিউশন
D. সার্ভিক্যাল সার্ক্লেজ
E. থ্রম্বোফিলিয়া ওয়ার্ক-আপ
F. মেথোট্রেক্সেট থেরাপি
G. লেভোনর্গেস্ট্রেল থেরাপি",,,,,
R0025,"A 78-year-old man is brought to the physician by his daughter for a follow-up examination. The daughter noticed that he has gradually become more forgetful and withdrawn over the last year. He frequently misplaces his car keys and forgets the names of his neighbors, whom he has known for 30 years. He has difficulty recalling his address and telephone number. He recently had an episode of urinary and fecal incontinence. Last week, his neighbor found him wandering the parking lot of the grocery store. He has hypertension and hyperlipidemia. He had smoked one pack of cigarettes daily for 40 years but quit 18 years ago. His current medications include hydrochlorothiazide and atorvastatin. He appears healthy; BMI is 23 kg/m2. His temperature is 37.2°C (99.0°F), pulse is 86/min, respirations are 14/min, and blood pressure is 136/84 mm Hg. Mini-mental state examination score is 19/30. He is not bothered by his forgetfulness. Cranial nerves II-XII are intact. He has 5/5 strength and full sensation to light touch in all extremities. His patellar, Achilles, and biceps reflexes are 2+ bilaterally. His gait is steady. MRI scan of the brain shows ventriculomegaly and prominent cerebral sulci. Which of the following is the most appropriate pharmacotherapy?
A. Donepezil
B. Thiamine
C. Levodopa and carbidopa
D. Acetazolamide
E. Sertraline
F. Memantine
""","৭৮ বছর বয়সী একজন পুরুষকে তার মেয়ে ডাক্তারের কাছে অনুসরণমূলক পরীক্ষার জন্য নিয়ে এসেছে। মেয়েটি লক্ষ্য করেছেন যে গত এক বছরে তিনি ধীরে ধীরে বেশি ভুলে যাওয়া এবং প্রত্যাহারিত হয়ে গেছেন। তিনি প্রায়ই তার গাড়ির চাবি হারিয়ে ফেলেন এবং তাঁর প্রতিবেশীদের নাম ভুলে যান, যাদেরকে তিনি ৩০ বছর ধরে জানেন। তিনি নিজের ঠিকানা ও টেলিফোন নম্বর স্মরণ করতে সমস্যায় পড়ছেন। সম্প্রতি তিনি মূত্র ও মলত্যাগের অশক্তি ঘটার একটি পর্ব অভিজ্ঞতা করেছেন। গত সপ্তাহে, তাঁর প্রতিবেশী তাকে মুদি দোকানের পার্কিং লটে ঘুরে বেড়াতে দেখেছেন। তার উচ্চ রক্তচাপ এবং হাইপারলিপিডেমিয়া রয়েছে। তিনি ৪০ বছর ধরে প্রতিদিন এক প্যাক সিগারেট ধূমপান করেছেন কিন্তু ১৮ বছর আগে ছেড়ে দিয়েছেন। তাঁর বর্তমান ওষুধের মধ্যে আছে হাইড্রোক্লোরোথায়াজাইড এবং অ্যাটরভাস্ট্যাটিন। তিনি সুস্থ দেখাচ্ছেন; বিএমআই ২৩ কেজি/মি২। তার তাপমাত্রা ৩৭.২ ডিগ্রি সেলসিয়াস (৯৯.০ ডিগ্রি ফারেনহাইট), পাল্স ৮৬/মিনিট, শ্বাসপ্রশ্বাস ১৪/মিনিট, এবং রক্তচাপ ১৩৬/৮৪ মিমি পারদ। মিনি-মেন্টাল স্টেট এক্সামিনেশন স্কোর ১৯/৩০। তিনি তার ভুলে যাওয়া নিয়ে বিরক্ত নন। কর্নীয় স্নায়ু ২-১২ অক্ষত। তাঁর শক্তি ৫/৫ এবং সমস্ত অঙ্গপ্রত্যঙ্গে হালকা স্পর্শে পূর্ণ সংবেদনশীলতা রয়েছে। প্যাটেলার, অ্যাকিলিস এবং বাইসেপ্স রিফ্লেক্স দু' পাশে ২+। তার গতি স্থিতিশীল। মস্তিষ্কের এমআরআই স্ক্যানে ভেন্ট্রিকুলোমেগালি এবং স্পষ্ট সেরিব্রাল সুলসি দেখা যায়। নিম্নলিখিতগুলির মধ্যে কোনটি সর্বোত্তম ফার্মাকোথেরাপি?
A. ডোনেপেজিল
B. থায়ামিন
C. লেভোডোপা এবং কার্বিডোপা
D. অ্যাসিটাজোলামাইড
E. সেরট্রালিন
F. মেম্যান্টাইন",,,,,
R0027,"A 30-year-old woman, gravida 1, para 0, at 40 weeks' gestation is admitted to the hospital in active labor. Pregnancy was complicated by iron deficiency anemia treated with iron supplements. At the beginning of the first stage of labor, there are coordinated, regular, rhythmic contractions of high intensity that occur approximately every 10 minutes. Four hours later, the cervix is 100% effaced and 10 cm dilated; the vertex is at -1 station. Over the next two hours, there is minimal change in in fetal descent; vertex is still at -1 station. Fetal birth weight is estimated at the 75th percentile. The fetal heart rate is 145/min and is reactive with no decelerations. Contractions occurs approximately every 2 minutes with adequate pressure. Epidural anesthesia was not given, as the patient is coping well with pain. Which of the following is the most appropriate next step in management?
A. Administration of terbutaline
B. Cesarean section
C. Vacuum-assisted delivery
D. Observation for another hour
E. Forceps delivery
F. Epidural anesthesia","একজন ৩০ বছর বয়সী নারী, গর্ভধারণ ১, পারা ০, ৪০ সপ্তাহের গর্ভাবস্থায় সক্রিয় প্রসবের সময় হাসপাতালে ভর্তি হয়। গর্ভধারণ লৌহ ঘাটতি রক্তাল্পতা দ্বারা জটিল ছিল যা লৌহ সাপ্লিমেন্ট দিয়ে চিকিৎসা করা হয়েছিল। প্রসবের প্রথম স্তরের শুরুর দিকে, সমন্বিত, নিয়মিত, ছন্দময় উচ্চ তীব্রতার সংকোচন ঘটে যা প্রায় প্রতি ১০ মিনিটে একবার হয়। চার ঘণ্টা পরে, সারভিক্স ১০০% ইফেসড এবং ১০ সেমি ডাইলেটেড; ভের্টেক্স -১ স্টেশনে রয়েছে। পরবর্তী দুই ঘণ্টায়, ভ্রূণের অবতরণে ন্যূনতম পরিবর্তন ঘটে; ভের্টেক্স এখনও -১ স্টেশনে রয়েছে। ভ্রূণের জন্ম ওজনকে ৭৫ তম পার্সেন্টাইলে অনুমান করা হয়েছে। ভ্রূণ হৃদস্পন্দন হার প্রতি মিনিটে ১৪৫ এবং এটি রিঅ্যাকটিভ, কোনো ডিকেলারেশন নেই। সংকোচনগুলি প্রায় প্রতি ২ মিনিটে যথাযথ চাপের সঙ্গে ঘটে। ইপিডুরাল অ্যানেস্থেশিয়া দেওয়া হয়নি, কারণ রোগী ব্যথা সামলাতে ভালভাবে পারফর্ম করছেন। নিম্নের মধ্যে কোনটি ব্যবস্থাপনার সর্বোত্তম পরবর্তী ধাপ হবে?
A. টেরবুটালিনের প্রশাসন
B. সিজারিয়ান সেকশন
C. ভ্যাকুয়াম-সহায়িত ডেলিভারি
D. আরও এক ঘণ্টা পর্যবেক্ষণ
E. ফোর্সেপস ডেলিভারি
F. ইপিডুরাল অ্যানেস্থেশিয়া",,,,,
R0028,"A 4-year-old girl is brought to the physician because of a 3-week history of generalized fatigue and easy bruising. During the past week, she has also had fever and severe leg pain that wakes her up at night. Her temperature is 38.3°C (100.9°F), pulse is 120/min, and respirations are 30/min. Examination shows cervical and axillary lymphadenopathy. The abdomen is soft and nontender; the liver is palpated 3 cm below the right costal margin, and the spleen is palpated 2 cm below the left costal margin. Laboratory studies show:
Hemoglobin 10.1 g/dL
Leukocyte count 63,000/mm3
Platelet count 27,000/mm3
A bone marrow aspirate predominantly shows immature cells that stain positive for CD10, CD19, and TdT. Which of the following is the most likely diagnosis?""
A. Leukemoid reaction
B. Hodgkin lymphoma
C. Hairy cell leukemia
D. Aplastic anemia
E. Idiopathic thrombocytopenic purpura
F. Acute myeloid leukemia
G. Acute lymphoblastic leukemia
H. Neuroblastoma
""","৪ বছর বয়সী মেয়ে রোগীর কাছে আনা হয়েছে কারণ তার ৩ সপ্তাহের সাধারণ ক্লান্তি এবং সহজে রক্তক্ষরণ হওয়ার ইতিহাস রয়েছে। গত সপ্তাহে, তার জ্বর এবং তীব্র পা ব্যথা ছিল যা রাতে তাকে জাগিয়ে তুলত। তার তাপমাত্রা ৩৮.৩ ডিগ্রি সেলসিয়া (১০০.৯ ডিগ্রি ফারেনহাইট), পালস ১২০/মিনিট, এবং শ্বাসপ্রশ্বাসের হার ৩০/মিনিট। পরীক্ষায় সার্ভিকাল এবং অ্যাক্সিলারি লিম্ফ নোডের বৃদ্ধি দেখা যায়। উদর নরম এবং অসংবেদনশীল; যকৃত ডান দিকের কস্টাল মার্জিন থেকে ৩ সেন্টিমিটার নিচে স্পর্শ করা যায়, এবং প্লীহা বাম দিকের কস্টাল মার্জিন থেকে ২ সেন্টিমিটার নিচে স্পর্শ করা যায়। ল্যাবরেটরি ফলাফল দেখায়:
হেমোগ্লোবিন ১০.১ গ্রাম/ডেসিলিটার
লিউকোসাইট গণনা ৬৩,০০০/মিলিমিটার3
প্লেটলেট গণনা ২৭,০০০/মিলিমিটার3
একটি হাড়ের মজ্জা অ্যাসপিরেট প্রধানত অপরিপক্ক কোষ দেখায় যা CD10, CD19 এবং TdT এর জন্য ধনাত্মক স্টেইন করে। নিম্নলিখিতগুলির মধ্যে কোনটি সবচেয়ে সম্ভাব্য নির্ণয়?
A. লিউকেময়েড রিঅ্যাকশন
B. হজকিন লিম্ফোমা
C. হেয়ারী সেল লিউকেমিয়া
D. এপ্লাস্টিক অ্যানিমিয়া
E. ইডিওপ্যাথিক থ্রম্বোসাইটোপেনিক পার্পুরা
F. একিউট মায়েলয়েড লিউকেমিয়া
G. একিউট লিম্ফোব্লাস্টিক লিউকেমিয়া
H. নিউরোব্লাস্টোমা",,,,,
R0030,"An 84-year-old woman is brought to the physician by her son after he found her trying to hang herself from the ceiling because she felt that she was a burden to her family. Her family says that for the past 2 months she has had no energy to leave her room, has been sleeping most of the day, has lost 10 kg (22 lb), and cries every day. She was diagnosed with breast cancer that has metastasized to the liver 4 months ago. She moved in with her son and daughter-in-law shortly after the diagnosis. She initially underwent chemotherapy but discontinued the treatment when the metastases spread to the spine and brain. Her life expectancy is 1-2 weeks and she is currently receiving home-hospice care. Her only current medication is a fentanyl patch. She is 160 cm (5 ft 3 in) tall and weighs 46 kg (101.4 lb); BMI is 18 kg/m2. Her vital signs are within normal limits. Examination shows slow speech, a flat affect, and depressed mood. Which of the following treatments is initially most likely to provide the greatest benefit for this patient?
A. Methylphenidate
B. Electroconvulsive therapy
C. Megestrol
D. Fluoxetine
E. Cognitive behavioral therapy
F. Bupropion","একজন ৮৪ বছর বয়সী নারীকে তার পুত্র ডাক্তারকের কাছে নিয়ে এসেছে যখন তিনি তাকে সিলিং থেকে নিজেকে ঝুলিয়ে মারার চেষ্টা করতে দেখেছিলেন কারণ তিনি অনুভব করছিলেন যে তিনি তাঁর পরিবারে বোঝা। তার পরিবার বলছে যে গত ২ মাসে তিনি ঘর থেকে বের হতে কোনো শক্তি পাননি, দিনের বেশিরভাগ সময় ঘুমিয়ে ছিলেন, ১০ কেজি (২২ পাউন্ড) ওজন কমিয়েছেন, এবং প্রতিদিন কান্না করেন। তিনি ৪ মাস আগে যকৃতের দিকে মেটাস্টেসিস করা স্তন ক্যান্সার নির্ণয় হয়েছিলেন। নির্ণয়ের পরপরই তিনি তাঁর পুত্র ও বৌমায়ের সঙ্গে বসবাসে চলে গেছেন। তিনি প্রথমে কেমোথেরাপি গ্রহণ করেন কিন্তু যখন মেটাস্টেসিস মেরুদণ্ড ও মস্তিষ্কে ছড়িয়ে পড়ে তখন চিকিৎসা বন্ধ করে দেন। তার জীবনের প্রত্যাশা ১-২ সপ্তাহ এবং তিনি বর্তমানে বাড়ি হসপিস সেবা পাচ্ছেন। তাঁর একমাত্র বর্তমান ওষুধ হল একটি ফেন্টানিল প্যাচ। তিনি ১৬০ সেমি (৫ ফুট ৩ ইঞ্চি) উচ্চতা এবং ওজন ৪৬ কেজি (১০১.৪ পাউন্ড); বিএমআই হল ১৮ কেজি/মি২। তার গুরুত্বপূর্ণ চিহ্নগুলি স্বাভাবিক সীমার মধ্যে রয়েছে। পরীক্ষায় ধীর ভাষণ, ফ্ল্যাট আবেগ এবং দুঃখিত মেজাজ দেখা যায়। নিম্নলিখিত কোন চিকিৎসা প্রাথমিকভাবে এই রোগীর জন্য সর্বোচ্চ উপকার প্রদান করার সম্ভাবনা সবচেয়ে বেশি?
A. মেথাইলফেনিডেট
B. ইলেক্ট্রোকনভালসিভ থেরাপি
C. মেগেস্ট্রোল
D. ফ্লুওক্সিটিন
E. কগনিটিভ বিহেভিয়োরাল থেরাপি
F. বুপ্রোপিয়ন",,,,,
R0032,"A previously healthy 5-year-old boy is brought to the physician with a recurring fever and malaise for 3 weeks. He has also had fatigue and loss of appetite. He initially presented 2 weeks ago with a maculopapular rash that has since resolved. At the time, he was given a prescription for amoxicillin-clavulanate. He denies sore throat or myalgias. He is home-schooled and has had no sick contacts. There are no pets at home, but he often visits a feline animal shelter where his mother volunteers. His temperature is 38.4°C (101.2°F). Physical examination shows a 1-cm papular lesion on the back of the right hand. He also has tender, bulky lymphadenopathy of the axillae and groin. Which of the following is the most appropriate next step in management?
A. Doxycycline therapy
B. Pyrimethamine therapy
C. Itraconazole therapy
D. Azithromycin therapy
E. Streptomycin therapy
F. Supportive care alone
""","একজন পূর্বে সুস্থ ৫ বছর বয়সী ছেলে পুনরাবৃত্ত জ্বর এবং অস্বস্তি ৩ সপ্তাহ ধরে নিয়ে ডাক্তারের কাছে আনা হয়। তার ক্লান্তি ও ক্ষুধা হ্রাসও হয়েছে। তিনি প্রথমে ২ সপ্তাহ আগে একটি ম্যাকুলোপ্যাপুলার দাগের সঙ্গে উপস্থিত হন যা তখন থেকে সেরে গেছে। সেই সময় তাকে অ্যামোক্সিসিলিন-ক্লাভুলানেটের প্রেসক্রিপশন দেওয়া হয়েছিল। তিনি গলা ব্যথা বা পেশী ব্যথা নেই বলে জানান। তিনি বাড়িতে হোম-স্কুল করে এবং কোনো অসুস্থ সংস্পর্শ নেই। বাড়িতে পোষা প্রাণী নেই, তবে তিনি প্রায়ই একটি বিড়াল আশ্রয়স্থল পরিদর্শন করেন যেখানে তার মা স্বেচ্ছাসেবক হিসেবে কাজ করেন। তার তাপমাত্রা ৩৮.৪ ডিগ্রি সেলসিয়াস (১০১.২ ডিগ্রি ফারেনহাইট)। শারীরিক পরীক্ষায় ডান হাতের পেছনে ১ সেন্টিমিটার প্যাপুলার ক্ষত দেখা যায়। তিনি অক্ষিল ও গোড়ালির নরম, বড় লিম্ফ নোডের বৃদ্ধি (লিম্ফাডেনোপ্যাথি) রয়েছে। নিম্নের কোনটি ব্যবস্থাপনার সর্বোত্তম পরবর্তী ধাপ হবে?
A. ডক্সিসাইক্লিন থেরাপি
B. পাইরিমেথামিন থেরাপি
C. ইট্রাকোনাজল থেরাপি
D. আজিথ্রোমাইসিন থেরাপি
E. স্ট্রেপটোমাইসিন থেরাপি
F. শুধুমাত্র সহায়ক যত্ন",,,,,
R0033,"A 62-year-old man comes to the physician for evaluation of an increasing right-sided cheek swelling for 2 years. He has had recurrent right-sided oral ulcers for the past 2 months. He has smoked a pack of cigarettes daily for 30 years. He drinks a beer every night. His temperature is 37.1°C (98.8°F), pulse is 71/min, respirations are 14/min, and blood pressure is 129/83 mm Hg. Examination shows a mild, nontender swelling above the angle of the right jaw. There is no overlying erythema or induration. There are multiple shallow ulcers on the right buccal mucosa and mandibular marginal gingiva. There is no lymphadenopathy. Ultrasound shows a soft tissue mass in the parotid gland. An ultrasound-guided biopsy of the mass confirms the diagnosis of parotid adenoid cystic carcinoma. A right-sided total parotidectomy is scheduled. This patient is at greatest risk for which of the following early complications?
A. Hyperesthesia of the right ear lobe
B. Hyperacusis of the right ear
C. Xerostomia when eating
D. Paralysis of the right lower lip
E. Impaired taste and sensation of the posterior 1/3 of the tongue
F. Flushing and sweating of the right cheek while eating","একজন ৬২ বছর বয়সী পুরুষ রোগী ডান পাশে গালের ফোলাভাব বাড়ার জন্য দুই বছর ধরে মূল্যায়নের উদ্দেশ্যে চিকিৎসকের কাছে আসেন। গত ২ মাসে তিনি ডান পাশে পুনরাবৃত্তি মুখের আলসার পেয়েছেন। তিনি প্রতি দিন একটি প্যাকেট সিগারেট ধূমপান করে আসছেন, মোট ৩০ বছর ধরে। প্রতিদিন রাতে তিনি এক বিয়ার পান করেন। তার তাপমাত্রা ৩৭.১ ডিগ্রি সেলসিয়াস (৯৮.৮ ডিগ্রি ফারেনহাইট), পালস ৭১/মিনিট, শ্বাসপ্রশ্বাসের হার ১৪/মিনিট, এবং রক্তচাপ ১২৯/৮৩ মিমি পারদ। পরীক্ষায় ডান জোড়ার কোণ উপরে হালকা, অ-সংবেদনশীল ফোলাভাব দেখা যায়। এর উপর কোনো লালচে রঙ বা কঠোরতা নেই। ডান গালের মিউকোসা এবং নিম্ন চোয়াল প্রান্তিক মাড়িতে একাধিক অগভীর আলসার রয়েছে। লিম্ফ নোডে কোনো বৃদ্ধি নেই। অল্ট্রাসাউন্ডে পারোটিড গ্রন্থিতে একটি নরম টিস্যু গঠন দেখা যায়। গঠনের অল্ট্রাসাউন্ড-নির্দেশিত বায়োপসি পারোটিড অ্যাডেনয়েড সিস্টিক কার্সিনোমা নির্ণয় নিশ্চিত করে। ডান পাশে সম্পূর্ণ পারোটিডেকটমি পরিকল্পনা করা হয়েছে। এই রোগী নিম্নলিখিত কোন প্রাথমিক জটিলতার জন্য সর্বোচ্চ ঝুঁকিতে আছেন?
A. ডান কানের লোবের অতিসংবেদনশীলতা
B. ডান কানের অতিস্বরসংবেদনশীলতা
C. খাবার গ্রহণের সময় মুখের শুষ্কতা
D. ডান পাশে নিচের ঠোঁটের প্যারালাইসিস
E. জিহ্বার পেছনের ১/৩ অংশে স্বাদের এবং সংবেদনের হ্রাস
F. খাবার খাওয়ার সময় ডান গালে লাল হওয়া ও ঘামা",,,,,
R0034,"A 55-year-old man comes to the physician because of a 4-month history of fatigue, increased sweating, and a 5.4-kg (12-lb) weight loss. Over the past 3 weeks, he has had gingival bleeding when brushing his teeth. Twenty years ago, he was diagnosed with a testicular tumor and treated with radiation therapy. His temperature is 37.8°C (100°F), pulse is 70/min, respirations are 12/min, and blood pressure is 130/80 mm Hg. He takes no medications. Cardiopulmonary examination shows no abnormalities. The spleen is palpated 4 cm below the left costal margin. Laboratory studies show:
Hemoglobin 9 g/dL
Mean corpuscular volume 86 μm3
Leukocyte count 110,000/mm3
Segmented neutrophils 24%
Metamyelocytes 6%
Myelocytes 34%
Promyelocytes 14%
Blasts 1%
Lymphocytes 11%
Monocytes 4%
Eosinophils 4%
Basophils 2%
Platelet count 650,000/mm3
Molecular testing confirms the diagnosis. Which of the following is the most appropriate next step in treatment?""
A. All-trans-retinoic acid therapy
B. Rituximab therapy
C. Low-dose aspirin therapy
D. Phlebotomy
E. Vincristine, prednisone, and asparaginase therapy
F. Cytarabine and daunorubicin therapy
G. Allogeneic stem cell transplantation
H. Imatinib therapy","৫৫ বছর বয়সী একজন পুরুষ রোগী ক্লিনিকের কাছে আসেন কারণ তিনি গত ৪-মাস ধরে ক্লান্তি, ঘাম বৃদ্ধি এবং ৫.৪ কেজি (১২ পাউন্ড) ওজন হ্রাস অনুভব করছেন। গত ৩ সপ্তাহে দাঁত ব্রাশ করার সময় মাড়ির রক্তপাত হয়েছে। বিশ বছর আগে তাকে অণ্ডকোষ টিউমার নির্ণয় করা হয়েছিল এবং বিকিরণ থেরাপি দিয়ে চিকিৎসা করা হয়েছিল। তার তাপমাত্রা ৩৭.৮ ডিগ্রি সেলসিয়াস (১০০ ডিগ্রি ফারেনহাইট), পালস ৭০/মিনিট, শ্বাসের হার ১২/মিনিট এবং রক্তচাপ ১৩০/৮০ মিমি পারদ। তিনি কোনো ওষুধ গ্রহণ করেন না। কার্ডিওফুসের পরীক্ষা কোন অস্বাভাবিকতা দেখায়নি। বাম কস্টাল মার্জিনের নিচে পিটটাশয়টি ৪ সেন্টিমিটার নিচে স্পর্শ করা যায়। ল্যাবরেটরি ফলাফল নিম্নরূপ: হিমোগ্লোবিন ৯ গ্রাম/ডেসিলিটার, গড় কর্পাসকুলার ভলিউম ৮৬ মাইক্রোমিটার৩, শ্বেত রক্তকণিকা সংখ্যা ১১০,০০০/মিমি3, সেগমেন্টেড নিউট্রোফিল ২৪%, মেটামাইলোসাইট ৬%, মাইলোসাইট ৩৪%, প্রোমাইলোসাইট ১৪%, ব্লাস্ট ১%, লিম্ফোসাইট ১১%, মনোসাইট ৪%, ইওসিনোফিল ৪%, বেসোফিল ২%, প্লেটলেট সংখ্যা ৬৫০,০০০/মিমি3। অণু পরীক্ষায় নির্ণয় নিশ্চিত হয়েছে। নিম্নের কোনটি সবচেয়ে উপযুক্ত পরবর্তী চিকিৎসা পদক্ষেপ?
A. অল-ট্রান্স-রেটিনোইক অ্যাসিড থেরাপি
B. রিটুক্সিম্যাব থেরাপি
C. কম ডোজ এস্পিরিন থেরাপি
D. ফ্লেবোটমি
E. ভিঙ্ক্রিস্টিন, প্রেডনিসোন এবং অ্যাসপারাজিনেজ থেরাপি
F. সাইটারাবিন এবং ডাউনোরুবিসিন থেরাপি
G. অ্যালোজেনিক স্টেম সেল ট্রান্সপ্ল্যান্টেশন
H. ইমাটিনিব থেরাপি",,,,,
R0035,"An 87-year-old woman is brought to the emergency department 30 minutes after a fall onto a hardwood floor. She landed on her left side and hit the left side of her head. She did not lose consciousness. She has a mild headache over the left temple and severe left hip pain. She has had nasal congestion, a sore throat, and a productive cough for the last 2 days. She has a history of atrial fibrillation, coronary artery disease, hypertension, and osteoporosis. She underwent two coronary artery bypass grafts 5 years ago. She had smoked one pack of cigarettes daily for 30 years but quit 30 years ago. Her current medications include aspirin, apixaban, diltiazem, omeprazole, and vitamin D supplementation. The patient is oriented to person, place, and time. There is a 2-cm ecchymosis over the left temple. Examination of the left hip shows swelling and tenderness; range of motion is limited. Intravenous morphine 2 mg is started. During further examination, the patient complains of dizziness and palpitations. She is diaphoretic and pale. Her skin is cold and clammy. Her pulse is 110/min and faint, respirations are 20/min, and blood pressure is 70/30 mm Hg. Cranial nerves are intact. Cardiac examinations shows no murmurs, rubs, or gallops. An ECG shows absent P waves and nonspecific changes of the ST segment and the T wave. Which of the following is the most likely underlying mechanism for the patient's sudden decline in her condition?
A. Pulmonary embolism
B. Cardiac tamponade
C. Drug reaction
D. Brain herniation
E. Sepsis
F. Myocardial infarction
G. Blood loss","একজন ৮৭ বছর বয়সী নারীকে হার্ডউড মেঝেতে পড়ে যাওয়ার ৩০ মিনিট পরে জরুরি বিভাগে আনা হয়। তিনি তার বাম পাশে নেমে গিয়ে মাথার বাম পাশটি আঘাত করেন। তিনি অচেতন হননি। তাঁর বাম টেম্পলে হালকা মাথাব্যথা এবং বাম হিপে তীব্র ব্যথা রয়েছে। গত ২ দিন ধরে তিনি নাক বন্ধ, গলা ব্যথা এবং উৎপাদনশীল কাশি অনুভব করছেন। তার অতীত রোগের মধ্যে আছে এট্রিয়াল ফিব্রিলেশন, করোনারি আর্টেরি ডিজিজ, উচ্চ রক্তচাপ এবং অস্টিওপোরোসিস। তিনি ৫ বছর আগে দুইটি করোনারি আর্টেরি বাইপাস গ্রাফট করিয়ে নিয়েছেন। তিনি এক প্যাকেট সিগারেট প্রতিদিনের জন্য ৩০ বছর ধূমপান করেছেন কিন্তু ৩০ বছর আগে ছেড়েছেন। তার বর্তমান ওষুধগুলোর মধ্যে রয়েছে অ্যাস্পিরিন, এপিক্সাবান, ডিল্টিয়াজেম, ওমেপ্রাজল এবং ভিটামিন ডি সাপ্লিমেন্টেশন। রোগী ব্যক্তি, স্থান এবং সময়ে দিকনির্দেশিত। বাম টেম্পলে ২ সেমি ইকচিমোসিস রয়েছে। বাম হিপের পরীক্ষা দেখায় ফোলাভাব ও সংবেদনশীলতা; গতি সীমিত। শিরাপথে মরফিন ২ মিলিগ্রাম শুরু করা হয়। আরও পরীক্ষার সময় রোগী মাথা ঘোরা এবং হৃদস্পন্দনের অস্বস্তি জানিয়ে বলেন। তিনি ঘামাচ্ছেন এবং বর্ণহীন। তার ত্বক ঠাণ্ডা ও আর্দ্র। তার পালস ১১০/মিনিট এবং দুর্বল, শ্বাসপ্রশ্বাস ২০/মিনিট, এবং রক্তচাপ ৭০/৩০ মিমি পারদ। করোটিক স্নায়ু অক্ষত। কার্ডিয়াক পরীক্ষায় কোন মর্মর শব্দ, রাব বা গ্যালপ নেই। ইসিজি দেখায় পি ওয়েভ অনুপস্থিত এবং এসটি সেগমেন্ট ও টি ওয়েভের অ-নির্দিষ্ট পরিবর্তন। নিম্নলিখিতগুলোর মধ্যে কোনটি রোগীর হঠাৎ অবনতির সবচেয়ে সম্ভাব্য অন্তর্নিহিত প্রক্রিয়া?
A. পাল্মোনারি এমবোলিজম
B. কার্ডিয়াক ট্যাম্পোনেড
C. ঔষধ প্রতিক্রিয়া
D. মস্তিষ্ক হার্নিয়েশন
E. সেপসিস
F. মায়োকার্ডিয়াল ইনফার্কশন
G. রক্তক্ষতি",,,,,
R0036,"A 40-year-old woman, gravida 2, para 2, comes to the physician because of fatigue, nausea, joint pain, and mild flank pain for 2 months. She has refractory acid reflux and antral and duodenal peptic ulcers for which she takes omeprazole. She also has chronic, foul-smelling, light-colored diarrhea. Five years ago she was successfully treated for infertility with bromocriptine. She reports recently feeling sad and unmotivated at work. She does not smoke or drink alcohol. She is 175 cm (5 ft 9 in) tall and weighs 100 kg (220 lb); BMI is 32.7 kg/m2. Her temperature is 37°C (98.8°F), pulse is 78/min, and blood pressure is 150/90 mm Hg. Cardiopulmonary examination shows no abnormalities. The abdomen is moderately distended and diffusely tender to palpation. There is mild costovertebral angle tenderness. Her serum calcium concentration is 12 mg/dL, phosphorus concentration is 2 mg/dL, and parathyroid hormone level is 900 pg/mL. Abdominal ultrasound shows mobile echogenic foci with acoustic shadowing in her ureteropelvic junctions bilaterally. A mutation in which of the following genes is most likely present in this patient?
A. NF2
B. VHL
C. C-Kit
D. RET
E. MEN1","৪০ বছর বয়সী এক নারী, গ্র্যাভিডা ২, প্যারা ২, ক্লান্তি, বমিভাব, সন্ধির ব্যথা এবং ২ মাসের জন্য হালকা ফ্ল্যাঙ্ক ব্যথার কারণে ডাক্তারের কাছে আসেন। তার প্রতিরোধী অ্যাসিড রিফ্লাক্স এবং অ্যানট্রাল ও ডুওডেনাল পেপ্টিক আলসার আছে যার জন্য তিনি ওমিপ্রাজল গ্রহণ করেন। এছাড়াও তার দীর্ঘস্থায়ী, দুর্গন্ধযুক্ত, হালকা রঙের ডায়রিয়া রয়েছে। পাঁচ বছর আগে তিনি ব্রোমোক্রিপটিন দিয়ে সফলভাবে বন্ধ্যাত্বের চিকিৎসা করিয়েছেন। তিনি সম্প্রতি কাজের সময় দুঃখিত এবং অনুপ্রাণহীন বোধ করার কথা জানান। তিনি ধূমপান বা অ্যালকোহল পান করেন না। তার উচ্চতা ১৭৫ সেন্টিমিটার (৫ ফুট ৯ ইঞ্চি) এবং ওজন ১০০ কেজি (২২০ পাউন্ড); বিএমআই ৩২.৭ কেজি/মি২। তার তাপমাত্রা ৩৭ ডিগ্রি সেলসিয়াস (৯৮.৮ ডিগ্রি ফারেনহাইট), পাল্স প্রতি মিনিটে ৭৮, এবং রক্তচাপ ১৫০/৯০ মিমি পারদ। কার্ডিওফুসফুসীয় পরীক্ষায় কোনো অস্বাভাবিকতা দেখা যায়নি। পেট মাঝারি ভাবে ফুলে আছে এবং স্পর্শে বিস্তৃতভাবে সংবেদনশীল। হালকা কস্টোভার্টিব্রাল কোণ ব্যথা রয়েছে। তার সিরাম ক্যালসিয়াম ঘনত্ব ১২ মিলিগ্রাম/ডেসিলিটার, ফসফরাস ঘনত্ব ২ মিলিগ্রাম/ডেসিলিটার, এবং প্যারাথাইরয়েড হরমোন স্তর ৯০০ পিকোগ্রাম/মিলিলিটার। পেটের আল্ট্রাসাউন্ডে উভয় পার্শ্বে ইউরেটারোপেলভিক জংশনে চলনশীল ইকোজেনিক ফোকি সঙ্গে আকৌস্টিক শ্যাডোইং দেখা যায়। নিম্নলিখিত কোন জিনের মিউটেশন এই রোগীর মধ্যে সবচেয়ে সম্ভাবনা রয়েছে?
A. এনএফ২
B. ভিএইচএল
C. সি-কিট
D. আরইটি
E. এমইএন১",,,,,
R0037,"A 70-year-old man comes to the physician because of intermittent shortness of breath while going up stairs and walking his dog. It began about 1 month ago and seems to be getting worse. He has also developed a dry cough. He has not had any wheezing, fevers, chills, recent weight loss, or shortness of breath at rest. He has a history of Hodgkin lymphoma, for which he was treated with chemotherapy and radiation to the chest 7 years ago. He also has hypertension, for which he takes lisinopril. Ten years ago, he retired from work in the shipbuilding industry. He has smoked half a pack of cigarettes daily since the age of 21. Vital signs are within normal limits. On lung auscultation, there are mild bibasilar crackles. A plain x-ray of the chest shows bilateral ground-glass opacities at the lung bases and bilateral calcified pleural plaques. Which of the following is the greatest risk factor for this patient's current condition?
A. Occupational exposure
B. Smoking
C. Advanced age
D. Family history
E. Radiation therapy","৭০ বছর বয়সী একজন পুরুষ শ্বাসকষ্টের অন্তর্বর্তী উপসর্গে ডাক্তারের কাছে আসেন যখন তিনি সিঁড়ি ওঠেন এবং কুকুরকে হাঁটান। এটি প্রায় ১ মাস আগে শুরু হয়েছিল এবং খারাপ হচ্ছে বলে মনে হয়। তিনি এখন একটি শুকনো কাশিও পেয়েছেন। তার কোনও শ্বাসের হুইজিং, জ্বর, কম্পন, সাম্প্রতিক ওজন হ্রাস বা বিশ্রামে শ্বাসকষ্ট নেই। তার ইতিহাসে হডগকিন লিম্ফোমা রয়েছে, যার জন্য তিনি ৭ বছর আগে কেমোথেরাপি এবং বুকে বিকিরণ দিয়ে চিকিৎসা করিয়েছিলেন। এছাড়াও তার উচ্চ রক্তচাপ আছে, যার জন্য তিনি লিসিনোপ্রিল গ্রহণ করেন। দশ বছর আগে, তিনি জাহাজ নির্মাণ শিল্পে কাজ থেকে অবসর নিয়েছেন। তিনি ২১ বছর বয়স থেকে প্রতিদিন অর্ধেক প্যাকেট সিগারেট ধূমপান করছেন। জীবনচিহ্নগুলি স্বাভাবিক সীমার মধ্যে রয়েছে। ফুসফুস শোনার সময়, হালকা দুবেসিলার ক্র্যাকলস দেখা যায়। একটি সাধারণ বক্ষ এক্স-রে দেখায় ফুসফুসের ভিত্তিতে দ্বিপাক্ষিক গ্রাউন্ড-গ্লাস অস্বচ্ছতা এবং দ্বিপাক্ষিক ক্যালসিফাইড প্লুরাল প্লাক। নিম্নলিখিতগুলির মধ্যে কোনটি এই রোগীর বর্তমান অবস্থার জন্য সর্বোচ্চ ঝুঁকি কারণ?
A. পেশাগত সংস্পর্শ
B. ধূমপান
C. উন্নত বয়স
D. পারিবারিক ইতিহাস
E. রেডিয়েশন থেরাপি",,,,,
R0039,"A 28-year-old woman comes to the physician because she is unable to conceive for 3 years. She and her partner are sexually active and do not use contraception. They were partially assessed for this complaint 6 months ago. Analysis of her husband's semen has shown normal sperm counts and hormonal assays for both partners were normal. Her menses occur at regular 28-day intervals and last 5 to 6 days. Her last menstrual period was 2 weeks ago. She had a single episode of urinary tract infection 4 years ago and was treated with oral antibiotics. Vaginal examination shows no abnormalities. Bimanual examination shows a normal-sized uterus and no palpable adnexal masses. Rectal examination shows no abnormalities. Which of the following is the most appropriate next step in diagnosis?
A. Psychological counseling only
B. Postcoital testing
C. Hysteroscopy
D. Hysterosalpingogram
E. Chromosomal karyotyping
F. Endometrial biopsy","একজন ২৮-বছর বয়সী নারী ডাক্তারের কাছে আসেন কারণ তিনি গত ৩ বছর ধরে গর্ভধারণ করতে পারছেন না। তিনি এবং তার সঙ্গী যৌন সক্রিয় এবং কোনো গর্ভনিরোধক ব্যবহার করেন না। এই সমস্যার জন্য তাদের আংশিকভাবে মূল্যায়ন করা হয়েছিল ৬ মাস আগে। তার স্বামীর শুক্রাণু বিশ্লেষণে স্বাভাবিক শুক্রাণুর সংখ্যা দেখা গেছে এবং উভয় সঙ্গীর হরমোন পরীক্ষা স্বাভাবিক ছিল। তার মাসিক নিয়মিত ২৮-দিনের অন্তর ঘটে এবং ৫ থেকে ৬ দিন স্থায়ী হয়। তার শেষ মাসিক দুই সপ্তাহ আগে ছিল। তিনি চার বছর আগে একটি মূত্রনালী সংক্রমণের একক ঘটনা ঘটেছিলেন এবং মৌখিক অ্যান্টিবায়োটিক দিয়ে চিকিৎসা করা হয়েছিল। যোনি পরীক্ষা কোনো অস্বাভাবিকতা দেখায় না। দুই-হাতের পরীক্ষায় স্বাভাবিক আকারের গর্ভাশয় দেখা যায় এবং কোনও স্পর্শযোগ্য অ্যাডনেক্সাল টিউমার নেই। রেক্টাল পরীক্ষা কোনো অস্বাভাবিকতা দেখায় না। নিম্নলিখিতগুলির মধ্যে কোনটি নির্ণয়ের সর্বোত্তম পরবর্তী ধাপ হবে?
A. শুধুমাত্র মানসিক পরামর্শ
B. সহবাস-পরবর্তী পরীক্ষা
C. হিস্টারোস্কপি
D. হিস্টেরোস্যাল্পিঙ্গোগ্রাম
E. ক্রোমোজোম ক্যারিওটাইপিং
F. এন্ডোমেট্রিয়াল বায়োপসি",,,,,
R0041,"A 45-year-old woman comes to the physician because of fatigue and irregular menstrual cycles for the past year. She also complains of recurrent sinus infections. During the past 6 months, she has had increased urinary frequency and swelling of her feet. She has also had difficulty lifting her 3-year-old niece for the past 3 weeks. She was recently diagnosed with depression. She works as a medical assistant. The patient has smoked one half-pack of cigarettes daily for 25 years and drinks four beers on the weekends. Her only medication is escitalopram. She is 160 cm (5 ft 3 in) tall and weighs 79 kg (175 lb); BMI is 31 kg/m2. She appears tired. Her temperature is 37°C (98.6°F), pulse is 80/min, respirations are 18/min, and blood pressure is 140/82 mm Hg. Physical examinations shows neck obesity and an enlarged abdomen. Examination of the skin shows multiple bruises on her arms and legs. There is generalized weakness and atrophy of the proximal muscles. Laboratory studies show:
Serum
Na+ 150 mEq/L
K+ 3.0 mEq/L
Cl- 103 mEq/L
HCO3- 30 mEq/L
Urea nitrogen 19 mg/dL
Creatinine 0.9 mg/dL
Glucose 136 mg/dL
A 1 mg overnight dexamethasone suppression test shows a serum cortisol of 167 nmol/L (N < 50) and a 24-hour urinary cortisol is 425 μg (N < 300 μg). Serum ACTH is 169 pg/mL (N = 7-50). Subsequently, a high-dose dexamethasone suppression test shows a serum cortisol level of 164 nmol/L (N < 50). Which of the following is the most likely underlying cause of this patient's symptoms?""
A. Exogenous corticosteroid administration
B. Pituitary adenoma
C. Adrenal carcinoma
D. Hypothyroidism
E. Pheochromocytoma
F. Small cell lung cancer
G. Adrenal adenoma","৪৫ বছর বয়সী এক নারী ক্লিনিকের কাছে আসেন কারণ গত এক বছরের জন্য ক্লান্তি এবং অনিয়মিত মাসিক চক্র। তিনি পুনরাবৃত্ত সাইনাস সংক্রমণের অভিযোগও করেন। গত ৬ মাসে, তিনি বাড়তি মূত্রত্যাগ এবং পায়ের ফোলাভাব অনুভব করেছেন। অতিরিক্তভাবে, গত ৩ সপ্তাহ ধরে তার ৩ বছর বয়সী ভাতিজিকে তুলতে অসুবিধা হয়েছে। সম্প্রতি তাকে বিষণ্নতা নির্ণয় করা হয়েছে। তিনি মেডিকেল অ্যাসিস্ট্যান্ট হিসেবে কাজ করেন। রোগী প্রতি দিন অর্ধ-প্যাক সিগারেট ধূমপান করেছেন গত ২৫ বছর এবং সপ্তাহান্তে চারটি বিয়ার পান করেন। তার একমাত্র ওষুধ হল এসসিট্যালোপ্রাম। তিনি ১৬০ সেন্টিমিটার (৫ ফুট ৩ ইঞ্চি) লম্বা এবং ৭৯ কেজি (১৭৫ পাউন্ড) ওজনের; বিএমআই ৩১ কেজি/মি২। তিনি ক্লান্ত দেখায়। তার তাপমাত্রা ৩৭ ডিগ্রি সেলসিয়াস (৯৮.৬ ডিগ্রি ফারেনহাইট), পাল্স ৮০/মিনিট, শ্বাসপ্রশ্বাস ১৮/মিনিট, এবং রক্তচাপ ১৪০/৮২ মিমি পারদ। শারীরিক পরীক্ষায় গলায় স্থূলতা এবং বড়ো পেট দেখা যায়। ত্বকের পরীক্ষা দেখায় বাহু ও পাে একাধিক নীলচে দাগ। সাধারণ দুর্বলতা এবং প্রোক্সিমাল পেশির অট্রফি রয়েছে। ল্যাবরেটরি ফলাফল দেখায়:
সিরাম
সোডিয়াম ১৫০ মিলিইকুইভ্যালেন্ট/লিটার
পটাশিয়াম ৩.০ মিলিইকুইভ্যালেন্ট/লিটার
ক্লোরাইড ১০৩ মিলিইকুইভ্যালেন্ট/লিটার
বাইকার্বনেট ৩০ মিলিইকুইভ্যালেন্ট/লিটার
ইউরিয়া নাইট্রোজেন ১৯ মিলিগ্রাম/ডেসিলিটার
ক্রিয়াটিনিন ০.৯ মিলিগ্রাম/ডেসিলিটার
গ্লুকোজ ১৩৬ মিলিগ্রাম/ডেসিলিটার
১ মিলিগ্রাম রাতভর ডেক্সামেথাসোন দমন পরীক্ষায় সিরাম কর্টিসল ১৬৭ ন্যানোমোল/লিটার (স্বাভাবিক < ৫০) এবং ২৪-ঘণ্টা মূত্রে কর্টিসল ৪২৫ মাইক্রোগ্রাম (স্বাভাবিক < ৩০০ মাইক্রোগ্রাম)। সিরাম এসিটিএইচ ১৬৯ পিকোগ্রাম/মিলিলিটার (স্বাভাবিক = ৭-৫০)। পরবর্তীতে, উচ্চ-ডোজ ডেক্সামেথাসোন দমন পরীক্ষায় সিরাম কর্টিসল স্তর ১৬৪ ন্যানোমোল/লিটার (স্বাভাবিক < ৫০) দেখা যায়। নিম্নের কোনটি এই রোগীর উপসর্গগুলোর সবচেয়ে সম্ভাব্য অন্তর্নিহিত কারণ?
A. বহিঃস্থ কর্টিকোস্টেরয়েড গ্রহণ
B. পিটুইটারি অ্যাডেনোমা
C. অ্যাড্রিনাল কার্সিনোমা
D. হাইপোথাইরয়েডিজ়ম
E. ফিওক্রোমোসাইটোমা
F. স্মল সেল লাং ক্যান্সার
G. অ্যাড্রিনাল অ্যাডেনোমা",,,,,
R0042,"A 29-year-old male is brought to the emergency department 20 minutes after sustaining a stab wound to the right chest. First-responders found the patient sitting on the curb smoking a cigarette, complaining of pain where he had been stabbed. On arrival, he is alert. His temperature is 36.8°C (98.2°F), pulse is 110/min, respirations are 16/min, and blood pressure is 112/70 mmHg. Pulse oximetry on room air shows an oxygen saturation of 97%. Examination shows several 1-2 cm lacerations and ecchymoses over the face and trunk. There is no neck crepitus. There is a pocket knife in the right fourth intercostal space at the anterior axillary line and blood oozing out of the wound. There is no bubbling of the blood at the wound. The lungs are clear to auscultation with equal breath sounds. The remainder of the examination shows no abnormalities. A chest x-ray shows the knife in situ extending into the right thorax. Which of the following is the most appropriate next step in management?
A. Right needle thoracostomy
B. Right tube thoracostomy
C. Endotracheal intubation
D. Cricothyroiditomy
E. CT scan of the chest
F. Insertion of a laryngeal mask","২৯ বছর বয়সী একজন পুরুষকে জরুরি বিভাগে আনা হয়েছে ডান বুকের দিকে ছুরিকাঘাতের পর ২০ মিনিট পরে। প্রথম প্রতিক্রিয়াকারীরা রোগীকে ফুটপাথে বসে সিগারেট ধূমপান করতে দেখতে পেয়েছেন, যেখানে তাকে ছুরিকাঘাত করা হয়েছিল সেই স্থানে ব্যথা নিয়ে অভিযোগ করছেন। পৌঁছানোর সময় তিনি সচেতন। তার তাপমাত্রা ৩৬.৮ ডিগ্রি সেলসিয়া (৯৮.২ ডিগ্রি ফারেনহাইট), পালস ১১০/মিনিট, শ্বাসপ্রশ্বাসের হার ১৬/মিনিট, এবং রক্তচাপ ১১২/৭০ মিমি পারদ। কক্ষের বাতাসে অক্সিজেন স্যাচুরেশন পল্স ওক্সিমেট্রি দেখায় ৯৭%। পরীক্ষায় মুখ ও দেহে কয়েকটি ১-২ সেন্টিমিটার কাট এবং ইক্কাইমোসিস দেখা যায়। গলায় কোনো ক্রিপিটাস নেই। ডান চতুর্থ ইন্টারকোস্টাল স্পেসে অ্যান্টেরিয়র অ্যাক্সিলারি লাইনে একটি পকেট নাইফ রয়েছে এবং ক্ষতের থেকে রক্ত নিঃসরণ হচ্ছে। ক্ষেতে রক্তের বুদবুদ দেখা যায় না। শ্বাসযন্ত্র শোনার সময় পরিষ্কার এবং উভয় পাশে সমান শ্বাসধ্বনি শোনা যায়। পরীক্ষার বাকি অংশে কোনো অস্বাভাবিকতা দেখা যায় না। একটি চেস্ট এক্স-রে দেখায় যে নাইফ স্থানে রয়েছে এবং ডান থোর্যাক্সে প্রসারিত হয়েছে। নিম্নলিখিতগুলির মধ্যে কোনটি ব্যবস্থাপনার সর্বোত্তম পরবর্তী ধাপ হবে?
A. ডান নিডল থোরাকোসটোমি
B. ডান টিউব থোরাকোসটোমি
C. এন্ডোট্র্যাকিয়াল ইন্টুবেশন
D. ক্রিকোথাইরয়েডিটোমি
E. চেস্ট সিটি স্ক্যান
F. ল্যারিঞ্জিয়াল মাস্ক প্রবেশ করানো",,,,,
R0043,"A 32-year-old woman comes to the emergency department for a 2-week history of right upper quadrant abdominal pain. She has also been feeling tired and nauseous for the past 5 weeks. She has a history of depression and suicidal ideation. She is a social worker for an international charity foundation. She used intravenous illicit drugs in the past but quit 4 months ago. Her only medication is sertraline. Her temperature is 37.8°C (100.0°F), pulse is 100/min, and blood pressure is 128/76 mm Hg. She is alert and oriented. Scleral icterus is present. Abdominal examination shows tenderness to palpation in the right upper quadrant. The liver edge is palpated 3 cm below the right costal margin. There is no rebound tenderness or guarding. The abdomen is non-distended and the fluid wave test is negative. She is able to extend her arms with wrists in full extension and hold them steady without flapping. Laboratory studies show:
Hemoglobin 13.8 g/dL
Leukocytes 13,700/mm3
Platelets 165,000/mm3
Prothrombin time 14 seconds
Partial thromboplastin time 35 seconds
Serum:
Total bilirubin 4.8 mg/dL
Direct bilirubin 1.3 mg/dL
Aspartate aminotransferase 1852 U/L
Alanine aminotransferase 2497 U/L
Urea nitrogen 21 mg/dL
Creatinine 1.2 mg/dL
Hepatitis A IgM antibody Negative
Hepatitis B surface antigen Negative
Hepatitis B surface antibody Negative
Hepatitis B core IgM antibody Positive
Hepatitis C antibody Positive
Hepatitis C RNA Negative
Urine beta-hCG Negative
Which of the following is the most appropriate next step in management?""
A. Pegylated interferon-alpha
B. Supportive therapy
C. Tenofovir
D. Emergency liver transplantation
E. Ribavirin and interferon
F. Sofosbuvir and velpatasvir
G. Vaccination against Hepatitis B","৩২ বছর বয়সী এক নারী জরুরি বিভাগে ২ সপ্তাহের ডান ঊর্ধ্ব চতুর্ভুজ পেটের ব্যথা নিয়ে আসেন। তিনি অতিরিক্ত ৫ সপ্তাহ ধরে ক্লান্তি এবং বমিভাব অনুভব করছেন। তার ডিপ্রেশন ও আত্মহত্যার চিন্তার ইতিহাস রয়েছে। তিনি একটি আন্তর্জাতিক দাতব্য সংস্থায় সামাজিক কর্মী হিসেবে কাজ করেন। তিনি অতীতে শিরাপথে অবৈধ ড্রাগ ব্যবহার করতেন, তবে ৪ মাস আগে তা বন্ধ করেছেন। তার একমাত্র ওষুধ হল সেরট্রালিন। তার তাপমাত্রা ৩৭.৮ ডিগ্রি সেলসিয়া (১০০.০ ডিগ্রি ফারেনহাইট), পাল্স প্রতি মিনিটে ১০০ এবং রক্তচাপ ১২৮/৭৬ মিমি পারদ। তিনি সতর্ক ও সচেতন। স্ক্লেরাল জন্ডিস উপস্থিত আছে। পেটের পরীক্ষা ডান ঊর্ধ্ব চতুর্ভুজে স্পর্শকাতরতা দেখায়। যকৃতের প্রান্ত ডান কস্টাল মার্জিন থেকে ৩ সেন্টিমিটার নিচে স্পর্শ করা যায়। রিবাউন্ড টেন্ডারনেস বা গার্ডিং নেই। বুকের গহ্বর ফাঁপা নয় এবং তরল তরঙ্গ পরীক্ষা নেগেটিভ। তিনি তার বাহু কব্জি সম্পূর্ণ প্রসারণে বাড়িয়ে স্থিরভাবে ধরে রাখতে পারেন, কোনো ফ্ল্যাপিং ছাড়া। ল্যাবরেটরি পরীক্ষায় দেখা যায়:
হিমোগ্লোবিন ১৩.৮ গ্রাম প্রতি ডেসিলিটার
লিউকোসাইট ১৩,৭০০ ঘন মিলিমিটার
প্লেটলেট ১৬৫,০০০ ঘন মিলিমিটার
প্রোথ্রম্বিন সময় ১৪ সেকেন্ড
পারশিয়াল থ্রোম্বোপ্লাস্টিন সময় ৩৫ সেকেন্ড
সিরাম:
মোট বিলিরুবিন ৪.৮ মিলিগ্রাম প্রতি ডেসিলিটার
ডাইরেক্ট বিলিরুবিন ১.৩ মিলিগ্রাম প্রতি ডেসিলিটার
অ্যাসপারটেট অ্যামিনোট্রান্সফেরেজ ১৮৫২ ইউনিট প্রতি লিটার
আলানাইন অ্যামিনোট্রান্সফেরেজ ২৪৯৭ ইউনিট প্রতি লিটার
ইউরিয়া নাইট্রোজেন ২১ মিলিগ্রাম প্রতি ডেসিলিটার
ক্রিয়েটিনিন ১.২ মিলিগ্রাম প্রতি ডেসিলিটার
হেপাটাইটিস এ আইজি এম অ্যান্টিবডি নেগেটিভ
হেপাটাইটিস বি সারফেস অ্যান্টিজেন নেগেটিভ
হেপাটাইটিস বি সারফেস অ্যান্টিবডি নেগেটিভ
হেপাটাইটিস বি কোর আইজি এম অ্যান্টিবডি পজিটিভ
হেপাটাইটিস সি অ্যান্টিবডি পজিটিভ
হেপাটাইটিস সি আরএনএ নেগেটিভ
ইউরিন বিটা-এইচসিজি নেগেটিভ
নিম্নলিখিতগুলির মধ্যে কোনটি ব্যবস্থাপনার সর্বোত্তম পরবর্তী ধাপ হবে?
A. পেগিলেটেড ইন্টারফেরন-আলফা
B. সাপোর্টিভ থেরাপি
C. টেনোফোভির
D. জরুরি যকৃত প্রতিস্থাপন
E. রিবাভিরিন এবং ইন্টারফেরন
F. সোফোসবিউভির এবং ভেলপাটাসভির
G. হেপাটাইটিস বি বিরুদ্ধ টিকাকরণ",,,,,
R0044,"A 40-year-old man comes to the physician because of a 5-kg (11-lb) weight loss over the past month and easy bruising. He has not changed his diet significantly. He also noticed that his arms now bruise more easily. He appears pale. His pulse is 70/min, his blood pressure is 125/75 mm Hg, and his temperature is 38°C (100.4°F). Examination shows a palm-sized hematoma on his right arm. His spleen is palpable 5 cm below the costal margin. His liver is enlarged. Laboratory results show:
Leukocytes 10,500/mm3
Hemoglobin 10.2 g/dL
Platelets 52,000/mm3
Fibrinogen 110 mg/dL (Reference: 150-400 mg/dL)
Cytogenetic analysis shows leukocytes with a reciprocal translocation of chromosomes 15 and 17. Which of the following is the most appropriate treatment for this patient at this time?""
A. Rituximab
B. Cyclophosphamide
C. All-trans retinoic acid
D. Platelet transfusion
E. Cryoprecipitate transfusion
F. Imatinib","একজন ৪০ বছর বয়সী পুরুষ রোগী গত মাসে ৫-কেজি (১১-পাউন্ড) ওজন হ্রাস এবং সহজে নীলচে দাগ পড়ার কারণে ডাক্তারের কাছে আসেন। তিনি তার খাবার উল্লেখযোগ্যভাবে পরিবর্তন করেননি। তিনি আরও লক্ষ্য করেছেন যে তার বাহু এখন সহজে নীলচে দাগ পড়ে। তিনি ফিকে দেখাচ্ছেন। তার ধড় ৭০/মিনিট, রক্তচাপ ১২৫/৭৫ মিমি পারদ, এবং তাপমাত্রা ৩৮ ডিগ্রি সেলসিয়া (১০০.৪ ডিগ্রি ফারেনহাইট)। পরীক্ষায় তার ডান বাহুতে তালুর আকারের হেমাটোমা দেখা যায়। তার প্লীহা কোস্টাল মার্জিনের নিচে ৫ সেন্টিমিটার দূরে স্পর্শযোগ্য। তার যকৃত বড় হয়েছে। ল্যাবরেটরি ফলাফল দেখায়:
লিউকোসাইট ১০,৫০০/ঘন মিলিমিটার
হিমোগ্লোবিন ১০.২ গ্রাম/ডেসিলিটার
প্লেটলেট ৫২,০০০/ঘন মিলিমিটার
ফাইব্রিনোজেন ১১০ মিলিগ্রাম/ডেসিলিটার (রেফারেন্স: ১৫০-৪০০ মিলিগ্রাম/ডেসিলিটার)
সাইটোজেনেটিক বিশ্লেষণে দেখা যায় লিউকোসাইটে ক্রোমোজোম ১৫ এবং ১৭ এর পারস্পরিক ট্রান্সলোকেশন। নিম্নলিখিতগুলির মধ্যে কোনটি এই রোগীর জন্য বর্তমানে সবচেয়ে উপযুক্ত চিকিৎসা?
A. রিটুক্সিম্যাব
B. সাইক্লোফসফামাইড
C. অল-ট্রান্স রেটিনয়িক অ্যাসিড
D. প্লেটলেট ট্রান্সফিউশন
E. ক্রাইপ্রেসিপিটেট ট্রান্সফিউশন
F. ইমাটিনিব",,,,,
R0045,"An 9-month-old infant is brought to the physician because of a generalized nonpruritic rash for 2 days. The rash began on her trunk and spread to her extremities. Five days ago, she was taken to the emergency department for fever of 40.5°C (104.9°F) and a 1-minute generalized tonic-clonic seizure. She was born at term and has no history of serious illness. Her immunizations are up-to-date. Current medications include acetaminophen. Her temperature is 37.2°C (99.0°F) and pulse is 120/min. Examination shows a maculopapular rash that blanches on pressure. A photograph of the rash is shown. Posterior auricular lymphadenopathy is present. Which of the following is the most likely diagnosis?
A. Kawasaki disease
B. Drug allergy
C. Scarlet fever
D. Impetigo
E. Roseola infantum
F. Measles
G. Fifth disease
H. Rubella","একজন ৯ মাসের শিশুকে চিকিৎসকের কাছে আনা হয়েছে কারণ তার দুই দিন ধরে একটি সাধারণ অখুশকি র‍্যাশ রয়েছে। র‍্যাশটি তার দেহের মূলভাগে শুরু হয়ে অঙ্গপ্রান্তিতে ছড়িয়ে পড়েছে। পাঁচ দিন আগে, তাকে জরুরি বিভাগে নেওয়া হয়েছিল ৪০.৫ ডিগ্রি সেলসিয়াস (১০৪.৯ ডিগ্রি ফারেনহাইট) জ্বর এবং এক মিনিটের সাধারণ টনিক-ক্লোনিক খিঁচুনির জন্য। সে পূর্ণ গর্ভকালীন সময়ে জন্মগ্রহণ করেছে এবং কোনো গুরুতর রোগের ইতিহাস নেই। তার টিকাকরণ সম্পূর্ণ। বর্তমান ওষুধের মধ্যে আছে অ্যাসিটামিনোফেন। তার তাপমাত্রা ৩৭.২ ডিগ্রি সেলসিয়াস (৯৯.০ ডিগ্রি ফারেনহাইট) এবং পালস প্রতি মিনিটে ১২০। পরীক্ষায় দেখা যায় একটি ম্যাকুলোপ্যাপুলার র‍্যাশ যা চাপের উপর ফিকে হয়ে যায়। র‍্যাশের একটি ছবি দেখানো হয়েছে। পেছনের কানের লিম্ফ নোডে ফুলে যাওয়া আছে। নিম্নলিখিতগুলির মধ্যে কোনটি সবচেয়ে সম্ভাব্য নির্ণয়?
A. কাউসাকি রোগ
B. ওষুধের অ্যালার্জি
C. স্কারলেট জ্বর
D. ইম্পেটিগো
E. রোজোলা ইনফ্যান্টাম
F. হ্যাম
G. ফিফথ ডিজিজ
H. রুবেলা",,,,,
R0046,"A 32-year-old man comes to the Veterans Affairs hospital because of difficulty sleeping for the past 9 weeks. He is a soldier who returned from a deployment in Afghanistan 12 weeks ago. Fifteen weeks ago, his unit was ambushed in a deserted street, and a fellow soldier was killed. He wakes up frequently during the night from vivid dreams of this incident. He blames himself for being unable to save his friend. He also has trouble falling asleep and gets up earlier than desired. During this period, he has started to avoid walking in deserted streets. Vital signs are within normal limits. Physical examination shows no abnormalities. He refuses cognitive behavioral therapy and is started on sertraline. Five weeks later, he returns to the physician and complains about persistent nightmares and difficulty sleeping. Which of the following is the most appropriate next step in management?
A. Diazepam therapy
B. Zolpidem therapy
C. Triazolam therapy
D. Phenelzine therapy
E. Prazosin therapy
F. Supportive psychotherapy
G. Interpersonal therapy","৩২ বছর বয়সী একজন পুরুষ ভেটেরান্স অ্যাফেয়ার্স হাসপাতালে আসেন কারণ গত ৯ সপ্তাহ ধরে ঘুমাতে অসুবিধা হচ্ছে। তিনি একটি সৈনিক যিনি ১২ সপ্তাহ আগে আফগানিস্তানে মোতায়েন থেকে ফিরে এসেছেন। ১৫ সপ্তাহ আগে, তার ইউনিট একটি পরিত্যক্ত রাস্তায় হামলার শিকার হয়েছিল এবং একজন সহসৈনিক নিহত হন। তিনি রাতে ঘনঘন এই ঘটনার জীবন্ত স্বপ্নে জেগে ওঠেন। বন্ধুকে রক্ষা করতে না পারার জন্য তিনি নিজেকে দোষারোপ করেন। তিনি ঘুমাতে যাওয়াতেও সমস্যায় পড়েন এবং ইচ্ছাকৃত সময়ের চেয়ে আগে উঠে যান। এই সময়কালে তিনি পরিত্যক্ত রাস্তায় হাঁটা এড়িয়ে চলতে শুরু করেছেন। জীবনচিহ্নগুলো স্বাভাবিক সীমার মধ্যে রয়েছে। শারীরিক পরীক্ষায় কোনো অস্বাভাবিকতা দেখা যায় না। তিনি কগনিটিভ বিহেভিয়োরাল থেরাপি প্রত্যাখ্যান করেন এবং তাকে সেরট্রালিন দিয়ে শুরু করা হয়। ৫ সপ্তাহ পরে তিনি ডাক্তারের কাছে ফিরে আসেন এবং স্থায়ী দুঃস্বপ্ন ও ঘুমাতে অসুবিধা নিয়ে অভিযোগ করেন। নিম্নলিখিতগুলির মধ্যে কোনটি ব্যবস্থাপনার সর্বোত্তম পরবর্তী পদক্ষেপ হবে?
A. ডায়াজেপাম থেরাপি
B. জোলপিডেম থেরাপি
C. ট্রিয়াজোলাম থেরাপি
D. ফিনেলজাইন থেরাপি
E. প্রাজোসিন থেরাপি
F. সহায়তামূলক সাইকোথেরাপি
G. ইন্টারপার্সোনাল থেরাপি",,,,,
R0047,"An endocervical swab is performed and nucleic acid amplification testing via polymerase chain reaction is conducted. It is positive for Chlamydia trachomatis and negative for Neisseria gonorrhoeae. Which of the following is the most appropriate pharmacotherapy?
A. Oral amoxicillin
B. Intravenous cefoxitin plus oral doxycycline
C. Intramuscular ceftriaxone
D. Oral levofloxacin
E. Intramuscular ceftriaxone plus oral azithromycin
F. Oral azithromycin
G. Oral doxycycline","একটি এন্ডোসারভিকাল সুয়াব করা হয় এবং পলিমারেজ চেইন রিএকশন মাধ্যমে নিউক্লিয়িক অ্যাসিড অ্যামপ্লিফিকেশন টেস্টিং সম্পন্ন করা হয়। এটি ক্ল্যামাইডিয়া ট্র্যাকোমাটিসের জন্য পজিটিভ এবং নেসেরিয়া গোনোরেহোর জন্য নেগেটিভ। নিম্নলিখিতগুলির মধ্যে কোনটি সর্বোত্তম ফার্মাকোথেরাপি?
A. মৌখিক অ্যামোক্সিসিলিন
B. শিরাপথে সেফোক্সিটিন প্লাস মৌখিক ডক্সিসাইক্লিন
C. মাংসপেশি ভেতরে সেফট্রায়াক্সোন
D. মৌখিক লেভোফ্লক্সাসিন
E. মাংসপেশি ভেতরে সেফট্রায়াক্সোন প্লাস মৌখিক আজিথ্রোমাইসিন
F. মৌখিক আজিথ্রোমাইসিন
G. মৌখিক ডক্সিসাইক্লিন",,,,,
R0048,"A 65-year-old man comes to his primary care physician with a 6-month history of bilateral calf pain. The pain usually occurs after walking his dog a few blocks and is more severe on the right side. He has coronary artery disease, essential hypertension, and type 2 diabetes mellitus. He has smoked two packs of cigarettes daily for 43 years and drinks two alcoholic beverages a day. Current medications include metformin, lisinopril, and aspirin. He is 183 cm (5 ft 11 in) tall and weighs 113 kg (250 lb); BMI is 34.9 kg/m2. His temperature is 37°C (98.6°F), pulse is 84/min, and blood pressure is 129/72 mm Hg. Cardiac examination shows a gallop without murmurs. The legs have shiny skin with reduced hair below the knee. Femoral and popliteal pulses are palpable bilaterally. Dorsal pedal pulses are 1+ on the left and absent on the right. Ankle-brachial index (ABI) is performed in the office. ABI is 0.5 in the right leg, and 0.6 in the left leg. Which of the following is the most appropriate initial step in management?
A. Graded exercise therapy
B. Propranolol therapy
C. Spinal cord stimulation
D. Vascular bypass surgery
E. Cilostazol therapy
F. Percutaneous transluminal angioplasty with stenting","একজন ৬৫ বছর বয়সী পুরুষ তার প্রাথমিক স্বাস্থ্যসেবা ডাক্তারের কাছে দ্বিপাক্ষিক পায়ের গোড়ালির ব্যথা নিয়ে ৬ মাসের ইতিহাস সহ আসে। ব্যথা সাধারণত তার কুকুরকে কয়েক ব্লক হাঁটিয়ে নেওয়ার পরে ঘটে এবং ডান পাশে বেশি তীব্র হয়। তার করোনারি আর্টেরি রোগ, অবশ্যিক উচ্চ রক্তচাপ, এবং টাইপ ২ ডায়াবেটিস মেলিটাস আছে। তিনি দৈনিক দুই প্যাক সিগারেট ৪৩ বছর ধরে ধূমপান করেছেন এবং দিনে দুইটি অ্যালকোহলিক পানীয় গ্রহণ করেন। বর্তমান ওষুধগুলোর মধ্যে মেটফরমিন, লিসিনোপ্রিল, এবং অ্যাসপিরিন রয়েছে। তার উচ্চতা ১৮৩ সেন্টিমিটার (৫ ফুট ১১ ইঞ্চি) এবং ওজন ১১৩ কেজি (২৫০ পাউন্ড); বিএমআই হল ৩৪.৯ কেজি/মি২। তার তাপমাত্রা ৩৭ ডিগ্রি সেলসিয়াস (৯৮.৬ ডিগ্রি ফারেনহাইট), পাল্স ৮৪/min, এবং রক্তচাপ ১২৯/৭২ মিমি পারদ। কার্ডিয়াক পরীক্ষা গ্যালপ দেখায় কিন্তু মার্মার নেই। পা গুলোর ত্বক ঝলমলে এবং হাঁটুর নিচে চুল কমে গেছে। ফিমোরাল ও পোপ্লিটিয়াল পালস দু' পাশে স্পর্শযোগ্য। ডর্সাল পেডাল পালস বাম দিকে ১+ এবং ডান দিকে অনুপস্থিত। অ্যাঙ্কল-ব্র্যাকিয়াল ইনডেক্স (এবিআই) অফিসে করা হয়। ডান পায়ে এবিআই ০.৫ এবং বাম পায়ে ০.৬। নিম্নলিখিতগুলোর মধ্যে কোনটি ব্যবস্থাপনার সর্বোত্তম প্রাথমিক ধাপ হবে?
A. গ্রেডেড এক্সারসাইজ থেরাপি
B. প্রোপ্রানলোল থেরাপি
C. স্পাইনাল কর্ড স্টিমুলেশন
D. ভাসকুলার বাইপাস সার্জারি
E. সিলোস্টাজোল থেরাপি
F. পারকুটেনিয়াস ট্র্যান্সলুমিনাল এঞ্জিওপ্লাস্টি উইথ স্টেন্টিং",,,,,
R0051,"A 36-year-old woman comes to the physician because of multiple episodes of headache over the past 3 months. The headaches last the entire day and are unilateral and throbbing. During the headaches, she has severe nausea and is unable to work and perform her daily activities. She has noticed that she becomes unusually hungry prior to the onset of headache. She locks herself in a dark room, takes ibuprofen, and avoids going out until the headache subsides. However, over the past month, the headaches have increased to 2-3 times a week and become more intense. She has hypertension treated with amlodipine. Her temperature is 37°C (98.6°F), pulse is 80/min, and blood pressure is 128/76 mm Hg. Physical and neurologic examinations show no abnormalities. Which of the following is the most appropriate therapy for long-term prevention of headaches in this patient?
A. Fluoxetine
B. Ergotamine
C. Propranolol
D. Sumatriptan
E. Naproxen","৩৬ বছর বয়সী মহিলা ডাক্তারের কাছে আসে কারণ গত ৩ মাসে একাধিক মাথাব্যথার পর্ব ঘটেছে। মাথাব্যথা পুরো দিন স্থায়ী হয় এবং একপাশের ও ধুকধুক করা ধরনের। মাথাব্যথার সময়, তার তীব্র বমি বমি ভাব থাকে এবং কাজ করতে বা দৈনন্দিন কার্যক্রম সম্পাদন করতে অক্ষম হয়। তিনি লক্ষ্য করেছেন যে মাথাব্যথা শুরু হওয়ার আগে তিনি অস্বাভাবিকভাবে বেশি ক্ষুধার্ত হয়ে ওঠেন। তিনি নিজেকে একটি অন্ধকার ঘরে লক করে রাখেন, আইবুপ্রোফেন গ্রহণ করেন, এবং মাথাব্যথা কমে না আসা পর্যন্ত বাইরে যাওয়া এড়িয়ে চলেন। তবে, গত মাসে মাথাব্যথার সংখ্যা সপ্তাহে ২-৩ বার বৃদ্ধি পেয়েছে এবং তীব্রতা বাড়েছে। তার উচ্চ রক্তচাপ আছে যা অ্যামলোডিপিন দিয়ে চিকিৎসা করা হয়। তার তাপমাত্রা ৩৭ ডিগ্রি সেলসিয়াস (৯৮.৬ ডিগ্রি ফারেনহাইট), পাল্স ৮০ প্রতি মিনিট, এবং রক্তচাপ ১২৮/৭৬ মিমি পারদ। শারীরিক ও স্নায়বিক পরীক্ষায় কোনো অস্বাভাবিকতা দেখা যায় না। নিম্নলিখিতগুলির মধ্যে কোনটি এই রোগীর জন্য দীর্ঘমেয়াদী মাথাব্যথা প্রতিরোধের সর্বোত্তম থেরাপি?
A. ফ্লুওক্সেটিন
B. এরগোটামিন
C. প্রোপ্রানোলল
D. সুমাট্রিপট্যান
E. ন্যাপ্রোক্সেন",,,,,
R0054,"A 35-year-old woman comes to employee health services 30 minutes after a work-related incident. She works as a phlebotomist and reports that blood splashed into her right eye when she was drawing blood from a 30-year-old male patient. Immediately following the incident, she flushed her eye with water for several minutes. The patient from whom she drew blood was admitted for hemoptysis, weight loss, and night sweats. He is an intravenous drug user and is sexually active with several male and female partners. The phlebotomist has no history of serious illness and takes no medications. Her immunizations are up-to-date. Physical examination shows no abnormalities. In addition to drawing her blood for viral serologies, which of the following is the most appropriate next step?
A. Start raltegravir, tenofovir, and emtricitabine
B. Start zidovudine
C. Start tenofovir and emtricitabine
D. Provide reassurance
E. Start sofosbuvir and velpatasvir
F. Administer hepatitis B immune globulin and vaccine","একজন ৩৫ বছর বয়সী নারী কর্মচারীর স্বাস্থ্য পরিষেবায় কাজ-সম্পর্কিত ঘটনার পরে ৩০ মিনিটে আসে। তিনি ফ্লেবোটোমিস্ট হিসেবে কাজ করেন এবং জানান যে তিনি যখন একটি ৩০ বছর বয়সী পুরুষ রোগীর থেকে রক্ত সংগ্রহ করছিলেন তখন রক্ত তার ডান চোখে ছিটকে গিয়েছিল। ঘটনাটির সঙ্গে সঙ্গে তিনি কয়েক মিনিটের জন্য পানির মাধ্যমে তার চোখ ধুয়ে নিলেন। যেই রোগীর থেকে তিনি রক্ত সংগ্রহ করেছিলেন তাকে হেমোপটিসিস, ওজন কমা এবং রাতের ঘাম জন্য ভর্তি করা হয়েছিল। তিনি শিরাপথে মাদক ব্যবহারকারী এবং বেশ কয়েকজন পুরুষ ও নারী সঙ্গীর সঙ্গে যৌন সক্রিয়। ফ্লেবোটোমিস্টের কোনো গুরুতর রোগের ইতিহাস নেই এবং তিনি কোন ওষুধ নেন না। তার টিকা আপ-টু-ডেট আছে। শারীরিক পরীক্ষা কোনো অস্বাভাবিকতা দেখায় না। ভাইরাল সিরোলজি জন্য তার রক্ত সংগ্রহের পাশাপাশি, নিম্নলিখিতগুলির মধ্যে কোনটি সবচেয়ে উপযুক্ত পরবর্তী পদক্ষেপ?
A. রাল্টেগ্রাভির, টেনোফোভির এবং এমট্রিসিটাবিন শুরু করুন
B. জিডোভুডিন শুরু করুন
C. টেনোফোভির এবং এমট্রিসিটাবিন শুরু করুন
D. আশ্বাস প্রদান করুন
E. সোফোসবুইভার এবং ভেলপাটাসিভির শুরু করুন
F. হেপাটাইটিস বি ইমিউন গ্লোবুলিন এবং টিকা দিন",,,,,
R0055,"A 46-year-old man is brought to the emergency department 15 minutes after being involved in a motor vehicle collision where he was the unrestrained driver. On arrival, he is unconscious. His respirations are 24/min, and palpable systolic blood pressure is 60 mm Hg, and pulse is 141/min and irregularly irregular. Examination shows multiple ecchymoses over the chest. There is a 3-cm (1.2-in) laceration over the abdomen and a 4-cm (1.6-in) laceration over the scalp. Jugular venous pressure is increased. Bilateral crackles are heard at the lung bases. Cardiac examination shows no murmurs, rubs, or gallops. The abdomen is soft. Two large bore intravenous catheters are inserted and 0.9% saline infusion is begun. Focused assessment with sonography in trauma (FAST) is negative. An electrocardiogram shows absent p-waves. After 5 minutes, his pulse is 160/min and palpable systolic blood pressure is 50 mm Hg. Vasopressors are administered. One hour later, the patient dies. Which of the following was the most likely diagnosis?
A. Tracheobronchial injury
B. Cardiac contusion
C. Splenic rupture
D. Hemothorax
E. Aortic dissection
F. Pulmonary contusion
G. Cardiac tamponade
""","একজন ৪৬ বছর বয়সী পুরুষকে জরুরি বিভাগে আনা হয় মোটর যানবাহন সংঘর্ষের পরে ১৫ মিনিট পর, যেখানে তিনি ছিলেন অসুরক্ষিত চালক। আগমনের সময়, তিনি অচেতন। তার শ্বাসপ্রশ্বাস প্রতি মিনিটে ২৪, স্পর্শযোগ্য সিস্টোলিক রক্তচাপ ৬০ মিমি পারদ, এবং পালস প্রতি মিনিটে ১৪১ এবং অনিয়মিতভাবে অনিয়মিত। পরীক্ষায় বুকে বহু রক্তবহির্ভূত দাগ দেখা যায়। পেটের উপর ৩ সেন্টিমিটার (১.২ ইঞ্চি) ছেদন এবং মাথার ত্বকের উপর ৪ সেন্টিমিটার (১.৬ ইঞ্চি) ছেদন রয়েছে। যুগুলার শিরা চাপ বৃদ্ধি পেয়েছে। ফুসফুসের তলায় দু'পাশে ক্র্যাকলস শোনা যায়। হৃদযন্ত্রের পরীক্ষা কোনো মর্মর শব্দ, ঘষা বা গ্যালপ দেখায় না। উদর নরম। দুটি বৃহৎ ব্যাসের শিরাপথে ক্যাথেটার প্রবেশ করানো হয় এবং ০.৯% স্যালাইন ইনফিউশন শুরু করা হয়। ট্রমার জন্য সোনোগ্রাফি ভিত্তিক ফোকাসড মূল্যায়ন (ফাস্ট) নেতিবাচক। ইলেকট্রোকার্ডিওগ্রাম (ইসিজি) তে পি-ওয়েভ অনুপস্থিত দেখা যায়। ৫ মিনিটের পরে, তার পালস প্রতি মিনিটে ১৬০ এবং স্পর্শযোগ্য সিস্টোলিক রক্তচাপ ৫০ মিমি পারদ। ভাসোপ্রেসর দেওয়া হয়। এক ঘণ্টা পরে রোগী মারা যায়। নিম্নলিখিতগুলির মধ্যে কোনটি সবচেয়ে সম্ভাব্য নির্ণয় ছিল?
A. ট্র্যাকিয়োব্রঙ্কিয়াল ইনজুরি
B. হৃদয় কন্টিউশন
C. প্লীহা ফাটল
D. হেমোথোর্যাক্স
E. অওর্টিক ডিসেকশন
F. পালমোনারি কন্টিউশন
G. হৃদয় ট্যাম্পোনেড",,,,,
R0058,"A 24-year-old woman comes to the physician because of progressively worsening joint pain. She has had diffuse, aching pain in her knees, shoulders, and hands bilaterally for the past few months, but the pain has become much more severe in the past few weeks. She also reports night sweats and generalized malaise. On physical examination, radial and pedal pulses are weak. There are erythematous nodules over the legs that measure 3-5 cm. Laboratory studies show:
Hematocrit 33.2%
Hemoglobin 10.7 g/dL
Leukocyte count 11,300/mm3
Platelet count 615,000/mm3
Erythrocyte sedimentation rate 94 mm/h
Serum
C-reactive protein 40 mg/dL (N=0.08-3.1)
Which of the following is the most likely diagnosis?""
A. Temporal arteritis
B. Polyarteritis nodosa
C. Microscopic polyangiitis
D. Thromboangiitis obliterans
E. Takayasu arteritis","২৪ বছর বয়সী এক নারী চিকিৎসকের কাছে আসেন কারণ ধীরে ধীরে বাড়তে থাকা জয়েন্টের ব্যথা। তিনি গত কয়েক মাস ধরে তার হাঁটু, কাঁধ এবং দু'হাতে বিস্তৃত, ব্যথাযুক্ত অস্বস্তি অনুভব করছেন, তবে গত কয়েক সপ্তাহে এই ব্যথা অনেক বেশি তীব্র হয়ে গেছে। তিনি রাতের ঘাম ও সাধারণ ক্লান্তি রিপোর্ট করেন। শারীরিক পরীক্ষায় রেডিয়াল এবং পেডাল পালস দুর্বল দেখা যায়। পা'র উপর লালচে গাঁট রয়েছে যেগুলোর মাপ ৩-৫ সেন্টিমিটার। ল্যাবরেটরি পরীক্ষায় দেখা যায়:
হেমাটোক্রিট ৩৩.২%
হিমোগ্লোবিন ১০.৭ গ্রাম/ডেসিলিটার
লিউকোসাইট গণনা ১১,৩০০/ঘন মিমিমিটার
প্লেটলেট গণনা ৬১৫,০০০/ঘন মিমিমিটার
ইরিথ্রোসাইট সেডিমেন্টেশন রেট ৯৪ মিমি পারদ/ঘণ্টা
সিরাম সি-রিএক্টিভ প্রোটিন ৪০ মিলিগ্রাম/ডেসিলিটার (এন=০.০৮-৩.১)
নিচের কোনটি সবচেয়ে সম্ভাব্য নির্ণয়?
A. টেম্পোরাল আর্টেরিটিস
B. পলিআর্টেরিটিস নোডোসা
C. মাইক্রোস্কোপিক পলিআঞ্জিওইটিস
D. থ্রম্বোঅ্যাঞ্জিওইটিস অব্লিটারেন্স
E. টাকায়াসু আর্টেরিটিস",,,,,
R0059,"A 62-year-old man is brought to the hospital because of a 6-hour history of worsening upper abdominal pain, nausea, and vomiting. He is diagnosed with acute calculous cholecystitis and scheduled for cholecystectomy the next day. He has congestive heart failure, hyperlipidemia, and hypertension. Physical examination shows no abnormalities. Current medications include metoprolol and simvastatin. One month ago, spironolactone was added to his medication regimen. Preoperative serum studies show:
Na+ 138 mEq/L
K+ 6.1 mEq/L
Cl- 100 mEq/L
HCO3- 22 mEq/L
Urea nitrogen 13 mg/dL
Creatinine 1.0 mg/dL
An ECG shows normal sinus rhythm. In addition to discontinuation of spironolactone, which of the following is the most appropriate next step in management of this patient's hyperkalemia?""
A. Administer intravenous saline with furosemide
B. Administer intravenous sodium bicarbonate
C. Administer intravenous insulin and glucose
D. Order dietary modification
E. Administer intravenous calcium gluconate
F. Initiate hemodialysis","একজন ৬২ বছর বয়সী পুরুষকে হাসপাতালে আনা হয় কারণ তার উপরের পেটের ব্যথা, বমি বমি ভাব এবং বমি বাড়তে থাকা ৬-ঘণ্টার ইতিহাস রয়েছে। তাকে তীব্র পাথরযুক্ত পিত্তথলি প্রদাহ নির্ণয় করা হয়েছে এবং পরের দিন পিত্তথলি অপসারণের শল্যচিকিৎসা করার পরিকল্পনা করা হয়েছে। তার কনজেস্টিভ হার্ট ফেইলিউর, হাইপারলিপিডেমিয়া এবং উঁচু রক্তচাপ রয়েছে। শারীরিক পরীক্ষায় কোনো অস্বাভাবিকতা দেখা যায় না। বর্তমান ওষুধের মধ্যে রয়েছে মেটোপ্রোলল এবং সিমভাস্টাটিন। এক মাস আগে তার ঔষধে স্পাইরোনোল্যাকটোন যোগ করা হয়েছিল। প্রি-অপারেটিভ সিরাম গবেষণায় দেখা যায়: সোডিয়াম ১৩৮ মিলিইকুইভ্যালেন্ট/লিটার, পটাশিয়াম ৬.১ মিলিইকুইভ্যালেন্ট/লিটার, ক্লোরাইড ১০০ মিলিইকুইভ্যালেন্ট/লিটার, বাইকার্বনেট ২২ মিলিইকুইভ্যালেন্ট/লিটার, ইউরিয়া নাইট্রোজেন ১৩ মিলিগ্রাম/ডেসিলিটার, ক্রিয়াটিনিন ১.০ মিলিগ্রাম/ডেসিলিটার। একটি ইসিজি স্বাভাবিক সাইনাস রিদম দেখায়। স্পাইরোনোল্যাকটোন বন্ধ করার পাশাপাশি, নিম্নলিখিতগুলির মধ্যে কোনটি এই রোগীর হাইপারক্যালেমিয়ার ব্যবস্থাপনায় সবচেয়ে উপযুক্ত পরবর্তী পদক্ষেপ?
A. শিরাপথে স্যালাইন ও ফুরোসেমাইড প্রদান করুন।
B. শিরাপথে সোডিয়াম বায়কার্বোনেট প্রদান করুন।
C. শিরাপথে ইনসুলিন এবং গ্লুকোজ প্রদান করুন।
D. খাদ্য পরিবর্তনের নির্দেশ দিন।
E. শিরাপথে ক্যালসিয়াম গ্লুকোনেট প্রদান করুন।
F. হেমোডায়ালিসিস শুরু করুন।",,,,,
R0061,"A 37-year-old man is brought to the emergency department by a friend after he was found lying unconscious outside his front door. The friend reports that they were “pretty drunk” the previous night, and she had dropped her friend off at his home and driven off. When she came back in the morning, she found him passed out on the ground next to the doorstep. On arrival, he is conscious and cooperative. He reports feeling cold, with severe pain in his hands and face. He remembers having lost his gloves last night. His rectal temperature is 35.2°C (95.3°F), pulse is 86/min, respirations are 17/min, and blood pressure is 124/58 mm Hg. Examination shows decreased sensations over the distal fingers, which are cold to touch. The skin over the distal phalanges is cyanotic, hard, waxy, and tender, with surrounding edema. Laboratory studies are within the reference range. An x-ray of the chest and ECG show no abnormalities. Which of the following is the most appropriate next step in management?
A. Debridement of the affected tissue
B. Intra-arterial administration of tissue plasminogen activator
C. Intravenous administration of warmed crystalloid
D. Extracorporeal blood rewarming
E. Intravenous administration of antibiotics
F. Immersion of affected extremities in warm water","৩৭ বছর বয়সী পুরুষকে তার বন্ধু জরুরি বিভাগে নিয়ে এসেছে, কারণ তাকে তার বাড়ির সামনে দরজার বাইরে অচেতন অবস্থায় শুয়ে থাকা অবস্থায় পাওয়া যায়। বন্ধু জানান যে তারা গত রাতটি “খুব নেশা” ছিল, এবং তিনি তার বন্ধুকে বাড়িতে নামিয়ে দিয়ে গাড়ি চালিয়ে চলে গিয়েছিলেন। সকালবেলা যখন তিনি ফিরে এলেন, তখন তিনি তাকে দরজার পাশে মাটিতে অচেতন অবস্থায় পেয়েছেন। অভ্যন্তরে পৌঁছানোর সময়, তিনি সচেতন এবং সহযোগী ছিলেন। তিনি ঠাণ্ডা লাগছে বলে জানান, সঙ্গে তার হাত ও মুখে তীব্র ব্যথা রয়েছে। তিনি স্মরণ করেন যে গত রাতে তিনি তার দস্তানা হারিয়েছিলেন। তার রেক্টাল তাপমাত্রা ৩৫.২ ডিগ্রি সেলসিয়া (৯৫.৩ ডিগ্রি ফারেনহাইট), পাল্স ৮৬ প্রতি মিনিট, শ্বাসপ্রশ্বাস ১৭ প্রতি মিনিট, এবং রক্তচাপ ১২৪/৫৮ মিমি পারদ। পরীক্ষায় দেখা যায় দূরবর্তী আঙুলগুলিতে সংবেদনশীলতা কমে গেছে, যা স্পর্শে ঠাণ্ডা। দূরবর্তী ফ্যালেঞ্জের উপর ত্বক সায়ানোটিক, কঠিন, মোমের মতো এবং কোমল, চারপাশে ইডিমা সহ। প্রয়োগিত ল্যাবরেটরি পরীক্ষাগুলি রেফারেন্স সীমার মধ্যে রয়েছে। এক্স-রে চেস্টের এবং ইসিজি কোনো অস্বাভাবিকতা দেখায় না। নিম্নলিখিতগুলির মধ্যে কোনটি ব্যবস্থাপনার সর্বোত্তম পরবর্তী ধাপ হবে?
A. প্রভাবিত টিস্যুর ডিব্রাইডমেন্ট
B. ইন্ট্রা-আর্টেরিয়াল টিস্যু প্লাজমিনোজেন অ্যাক্টিভেটরের প্রদান
C. শিরাপথে উষ্ণ ক্রিস্ট্যালয়েডের প্রদান
D. এক্সট্রা-কর্পোরিয়াল রক্ত পুনঃউত্তাপন
E. শিরাপথে অ্যান্টিবায়োটিকের প্রদান
F. প্রভাবিত অঙ্গগুলোকে উষ্ণ জলে ডুবিয়ে রাখা",,,,,
R0062,"A previously healthy 19-year-old man is brought to the emergency department by his girlfriend after briefly losing consciousness. He passed out while moving furniture into her apartment. She said that he was unresponsive for a minute but regained consciousness and was not confused. The patient did not have any chest pain, palpitations, or difficulty breathing before or after the episode. He has had episodes of dizziness when exercising at the gym. His blood pressure is 125/75 mm Hg while supine and 120/70 mm Hg while standing. Pulse is 70/min while supine and 75/min while standing. On examination, there is a grade 3/6 systolic murmur at the left lower sternal border and a systolic murmur at the apex, both of which disappear with passive leg elevation. Which of the following is the most likely cause?
A. Prolonged QT interval
B. Hypertrophic cardiomyopathy
C. Bicuspid aortic valve
D. Mitral valve prolapse
E. Orthostatic syncope
F. Vasovagal syncope
G. Carotid sinus syndrome
H. Mitral valve stenosis","একটি পূর্বে সুস্থ ১৯ বছর বয়সী পুরুষকে তার বান্ধবী জরুরি বিভাগে নিয়ে আসে, যিনি সংক্ষিপ্ত সময়ের জন্য চেতনা হারিয়েছিলেন। তিনি ফার্নিচার সরিয়ে নেওয়ার সময় হঠাৎ অচেতন হয়ে যান। বান্ধবী বললেন যে তিনি এক মিনিটের জন্য প্রতিক্রিয়া দেখাননি, তবে পুনরায় সচেতন হন এবং বিভ্রান্ত ছিলেন না। রোগীর কোনো বুকে ব্যথা, ধড়ফড় বা শ্বাসকষ্টের অভিযোগ ছিল না এপিসোডের আগে অথবা পরে। তিনি জিমে ব্যায়াম করার সময় ঘূর্ণি হওয়ার ঘটনা ঘটতে থাকে। তার রক্তচাপ শোয়া অবস্থায় ১২৫/৭৫ মিমি পারদ এবং দাঁড়িয়ে থাকলে ১২০/৭০ মিমি পারদ। নাড়ি শোয়া অবস্থায় ৭০/মিনিট এবং দাঁড়িয়ে থাকলে ৭৫/মিনিট। পরীক্ষায় বাম নিচের স্তনীয় প্রান্তে গ্রেড ৩/৬ সিস্টোলিক মর্মর এবং শীর্ষে একটি সিস্টোলিক মর্মর পাওয়া যায়, উভয়ই প্যাসিভ লেগ এলিভেশন দিয়ে অদৃশ্য হয়ে যায়। নিম্নলিখিতগুলির মধ্যে কোনটি সবচেয়ে সম্ভাব্য কারণ?
A. দীর্ঘায়িত কিউটি ইন্টারভ্যাল
B. হাইপারট্রোফিক কার্ডিওমায়োপ্যাথি
C. দ্বিপত্র অর্টিক ভালভ
D. মিট্রাল ভালভ প্রোল্যাপ্স
E. অর্থোস্ট্যাটিক সিংকোপ
F. ভাসোভ্যাগাল সিংকোপ
G. ক্যারোটিড সাইনাস সিনড্রোম
H. মিট্রাল ভালভ স্টেনোসিস",,,,,
R0063,"One day after undergoing an open colectomy, a 65-year-old man with colon cancer experiences shivers. The procedure was originally scheduled to be done laparoscopically, but it was converted because of persistent bleeding. Besides the conversion, the operation was uneventful. Five years ago, he underwent renal transplantation because of cystic disease and has been taking prednisolone since then. He has a history of allergy to sulfonamides. He appears acutely ill. His temperature is 39.2°C (102.5°F), pulse is 120/min, respirations are 23/min, and blood pressure is 90/62 mm Hg. Abdominal examination shows a midline incision extending from the xiphisternum to the pubic symphysis. There is a 5-cm (2-in) area of purplish discoloration near the margin of the incision in the lower abdomen. Palpation of the abdomen produces severe pain and crackling sounds are heard. Laboratory studies show:
Hemoglobin 12.5 g/dL
Leukocyte count 18,600/mm3
Platelet count 228,000/mm3
Erythrocyte sedimentation rate 120 mm/h
Serum
Na+ 134 mEq/L
K+ 3.5 mEq/L
Cl- 98 mEq/L
HCO3- 22 mEq/L
Glucose 200 mg/dL
Urea nitrogen 60 mg/dL
Creatinine 3.2 mg/dL
Creatine kinase 750 U/L
Which of the following is the most appropriate next step in management?""
A. X-ray of the abdomen and pelvis
B. Vacuum-assisted wound closure device
C. Surgical debridement
D. Oral cefuroxime and metronidazole therapy
E. CT scan of abdomen
F. Intravenous clindamycin therapy","একটি ওপেন কোলেকটমি করার এক দিন পরে, কলন ক্যান্সারযুক্ত ৬৫ বছর বয়সী একজন পুরুষ শিহরণ অনুভব করেন। প্রক্রিয়াটি মূলত ল্যাপারোস্কোপিকভাবে করা নির্ধারিত ছিল, তবে স্থায়ী রক্তপাতের কারণে এটি কনভার্ট করা হয়েছিল। কনভার্সনের পাশাপাশি, অপারেশনটি কোনো জটিলতা ছাড়া সম্পন্ন হয়েছিল। ৫ বছর আগে, সিস্টিক রোগের কারণে তিনি কিডনি ট্রান্সপ্ল্যান্টেশন করিয়েছেন এবং তখন থেকে প্রেডনিসোলোন গ্রহণ করছেন। তার সালফোনামাইডসের প্রতি অ্যালার্জির ইতিহাস আছে। তিনি তীব্রভাবে অসুস্থ দেখাচ্ছেন। তার তাপমাত্রা ৩৯.২ ডিগ্রি সেলসিয়া (১০২.৫ ডিগ্রি ফারেনহাইট), নাড়ির হার ১২০/মিনিট, শ্বাসপ্রশ্বাসের হার প্রতি মিনিটে ২৩, এবং রক্তচাপ ৯০/৬২ মিমি পারদ। বুকের পরীক্ষা দেখায় একটি মধ্যরেখা ইনসিশন যা জিফিসটার্নাম থেকে পাবিক সিমফিসিস পর্যন্ত বিস্তৃত। নিচের পেটের ইনসিশনের প্রান্তের কাছে বেগুনি রঙের ৫ সেমি (২ ইঞ্চি) এলাকা রয়েছে। বুকের প্যালপেশন করলে তীব্র ব্যথা হয় এবং ক্র্যাকলিং শব্দ শোনা যায়। ল্যাবরেটরি ফলাফল দেখায়:
হিমোগ্লোবিন ১২.৫ গ্রাম/ডেসিলিটার
লিউকোসাইট গণনা ১৮,৬০০/ঘন মিলিমিটার
প্লেটলেট গণনা ২২৮,০০০/ঘন মিলিমিটার
ইরিথ্রোসাইট সেডিমেন্টেশন রেট ১২০ মিমি/ঘণ্টা
সিরাম সোডিয়াম ১৩৪ মিলিইকুইভ্যালেন্ট/লিটার
পটাশিয়াম ৩.৫ মিলিইকুইভ্যালেন্ট/লিটার
ক্লোরাইড ৯৮ মিলিইকুইভ্যালেন্ট/লিটার
বাইকার্বনেট ২২ মিলিইকুইভ্যালেন্ট/লিটার
গ্লুকোজ ২০০ মিলিগ্রাম/ডেসিলিটার
ইউরিয়া নাইট্রোজেন ৬০ মিলিগ্রাম/ডেসিলিটার
ক্রিয়াটিনিন ৩.২ মিলিগ্রাম/ডেসিলিটার
ক্রিয়েটিন কিনেজ ৭৫০ ইউনিট/লিটার
নিম্নের কোনটি ব্যবস্থাপনার সর্বোত্তম পরবর্তী ধাপ?
A. বুক ও পেলভিসের এক্স-রে
B. ভ্যাকুয়াম-সহায়িত ক্ষত বন্ধ করার ডিভাইস
C. শল্যচিকিৎসা ডিব্রিডমেন্ট
D. মৌখিক সেফুরোক্সিম এবং মেট্রোনিডাজোল থেরাপি
E. বুকের সিটি স্ক্যান
F. শিরাপথে ক্লিন্ডামাইসিন থেরাপি",,,,,
R0064,"A 50-year-old man comes to the physician because of gradually worsening rhythmic movements of his right hand for the past 5 months. His symptoms worsen when he is in a meeting and he is concerned that people are noticing it more frequently. There is no personal or family history of serious illness, but the patient recalls that his father developed bobbing of the head in older age. He takes no medications. Neurological examination shows a tremor of the right hand when the limbs are relaxed. When the patient is asked to move his arm the tremor decreases. He has reduced arm swing while walking. Which of the following is the most appropriate pharmacotherapy?
A. Donepezil
B. Trihexyphenidyl
C. Clonazepam
D. Propranolol
E. Methimazole
F. Levodopa/carbidopa","একজন ৫০ বছর বয়সী পুরুষ রোগী ডাক্তারের কাছে আসেন কারণ গত ৫ মাস ধরে তার ডান হাতের ধীরে ধীরে বাড়তে থাকা ছন্দময় নড়াচড়া। তার উপসর্গগুলি যখন তিনি কোনো সভায় থাকেন তখন খারাপ হয় এবং তিনি উদ্বিগ্ন যে মানুষ এটি বেশি ঘনঘন লক্ষ্য করছে। গুরুতর রোগের কোনও ব্যক্তিগত বা পারিবারিক ইতিহাস নেই, তবে রোগী স্মরণ করেন যে তাঁর পিতা বয়স্ক বয়সে মাথা নড়াচড়া করতেন। তিনি কোনো ওষুধ গ্রহণ করেন না। স্নায়বিক পরীক্ষায় দেখা যায় যখন অঙ্গগুলি শিথিল থাকে তখন ডান হাতের কম্পন থাকে। যখন রোগীকে তার বাহু সরাতে বলা হয় তখন কম্পন কমে যায়। হাঁটার সময় তার বাহুর দোল কমে যায়। নিম্নলিখিতগুলির মধ্যে কোনটি সর্বোত্তম ফার্মাকোথেরাপি?
A. ডোনেপেজিল
B. ট্রাইহেক্সিফেনিডাইল
C. ক্লোনাজেপাম
D. প্রোপ্রানোলল
E. মেথিমাজোল
F. লেভোডোপা/কার্বিডোপা",,,,,
R0066,"A 17-year-old girl is brought to the physician by her mother for the evaluation of irregular menstrual bleeding. Menses have occurred at 60- to 90-day intervals since menarche at the age of 12 years. Her last menstrual period was 4 weeks ago. She is sexually active with one male partner, and they use condoms consistently. She reports that she currently has no desire to have children. She is 165 cm (5 ft 5 in) tall and weighs 85 kg (187 lb); BMI is 31 kg/m2. Examination shows scattered pustules on the forehead and oily skin. There is coarse hair on the chin and upper lip. Fingerstick blood glucose concentration is 190 mg/dL. A urine pregnancy test is negative. Which of the following is the most appropriate pharmacotherapy?
A. Letrozole
B. Danazol
C. Leuprolide
D. Clomiphene citrate
E. Metformin
F. Combination oral contraceptives
G. Insulin","১৭ বছর বয়সী মেয়ে তার মা তাকে ডাক্তারের কাছে নিয়ে এসেছেন অনিয়মিত মাসিক রক্তপাতের মূল্যায়নের জন্য। মাসিকগুলি ৬০- থেকে ৯০-দিনের অন্তর ঘটেছে যেহেতু মেনার্কে বয়সে ১২ বছর। তার শেষ মাসিক চার সপ্তাহ আগে ছিল। তিনি এক পুরুষ সঙ্গীর সঙ্গে যৌন সক্রিয় এবং তারা ধারাবাহিকভাবে কন্ডোম ব্যবহার করেন। তিনি জানান যে বর্তমানে তিনি সন্তান চাওয়ার ইচ্ছা নেই। তিনি ১৬৫ সেন্টিমিটার (৫ ফুট ৫ ইঞ্চি) লম্বা এবং ওজন ৮৫ কেজি (১৮৭ পাউন্ড); বিএমআই হল ৩১ কেজি/মি২। পরীক্ষায় কপালে ছড়িয়ে থাকা পুসটুল এবং তেলযুক্ত ত্বক দেখা যায়। চিন ও উপরের ঠোঁটে মোটা চুল রয়েছে। ফিঙ্গারস্টিক রক্ত গ্লুকোজ ঘনত্ব ১৯০ মিলিগ্রাম/ডেসিলিটার। মূত্র গর্ভধারণ পরীক্ষার ফলাফল নেতিবাচক। নিম্নলিখিতগুলির মধ্যে কোনটি সবচেয়ে উপযুক্ত ফার্মাকোথেরাপি?
A. লেট্রোজোল
B. ড্যানাজোল
C. লিউপ্রোলাইড
D. ক্লোমিফেন সিট্রেট
E. মেটফরমিন
F. কম্বিনেশন ওরাল কন্ট্রাসেপ্টিভস
G. ইনসুলিন",,,,,
R0071,"A mother brings her 3-year-old son to his pediatrician because he is having tantrums. The boy has no history of serious illness and is on track with developmental milestones. His mother recently returned to work 2 weeks ago. She explains that, since then, her son has had a tantrum roughly every other morning, usually when she is getting him dressed or dropping him off at daycare. He cries loudly for about 5 minutes, saying that he does not want to go to daycare while thrashing his arms and legs. According to the daycare staff, he is well-behaved during the day. In the evenings, he has tantrums about twice per week, typically when he is told he must finish his dinner or that it is time for bed. These tantrums have been occurring for about 6 months. The mother is concerned her son may have a behavioral disorder. Which of the following is the most likely cause of the boy's behavior?
A. Autism spectrum disorder
B. Conduct disorder
C. Normal development
D. Oppositional defiant disorder
E. Attention deficit hyperactivity disorder
F. Disruptive mood dysregulation disorder","একজন মা তার ৩ বছর বয়সী পুত্রকে শিশুরোগ বিশেষজ্ঞের কাছে নিয়ে যান কারণ সে ট্যান্ট্রাম করছে। ছেলেটির কোনো গুরুতর রোগের ইতিহাস নেই এবং বিকাশগত মাইলস্টোনে সঠিক পথে রয়েছে। তার মা সম্প্রতি ২ সপ্তাহ আগে কাজ ফিরে গেছেন। তিনি ব্যাখ্যা করেন যে, তখন থেকে, তার পুত্র প্রায় প্রতি অন্য সকালে একটি ট্যান্ট্রাম করে, সাধারণত যখন তিনি তাকে পোশাক পরাতে বা ডে-কেয়ারে নামিয়ে দেন। সে প্রায় ৫ মিনিট ধরে জোরে কাঁদে, বলে যে সে ডে-কেয়ার যেতে চায় না এবং তার হাত ও পা নাড়াচাড়া করে। ডে-কেয়ার কর্মীদের মতে, দিনভর সে ভাল আচরণ করে। সন্ধ্যায়, সে সপ্তাহে দুবার ট্যান্ট্রাম করে, সাধারণত যখন তাকে বলা হয় যে তাকে খাবার শেষ করতে হবে অথবা শোয়ার সময় হয়েছে। এই ট্যান্ট্রামগুলি প্রায় ৬ মাস ধরে ঘটছে। মা উদ্বিগ্ন যে তার পুত্রের কোনো আচরণগত ব্যাধি থাকতে পারে। নিম্নলিখিতগুলির মধ্যে কোনটি ছেলেটির আচরণের সবচেয়ে সম্ভাব্য কারণ?
A. অটিজম স্পেকট্রাম ডিসঅর্ডার
B. কন্ডাক্ট ডিসঅর্ডার
C. স্বাভাবিক বিকাশ
D. অপোজিশনাল ডিফিয়েন্ট ডিসঅর্ডার
E. অ্যাটেনশন ডেফিসিট হাইপারএক্টিভিটি ডিসঅর্ডার
F. ডিসরাপটিভ মুড ডিজরেগুলেশন ডিসঅর্ডার",,,,,
R0072,"A 60-year-old man comes to the emergency room for a persistent painful erection for the last 5 hours. He has a history of sickle cell trait, osteoarthritis, insomnia, social anxiety disorder, gout, type 2 diabetes mellitus, major depressive disorder, and hypertension. He drinks 1 can of beer daily, and smokes marijuana on the weekends. He takes propranolol, citalopram, trazodone, rasburicase, metformin, glyburide, lisinopril, and occasionally ibuprofen. He is alert and oriented but in acute distress. Temperature is 36.5°C(97.7°F), pulse is 105/min, and blood pressure is 145/95 mm Hg. Examination shows a rigid erection with no evidence of trauma, penile discharge, injection, or prosthesis. Which of the following is the most likely cause of his condition?
A. Trazodone
B. Marijuana use
C. Sickle cell trait
D. Citalopram
E. Propranolol","৬০ বছর বয়সী একজন পুরুষ জরুরি বিভাগে আসেন গত ৫ ঘন্টা ধরে অব্যাহত বেদনাদায়ক ইরেকশনের জন্য। তার সিকল সেল ট্রেইট, অস্টিওআর্থ্রাইটিস, ইনসমনিয়া, সামাজিক উদ্বেগ ব্যাধি, গেঁটে বাত, টাইপ ২ ডায়াবেটিস মেলিটাস, প্রধান বিষণ্ণতা ব্যাধি এবং উচ্চ রক্তচাপের ইতিহাস রয়েছে। তিনি প্রতিদিন ১ ক্যান বিয়ার পান করেন, এবং সপ্তাহান্তে মারিজুয়ানা ধূমপান করেন। তিনি প্রোপ্রানোলল, সিটালোপ্রাম, ট্রাজডোন, রাসবিউরিকেজ, মেটফরমিন, গ্লাইবুরাইড, লিসিনোপ্রিল গ্রহণ করেন এবং কখনও কখনও আইবুপ্রোফেন নেন। তিনি সতর্ক এবং দিশা জানেন কিন্তু তীব্র অস্বস্তিতে আছেন। তাপমাত্রা ৩৬.৫ ডিগ্রি সেলসিয়া (৯৭.৭ ডিগ্রি ফারেনহাইট), স্পন্দন হার ১০৫/মিনিট, রক্তচাপ ১৪৫/৯৫ মিমি পারদ। পরীক্ষায় দৃঢ় ইরেকশন দেখা যায় কোনো আঘাত, লিঙ্গ নিঃসরণ, ইনজেকশন বা প্রোস্থেসিসের চিহ্ন নেই। নিম্নলিখিতগুলির মধ্যে কোনটি তার অবস্থার সবচেয়ে সম্ভাব্য কারণ?
A. ট্রাজডোন
B. মারিজুয়ানা ব্যবহার
C. সিকল সেল ট্রেইট
D. সিটালোপ্রাম
E. প্রোপ্রানোলল",,,,,
R0077,"A 20-year-old primigravid woman comes to the physician in October for her first prenatal visit. She has delayed the visit because she wanted a “natural birth” but was recently convinced to get a checkup after feeling more tired than usual. She feels well. Menarche was at the age of 12 years and menses used to occur at regular 28-day intervals and last 3-7 days. The patient emigrated from Mexico 2 years ago. Her immunization records are unavailable. Pelvic examination shows a uterus consistent in size with a 28-week gestation. Laboratory studies show:
Hemoglobin 12.4 g/dL
Leukocyte count 8,000/mm3
Blood group B negative
Serum
Glucose 88 mg/dL
Creatinine 1.1 mg/dL
TSH 3.8 μU/mL
Rapid plasma reagin negative
HIV antibody negative
Hepatitis B surface antigen negative
Urinalysis shows no abnormalities. Urine culture is negative. Chlamydia and gonorrhea testing are negative. A Pap smear is normal. Administration of which of the following vaccines is most appropriate at this time?""
A. Influenza and hepatitis B
B. Tdap and influenza
C. Tdap and MMR
D. Varicella and Tdap
E. Haemophilus influenzae B and HPV
F. Tdap and HPV
G. Varicella and influenza
H. Hepatitis B and MMR
I. MMR, Haemophilus influenzae B, and varicella
J. Influenza only
K. Varicella and hepatitis B
L. H. influenzae B and influenza","২০ বছর বয়সী প্রাইমিগ্র্যাভিড নারী অক্টোবর মাসে তার প্রথম গর্ভকালীন পরিদর্শনে ডাক্তারের কাছে আসে। তিনি ভিজিটটি বিলম্বিত করেছিলেন কারণ তিনি “প্রাকৃতিক জন্ম” চান, তবে সাম্প্রতিককালে স্বাভাবিকের চেয়ে বেশি ক্লান্তি অনুভব করার পরে চেকআপে রাজি হন। তিনি ভালই বোধ করছেন। মেনার্কে বয়স ১২ বছর এবং মাসিকগুলো নিয়মিত ২৮-দিনের অন্তরালে ঘটত এবং ৩-৭ দিন স্থায়ী হতো। রোগী ২ বছর আগে মেক্সিকো থেকে অভিবাসন করেন। তার টিকা রেকর্ড পাওয়া যায় না। পেলভিক পরীক্ষায় দেখা গেল গর্ভাশয়টি ২৮-সপ্তাহের গর্ভধারণের আকারের সাথে সামঞ্জস্যপূর্ণ। ল্যাবরেটরি ফলাফল দেখায়:
হিমোগ্লোবিন ১২.৪ গ্রাম প্রতি ডেসিলিটার
লিউকোসাইট গণনা ৮,০০০/ঘন মিলিমিটার
রক্তের গ্রুপ বি নেগেটিভ
সিরাম
গ্লুকোজ ৮৮ মিলিগ্রাম প্রতি ডেসিলিটার
ক্রিয়াটিনিন ১.১ মিলিগ্রাম প্রতি ডেসিলিটার
টিএসএইচ ৩.৮ মাইক্রোইউনিট প্রতি মিলিলিটার
র‍্যাপিড প্লাজমা রেগেইন নেগেটিভ
এইচআইভি অ্যান্টিবডি নেগেটিভ
হেপাটাইটিস বি সারফেস অ্যান্টিজেন নেগেটিভ
মূত্র বিশ্লেষণে কোনো অস্বাভাবিকতা দেখা যায় না। মূত্র সংস্কৃতি নেগেটিভ। ক্ল্যামাইডিয়া এবং গনোরিয়া পরীক্ষাও নেগেটিভ। প্যাপ স্মেয়ার স্বাভাবিক। নিম্নলিখিত কোন টিকা এই সময়ে প্রদান করা সবচেয়ে উপযুক্ত?
A. ইনফ্লুয়েঞ্জা এবং হেপাটাইটিস বি
B. টিডিএপি এবং ইনফ্লুয়েঞ্জা
C. টিডিএপি এবং এমএমআর
D. ভ্যারিসেলা এবং টিডিএপি
E. হেমোফিলাস ইনফ্লুয়েঞ্জা বি এবং এইচপিভি
F. টিডিএপি এবং এইচপিভি
G. ভ্যারিসেলা এবং ইনফ্লুয়েঞ্জা
H. হেপাটাইটিস বি এবং এমএমআর
I. এমএমআর, হেমোফিলাস ইনফ্লুয়েঞ্জা বি, এবং ভ্যারিসেলা
J. শুধুমাত্র ইনফ্লুয়েঞ্জা
K. ভ্যারিসেলা এবং হেপাটাইটিস বি
L. হেমোফিলাস ইনফ্লুয়েঞ্জা বি এবং ইনফ্লুয়েঞ্জা",,,,,
R0078,"A 49-year-old man comes to the physician because he has had multiple falls and multiple episodes of dizziness over the past 6 weeks. There is no personal or family history of serious illness. He drinks one pint of rum daily. He works as a foreman in a factory that produces industrial solvents. He is alert and oriented to time, place, and person. His temperature is 36.7°C (98.1°F), pulse is 88/min, and blood pressure is 108/70 mm Hg. Examination shows a wide-based gait. The patient is unable to stand with his feet together without support. There is a coarse tremor of the hands when he is asked to grab a pen. Muscle strength and tone are normal in all extremities. Sensation to pain, vibration, and position is intact bilaterally. Rapid alternating movements of the hands is impaired. Mental status examination shows no abnormalities. Which of the following is the most likely cause of this patient's condition?
A. Korsakoff syndrome
B. Subacute combined degeneration
C. Methanol poisoning
D. Cerebellar degeneration
E. Wernicke's encephalopathy","৪৯ বছর বয়সী একজন পুরুষ রোগী ডাক্তারের কাছে আসেন কারণ গত ৬ সপ্তাহে তিনি বহুবার পড়ে গেছেন এবং ঘূর্ণিঝড়ের একাধিক পর্ব অনুভব করেছেন। গুরুতর কোনো অসুস্থতার ব্যক্তিগত বা পারিবারিক ইতিহাস নেই। তিনি দৈনিক এক পিন্ট রাম পান করেন। তিনি একটি কারখানায় ফোরম্যান হিসেবে কাজ করেন যা শিল্পীয় সলভেন্ট উৎপাদন করে। তিনি সতর্ক এবং সময়, স্থান ও ব্যক্তি সম্পর্কে সচেতন। তার তাপমাত্রা ৩৬.৭ ডিগ্রি সেলসিয়া (৯৮.১ ডিগ্রি ফারেনহাইট), পাল্স ৮৮/মিনিট, এবং রক্তচাপ ১০৮/৭০ মিমি পারদ। পরীক্ষায় প্রশস্ত ভিত্তিক গেট দেখা যায়। রোগী সমর্থন ছাড়া তার পা একসাথে রেখে দাঁড়াতে অক্ষম। যখন তাকে কলম ধরতে বলা হয় তখন হাতের মোটা কম্পন থাকে। সকল অঙ্গপ্রত্যঙ্গে পেশীর শক্তি ও টোন স্বাভাবিক। বাম-ডান দু'পাশেই ব্যথা, কম্পন এবং অবস্থানের অনুভূতি সঠিক। হাতের দ্রুত বিকল্পগত আন্দোলন দুর্বল। মানসিক অবস্থা পরীক্ষায় কোনো অস্বাভাবিকতা দেখা যায়নি। নিম্নলিখিতগুলির মধ্যে কোনটি এই রোগীর অবস্থার সবচেয়ে সম্ভাব্য কারণ?
A. কোরসাকফ সিনড্রোম
B. উপ-তীব্র সমবায় অবক্ষয়
C. মেথানল বিষক্রিয়া
D. সেরেবেলার অবক্ষয়
E. ওয়ার্নিকের এনসেফালোপ্যাথি",,,,,
R0083,"A 14-year-old girl is brought to the physician because of a 1-week history of fever, malaise, and chest pain. She describes the pain as 6 out of 10 in intensity and that it is more severe if she takes a deep breath. The pain is centrally located in the chest and does not radiate. Three weeks ago, she had a sore throat that resolved without treatment. She has no personal history of serious illness. She appears ill. Her temperature is 38.7°C (101.7°F). Examination shows several subcutaneous nodules on the elbows and wrist bilaterally. Breath sounds are normal. A soft early systolic murmur is heard best at the apex in the left lateral position. Abdominal examination is unremarkable. Laboratory studies show:
Hemoglobin 12.6 g/dL
Leukocyte count 12,300/mm3
Platelet count 230,000/mm3
Erythrocyte sedimentation rate 40 mm/hr
Serum
Antistreptolysin O titer 327 U/mL (N < 200 U/mL)
She is treated with aspirin and penicillin and her symptoms resolve. An echocardiography of the heart done 14 days later shows no abnormalities. Which of the following is the most appropriate next step in management?""
A. Intramuscular benzathine penicillin every 4 weeks for 10 years
B. Low-dose prednisone therapy for a month
C. Oral penicillin V before dental procedures
D. Intramuscular benzathine penicillin every 4 weeks until the age of 40
E. Intramuscular benzathine penicillin every 4 weeks until the age of 21
F. Intramuscular benzathine penicillin every 4 weeks for 5 years","১৪ বছর বয়সী একটি মেয়ে ডাক্তারকে নিয়ে আনা হয়েছে কারণ এক সপ্তাহের জ্বর, অস্বস্তি এবং বুকের ব্যথার ইতিহাস রয়েছে। তিনি ব্যথাটিকে তীব্রতায় দশের মধ্যে ছয় বলে বর্ণনা করেন এবং এটি গভীর শ্বাস নিলে আরও তীব্র হয়। ব্যথা বুকের কেন্দ্রে অবস্থিত এবং তা বিস্তার করে না। তিন সপ্তাহ আগে, তিনি গলা ব্যথা পেয়েছিলেন যা কোনো চিকিৎসা ছাড়াই সেরে গিয়েছিল। তার কোনও গুরুতর রোগের ব্যক্তিগত ইতিহাস নেই। তিনি অসুস্থ দেখাচ্ছেন। তার তাপমাত্রা ৩৮.৭ ডিগ্রি সেলসিয়াস (১০১.৭ ডিগ্রি ফারেনহাইট)। পরীক্ষায় উভয় কনুই এবং কব্জিতে বেশ কয়েকটি ত্বকের নিচের গাঁট দেখা যায়। শ্বাসের শব্দ স্বাভাবিক। বাম পাশের পার্শ্ব অবস্থায় শীর্ষে একটি নরম প্রারম্ভিক সিস্টোলিক মর্মর সর্বোচ্চ শোনা যায়। পেটের পরীক্ষা অস্বাভাবিক নয়। ল্যাবরেটরি পরীক্ষায় দেখা গেছে:
হিমোগ্লোবিন ১২.৬ গ্রাম/ডেসিলিটার
সাদা রক্তকণিকা সংখ্যা ১২,৩০০/ঘন মিলিমিটার
প্লেটলেট গণনা ২৩০,০০০/ঘন মিলিমিটার
ইরিথ্রোসাইট সেডিমেন্টেশন হার ৪০ মিমি/ঘণ্টা
সিরাম অ্যান্টিস্ট্রেপটোলাইসিন ও টিটার ৩২৭ ইউনিট/মিলিলিটার (স্বাভাবিক < ২০০ ইউনিট/মিলিলিটার)
তাকে এস্পিরিন এবং পেনিসিলিন দিয়ে চিকিৎসা করা হয় এবং তার উপসর্গগুলি সেরে যায়। ১৪ দিন পরে হৃদয়ের ইকোকার্ডিওগ্রাফি করা হলে কোনো অস্বাভাবিকতা দেখা যায় না। নিম্নলিখিতগুলির মধ্যে কোনটি ব্যবস্থাপনার সর্বাধিক উপযুক্ত পরবর্তী ধাপ?
A. ইন্ট্রামাসকুলার বেনজাথিন পেনিসিলিন প্রতি ৪ সপ্তাহে ১০ বছর পর্যন্ত
B. কম ডোজ প্রেডনিসোন থেরাপি এক মাসের জন্য
C. মৌখিক পেনিসিলিন ভি দন্তচিকিৎসার আগে
D. ইন্ট্রামাসকুলার বেনজাথিন পেনিসিলিন প্রতি ৪ সপ্তাহে বয়সের ৪০ বছর পর্যন্ত
E. ইন্ট্রামাসকুলার বেনজাথিন পেনিসিলিন প্রতি ৪ সপ্তাহে বয়সের ২১ বছর পর্যন্ত
F. ইন্ট্রামাসকুলার বেনজাথিন পেনিসিলিন প্রতি ৪ সপ্তাহে ৫ বছর পর্যন্ত",,,,,
R0085,"A 20-year-old college student comes to the physician because she has been extremely sad for the past 3 weeks and has to cry constantly. Three weeks ago, her boyfriend left her after they were together for 4 years. She has no appetite and has had a 2.3-kg (5.1-lb) weight loss. She has missed several classes because she could not stop crying or get out of bed. She thinks about her ex-boyfriend all the time. She says that she experienced similar symptoms for about 2 months after previous relationships ended. The patient is 158 cm (5 ft 2 in) tall and weighs 45 kg (100 lb); BMI is 18 kg/m2. Her temperature is 36.1°C (97°F), pulse is 65/min, and blood pressure is 110/60 mm Hg. Physical examination shows no abnormalities. On mental status examination she appears sad and cries easily. Which of the following is the most likely diagnosis?
A. Borderline personality disorder
B. Bereavement
C. Adjustment disorder with depressed mood
D. Persistent depressive disorder
E. Major depressive disorder
F. Acute stress disorder
G. Anorexia nervosa","একজন ২০ বছর বয়সী কলেজ শিক্ষার্থী চিকিৎসকের কাছে আসে কারণ তিনি গত ৩ সপ্তাহ ধরে অত্যন্ত দুঃখিত এবং ক্রমাগত কাঁদতে হয়। ৩ সপ্তাহ আগে, তার বয়ফ্রেন্ড তাকে ছেড়ে গেল যখন তারা একসাথে ছিল ৪ বছর। তার কোনো ক্ষুধা নেই এবং তিনি ২.৩ কেজি (৫.১ পাউন্ড) ওজন কমিয়েছেন। তিনি বেশ কয়েকটি ক্লাস মিস করেছেন কারণ তিনি কাঁদা থামাতে পারেননি অথবা বিছানা থেকে উঠতে পারেননি। তিনি সব সময় তার প্রাক্তন বয়ফ্রেন্ডের কথা ভাবেন। তিনি বলেন যে পূর্ববর্তী সম্পর্ক শেষ হওয়ার পর তিনি প্রায় ২ মাস ধরে একই রকম উপসর্গ অনুভব করেছেন। রোগীর উচ্চতা ১৫৮ সেন্টিমিটার (৫ ফুট ২ ইঞ্চি) এবং ওজন ৪৫ কেজি (১০০ পাউন্ড); বিএমআই হল ১৮ কেজি/মি2। তার তাপমাত্রা ৩৬.১ ডিগ্রি সেলসিয়া (৯৭ ডিগ্রি ফারেনহাইট), পাল্স প্রতি মিনিটে ৬৫, এবং রক্তচাপ ১১০/৬০ মিমি পারদ। শারীরিক পরীক্ষায় কোনো অস্বাভাবিকতা দেখা যায় না। মানসিক অবস্থা পরীক্ষা করার সময় তিনি দুঃখিত দেখাচ্ছেন এবং সহজে কাঁদেন। নিম্নলিখিতগুলির মধ্যে কোনটি সবচেয়ে সম্ভাব্য নির্ণয়?
A. বর্ডারলাইন পার্সোনালিটি ডিসঅর্ডার
B. শোক
C. ডিপ্রেসিভ মুড সহ অ্যাডজাস্টমেন্ট ডিসঅর্ডার
D. ধারাবাহিক ডিপ্রেসিভ ডিজঅর্ডার
E. মেজর ডিপ্রেসিভ ডিসঅর্ডার
F. তীব্র স্ট্রেস ডিসঅর্ডার
G. অনোরেক্সিয়া নার্ভোসা",,,,,
R0087,"A 68-year-old man comes to the physician for a routine health maintenance examination. His wife has noticed that his left eye looks smaller than his right eye. He has had left shoulder and arm pain for 3 months. He has hypertension and coronary artery disease. Current medications include enalapril, metoprolol, aspirin, and atorvastatin. His medical history is significant for gonorrhea, for which he was treated in his 30's. He has smoked two packs of cigarettes daily for 35 years. He does not drink alcohol. His temperature is 37°C (98.6°F), pulse is 71/min, and blood pressure is 126/84 mm Hg. The pupils are unequal; when measured in dim light, the left pupil is 3 mm and the right pupil is 5 mm. There is drooping of the left eyelid. The remainder of the examination shows no abnormalities. Application of apraclonidine drops in both eyes results in a left pupil size of 5 mm and a right pupil size of 4 mm. Which of the following is the most appropriate next step in management?
A. Applanation tonometry
B. Erythrocyte sedimentation rate
C. Rapid plasma reagin
D. CT scan of the chest
E. Anti-acetylcholine receptor antibodies","একজন ৬৮ বছর বয়সী পুরুষ রুটিন স্বাস্থ্য রক্ষণাবেক্ষণ পরীক্ষার জন্য ডাক্তারের কাছে আসে। তার স্ত্রী লক্ষ্য করেছেন যে তার বাম চোখ ডান চোখের তুলনায় ছোট দেখাচ্ছে। তিনি গত ৩ মাস ধরে বাম কাঁধ এবং বাহুর ব্যথা অনুভব করছেন। তার উচ্চ রক্তচাপ এবং করোনারি আর্টেরি রোগ রয়েছে। বর্তমান ওষুধগুলোর মধ্যে আছে এনালাপ্রিল, মেটোপ্রোলল, অ্যাসপিরিন, এবং এটরভাস্টাটিন। তার চিকিৎসা ইতিহাসে গনোরিয়া উল্লেখযোগ্য, যার জন্য তিনি ৩০'এর দশকে চিকিৎসা গ্রহণ করেছিলেন। তিনি প্রতি দিন দুই প্যাকেট সিগারেট ধূমপান করেছেন গত ৩৫ বছর ধরে। তিনি অ্যালকোহল পান করেন না। তার তাপমাত্রা ৩৭ ডিগ্রি সেলসিয়া (৯৮.৬ ডিগ্রি ফারেনহাইট), পাল্স ৭১/মিনিট, এবং রক্তচাপ ১২৬/৮৪ মিমি পারদ। কর্ননি অসমান; অন্ধকার আলোতে মাপা হলে বাম কর্ননি ৩ মিলিমিটার এবং ডান কর্ননি ৫ মিলিমিটার। বাম পলকে ঝুলে যাওয়া দেখা যায়। পরীক্ষার বাকি অংশে কোনো অস্বাভাবিকতা পাওয়া যায়নি। উভয় চোখে অ্যাপ্রাক্লোনিডিন ড্রপ প্রয়োগের ফলে বাম কর্ননির আকার ৫ মিলিমিটার এবং ডান কর্ননির আকার ৪ মিলিমিটার হয়। নিচের কোনটি ব্যবস্থাপনার সর্বোত্তম পরবর্তী ধাপ হবে?
A. অ্যাপ্লেশন টোনোমেট্রি
B. ইরিথ্রোসাইট সেডিমেন্টেশন রেট
C. র‍্যাপিড প্লাজমা রেগেইন
D. বুকে সিটি স্ক্যান
E. অ্যান্টি-অ্যাসেটাইলকোলিন রিসেপ্টর অ্যান্টিবডি",,,,,
R0088,"A 17-year-old high school student comes to the physician because of a 6-month history of insomnia. On school nights, he goes to bed around 11 p.m. but has had persistent problems falling asleep and instead studies at his desk until he feels sleepy around 2 a.m. He does not wake up in the middle of the night. He is worried that he does not get enough sleep. He has significant difficulties waking up on weekdays and has repeatedly been late to school. At school, he experiences daytime sleepiness and drinks 1-2 cups of coffee in the mornings. He tries to avoid daytime naps. On the weekends, he goes to bed around 2 a.m. and sleeps in until 10 a.m., after which he feels rested. He has no history of severe illness and does not take medication. Which of the following most likely explains this patient's sleep disorder?
A. Delayed sleep-wake disorder
B. Psychophysiologic insomnia
C. Advanced sleep-wake disorder
D. Irregular sleep-wake disorder
E. Non-24 h sleep-wake disorder
F. Inadequate sleep hygiene","১৭ বছর বয়সী একটি হাই স্কুলের ছাত্র রোগীর কাছে আসেন কারণ তিনি গত ৬ মাস ধরে অনিদ্রা ভোগ করছেন। বিদ্যালয়ের রাতগুলোতে, তিনি প্রায় রাত ১১ টায় শোবার ঘরে যান কিন্তু ঘুমিয়ে পড়তে ধারাবাহিক সমস্যার সম্মুখীন হন এবং পরিবর্তে তার ডেস্কে অধ্যয়ন করেন যতক্ষণ না তিনি সকাল ২ টায় ঘুমের অনুভূতি পান। তিনি রাতে মাঝখানে জাগেন না। তিনি উদ্বিগ্ন যে তিনি পর্যাপ্ত নিদ্রা পাচ্ছেন না। সপ্তাহের দিনগুলোতে তিনি জেগে ওঠায় উল্লেখযোগ্য কঠিনতা অনুভব করেন এবং বারবার স্কুলে দেরি করে আসেন। বিদ্যালয়ে, তিনি দিনের সময় ঘুমঘুমানি অনুভব করেন এবং সকালে ১-২ কাপ কফি পান করেন। তিনি দিনের ন্যাপ এড়ানোর চেষ্টা করেন। সপ্তাহান্তে, তিনি প্রায় সকাল ২ টায় শোবার ঘরে যান এবং রাত ১০ টা পর্যন্ত ঘুমিয়ে থাকেন, যার পরে তিনি বিশ্রামপ্রাপ্ত বোধ করেন। তার কোনো গুরুতর রোগের ইতিহাস নেই এবং তিনি কোনও ওষুধ গ্রহণ করেন না। নিম্নলিখিত কোনটি সবচেয়ে সম্ভাব্যভাবে এই রোগীর নিদ্রা ব্যাধি ব্যাখ্যা করে?
A. বিলম্বিত নিদ্রা-জাগরণ ব্যাধি
B. মনস্তাত্ত্বিক-শারীরবৃত্তীয় অনিদ্রা
C. অগ্রিম নিদ্রা-জাগরণ ব্যাধি
D. অনিয়মিত নিদ্রা-জাগরণ ব্যাধি
E. ২৪ ঘণ্টা নয় এমন নিদ্রা-জাগরণ ব্যাধি
F. অনুপযুক্ত নিদ্রা স্বাস্থ্যবিধি",,,,,
R0089,"A 21-year-old college student comes to the physician for intermittent palpitations. She does not have chest pain or shortness of breath. The symptoms started 2 days ago, on the night after she came back to her dormitory after a 4-hour-long bus trip from home. A day ago, she went to a party with friends. The palpitations have gotten worse since then and occur more frequently. The patient has smoked 5 cigarettes daily for the past 3 years. She drinks 4-6 alcoholic beverages with friends once or twice a week and occasionally uses marijuana. She is sexually active with her boyfriend and takes oral contraceptive pills. She does not appear distressed. Her pulse is 100/min and irregular, blood pressure is 140/85 mm Hg, and respirations are at 25/min. Physical examination shows a fine tremor in both hands, warm extremities, and swollen lower legs. The lungs are clear to auscultation. An ECG is shown below. Which of the following is the most appropriate next step in management?
A. Measure TSH levels
B. Observe and wait
C. Administer intravenous adenosine
D. Measure D-Dimer levels
E. Administer subcutaneous enoxaparin
F. Send urine toxicology","একজন ২১ বছর বয়সী কলেজ শিক্ষার্থী ইন্টারমিটেন্ট পাল্পিটেশন নিয়ে ডাক্তারের কাছে আসেন। তিনি বুকের ব্যথা বা শ্বাসকষ্ট অনুভব করছেন না। লক্ষণগুলি শুরু হয়েছে ২ দিন আগে, সেই রাতে যখন তিনি বাড়ি থেকে ৪-ঘণ্টা-দীর্ঘ বাস যাত্রার পর তার ডরমিটরিতে ফিরে এসেছিলেন। ১ দিন আগে, তিনি বন্ধুদের সঙ্গে একটি পার্টিতে গিয়েছিলেন। তখন থেকে পাল্পিটেশনগুলো আরও খারাপ হয়েছে এবং বেশি ঘন ঘন ঘটছে। রোগী গত ৩ বছর ধরে প্রতিদিন ৫ সিগারেট ধূমপান করেন। তিনি সপ্তাহে এক বা দুই বার বন্ধুদের সঙ্গে ৪-৬ অ্যালকোহলিক পানীয় পান করেন এবং মাঝে মাঝে মারিজুয়ানা ব্যবহার করেন। তিনি তার বয়ফ্রেন্ডের সঙ্গে যৌন সক্রিয় এবং ওরাল কন্ট্রাসেপ্টিভ পিল গ্রহণ করেন। তিনি উদ্বিগ্ন দেখাচ্ছেন না। তাঁর পালস ১০০/মিনিট এবং অনিয়মিত, রক্তচাপ ১৪০/৮৫ মিমি পারদ, এবং শ্বাসের হার ২৫/মিনিট। শারীরিক পরীক্ষায় উভয় হাতে সূক্ষ্ম কম্পন, গরম অঙ্গপ্রান্তি এবং ফোলা নিম্ন পা দেখা যায়। শ্বাসযন্ত্রের শব্দ শুনতে পরিষ্কার। নিচে একটি ইসিজি দেখানো হয়েছে। নিম্নলিখিতগুলির মধ্যে কোনটি ব্যবস্থাপনার সর্বোত্তম পরবর্তী ধাপ?
A. টিএসএইচ স্তর পরিমাপ করুন
B. পর্যবেক্ষণ এবং অপেক্ষা করুন
C. শিরাপথে অ্যাডেনোসিন দিন
D. ডি-ডাইমার স্তর পরিমাপ করুন
E. সাবকিউটেনিয়াসে এনোক্সাপ্যারিন দিন
F. ইউরিন টক্সিকোলজি পাঠান",,,,,
R0091,"An 8-year old boy is brought to the emergency department because he has been lethargic and has had several episodes of nausea and vomiting for the past day. He has also had increased thirst over the past two months. He has lost 5.4 kg (11.9 lbs) during this time. He is otherwise healthy and has no history of serious illness. His temperature is 37.5 °C (99.5 °F), blood pressure is 95/68 mm Hg, pulse is 110/min, and respirations are 30/min. He is somnolent and slightly confused. His mucous membranes are dry. Laboratory studies show:
Hemoglobin 16.2 g/dL
Leukocyte count 9,500/mm3
Platelet count 380,000/mm3
Serum
Na+ 130 mEq/L
K+ 5.5 mEq/L
Cl- 99 mEq/L
HCO3- 16 mEq/L
Creatinine 1.2 mg/dL
Glucose 570 mg/dL
Ketones positive
Blood gases, arterial
pH 7.25
pCO2 21 mm Hg
Which of the following is the most appropriate next step in management?""
A. Intravenous hydration with 0.9% normal saline and insulin
B. Intravenous hydration with 5% dextrose solution and 0.45% normal saline
C. Intravenous hydration with 0.45% normal saline and insulin
D. Intravenous hydration with 0.9% normal saline and potassium chloride
E. Intravenous hydration with 5% dextrose solution and potassium chloride
F. Intravenous insulin therapy
G. Intravenous sodium bicarbonate
""","৮ বছর বয়সী একটি ছেলে জরুরি বিভাগে আনা হয়েছে কারণ সে অলস হয়ে আছে এবং গত একদিন ধরে বহুবার বমি ও বমিভাবের এপিসোড হয়েছে। তিনি অতিরিক্ত তৃষ্ণা অনুভব করছেন গত দুই মাসে। এই সময়ে তিনি ৫.৪ কেজি (১১.৯ পাউন্ড) ওজন কমিয়েছেন। অন্যথায় তিনি সুস্থ এবং কোনো গুরুতর রোগের ইতিহাস নেই। তার শারীরিক তাপমাত্রা ৩৭.৫ ডিগ্রি সেলসিয়াস (৯৯.৫ ডিগ্রি ফারেনহাইট), রক্তচাপ ৯৫/৬৮ মিমি পারদ, পাল্স ১১০ প্রতি মিনিট এবং শ্বাসপ্রশ্বাসের হার ৩০ প্রতি মিনিট। তিনি নিদ্রালু ও সামান্য বিভ্রান্ত। তার মুখগহ্বরের ঝিল্লি শুকনো। ল্যাবরেটরি ফলাফল দেখায়:
হিমোগ্লোবিন ১৬.২ গ্রাম/ডেসিলিটার
লিউকোসাইট গণনা ৯,৫০০/ঘন মিলিমিটার
প্লেটলেট গণনা ৩৮০,০০০/ঘন মিলিমিটার
সেরাম
সোডিয়াম ১৩০ মিলিইকুইভ্যালেন্ট/লিটার
পটাশিয়াম ৫.৫ মিলিইকুইভ্যালেন্ট/লিটার
ক্লোরাইড ৯৯ মিলিইকুইভ্যালেন্ট/লিটার
বাইকার্বনেট ১৬ মিলিইকুইভ্যালেন্ট/লিটার
ক্রিয়াটিনিন ১.২ মিলিগ্রাম/ডেসিলিটার
গ্লুকোজ ৫৭০ মিলিগ্রাম/ডেসিলিটার
কেটোনস পজিটিভ
ধমনীর রক্ত গ্যাস, ধমনী
পিএইচ ৭.২৫
ধমনীর কার্বন ডাই-অক্সাইড চাপ ২১ মিমি পারদ
উপরের কোনটি সর্বোত্তম পরবর্তী ব্যবস্থাপনা পদক্ষেপ?
A. শিরাপথে হাইড্রেশন ০.৯% নরম লবণ এবং ইনসুলিন
B. শিরাপথে হাইড্রেশন ৫% ডেক্সট্রোজ সলিউশন এবং ০.৪৫% নরম লবণ
C. শিরাপথে হাইড্রেশন ০.৪৫% নরম লবণ এবং ইনসুলিন
D. শিরাপথে হাইড্রেশন ০.৯% নরম লবণ এবং পটাশিয়াম ক্লোরাইড
E. শিরাপথে হাইড্রেশন ৫% ডেক্সট্রোজ সলিউশন এবং পটাশিয়াম ক্লোরাইড
F. শিরাপথে ইনসুলিন থেরাপি
G. শিরাপথে সোডিয়াম বায়কার্বোনেট",,,,,
R0092,"A 60-year-old man comes to the physician because of recurrent nose bleeds that occur with light trauma or at random times during the day. Over the past 6 months, the patient has felt weak and fatigued and has had a 10-kg (22-lb) weight loss. He has poor appetite and describes abdominal discomfort. He does not have night sweats. His pulse is 72/min, blood pressure is 130/70 mm Hg, and his temperature is 37.5°C (99.5°F). The spleen is palpated 10 cm below the left costal margin. Multiple bruises are noted on both upper extremities. Laboratory studies show.
Hemoglobin 9.8 g/dL
Hematocrit 29.9%
Leukocyte count 4,500/mm3
Neutrophils 30%
Platelet count 74,000/mm3
Serum
Lactate dehydrogenase 410 IU/L
A peripheral blood smear detects tartrate-resistant acid phosphatase activity. Which of the following is the most appropriate initial treatment for this patient?""
A. Transfusion of packed red blood cells
B. Cyclophosphamide
C. Transfusion of platelets
D. Rituximab
E. Melphalan
F. Cladribine","একজন ৬০ বছর বয়সী পুরুষ হালকা আঘাতের সঙ্গে বা দিনের মধ্যে যেকোনো সময়ে ঘটিত পুনরাবৃত্ত নাক থেকে রক্তপাতের কারণে ডাক্তারের কাছে আসেন। গত ৬ মাসে রোগী দুর্বল ও ক্লান্ত অনুভব করেছেন এবং ১০ কেজি (২২ পাউন্ড) ওজন হ্রাস হয়েছে। তার ক্ষুধা কম এবং তিনি পেটের অস্বস্তি বর্ণনা করেন। তিনি রাতের ঘাম পান না। তার পালস ৭২/মিনিট, রক্তচাপ ১৩০/৭০ মিমি পারদ, এবং তার তাপমাত্রা ৩৭.৫ ডিগ্রি সেলসিয়াস (৯৯.৫ ডিগ্রি ফারেনহাইট)। স্প্লিন বাম কস্টাল মার্জিনের নিচে ১০ সেন্টিমিটার দূরে স্পর্শ করা হয়। উভয় উপরের অঙ্গগুলিতে একাধিক নীলচে দাগ দেখা যায়। ল্যাবরেটরি স্টাডি দেখায়:
হিমোগ্লোবিন ৯.৮ গ্রাম/ডেসিলিটার
হেমাটোক্রিট ২৯.৯%
লিউকোসাইট গণনা ৪,৫০০/ঘন মিলিমিটার
নিউট্রোফিল ৩০%
প্লেটলেট গণনা ৭৪,০০০/ঘন মিলিমিটার
সিরাম
ল্যাক্টেট ডিহাইড্রোজেনেজ ৪১০ আইইউ/লিটার
একটি পার্শ্বিক রক্তের স্মিয়ার ট্যারেট-রেসিস্ট্যান্ট অ্যাসিড ফসফাটেজ কার্যকলাপ সনাক্ত করে। নিম্নলিখিতগুলির মধ্যে কোনটি এই রোগীর জন্য সর্বোত্তম প্রাথমিক চিকিৎসা হবে?
A. প্যাকড লাল রক্তকণিকার ট্রান্সফিউশন
B. সাইক্লোফসফামাইড
C. প্লেটলেটের ট্রান্সফিউশন
D. রিটুক্সিম্যাব
E. মেলফালান
F. ক্লাড্রিবিন",,,,,
R0093,"A 28-year-old woman, gravida 2, para 1, at 14 weeks' gestation, comes to the physician with a 3-day history of abnormal vaginal discharge. She has not had fever, chills, or abdominal pain. One week ago, her 2-year-old daughter had a urinary tract infection that quickly resolved after antibiotic therapy. The patient reports that she is sexually active with one male partner and they do not use condoms. Vital signs are within normal limits. Pelvic examination shows an inflamed and friable cervix. There is mucopurulent, foul-smelling discharge from the cervical os. There is no uterine or cervical motion tenderness. Vaginal pH measurement shows a pH of 3.5. Which of the following is the most appropriate initial step in management?
A. Wet mount preparation
B. Amine test
C. Urine analysis and culture
D. Nucleic acid amplification test
E. Potassium hydroxide preparation","২৮ বছর বয়সী এক নারী, গ্র্যাভিডা ২, প্যারা ১, ১৪ সপ্তাহের গর্ভধারণে, অস্বাভাবিক যোনি নিঃসরণ সম্পর্কিত ৩-দিনের ইতিহাস নিয়ে চিকিৎসকের কাছে আসেন। তার জ্বর, কম্পন অথবা পেটের ব্যথা নেই। ১ সপ্তাহ আগে, তার ২-বছরের মেয়ে একটি মূত্রনালী সংক্রমণ ছিল যা অ্যান্টিবায়োটিক থেরাপি পরে দ্রুত সেরে গিয়েছিল। রোগী জানান যে তিনি এক পুরুষ সঙ্গীর সঙ্গে যৌন সক্রিয় এবং তারা কন্ডোম ব্যবহার করেন না। জীবনীয় চিহ্নগুলি স্বাভাবিক সীমার মধ্যে রয়েছে। পেলভিক পরীক্ষা দেখায় একটি প্রদাহিত ও নাজুক সার্ভিক্স। সার্ভিক্যাল অস্ক থেকে মিউকোপুরুলেন্ট, দুর্গন্ধযুক্ত নিঃসরণ রয়েছে। গর্ভাশয় অথবা সার্ভিক্সে মোশন টেনডারনেস নেই। যোনি পিএইচ মাপা ফলাফল দেখায় পিএইচ মান ৩.৫। নিম্নলিখিতগুলির মধ্যে কোনটি ব্যবস্থাপনায় সর্বাধিক উপযুক্ত প্রাথমিক পদক্ষেপ হবে?
A. ওয়েট মাউন্ট প্রস্তুতি
B. অ্যামিন টেস্ট
C. মূত্র বিশ্লেষণ এবং কালচার
D. নিউক্লিক অ্যাসিড অ্যমপ্লিফিকেশন টেস্ট
E. পটাশিয়াম হাইড্রোক্সাইড প্রস্তুতি",,,,,
R0098,"A 28-year-old research assistant is brought to the emergency department for severe chemical burns 30 minutes after accidentally spilling hydrochloric acid on himself. The burns cover both hands and forearms. His temperature is 37°C (98.6°F), pulse is 112/min, respirations are 20/min, and blood pressure is 108/82 mm Hg. Initial stabilization and resuscitation is begun, including respiratory support, fluid resuscitation, and cardiovascular stabilization. The burned skin is irrigated with saline water to remove the chemical agent. Which of the following is the most appropriate method to verify adequate fluid infusion in this patient?
A. Heart rate
B. The Parkland formula
C. The Holliday-Segar formula
D. Blood pressure
E. Pulmonary capillary wedge pressure
F. Central venous pressure
G. Urinary output
""","২৮ বছর বয়সী একটি গবেষণা সহকারীকে জরুরি বিভাগে আনা হয়েছে তীব্র রাসায়নিক পুড়ে যাওয়ার জন্য, যেটি ঘটেছে হাইড্রোক্লোরিক অ্যাসিড নিজেই ছিটিয়ে ফেলার পর ৩০ মিনিটে। পোড়া অংশ উভয় হাত ও কনুই পর্যন্ত বাহুকে জড়িয়ে আছে। তার শরীরের তাপমাত্রা ৩৭ ডিগ্রি সেলসিয়া (৯৮.৬ ডিগ্রি ফারেনহাইট), পালস ১১২/মিনিট, শ্বাসপ্রশ্বাস ২০/মিনিট, এবং রক্তচাপ ১০৮/৮২ মিমি পারদ। প্রাথমিক স্থিতিশীলতা ও পুনরুজ্জীবন শুরু করা হয়েছে, যার মধ্যে শ্বাসযন্ত্রের সহায়তা, তরল পুনরুজ্জীবন, এবং হৃদ্‌-রক্তবাহী সিস্টেমের স্থিতিশীলতা অন্তর্ভুক্ত। পোড়া ত্বককে লবণাক্ত পানির মাধ্যমে ধোয়া হয় রাসায়নিক পদার্থটি সরাতে। নিম্নলিখিতগুলোর মধ্যে কোন পদ্ধতি এই রোগীর যথাযথ তরল ইনফিউশন যাচাই করার জন্য সবচেয়ে উপযুক্ত?
A. হৃৎস্পন্দন
B. পার্কল্যান্ড সূত্র
C. হোলিডে-সেগার সূত্র
D. রক্তচাপ
E. ফুসফুসের ক্যাপিলারি উইজ চাপ
F. কেন্দ্রীয় শিরা চাপ
G. মূত্র নিঃসরণ",,,,,
R0099,"A 9-year-old boy is brought to the physician for a well-child examination. His mother says his teachers report him being easily distracted, lagging behind his classmates in most of the subjects, and frequently falling asleep during class. She says that her son has complained of leg pain on multiple occasions. He is at the 45th percentile for height and 35th percentile for weight. Vital signs are within normal limits. Examination shows ptosis and a high-arched palate. Muscle strength is decreased in the face and hands. Muscle strength of the quadriceps and hamstrings is normal. Sensation is intact. Percussion of the thenar eminence causes the thumb to abduct and then relax slowly. Which of the following is the most likely diagnosis?
A. Becker muscular dystrophy
B. Hyperkalemic periodic paralysis
C. Spinal muscular atrophy
D. McArdle disease
E. Myotonic dystrophy
F. Juvenile dermatomyositis
G. Duchenne muscular dystrophy
""","৯ বছর বয়সী একটি ছেলে সুস্থ শিশু পরীক্ষার জন্য ডাক্তারের কাছে আনা হয়েছে। তার মা বলেন যে শিক্ষকরা জানান তিনি সহজে মনোযোগ হারান, অধিকাংশ বিষয়ের মধ্যে সহপাঠীদের তুলনায় পিছিয়ে থাকেন এবং ক্লাসের সময় প্রায়ই ঘুমিয়ে পড়েন। তিনি আরও বলেন যে তাঁর পুত্র বহুবার পা ব্যথার অভিযোগ করেছেন। তার উচ্চতা ৪৫তম পার্সেন্টাইল এবং ওজন ৩৫তম পার্সেন্টাইল। জীবনচিহ্ন স্বাভাবিক সীমার মধ্যে রয়েছে। পরীক্ষায় পটোসিস এবং উঁচু বাঁকানো গর্ভশিরা দেখা যায়। মুখ ও হাতে পেশীর শক্তি কমে গেছে। কোয়াড্রিসেপস এবং হ্যামস্ট্রিংসের পেশীর শক্তি স্বাভাবিক। সংবেদনশীলতা অক্ষত রয়েছে। থেনার উঁচু অংশে আঘাত দিলে বড় আঙুল বাহিরের দিকে সরে যায় এবং তারপর ধীরে ধীরে শিথিল হয়। নিম্নলিখিতগুলোর মধ্যে কোনটি সবচেয়ে সম্ভাব্য নির্ণয়?
A. বেকার মাসকুলার ডিসট্রোফি
B. উচ্চ-পটাশিয়ামীয় পর্যায়ক্রমিক পক্ষাঘাত
C. স্পাইনাল মাসকুলার অ্যাট্রফি
D. ম্যাকআর্ডল রোগ
E. মায়োটনিক ডিসট্রোফি
F. যুবক ডার্মাটোমায়োসাইটিস
G. ডুচেন্নে মাসকুলার ডিসট্রোফি",,,,,
R0101,"A 66-year-old white man comes to the physician because of a 10-day history of fatigue and lower leg swelling. Over the past 6 months, he has had a 3.6-kg (8-lb) weight loss. He has chronic bronchitis and uses an albuterol inhaler as needed. He has smoked one pack of cigarettes daily for 44 years and drinks one alcoholic beverage daily. His temperature is 37°C (98.6°F), pulse is 88/min, and blood pressure is 120/75 mm Hg. He appears thin. Examination shows 2+ pretibial edema bilaterally. Cardiopulmonary examination shows no abnormalities. Laboratory studies show:
Hemoglobin 11.2 g/dL
Leukocyte count 8500/mm3
Platelet count 130,000/mm3
Serum
Urea nitrogen 23 mg/dL
Glucose 77 mg/dL
Creatinine 1.6 mg/dL
Albumin 1.8 mg/dL
Total cholesterol 475 mg/dL
Urine
Blood negative
Glucose negative
Protein 4+
WBC 0-1/hpf
Fatty casts numerous
An x-ray of the chest shows a right upper lobe density. A CT scan of the chest shows a 2.5 x 3.5 x 2-cm right upper lobe mass. Which of the following is the most likely diagnosis?""
A. Focal segmental glomerulosclerosis
B. IgA nephropathy
C. Membranoproliferative glomerulonephritis
D. Granulomatosis with polyangiitis
E. Membranous nephropathy
F. Rapidly progressive glomerulonephritis
G. Thin basement membrane disease
""","৬৬ বছর বয়সী সাদা পুরুষ রোগীর কাছে ক্লান্তি এবং নিচের পায়ের ফোলার ১০-দিনের ইতিহাসে আসেন। গত ৬ মাসে তিনি ৩.৬ কেজি (৮-পাউন্ড) ওজন হ্রাস করেছেন। তার দীর্ঘস্থায়ী ব্রঙ্কাইটিস আছে এবং প্রয়োজনে আলবুটেরল ইনহেলার ব্যবহার করেন। তিনি প্রতিদিন এক প্যাকেট সিগারেট ধূমপান করেছেন ৪৪ বছর ধরে এবং দৈনিক একটি অ্যালকোহলিক পানীয় গ্রহণ করেন। তার তাপমাত্রা ৩৭ ডিগ্রি সেলসিয়াস (৯৮.৬ ডিগ্রি ফারেনহাইট), নাড়ি প্রতি মিনিটে ৮৮, এবং রক্তচাপ ১২০/৭৫ মিমি পারদ। তিনি পাতলা দেখাচ্ছেন। পরীক্ষায় উভয় পাশে প্রিটিবিয়াল এডেমা ২+ দেখা যায়। কার্ডিওফুসের পরীক্ষা কোনো অস্বাভাবিকতা প্রকাশ করে না। ল্যাবরেটরি ফলাফল দেখাচ্ছে:
হিমোগ্লোবিন ১১.২ গ্রাম প্রতি ডেসিলিটার
লিউকোসাইট গণনা ৮৫০০/ঘন মিমি
প্লেটলেট সংখ্যা ১৩০,০০০/ঘন মিমি
সিরাম
ইউরিয়া নাইট্রোজেন ২৩ মিলিগ্রাম প্রতি ডেসিলিটার
গ্লুকোজ ৭৭ মিলিগ্রাম প্রতি ডেসিলিটার
ক্রিয়াটিনিন ১.৬ মিলিগ্রাম প্রতি ডেসিলিটার
অ্যালবুমিন ১.৮ মিলিগ্রাম প্রতি ডেসিলিটার
মোট কোলেস্টেরল ৪৭৫ মিলিগ্রাম প্রতি ডেসিলিটার
মূত্র
রক্ত নেতিবাচক
গ্লুকোজ নেতিবাচক
প্রোটিন ৪+
ডব্লিউবিসি ০-১/hpf
ফ্যাটি কাস্টস প্রচুর পরিমাণে
এক্স-রে বক্ষের ডান উপরের লোব ঘনত্ব দেখায়। সিটি স্ক্যান বক্ষের একটি ডান উপরের লোব মাস ২.৫ × ৩.৫ × ২ সেন্টিমিটার দেখায়। নিচের কোনটি সবচেয়ে সম্ভাব্য নির্ণয়?
A. ফোকাল সেগমেন্টাল গ্লোমেরুলোসক্লেরোসিস
B. আইজিএ নেফ্রোপ্যাথি
C. মেমব্রানোপ্রোলিফারেটিভ গ্লোমেরুলোনেফ্রাইটিস
D. গ্র্যানুলোমাটোসিস উইথ পলিআঞ্জাইটিস
E. মেমব্রেনাস নেফ্রোপ্যাথি
F. র‍্যাপিডলি প্রগ্রেসিভ গ্লোমেরুলোনেফ্রাইটিস
G. পাতলা বেসমেন্ট মেমব্রেন রোগ",,,,,
R0102,"A 9-year-old girl is brought to the physician by her mother because of a 3-day history of face and foot swelling, dark urine, and a rash on her hands and feet. The mother reports that her daughter has had a low-grade fever, shortness of breath, and a dry cough for the past 8 days. She has had generalized weakness and pain in her right knee and ankle. She has a ventricular septum defect that was diagnosed at birth. The patient appears lethargic. Her temperature is 38.4 (101.1°F), pulse is 130/min, respirations are 34/min, and blood pressure is 110/60 mm Hg. Examination shows small, non-blanching, purple lesions on her palms, soles, and under her fingernails. There is edema of the eyelids and feet. Funduscopic examination shows retinal hemorrhages. Holosystolic and early diastolic murmurs are heard. Laboratory studies show:
Hemoglobin 11.3 g/dL
Erythrocyte sedimentation rate 61 mm/h
Leukocyte count 15,000/mm3
Platelet count 326,000/mm3
Urine
Blood 4+
Glucose negative
Protein 1+
Ketones negative
Transthoracic echocardiography shows a small outlet ventricular septum defect and a mild right ventricular enlargement. There are no wall motion abnormalities, valvular heart disease, or deficits in the pump function of the heart. Blood cultures grow Streptococcus pyogenes. Which of the following is the most likely diagnosis?""
A. Pneumonia
B. Infective endocarditis
C. Rheumatic fever
D. Hand-Foot-and-Mouth Disease
E. Acute lymphoblastic leukemia
F. Systemic lupus erythematosus
G. Myocarditis
H. Kawasaki disease","একজন ৯-বছর বয়সী মেয়ে তার মা দ্বারা ডাক্তারের কাছে আনা হয়েছে কারণ ৩ দিনের মুখ ও পায়ের ফোলাভাব, গাঢ় প্রস্রাব এবং হাত ও পায়ে র্যাশ রয়েছে। মা জানান যে তার কন্যা গত ৮ দিন ধরে হালকা জ্বর, শ্বাসকষ্ট এবং শুকনো কাশি অনুভব করেছে। সে সাধারণ দুর্বলতা এবং ডান হাঁটু ও গোড়ালিতে ব্যথা আছে। জন্মের সময় নির্ণয় করা একটি ভেন্ট্রিকুলার সেপটাম ডিফেক্ট রয়েছে। রোগীটি অলস দেখাচ্ছে। তার তাপমাত্রা ৩৮.৪ (১০১.১ ডিগ্রি ফারেনহাইট), পাল্স প্রতি মিনিটে ১৩০, শ্বাসপ্রশ্বাস প্রতি মিনিটে ৩৪, এবং রক্তচাপ ১১০/৬০ মিমি পারদ। পরীক্ষায় তার তালু, তলা ও নখের নিচে ছোট, অ-ফ্ল্যাঙ্কিং বেগুনি দাগ দেখা যায়। চোখের পাত ও পা ফোলেছে। ফান্ডাসকোপিক পরীক্ষা রেটিনাল হেমোরেজ দেখায়। হলোসিস্টলিক এবং প্রারম্ভিক ডায়াস্টোলিক মর্মর শোনা যায়। ল্যাবরেটরি ফলাফল:
হিমোগ্লোবিন ১১.৩ গ্রাম প্রতি ডেসিলিটার
ইএসআর ৬১ মিমি/ঘণ্টা
লিউকোসাইট গণনা ১৫,০০০ ঘন মিলিমিটার
প্লেটলেট গণনা ৩২৬,০০০ ঘন মিলিমিটার
মূত্রে
রক্ত ৪+
গ্লুকোজ নেতিবাচক
প্রোটিন ১+
কিটোনস নেতিবাচক
ট্রান্সথোরাসিক ইকোকার্ডিওগ্রাফি দেখায় একটি ছোট আউটলেট ভেন্ট্রিকুলার সেপটাম ডিফেক্ট এবং হালকা ডান ভেন্ট্রিকুলার বৃদ্ধি। কোনো ওয়াল মুভমেন্ট অস্বাভাবিকতা, ভালভের হৃদরোগ বা হৃদয়ের পাম্প ফাংশনের ঘাটতি নেই। রক্ত সংস্কৃতি স্ট্রেপটোস্কোবাস পাইওজিনেস বেড়ে দেখায়। নিম্নলিখিতগুলির মধ্যে কোনটি সবচেয়ে সম্ভাব্য নির্ণয়?
A. নিউমোনিয়া
B. ইনফেকটিভ এন্ডোকার্ডাইটিস
C. রিউমাটিক জ্বর
D. হাত-পা-মুখ রোগ
E. তীব্র লিম্ফোব্লাস্টিক লিউকেমিয়া
F. সিস্টেমিক লুপাস ইরিথেমাটোসিস
G. মায়োকার্ডাইটিস
H. কাওয়াসাকি রোগ",,,,,
R0103,"A 26-year-old woman comes to the physician for a pre-employment examination. She has no complaints. She has a history of polycystic ovarian syndrome. She exercises daily and plays soccer recreationally on the weekends. Her mother was diagnosed with hypertension at a young age. She does not smoke and drinks 2 glasses of wine on the weekends. Her current medications include an oral contraceptive pill and a daily multivitamin. Her vital signs are within normal limits. Cardiac examination shows a grade 1/6 decrescendo diastolic murmur heard best at the apex. Her lungs are clear to auscultation bilaterally. Peripheral pulses are normal and there is no lower extremity edema. An electrocardiogram shows sinus rhythm with a normal axis. Which of the following is the most appropriate next step in management?
A. Exercise stress test
B. No further testing
C. Transthoracic echocardiogram
D. X-ray of the chest
E. CT scan of the chest with contrast
F. Transesophageal echocardiography","একজন ২৬-বছর বয়সী নারী প্রি-এমপ্লয়মেন্ট পরীক্ষার জন্য ডাক্তারের কাছে আসেন। তার কোনো অভিযোগ নেই। তিনি পলিসিস্টিক ওভেরিয়ান সিনড্রোমের ইতিহাস রয়েছে। তিনি প্রতিদিন ব্যায়াম করেন এবং সপ্তাহান্তে অবসর সময়ে সকার খেলেন। তার মা কম বয়সে উচ্চ রক্তচাপ নির্ণয় হয়েছিলেন। তিনি ধূমপান করেন না এবং সপ্তাহান্তে ২ গ্লাস ওয়াইন পান করেন। তার বর্তমান ওষুধের মধ্যে একটি ওরাল কন্ট্রাসেপ্টিভ পিল এবং দৈনিক মাল্টিভিটামিন রয়েছে। তার গুরুত্বপূর্ণ চিহ্নগুলো স্বাভাবিক সীমার মধ্যে। কার্ডিয়াক পরীক্ষায় গ্রেড ১/৬ ডিক্রেসেন্ডো ডায়াস্টোলিক মর্মর শীর্ষে সর্বোত্তমভাবে শোনা যায়। তার ফুসফুস দুপাশেই অডিটেশন অনুযায়ী পরিষ্কার। পার্শ্বিক পালস স্বাভাবিক এবং নিম্নাঙ্গে কোনো ইডিমা নেই। একটি ইসিজি সাইনাস রিদম সহ স্বাভাবিক অক্ষ দেখায়। নিম্নলিখিতগুলির মধ্যে কোনটি ব্যবস্থাপনার সর্বোত্তম পরবর্তী ধাপ হবে?
A. ব্যায়াম স্ট্রেস টেস্ট
B. আর কোনো পরীক্ষার প্রয়োজন নেই
C. ট্রান্সথোরাসিক ইকোকার্ডিওগ্রাম
D. বুকে এক্স-রে
E. কন্ট্রাস্ট সহ বুকের সিটি স্ক্যান
F. ট্রান্সইসোফেজিয়াল ইকোকার্ডিওগ্রাফি",,,,,
R0104,"A 70 year-old man comes to the physician for difficulty swallowing for 6 months. During this time, he has occasionally coughed up undigested food. He did not have weight loss or fever. Four weeks ago, he had an episode of sore throat, that resolved spontaneously. He has smoked one pack of cigarettes daily for 5 years. He has gastroesophageal reflux disease and osteoporosis. Current medications include alendronate and omeprazole. His temperature is 37.0°C (98.6°F), pulse is 84/min, and blood pressure is 130/90 mmHg. On examination, he has foul-smelling breath and a fluctuant mass on the right neck. Which of the following is most likely involved in the pathogenesis of this patient's symptoms?
A. Deep neck space infection
B. Degeneration of neurons in the esophageal wall
C. Impaired function of the lower esophageal sphincter
D. Cellular dysplasia
E. Abnormal esophageal motor function
F. Adverse effect of medication
""","একজন ৭০ বছর বয়সী পুরুষ গিলতে অসুবিধার জন্য ৬ মাস ধরে চিকিৎসকের কাছে আসেন। এই সময়কালে, তিনি মাঝে মাঝে অপরিপাকিত খাবার কাশির মাধ্যমে বের করে ফেলেছেন। তিনি ওজন হ্রাস বা জ্বরের কোনো উপসর্গ দেখাননি। চার সপ্তাহ আগে, তিনি গলা ব্যথার একটি পর্বে আক্রান্ত হন, যা স্বয়ংক্রিয়ভাবে সেরে যায়। তিনি পাঁচ বছর ধরে প্রতিদিন এক প্যাকেট সিগারেট ধূমপান করেন। তার গ্যাস্ট্রোইসোফেজিয়াল রিফ্লাক্স রোগ এবং অস্টিওপরোসিস রয়েছে। বর্তমান ওষুধগুলোর মধ্যে অ্যালেনড্রোনেট এবং ওমেপ্রাজল রয়েছে। তার তাপমাত্রা ৩৭.০ ডিগ্রি সেলসিয়াস (৯৮.৬ ডিগ্রি ফারেনহাইট), পাল্স ৮৪ প্রতি মিনিট, এবং রক্তচাপ ১৩০/৯০ মিমি পারদ। পরীক্ষায় দেখা যায় তার দূর্গন্ধযুক্ত শ্বাস রয়েছে এবং ডান গলায় তরঙ্গময় ভর আছে। নিম্নের কোনটি সম্ভবত এই রোগীর উপসর্গগুলোর প্যাথোজেনেসিসে জড়িত হতে পারে?
A. গভীর গলা স্থান সংক্রমণ
B. খাদ্যনালী প্রাচীরে নিউরনের অবক্ষয়
C. নিম্ন খাদ্যনালী বন্ধনী কার্যকারিতার হ্রাস
D. কোষিক বিকৃতি
E. অস্বাভাবিক ইসোফেজিয়াল মোটর কাজ
F. ওষুধের প্রতিকূল প্রভাব",,,,,
R0106,"A 20-year-old man is brought to the emergency department because of fever and lethargy for the past 2 days. He reports that during this time he has had occasional palpitations and shortness of breath. He has asthma and sickle cell disease. Current medications include inhaled albuterol, hydroxyurea, and folic acid. He appears fatigued. His temperature is 38.4°C (101.1°F), pulse is 122/min, respirations are 25/min, and blood pressure is 110/72 mm Hg. Examination shows pale conjunctivae. Cardiac examination shows a midsystolic ejection murmur. Laboratory studies show:
Hemoglobin 6.5 g/dl
Leukocyte count 5,000/mm3
Platelet count 165,000/mm3
Mean corpuscular volume 82 μm3
Reticulocyte count 0.2%
Which of the following is the most likely cause of these findings?""
A. Dysfunctional erythrocyte membrane proteins
B. Splenic sequestration crisis
C. Hyperhemolysis
D. Viral infection
E. Adverse effect of medication","২০ বছর বয়সী একজন পুরুষকে জরুরি বিভাগে আনা হয়েছে কারণ গত ২ দিন ধরে জ্বর এবং অলসতা রয়েছে। তিনি জানান যে এই সময়ের মধ্যে মাঝে মাঝে হৃদস্পন্দন বৃদ্ধি ও শ্বাসকষ্ট অনুভব করেছেন। তার হাঁপানি এবং সিকল সেল রোগ আছে। বর্তমান ওষুধগুলোর মধ্যে ইনহেলড আলবুটেরল, হাইড্রক্সিউরিয়া এবং ফোলিক অ্যাসিড রয়েছে। তিনি ক্লান্ত দেখাচ্ছেন। তার তাপমাত্রা ৩৮.৪°ডিগ্রি সেলসিয়া (১০১.১°ডিগ্রি ফারেনহাইট), পালস ১২২/মিনিট, শ্বাসের হার ২৫/মিনিট, এবং রক্তচাপ ১১০/৭২ মিমি পারদ। পরীক্ষায় কনজাঙ্ক্টিভা ফিক্কা দেখা যায়। হৃদযন্ত্রের পরীক্ষা একটি মধ্যসিস্টোলিক ইজেকশন মর্মর দেখায়। ল্যাবোরেটরি ফলাফল দেখায়:
হেমোগ্লোবিন ৬.৫ গ্রাম প্রতি ডেসিলিটার
লিউকোসাইট গণনা ৫,০০০/ঘন মিমিমিটার
প্লেটলেট গণনা ১৬৫,০০০/ঘন মিমিমিটার
গড় কর্পাসকুলার ভলিউম ৮২ মাইক্রোমিটার ঘন
রিটিকুলোসাইট গণনা ০.২%
উপরের কোনটি এই ফলাফলের সবচেয়ে সম্ভাব্য কারণ?""
A. অকার্যকর লোহিত রক্তকণিকা ঝিল্লি প্রোটিন
B. প্লীহা সিকোয়েস্ট্রেশন সংকট
C. হাইপারহিমোলাইসিস
D. ভাইরাল সংক্রমণ
E. ওষুধের প্রতিকূল প্রভাব",,,,,
R0110,"A 26-year-old African-American woman comes to the physician because of a 4-day history of a nonproductive cough and chest pain. The pain is sharp and worse when she breathes deeply. During this time, she has also had two episodes of hematuria. Over the past 6 months, she has had intermittent pain, stiffness, and swelling in her fingers and left knee. She had two miscarriages at age 22 and 24. Her only medication is minocycline for acne vulgaris. Her temperature is 38.1°C (100.6°F), pulse is 75/min, and blood pressure is 138/85 mm Hg. Physical examination shows an erythematous rash on her face. There is mild tenderness over the metacarpophalangeal joints bilaterally with no warmth or erythema. Further evaluation of this patient is most likely to show which of the following findings?
A. Anti-histone antibodies
B. Low serum levels of C3 and C4
C. Prolonged bleeding time
D. Erosions of the metacarpophalangeal joints
E. Bilateral enlargement of the hilar lymph nodes
F. Cytotoxic glomerular antibodies","একটি ২৬-বছর বয়সী আফ্রিকান-আমেরিকান নারী রোগীর কাছে অপ্রোডাকটিভ কাশি এবং বুকে ব্যথার ৪-দিনের ইতিহাসের জন্য আসেন। ব্যথাটি তীক্ষ্ণ এবং গভীর শ্বাস নেওয়ার সময় বাড়ে। এই সময়ের মধ্যে তিনি দুইবার হিমাটুরিয়া হয়েছে। গত ছয় মাসে তিনি আঙুল এবং বাম হাঁটুতে পর্যায়ক্রমিক ব্যথা, কঠোরতা ও ফোলাভাব অনুভব করেছেন। তিনি বয়স ২২ এবং ২৪-এ দুইটি গর্ভপাত করেছেন। তার একমাত্র ওষুধ হল অ্যাকনে ভুলগারিসের জন্য মিনোসাইক্লাইন। তার তাপমাত্রা ৩৮.১ ডিগ্রি সেলসিয়াস (১০০.৬ ডিগ্রি ফারেনহাইট), পাল্স প্রতি মিনিটে ৭৫, এবং রক্তচাপ ১৩৮/৮৫ মিমি পারদ। শারীরিক পরীক্ষায় তার মুখে লালচে দাগ দেখা যায়। উভয় পাশে মেটাকার্পোফ্যালাঞ্জিয়াল জয়েন্টে হালকা সংবেদনশীলতা আছে, তবে কোনো গরমত্ব বা লালচে রঙ নেই। এই রোগীর আরও মূল্যায়নে নিম্নলিখিত কোন ফলাফল সবচেয়ে সম্ভাব্যভাবে দেখা যাবে?
A. অ্যান্টি-হিস্টোন অ্যান্টিবডি
B. সি৩ এবং সি৪ এর কম সিরাম স্তর
C. দীর্ঘস্থায়ী রক্তপাতের সময়
D. মেটাকার্পোফ্যালাঞ্জিয়াল জয়েন্টের ক্ষয়
E. হিলার লিম্ফ নোডের উভয় পার্শ্বীয় বৃদ্ধি
F. সাইটোটক্সিক গ্লোমেরুলার অ্যান্টিবডি",,,,,
R0112,"A previously healthy 18-year-old woman comes to the physician because of a 2-day history of swelling and itchiness of her mouth and lips. It decreases when she eats cold foods such as frozen fruit. Four days ago, she underwent orthodontic wire-placement on her upper and lower teeth. Since then, she has been taking ibuprofen twice daily for the pain. For the past 6 months, she has been on a strict vegan diet. She is sexually active with one partner and uses condoms consistently. She had chickenpox that resolved spontaneously when she was 6 years old. Her vitals are within normal limits. Examination shows diffuse erythema and edema of the buccal mucosa with multiple serous vesicles and shallow ulcers. Stroking the skin with pressure does not cause blistering of the skin. The remainder of the examination shows no abnormalities. Which of the following is the most likely cause of these symptoms?
A. Pemphigus vulgaris
B. Dermatitis herpetiformis
C. Vitamin deficiency
D. Herpes labialis
E. Allergic contact dermatitis
F. Reactivation of varicella zoster virus
G. IgE-mediated hypersensitivity
""","একজন পূর্বে সুস্থ ১৮ বছর বয়সী নারী চিকিৎসকের কাছে আসেন কারণ তার মুখ ও ঠোঁটের ফোলাভাব এবং চুলকানির ২ দিনের ইতিহাস রয়েছে। ঠাণ্ডা খাবার যেমন হিমায়িত ফল খাওয়ার সময় এটি কমে যায়। ৪ দিন আগে, তার উপরের ও নিচের দাঁতে অর্থোডন্টিক তার স্থাপন করা হয়েছিল। তারপর থেকে, তিনি ব্যথার জন্য দিনে দুবার আইবুপ্রোফেন গ্রহণ করছেন। গত ৬ মাস ধরে, তিনি কঠোর ভেগান ডায়েট অনুসরণ করে আসছেন। তিনি এক সঙ্গীর সঙ্গে যৌন সক্রিয় এবং নিয়মিত কন্ডোম ব্যবহার করেন। তিনি ছয় বছর বয়সে জলবসন্ত হয়েছিলেন যা স্বতঃস্ফূর্তভাবে সেরে গিয়েছিল। তার জৈবিক চিহ্নগুলি স্বাভাবিক সীমার মধ্যে রয়েছে। পরীক্ষায় বুকের মিউকোসা বিস্তৃত লালচে রঙ এবং ফোলাভাব দেখায়, সঙ্গে একাধিক সিরাস ভেসিকল ও অগভীর আলসার। চাপ দিয়ে ত্বকে ঘষলেও ত্বকে ফোস্কা তৈরি হয় না। পরীক্ষার বাকি অংশে কোনো অস্বাভাবিকতা দেখা যায়নি। নিম্নলিখিতগুলির মধ্যে কোনটি এই উপসর্গগুলোর সবচেয়ে সম্ভাব্য কারণ?
A. পেমফিগাস ভলগারিস
B. ডার্মাটাইটিস হারপেটিফর্মিস
C. ভিটামিন ঘাটতি
D. হের্পিস ল্যাবিয়ালিস
E. অ্যালার্জিক সংস্পর্শ ডার্মাটাইটিস
F. ভ্যারিসেলা জোস্টার ভাইরাসের পুনরায় সক্রিয়তা
G. আইজিই-মাধ্যমিক অতিসংবেদনশীলতা",,,,,
R0116,"A 50-year-old woman comes to the physician because of intermittent pain and numbness in her right hand for 6 weeks. She has a pins-and-needles sensation that worsens at night and is relieved when she shakes her hand. She also has episodic left knee pain throughout the day. She has a history of hypertension controlled with lisinopril. She takes over-the-counter medications for constipation. Her BMI is 35 kg/m2. Her mother has a history of rheumatoid arthritis. She looks fatigued. Her pulse is 57/min and blood pressure is 120/75 mm Hg. On physical examination, there is normal range of motion in the wrists and digits. Sensation is decreased to light touch in the thumb and index finger. There is no thenar muscle atrophy. Deep tendon reflexes are 1+ and there is mild edema in the legs. Which of the following treatments is most likely to benefit the patient?
A. L-thyroxine
B. Methotrexate
C. Ibuprofen
D. Surgical decompression
E. Oral prednisone","একজন ৫০ বছর বয়সী নারী চিকিৎসকের কাছে আসেন কারণ তার ডান হাতের মাঝে মাঝে ব্যথা এবং অসাড়তা রয়েছে ৬ সপ্তাহ ধরে। তার পিনস-এন্ড-নিডলস অনুভূতি আছে যা রাতে বাড়ে এবং যখন তিনি হাত নাড়েন তখন কমে যায়। তিনি দিন জুড়ে পর্যায়ক্রমিক বাম হাঁটু ব্যথা থেকেও ভুগছেন। তার উচ্চ রক্তচাপের ইতিহাস আছে যা লিসিনোপ্রিল দিয়ে নিয়ন্ত্রিত হয়। তিনি কোষ্ঠকাঠিন্যের জন্য ওভার-দ্য-কাউন্টার ওষুধ নেন। তার বিএমআই ৩৫ কেজি/মি২। তার মায়ের রিউমাটয়েড আর্থ্রাইটিসের ইতিহাস আছে। তিনি ক্লান্ত দেখাচ্ছেন। তার পালস ৫৭/মিনিট এবং রক্তচাপ ১২০/৭৫ মিমি পারদ। শারীরিক পরীক্ষায় কব্জি এবং আঙুলে স্বাভাবিক গতি সীমা রয়েছে। থাম্ব ও ইনডেক্স আঙুলে হালকা স্পর্শের সংবেদন কমে আছে। থেনার পেশীর অ্যাট্রফি নেই। ডিপ টেন্ডন রিফ্লেক্স ১+ এবং পায়ে হালকা ফোলাভাব আছে। নিম্নলিখিত কোন চিকিৎসা রোগীর জন্য সবচেয়ে বেশি উপকারী হওয়ার সম্ভাবনা রয়েছে?
A. এল-থাইরোক্সিন
B. মেথোট্রেক্সেট
C. আইবুপ্রোফেন
D. সার্জিক্যাল ডিকম্প্রেশন
E. ওরাল প্রেডনিসোন",,,,,
R0117,"A 65-year-old Asian woman comes to the physician for a routine health maintenance examination. On questioning, she has had occasional night sweats during the past 2 months. She has not had fevers or weight loss. Seven months ago, she had an acute myocardial infarction and was treated with percutaneous coronary intervention. She has hypertension, hyperlipidemia, and gastroesophageal reflux disease. She has smoked one pack of cigarettes daily for 37 years. Current medications include aspirin, atorvastatin, ramipril, metoprolol, and esomeprazole. She is 178 cm (5 ft 10 in) tall and weighs 89 kg (207 lbs); BMI is 29.7 kg/m2. Her temperature is 37.4°C (99.3°F), pulse is 84/min, respirations are 18/min, and blood pressure is 145/80 mm Hg. The lungs are clear to auscultation. Cardiac examination shows an S4. There is a nontender skin lesion near the right large toenail. A photograph of the lesion is shown. The remainder of the examination shows no abnormalities. Which of the following is the most likely diagnosis?
A. Cholesterol embolism
B. Traumatic subungual hemorrhage
C. Malignant melanoma
D. Onychomycosis
E. Squamous cell carcinoma","একজন ৬৫ বছর বয়সী এশীয় নারী রুটিন স্বাস্থ্য রক্ষণাবেক্ষণ পরীক্ষার জন্য ডাক্তারের কাছে আসেন। প্রশ্ন করার সময়, তিনি গত ২ মাসে মাঝে মাঝে রাতের ঘাম অনুভব করেছেন। তিনি জ্বর বা ওজন হ্রাস পাননি। ৭ মাস আগে, তিনি একটি তীব্র মায়োকার্ডিয়াল ইনফার্কশন হয়েছিলেন এবং পারকুটেনিয়াস করোনারি ইন্টারভেনশনের মাধ্যমে চিকিৎসা পেয়েছেন। তার উচ্চ রক্তচাপ, হাইপারলিপিডেমিয়া, এবং গ্যাস্ট্রোইসোফেজিয়াল রিফ্লাক্স রোগ রয়েছে। তিনি প্রতিদিন এক প্যাকেট সিগারেট ধূমপান করেছেন এবং তা ৩৭ বছর ধরে চালিয়ে আসছেন। বর্তমান ওষুধগুলোর মধ্যে আছে অ্যাস্পিরিন, এটরভাস্টাটিন, রামিপ্রিল, মেটোপ্রোলল, এবং এসোমেপ্রাজোল। তিনি উচ্চতা ১৭৮ সেমি (৫ ফিট ১০ ইঞ্চি) এবং ওজন ৮৯ কেজি (২০৭ পাউন্ড); বিএমআই হল ২৯.৭ কেজি/মি2। তার তাপমাত্রা ৩৭.৪ ডিগ্রি সেলসিয়াস (৯৯.৩ ডিগ্রি ফারেনহাইট), পাল্স ৮৪/মিনিট, শ্বাসপ্রশ্বাসের হার ১৮/মিনিট, এবং রক্তচাপ ১৪৫/৮০ মিমি পারদ। শ্বাসনালী শোনার সময় পরিষ্কার। হৃদযন্ত্রের পরীক্ষা দেখায় একটি এস৪। ডান বড় পায়ের আঙুলের নখের কাছাকাছি একটি অব্যথাযুক্ত ত্বক রোগ রয়েছে। ক্ষতের একটি ফটোগ্রাফ দেখানো হয়েছে। পরীক্ষার বাকি অংশে কোনো অস্বাভাবিকতা দেখা যায়নি। নিম্নলিখিতগুলোর মধ্যে কোনটি সবচেয়ে সম্ভাব্য নির্ণয়?
A. কোলেস্টেরল এমবোলিজম
B. ট্রোমাটিক সাবঅনগুয়াল রক্তক্ষরণ
C. ম্যালিগ্যান্ট মেলানোমা
D. অনাইকোমাইকোসিস
E. স্কোয়ামাস সেল কার্সিনোমা",,,,,
R0125,"One day after undergoing a left carotid endarterectomy, a 63-year-old man has a severe headache. He describes it as 9 out of 10 in intensity. He has nausea. He had 80% stenosis in the left carotid artery and received heparin prior to the surgery. He has a history of 2 transient ischemic attacks, 2 and 4 months ago. He has hypertension, type 2 diabetes mellitus, and hypercholesterolemia. He has smoked one pack of cigarettes daily for 40 years. He drinks 1-2 beers on weekends. Current medications include lisinopril, metformin, sitagliptin, and aspirin. His temperature is 37.3°C (99.1°F), pulse is 111/min, and blood pressure is 180/110 mm Hg. He is confused and oriented only to person. Examination shows pupils that react sluggishly to light. There is a right facial droop. Muscle strength is decreased in the right upper and lower extremities. Deep tendon reflexes are 3+ on the right. There is a left cervical surgical incision that shows no erythema or discharge. Cardiac examination shows no abnormalities. A complete blood count and serum concentrations of creatinine, electrolytes, and glucose are within the reference range. A CT scan of the head is shown. Which of the following is the strongest predisposing factor for this patient's condition?
A. Degree of carotid stenosis
B. Aspirin therapy
C. Perioperative heparin
D. Hypertension
E. Smoking","বাম ক্যারোটিড এন্ডআর্থেরেক্টমি করার এক দিন পর, ৬৩ বছর বয়সী একজন পুরুষে তীব্র মাথাব্যথা দেখা দিয়েছে। তিনি এটি তীব্রতা হিসেবে ৯ এর মধ্যে ১০ বলে বর্ণনা করেন। তার বমিভাব আছে। বাম ক্যারোটিড ধমনীতে ৮০% স্টেনোসিস ছিল এবং শল্যচিকিৎসার আগে হেপারিন গ্রহণ করেছিলেন। তাঁর দুইটি ট্রান্সিয়েন্ট ইস্কেমিক আক্রমণের (TIA) ইতিহাস রয়েছে, যা ২ ও ৪ মাস আগে ঘটেছিল। তিনি উচ্চ রক্তচাপ, টাইপ ২ ডায়াবেটিস এবং হাইপারকোলেস্টেরলেমিয়া রোগে আক্রান্ত। তিনি এক প্যাকেট সিগারেট প্রতিদিন ৪০ বছর ধরে ধূমপান করেছেন। সপ্তাহান্তে ১-২ বিয়ার পান করেন। বর্তমান ওষুধগুলির মধ্যে রয়েছে লিসিনোপ্রিল, মেটফরমিন, সিটাগ্লিপটিন এবং অ্যাসপিরিন। তার তাপমাত্রা ৩৭.৩ ডিগ্রি সেলসিয়া (৯৯.১ ডিগ্রি ফারেনহাইট), পল্স ১১১/মিনিট, এবং রক্তচাপ ১৮০/১১০ মিমি পারদ। তিনি বিভ্রান্ত এবং শুধুমাত্র ব্যক্তির দিকে দিকনির্দেশিত। পরীক্ষায় দেখা যায় পিউপিলগুলি আলোতে ধীরগতিতে প্রতিক্রিয়া করে। ডান দিকের মুখে ঝুলে যাওয়া আছে। ডান উপরের ও নিচের অঙ্গগুলিতে পেশীর শক্তি কমেছে। ডান পাশে গভীর টেন্ডন রিফ্লেক্স ৩+। বাম ঘাড়ের শল্যচিকিৎসা কাটা কোনো লালভাব বা নিঃসরণ দেখায় না। হৃদয় পরীক্ষা কোনও অস্বাভাবিকতা দেখায় না। একটি সম্পূর্ণ রক্ত গণনা এবং সেরাম ক্রিয়েটিনিন, ইলেক্ট্রোলাইট ও গ্লুকোজের ঘনত্ব রেফারেন্স সীমার মধ্যে রয়েছে। মাথার একটি সিটি স্ক্যান দেখানো হয়েছে। নিম্নলিখিতগুলির মধ্যে কোনটি এই রোগীর অবস্থার জন্য সবচেয়ে শক্তিশালী পূর্বপ্রবণ কারণ?
A. ক্যারোটিড স্টেনোসিসের মাত্রা
B. অ্যাসপিরিন থেরাপি
C. শল্যচিকিৎসা-সময় হেপারিন
D. উচ্চ রক্তচাপ
E. ধূমপান",,,,,
R0126,"A 72-year-old woman comes to the physician for follow-up care. One year ago, she was diagnosed with a 3.8-cm infrarenal aortic aneurysm found incidentally on abdominal ultrasound. She has no complaints. She has hypertension, type 2 diabetes mellitus, and COPD. Current medications include hydrochlorothiazide, lisinopril, glyburide, and an albuterol inhaler. She has smoked a pack of cigarettes daily for 45 years. Her temperature is 37°C (98.6°F), pulse is 90/min, respirations are 12/min, and blood pressure is 145/85 mm Hg. Examination shows a faint abdominal bruit on auscultation. Ultrasonography of the abdomen shows a 4.9-cm saccular dilation of the infrarenal aorta. Which of the following is the most appropriate next step in management?
A. Adjustment of cardiovascular risk factors and follow-up CT in 12 months
B. Adjustment of cardiovascular risk factors and follow-up CT in 6 months
C. Elective endovascular aneurysm repair
D. Elective open aneurysm repair
E. Adjustment of cardiovascular risk factors and follow-up ultrasound in 6 months
F. Adjustment of cardiovascular risk factors and follow-up ultrasound in 12 months","একজন ৭২ বছর বয়সী নারী ফলো-আপের জন্য ডাক্তারের কাছে আসেন। এক বছর আগে, তাকে একটি ৩.৮ সেন্টিমিটার ইনফ্রারেনাল অোরটার অ্যানিউরিজম দুর্ঘটনাক্রমে পেটের আল্ট্রাসাউন্ডে পাওয়া যায়। তার কোনো অভিযোগ নেই। তিনি উচ্চ রক্তচাপ, টাইপ ২ ডায়াবেটিস মেলিটাস এবং সিওপিডি রোগী। বর্তমান ওষুধগুলির মধ্যে রয়েছে হাইড্রোক্লোরোথিয়াজাইড, লিসিনোপ্রিল, গ্লাইবুরাইড এবং একটি আলবুটেরল ইনহেলার। তিনি ৪৫ বছর ধরে প্রতিদিন এক প্যাক সিগারেট ধূমপান করেন। তার তাপমাত্রা ৩৭ ডিগ্রি সেলসিয়াস (৯৮.৬ ডিগ্রি ফারেনহাইট), পাল্স ৯০/মিনিট, শ্বাসপ্রশ্বাসের হার ১২/মিনিট এবং রক্তচাপ ১৪৫/৮৫ মিমি পারদ। পরীক্ষায় উদরে হালকা ব্রুইট শোনা যায়। পেটের আল্ট্রাসাউন্ডে ইনফ্রারেনাল অোরটারার একটি ৪.৯ সেন্টিমিটার স্যাকুলার ডাইলেশন দেখা যায়। নিম্নলিখিতগুলির মধ্যে কোনটি ব্যবস্থাপনার সর্বোত্তম পরবর্তী ধাপ?
A. কার্ডিওভাসকুলার ঝুঁকি ফ্যাক্টরগুলির সমন্বয় এবং ১২ মাসে সিটি অনুসরণ
B. কার্ডিওভাসকুলার ঝুঁকি ফ্যাক্টরগুলির সমন্বয় এবং ৬ মাসে সিটি অনুসরণ
C. ইলেকটিভ এন্ডোভাসকুলার অ্যানিউরিজম রিপেয়ার
D. ইলেকটিভ ওপেন অ্যানিউরিজম রিপেয়ার
E. কার্ডিওভাসকুলার ঝুঁকি ফ্যাক্টরগুলির সমন্বয় এবং ৬ মাসে আল্ট্রাসাউন্ড অনুসরণ
F. কার্ডিওভাসকুলার ঝুঁকি ফ্যাক্টরগুলির সমন্বয় এবং ১২ মাসে আল্ট্রাসাউন্ড অনুসরণ",,,,,
R0127,"A 68-year-old woman comes to the physician for a follow-up visit for elevated blood pressure. Two weeks ago, her blood pressure was 154/78 mm Hg at a routine visit. Subsequent home blood pressure measurements at days 5, 10, and 14 have been: 156/76 mm Hg, 158/80 mm Hg, and 160/80 mm Hg. She has trouble falling asleep but otherwise feels well. She had a cold that resolved with over-the-counter medication 2 weeks ago. She has a history of primary hypothyroidism and a cyst in the right kidney, which was found incidentally 20 years ago. She takes levothyroxine. She is 178 cm (5 ft 10 in) tall and weighs 67 kg (148 lb); BMI is 21.3 kg/m2. Her pulse is 82/min, and blood pressure is 162/79 mm Hg. Examination shows no abnormalities. Laboratory studies, including thyroid function studies, serum electrolytes, and serum creatinine, are within normal limits. Which of the following is the most likely underlying cause of this patient's blood pressure findings?
A. Increase in kidney size
B. Decrease in arterial compliance
C. Episodic hypoxic vasoconstriction
D. Medication-induced vasoconstriction
E. Increase in LV end-diastolic volume
F. Increase in cardiac output
G. Decrease in renal artery blood flow
H. Decrease in baroreceptor sensitivity
I. Increase in aldosterone production","একজন ৬৮ বছর বয়সী নারী উঁচু রক্তচাপের জন্য ফলো-আপ ভিজিটে ডাক্তারের কাছে আসেন। দুই সপ্তাহ আগে, রুটিন ভিজিটে তার রক্তচাপ ছিল ১৫৪/৭৮ মিমি পারদ। পরবর্তী বাড়ির রক্তচাপ মাপগুলো দিন ৫, ১০ এবং ১৪-এ ছিল: ১৫৬/৭৬ মিমি পারদ, ১৫৮/৮০ মিমি পারদ, এবং ১৬০/৮০ মিমি পারদ। তার ঘুমাতে সমস্যা হয় তবে অন্যথায় তিনি ভালই অনুভব করেন। তিনি দুই সপ্তাহ আগে ওভার-দ্য-কাউন্টার ওষুধ দিয়ে নিরাময় হওয়া এক সর্দিতে আক্রান্ত ছিলেন। তার প্রাথমিক হাইপোথাইরয়েডিজ়মের ইতিহাস আছে এবং ডান কিডনিতে একটি সিস্ট রয়েছে, যা অনিচ্ছাকৃতভাবে ২০ বছর আগে পাওয়া গিয়েছিল। তিনি লেভোথাইরক্সিন গ্রহণ করেন। তিনি ১৭৮ সেন্টিমিটার (৫ ফুট ১০ ইঞ্চি) লম্বা এবং ওজন ৬৭ কেজি (১৪৮ পাউন্ড); বিএমআই হল ২১.৩ কেজি/মি2। তার পালস ৮২/min, এবং রক্তচাপ ১৬২/৭৯ মিমি পারদ। পরীক্ষায় কোনো অস্বাভাবিকতা দেখা যায়নি। ল্যাবরেটরি স্টাডি, যার মধ্যে থাইরয়েড ফাংশন স্টাডি, সিরাম ইলেক্ট্রোলাইট এবং সিরাম ক্রিয়াটিনিন অন্তর্ভুক্ত, স্বাভাবিক সীমার মধ্যে রয়েছে। নিম্নলিখিতগুলির মধ্যে কোনটি এই রোগীর রক্তচাপের ফলাফলের সবচেয়ে সম্ভাব্য অন্তর্নিহিত কারণ হতে পারে?
A. কিডনি আকারের বৃদ্ধি
B. ধমনীর নমনীয়তা হ্রাস
C. পর্যায়ক্রমিক হাইপক্সিক রক্তনালী সংকোচন
D. ঔষধ-জনিত রক্তনালী সংকোচন
E. বাম ভেন্ট্রিকলের শেষ-ডায়াস্টোলিক আয়তনের বৃদ্ধি
F. হৃদযন্ত্রের আউটপুটে বৃদ্ধি
G. কিডনি আর্টারির রক্তপ্রবাহ হ্রাস
H. বারোরিসেপ্টর সংবেদনশীলতা হ্রাস
I. অ্যালডোস্টেরন উৎপাদনে বৃদ্ধি",,,,,
R0128,"A 33-year-old nulliparous woman comes to the physician because of a 5-month history of increased flow and duration of her menses. Menses previously occurred at regular 32-day intervals and lasted 4 days with normal flow. They now last 10 days and the flow is heavy with the passage of clots. During this period, she has also had dyspareunia and cyclical lower abdominal pain. Her mother died of cervical cancer at the age of 58 years. Her BMI is 31 kg/m2. Her temperature is 37°C (98.6°F), pulse is 86/min, and blood pressure is 110/70 mm Hg. Pelvic examination shows an asymmetrically enlarged, nodular uterus consistent in size with a 12-week gestation. A urine pregnancy test is negative. Which of the following is the most likely cause of this patient's findings?
A. Endometrial tissue within the ovaries
B. Endometrial tissue within the uterine wall
C. Excessive serum androgen levels
D. Benign tumor of the myometrium
E. Malignant transformation of endometrial tissue
F. Inflammation of the endometrium
G. Abnormal thickening of endometrial tissue
H. Pedunculated endometrial mass
I. Malignant proliferation of trophoblasts","একজন ৩৩ বছর বয়সী নালিপ্যারাস মহিলা চিকিৎসকের কাছে আসেন কারণ তার মাসিকের প্রবাহ ও সময়কাল ৫ মাস ধরে বৃদ্ধি পেয়েছে। মাসিক পূর্বে নিয়মিত ৩২-দিনের অন্তরালে ঘটত এবং স্বাভাবিক প্রবাহ সহ ৪ দিন স্থায়ী হতো। এখন সেগুলি ১০ দিন স্থায়ী হয় এবং প্রবাহ ভারী, রক্তের গুঁড়ি সহ। এই সময়ে, তার ডাইস্প্যারিনিয়া এবং চক্রাকারে নিম্ন পেটের ব্যথা হয়েছে। তার মা সার্ভিক্যাল ক্যান্সার থেকে ৫৮ বছর বয়সে মারা গেছেন। তার বিএমআই ৩১ কেজি/মি২। তার তাপমাত্রা ৩৭ ডিগ্রি সেলসিয়াস (৯৮.৬ ডিগ্রি ফারেনহাইট), পাল্স প্রতি মিনিটে ৮৬, এবং রক্তচাপ ১১০/৭০ মিমি পারদ। পেলভিক পরীক্ষা দেখায় একটি অসমমিতভাবে বড়, গাঁটযুক্ত জরায়ু যা আকারে ১২-সপ্তাহের গর্ভধারণের সমান। একটি মূত্র গর্ভাবস্থা পরীক্ষা নেতিবাচক হয়েছে। নিম্নলিখিতগুলির মধ্যে কোনটি এই রোগীর ফলাফলগুলোর সবচেয়ে সম্ভাব্য কারণ?
A. ডিম্বাশয়ে এন্ডোমেট্রিয়াল টিস্যু
B. গর্ভাশয়ের প্রাচীরে এন্ডোমেট্রিয়াল টিস্যু
C. সিরাম অ্যান্ড্রোজেনের অতিরিক্ত মাত্রা
D. মায়োমেট্রিয়ামের সৌম্য টিউমার
E. এন্ডোমেট্রিয়াল টিস্যুর ক্যান্সারীয় রূপান্তর
F. এন্ডোমেট্রিয়ামের প্রদাহ
G. এন্ডোমেট্রিয়াল টিস্যুর অস্বাভাবিক পুরুত্ব বৃদ্ধি
H. পেডাঙ্কুলেটেড এন্ডোমেট্রিয়াল গাঁট
I. ট্রোফোব্লাস্টের ক্যান্সারীয় বৃদ্ধি",,,,,
R0129,"A 21-year-old primigravid woman comes to the physician at 10 weeks' gestation because of progressive fatigue for the past 3 weeks. She reports that she has had a 3.2-kg (7-lb) weight loss after conceiving despite an increase in appetite. She has become increasingly anxious and has trouble falling asleep. There is no personal or family history of serious illness. Medications include folic acid and a multivitamin. She is 165 cm (5 ft 5 in) tall and weighs 55 kg (120 lb); BMI is 20 kg/m2. Her temperature is 37.4°C (99.4°F), pulse is 120/min, respirations are 18/min, and blood pressure is 150/70 mm Hg. The globes of the eyes are prominent. The thyroid gland is firm and diffusely enlarged. Neurologic examination shows a fine resting tremor of the hands. There is a midsystolic click at the apex and a grade 2/6 early systolic murmur at the upper left sternal border. Serum thyroid-stimulating hormone concentration is 0.1 μU/mL. An ECG is normal except for sinus tachycardia. Which of the following is the most appropriate next step in management?
A. Lugol's iodine
B. Thyroidectomy
C. Propylthiouracil
D. Methimazole
E. Radioactive iodine ablation
F. Observation
G. Atenolol","২১ বছর বয়সী প্রাইমিগ্রাভিড নারী গর্ভধারণের ১০ সপ্তাহে ডাক্তারের কাছে আসেন কারণ গত ৩ সপ্তাহ ধরে ক্রমবর্ধমান ক্লান্তি। তিনি জানান যে গর্ভধারণের পরেও ক্ষুধা বাড়লেও তিনি ৩.২ কেজি (৭ পাউন্ড) ওজন হারিয়েছেন। তিনি ক্রমশ উদ্বিগ্ন হয়ে পড়ছেন এবং ঘুমাতে সমস্যায় পড়ছেন। গুরুতর কোনো রোগের ব্যক্তিগত বা পারিবারিক ইতিহাস নেই। ওষুধে রয়েছে ফলিক অ্যাসিড এবং মাল্টিভিটামিন। তার উচ্চতা ১৬৫ সেন্টিমিটার (৫ ফুট ৫ ইঞ্চি) এবং ওজন ৫৫ কেজি (১২০ পাউন্ড); বিএমআই হল ২০ কেজি/মি২। তার তাপমাত্রা ৩৭.৪ ডিগ্রি সেলসিয়া (৯৯.৪ ডিগ্রি ফারেনহাইট), পাল্স হল ১২০ প্রতি মিনিট, শ্বাসপ্রশ্বাসের হার হল ১৮ প্রতি মিনিট, এবং রক্তচাপ হল ১৫০/৭০ মিমি পারদ। চোখের গ্লোবগুলি উঁচু। থাইরয়েড গ্রন্থি দৃঢ় এবং বিস্তৃতভাবে বড়। স্নায়বিক পরীক্ষায় হাতে সূক্ষ্ম বিশ্রামকালে কম্পন দেখা যায়। অ্যাপেক্সে মধ্য-সিস্টোলিক ক্লিক আছে এবং উপরের বাম স্টার্নাল সীমানায় গ্রেড ২/৬ প্রাথমিক সিস্টোলিক মর্মর শব্দ শোনা যায়। সিরাম থাইরয়েড-স্টিমুলেটিং হরমোন ঘনত্ব হল ০.১ মাইক্রোইউ/মিলিলিটার। ইসিজি স্বাভাবিক তবে সাইনাস ট্যাকিকার্ডিয়া ব্যতীত। নিম্নলিখিতগুলির মধ্যে কোনটি ব্যবস্থাপনার সর্বোত্তম পরবর্তী ধাপ?
A. লুগোলের আয়ডিন
B. থাইরয়েডেক্টোমি
C. প্রোপিলথায়োরাসিল
D. মেথিমাজল
E. রেডিওএক্টিভ আইওডিন এব্লেশন
F. পর্যবেক্ষণ
G. এটেনোলল",,,,,
R0133,"A 3-month-old girl is brought to the emergency department because of a 2-day history of progressive difficulty breathing and a dry cough. Five weeks ago, she was diagnosed with diffuse hemangiomas involving the intrathoracic cavity and started treatment with prednisolone. She appears uncomfortable and in moderate respiratory distress. Her temperature is 38°C (100.4°F), pulse is 150/min, respirations are 50/min, and blood pressure is 88/50 mm Hg. Pulse oximetry on room air shows an oxygen saturation of 87%. Oral examination shows a white plaque covering the tongue that bleeds when scraped. Chest examination shows subcostal and intercostal retractions. Scattered fine crackles and rhonchi are heard throughout both lung fields. Laboratory studies show a leukocyte count of 21,000/mm3 and an increased serum beta-D-glucan concentration. An x-ray of the chest shows symmetrical, diffuse interstitial infiltrates. Which of the following is most likely to confirm the diagnosis?
A. Bronchoalveolar lavage
B. Urine antigen test
C. DNA test for CFTR mutation
D. CT scan of the chest
E. Tuberculin skin test
F. Spirometry","৩-মাসের একটি মেয়ে জরুরি বিভাগে আনা হয়েছে কারণ ২-দিনের অগ্রগামী শ্বাসকষ্ট এবং শুকনো কাশির ইতিহাস রয়েছে। পাঁচ সপ্তাহ আগে তাকে ইনট্রাথোরেসিক গহ্বরে বিস্তৃত হেম্যাঞ্জিওমা নির্ণয় করা হয়েছিল এবং প্রেডনিসোলোন দিয়ে চিকিৎসা শুরু করা হয়েছিল। তিনি অস্বস্তি প্রকাশ করছেন এবং মাঝারি শ্বাসকষ্টে আছেন। তার তাপমাত্রা ৩৮ ডিগ্রি সেলসিয়াস (১০০.৪ ডিগ্রি ফারেনহাইট), পাল্স ১৫০/মিনিট, শ্বাসের হার ৫০/মিনিট, রক্তচাপ ৮৮/৫০ মিমি পারদ। রুম এয়ারে পাল্স অক্সিমেট্রি দেখায় অক্সিজেন স্যাচুরেশন ৮৭%। মৌখিক পরীক্ষায় দেখা যায় একটি সাদা প্ল্যাক টাংকে ঢাকা আছে যা স্ক্র্যাপ করলে রক্তপাত হয়। বুকের পরীক্ষা দেখায় সাবকোস্টাল এবং ইন্টারকোস্টাল রিট্রাকশন। উভয় ফুসফুস ক্ষেত্র জুড়ে ছড়িয়ে থাকা সূক্ষ্ম ক্র্যাকলস এবং রনকি শোনা যায়। প্রায়োগিক ফলাফল দেখায় লিউকোসাইট সংখ্যা ২১,০০০/মিমি৩ এবং সেরাম বেটা-ডি-গ্লুকান ঘনত্ব বৃদ্ধি পেয়েছে। এক্স-রেতে বুকের ছবি দেখায় সমমিত, বিস্তৃত ইন্টারস্টিশিয়াল ইনফিলট্রেটস। নিম্নলিখিত কোনটি সবচেয়ে সম্ভাব্যভাবে নির্ণয় নিশ্চিত করবে?
A. ব্রঙ্কোঅ্যালভোলার লাভেজ
B. ইউরিন অ্যান্টিজেন টেস্ট
C. সিএফটিআর মিউটেশন এর জন্য ডিএনএ টেস্ট
D. বুকের সিটি স্ক্যান
E. টিবারকুলিন স্কিন টেস্ট
F. স্পাইরোমেট্রি",,,,,
R0135,"A 61-year-old man comes to the physician because of a 2-month history of severe chest discomfort. The chest discomfort usually occurs after heavy meals or eating in the late evening and lasts several hours. He has nausea sometimes but no vomiting. He has also had an occasional nighttime cough during this period. He has hypertension and type 2 diabetes mellitus. He has smoked one pack of cigarettes daily for the past 41 years and drinks one beer daily. Current medications include metformin, naproxen, enalapril,and sitagliptin. He is 177 cm (5 ft 10 in) tall and weighs 135 kg (297 lb); BMI is 43 kg/m2. Vital signs are within normal limits. Cardiopulmonary examination shows no abnormalities. The abdomen is soft and nontender. Laboratory studies are within the reference ranges. An ECG shows no abnormalities. An upper endoscopy shows that the Z-line is located 4 cm above the diaphragmatic hiatus and reveals the presence of a 1.5-cm esophageal ulcer with an erythematous base and without bleeding. The physician recommends weight loss as well as smoking and alcohol cessation. Treatment with omeprazole is begun. One month later, his symptoms are unchanged. Which of the following is the most appropriate next step in management?
A. Clarithromycin, amoxicillin, and omeprazole therapy for 2 weeks
B. Laparoscopic herniotomy
C. Laparoscopic Nissen fundoplication with hiatoplasty
D. Calcium carbonate therapy for 2 months
E. Bariatric surgery","৬১ বছর বয়সী একজন পুরুষ রোগী চেস্টে তীব্র অস্বস্তির ২ মাসের ইতিহাস নিয়ে ডাক্তারের কাছে আসেন। এই বুকে অস্বস্তি সাধারণত ভারী খাবার খাওয়ার পরে বা দেরি সন্ধ্যায় খাবার গ্রহণের পর ঘটে এবং কয়েক ঘন্টা স্থায়ী হয়। কখনও কখনও তাকে বমিভাব থাকে তবে বমি করে না। তিনি এই সময়কালে মাঝে মাঝে রাতের কাশিও অনুভব করেছেন। তার উচ্চ রক্তচাপ ও ডায়াবেটিস টাইপ ২ রয়েছে। তিনি গত ৪১ বছর ধরে প্রতিদিন এক প্যাক সিগারেট ধূমপান করেন এবং দৈনিক একটি বিয়ার পান করেন। বর্তমান ওষুধের মধ্যে মেটফরমিন, ন্যাপ্রোক্সেন, এনালাপ্রিল এবং সিটাগ্লিপটিন অন্তর্ভুক্ত। তিনি ১৭৭ সেন্টিমিটার (৫ ফুট ১০ ইঞ্চি) লম্বা এবং ১৩৫ কেজি (২৯৭ পাউন্ড) ওজনের; বিএমআই ৪৩ কেজি/বর্গমিটার। জীবনচিহ্ন স্বাভাবিক সীমার মধ্যে আছে। কার্ডিওপালমোনারি পরীক্ষা কোনো অস্বাভাবিকতা দেখায় না। উদর নরম এবং ব্যথাহীন। ল্যাবরেটরি ফলাফল রেফারেন্স সীমার মধ্যে আছে। ইসিজি কোনো অস্বাভাবিকতা দেখায় না। একটি আপার এন্ডোস্কপি দেখিয়েছে যে জেড-লাইন ডায়াফ্র্যাগম্যাটিক হায়াটাসের উপরে ৪ সেন্টিমিটার অবস্থানে রয়েছে এবং ১.৫ সেন্টিমিটার ইসোফেজিয়াল আলসার যার লালচে ভিত্তি আছে এবং রক্তপাত নেই তা প্রকাশ করেছে। চিকিৎসক ওজন কমানো এবং ধূমপান ও অ্যালকোহল বন্ধ করার পরামর্শ দেন। ওমেপ্রাজোল দিয়ে চিকিৎসা শুরু করা হয়। এক মাস পরে, তার উপসর্গগুলি অপরিবর্তিত থাকে। নিম্নলিখিতগুলির মধ্যে কোনটি ব্যবস্থাপনার সর্বোত্তম পরবর্তী ধাপ?
A. ক্ল্যারিথ্রোমাইসিন, অ্যামোক্সিসিলিন এবং ওমেপ্রাজোল থেরাপি ২ সপ্তাহের জন্য
B. ল্যাপারোস্কোপিক হর্ণিয়োটমি
C. ল্যাপারোস্কোপিক নিসেন ফান্ডোপ্লিকেশন হায়াটোপ্লাস্টি সহ
D. ক্যালসিয়াম কার্বনেট থেরাপি ২ মাসের জন্য
E. ব্যারিয়াট্রিক শল্যচিকিৎসা",,,,,
R0136,"Five days after being admitted to the hospital for an open cholecystectomy, a 56-year-old woman develops difficulty breathing. She also has fevers, chills, and malaise. She has a cough productive of minimal amounts of yellowish-white sputum that started two days prior. She has type 2 diabetes mellitus, hypertension, and a history of gallstones. Her current medications include metformin, lisinopril, and atorvastatin. Her temperature is 39.5°C (103.1°F), pulse is 104/minute, blood pressure is 94/68 mm Hg, and respirations are 30/minute. Pulse oximetry on 2 L of oxygen via nasal cannula shows an oxygen saturation of 92%. Examination reveals decreased breath sounds over the right lung base. Abdominal examination shows a well-healing scar without erythema or discharge in the right upper quadrant. The skin is warm and well-perfused. Her hemoglobin concentration is 10.5 g/dL, leukocyte count is 16,000/mm3, platelet count is 345,000/mm3, and creatinine is 1.5 mg/dL. She is admitted to the ICU and started on IV fluids. Blood and urine for cultures are obtained. X-ray of the chest reveals a right sided pleural effusion. Which of the following is the next best step in management?
A. CT of the chest with contrast
B. External cooling and intravenous acetaminophen
C. Intravenous cefepime and oral metronidazole
D. X-ray of the abdomen
E. Intravenous ceftriaxone and azithromycin
F. Intravenous vancomycin and cefepime
G. CT of the abdomen
H. Intravenous dobutamine","ওপেন কোলেসিস্টেক্টমির জন্য হাসপাতালে ভর্তি হওয়ার ৫ দিন পর, একটি ৫৬ বছর বয়সী নারী শ্বাসকষ্টে ভোগে। তার পাশাপাশি জ্বর, কম্পন এবং অস্বস্তি থাকে। দুই দিন আগে শুরু হওয়া তার কাশি সামান্য পরিমাণের হলুদ-সাদা শ্লেষ্মা উৎপন্ন করে। তার টাইপ ২ ডায়াবেটিস মেলিটাস, উচ্চ রক্তচাপ এবং পিত্তপাথরের ইতিহাস আছে। বর্তমানে তার ওষুধের মধ্যে রয়েছে মেটফরমিন, লিসিনোপ্রিল এবং অ্যাটোরভাস্ট্যাটিন। তার তাপমাত্রা ৩৯.৫° সেলসিয়া (১০৩.১° ফারেনহাইট), পাল্স ১০৪/মিনিট, রক্তচাপ ৯৪/৬৮ মিমি পারদ, এবং শ্বাসপ্রশ্বাসের হার ৩০/মিনিট। নাসিক ক্যানুলা দিয়ে ২ লিটার অক্সিজেনে পালস অক্সিমেট্রি দেখায় অক্সিজেন স্যাচুরেশন ৯২%। পরীক্ষায় ডান ফুসফুসের ভিত্তিতে শ্বাসধ্বনির হ্রাস দেখা যায়। পেটের পরীক্ষায় ডান উপরের কোয়াড্র্যান্টে লালচেহারা বা নিঃসরণ ছাড়া ভালভাবে সেরে ওঠা দাগ দেখা যায়। ত্বক উষ্ণ এবং ভালো রক্ত সরবরাহযুক্ত। তার হিমোগ্লোবিন ঘনত্ব ১০.৫ গ্রাম/ডেসিলিটার, শ্বেত রক্তকণিকা সংখ্যা ১৬,০০০/ঘন মিমি, প্লেটলেট সংখ্যা ৩৪৫,০০০/ঘন মিমি, এবং ক্রিয়াটিনিন ১.৫ মিলিগ্রাম/ডেসিলিটার। তাকে আইসিইউ-তে ভর্তি করা হয় এবং শিরাপথে তরল দিয়ে শুরু করা হয়। রক্ত ও মূত্রের সংস্কৃতি নেওয়া হয়। বুকে এক্স-রে ডান পাশে প্লুরাল ইফিউশন দেখায়। নিম্নলিখিতগুলির মধ্যে পরবর্তী সর্বোত্তম ব্যবস্থাপনা কী?
A. কনট্রাস্ট সহ বুকে সিটি
B. বহিঃশীতলকরণ এবং শিরাপথে অ্যাসেটামিনোফেন
C. শিরাপথে সেফেপিম এবং মৌখিক মেট্রোনিডাজল
D. পেটে এক্স-রে
E. শিরাপথে সেফট্রায়াক্সন এবং আজিথ্রোমাইসিন
F. শিরাপথে ভ্যানকমাইসিন এবং সেফেপিম
G. পেটে সিটি
H. শিরাপথে ডোবুটামাইন",,,,,
R0139,"A 1-month-old male infant is brought to the physician because of inconsolable crying for the past 3 hours. For the past 3 weeks, he has had multiple episodes of high-pitched unprovoked crying every day that last up to 4 hours and resolve spontaneously. He was born at term and weighed 2966 g (6 lb 9 oz); he now weighs 3800 g (8 lb 6 oz). He is exclusively breast fed. His temperature is 36.9°C (98.4°F) and pulse is 140/min. Examination shows a soft and nontender abdomen. The remainder of the examination shows no abnormalities. Which of the following is the most appropriate next step in management?
A. Perform lumbar puncture
B. Administer simethicone
C. Administer pantoprazole
D. Reassurance
E. Recommend the use of Gripe water","১-মাসের পুরুষ শিশুটি চিকিৎসকের কাছে আনা হয়েছে কারণ অতীত ৩ ঘণ্টা ধরে অশান্তি রোধ করা যায় না এমন কাঁদা। গত ৩ সপ্তাহ ধরে, তিনি প্রতিদিন উচ্চস্বরে অপ্রত্যাশিত কাঁদার একাধিক পর্ব পেয়েছেন যা সর্বোচ্চ ৪ ঘণ্টা স্থায়ী হয় এবং স্বয়ংক্রিয়ভাবে থেমে যায়। তিনি পূর্ণ গর্ভকালীন সময়ে জন্মগ্রহণ করেন এবং ওজন ছিল ২৯৬৬ গ্রাম (৬ পাউন্ড ৯ আউন্স); এখন তার ওজন ৩৮০০ গ্রাম (৮ পাউন্ড ৬ আউন্স)। তিনি শুধুমাত্র স্তন্যদুগ্ধ পান করেন। তার তাপমাত্রা ৩৬.৯ ডিগ্রি সেলসিয়া (৯৮.৪ ডিগ্রি ফারেনহাইট) এবং পাল্স ১৪০/মিনিট। পরীক্ষায় নরম এবং অসংবেদনশীল পেট দেখা যায়। অন্যান্য পরীক্ষার ফলাফল কোনো অস্বাভাবিকতা দেখায় না। নিম্নলিখিতগুলির মধ্যে কোনটি ব্যবস্থাপনার সর্বোত্তম পরবর্তী ধাপ হবে?
A. লাম্বার পাঙ্কচার করুন
B. সিমেথিকোন দিন
C. প্যানটোপ্রাজোল দিন
D. আশ্বাস দিন
E. গ্রাইপ ওয়াটারের ব্যবহার সুপারিশ করুন",,,,,
R0140,"A 56-year-old man comes to the physician because of throat pain and increasing difficulty swallowing food for the past 5 months. He has also had episodic left ear pain for the past 3 months. He has hypertension. His only medication is amlodipine. His father died of laryngeal cancer at the age of 55 years. He has smoked one pack of cigarettes daily for 36 years. He drinks 2-3 beers daily. Vital signs are within normal limits. Examination shows left cervical lymphadenopathy. Oropharyngeal examination shows a 3-cm ulcerating left tonsillar mass. Examination of both auditory canals is unremarkable. Which of the following is the most appropriate initial step in management?
A. Esophagoscopy
B. Nasopharyngoscopy
C. Panendoscopy
D. Barium swallow
E. Laryngoscopy
""","৫৬ বছর বয়সী একজন পুরুষ থroat ব্যথা এবং গত ৫ মাস ধরে খাবার গিলতে বাড়তি কষ্টের জন্য ডাক্তারের কাছে আসেন। তিনি গত ৩ মাস ধরে পর্যায়ক্রমে বাম কান ব্যথাও অনুভব করেছেন। তার উচ্চ রক্তচাপ আছে। তার একমাত্র ওষুধ হল আম্লোডিপিন। তার বাবা ৫৫ বছর বয়সে ল্যারিঞ্জিয়াল ক্যান্সার থেকে মারা গেছেন। তিনি ৩৬ বছর ধরে প্রতিদিন একটি প্যাকেট সিগারেট ধূমপান করেন। তিনি দৈনিক ২-৩ বিয়ার পান করেন। জীবনচিহ্ন স্বাভাবিক সীমার মধ্যে আছে। পরীক্ষায় বাম ঘাড়ের লিম্ফেডেনোপ্যাথি দেখা যায়। ওরোফ্যারিঞ্জিয়াল পরীক্ষায় বাম টনসিলের একটি ৩ সেমি আলসারযুক্ত গাঁট দেখা যায়। দুইটি শ্রবণ নালী পরীক্ষা অস্বাভাবিক কিছু দেখায় না। নিম্নলিখিতগুলির মধ্যে কোনটি ব্যবস্থাপনার সর্বোত্তম প্রাথমিক ধাপ?
A. ইসোফ্যাগোসকপি
B. নাসোফ্যারিঞ্জিয়োসকপি
C. প্যানএন্ডোস্কপি
D. বেরিয়াম স্বালো
E. লারিঞ্জোসকপি",,,,,
R0142,"A 51-year-old man is brought to the emergency department because of a 2-day history of fever, abdominal pain, and confusion. His wife states that he has been unable to recall his birthday or her name. He was diagnosed with hepatitis C 3 years ago but refused treatment. He has been treated twice in the past year for acute pancreatitis. There is no family history of serious illness. His only medication is a calcium supplement. He emigrated from India 15 years ago. He appears ill. His temperature is 38.3°C (100.9°F), pulse is 101/min, and blood pressure is 104/68 mm Hg. He is confused and oriented only to person. Examination shows scleral icterus and spider angiomas. There are fine tremors of the hands bilaterally. The abdomen is distended and shifting dullness is present. There is diffuse tenderness to palpation with no guarding. Bowel sounds are absent. Laboratory studies show:
Hemoglobin 12.6 g/dL
Leukocyte count 13,900/mm3
Platelet count 342,000/mm3
Serum
Albumin 2.6 g/dL
Total bilirubin 2.56 mg/dL
Alkaline phosphatase 54 U/L
AST 17 U/L
ALT 44 U/L
Paracentesis is performed. Ascitic fluid analysis shows an albumin concentration of 0.8 g/dL, glucose concentration of 62 mg/dL, and a leukocyte count of 1900/mm3 with 60% neutrophils. Which of the following is the most likely explanation for these findings?""
A. Pancreatic fluid leakage
B. Aseptic peritoneal inflammation
C. Neoplastic growth
D. Bacterial translocation
E. Perforated viscus","৫১ বছর বয়সী একজন পুরুষকে জরুরি বিভাগে আনা হয়েছে কারণ তিনি গত ২-দিনের জ্বর, পেটের ব্যথা এবং বিভ্রান্তির ইতিহাস রয়েছে। তার স্ত্রী জানান যে তিনি নিজের জন্মদিন বা তাঁর নাম স্মরণ করতে পারছেন না। তিন বছর আগে তাকে হেপাটাইটিস সি নির্ণয় করা হয়েছিল কিন্তু চিকিৎসা প্রত্যাখ্যান করেন। গত এক বছরে দুবার তীব্র অগ্ন্যাশয় প্রদাহের জন্য চিকিৎসা নেওয়া হয়েছে। গুরুতর রোগের কোনো পারিবারিক ইতিহাস নেই। তার একমাত্র ওষুধ হল ক্যালসিয়াম সাপ্লিমেন্ট। তিনি ১৫ বছর আগে ভারত থেকে অভিবাসন করেন। তিনি অসুস্থ দেখাচ্ছেন। তার তাপমাত্রা ৩৮.৩ ডিগ্রি সেলসিয়াস (১০০.৯ ডিগ্রি ফারেনহাইট), নাড়ি হল ১০১/মিনিট, এবং রক্তচাপ হল ১০৪/৬৮ মিমি পারদ। তিনি বিভ্রান্ত এবং শুধুমাত্র ব্যক্তির দিকে দিকনির্দেশিত। পরীক্ষায় স্ক্লেরাল জন্ডিস এবং স্পাইডার অ্যানজিওমা দেখা যায়। দুই হাতে সূক্ষ্ম কম্পন দেখা যায়। পেট ফুলে আছে এবং শিফ্টিং ডালনেস উপস্থিত রয়েছে। স্পর্শে বিস্তৃত সংবেদনশীলতা আছে কিন্তু কোনো গার্ডিং নেই। আন্ত্রের শব্দ শোনা যায় না। ল্যাবরেটরি ফলাফল দেখায়: হিমোগ্লোবিন ১২.৬ গ্রাম প্রতি ডেসিলিটার, লিউকোসাইট গণনা ১৩,৯০০/মিলিমিটার ঘন, প্লেটলেট গণনা ৩৪২,০০০/মিলিমিটার ঘন। সিরাম অ্যালবুমিন ২.৬ গ্রাম প্রতি ডেসিলিটার, মোট বিলিরুবিন ২.৫৬ মিলিগ্রাম প্রতি ডেসিলিটার, অ্যালকালাইন ফসফাটেজ ৫৪ ইউনিট প্রতি লিটার, এএসটি ১৭ ইউনিট প্রতি লিটার, এএলটি ৪৪ ইউনিট প্রতি লিটার। প্যারাসেন্টেসিস করা হয়। অ্যাসিটিক তরলের বিশ্লেষণে অ্যালবুমিন ঘনত্ব ০.৮ গ্রাম প্রতি ডেসিলিটার, গ্লুকোজ ঘনত্ব ৬২ মিলিগ্রাম প্রতি ডেসিলিটার, এবং লিউকোসাইট গণনা ১,৯০০/মিলিমিটার ঘন, যেখানে ৬০% নিউট্রোফিল রয়েছে। নিম্নলিখিতগুলির মধ্যে কোনটি এই ফলাফলের সবচেয়ে সম্ভাব্য ব্যাখ্যা?
A. অগ্ন্যাশয়ের তরল লিকেজ
B. নিষ্ক্রিয় পেরিটোনিয়াল প্রদাহ
C. নিওপ্লাস্টিক বৃদ্ধি
D. ব্যাকটেরিয়া ট্রান্সলোকেশন
E. ফাঁস হওয়া ভিস্কাস",,,,,
R0144,"A 34-year-old primigravid woman comes to the physician for a prenatal visit at 37-weeks' gestation because of worsening back pain for 3 weeks. The pain is worse with extended periods of walking, standing, and sitting. She has not had any changes in bowel movements or urination. Her mother has rheumatoid arthritis. Examination of the back shows bilateral pain along the sacroiliac joint area as a posterior force is applied through the femurs while the knees are flexed. She has difficulty actively raising either leg while the knee is extended. Motor and sensory function are normal bilaterally. Deep tendon reflexes are 2+. Babinski sign is absent. Pelvic examination shows a uterus consistent in size with a 37-weeks' gestation. There is no tenderness during abdominal palpation. Which of the following is the most likely explanation for this patient's symptoms?
A. Spinal cord compression
B. Vertebral bone compression fracture
C. Placental abruption
D. Relaxation of the pelvic girdle ligaments
E. Rheumatoid arthritis
F. L5 radiculopathy","একজন ৩৪ বছর বয়সী প্রাইমিগ্রাভিড নারী গর্ভধারণের ৩৭ সপ্তাহে একটি গর্ভকালীন পরিদর্শনের জন্য ডাক্তারের কাছে আসে কারণ গত ৩ সপ্তাহ ধরে পিঠের ব্যথা বাড়ছে। হাঁটা, দাঁড়ানো এবং বসা দীর্ঘ সময়ের জন্য করলে ব্যথা আরও বাড়ে। তার মলত্যাগ বা প্রস্রাবের কোনো পরিবর্তন হয়নি। তার মা রিউমাটয়েড আর্থ্রাইটিস আছে। পিঠের পরীক্ষা দেখায় যে উভয় পাশে স্যাক্রোইলিয়াক জয়েন্ট এলাকায় ব্যথা আছে যখন হাঁটুর গতি বাঁকানো অবস্থায় ফিমার দিয়ে পেছনের দিকে চাপ প্রয়োগ করা হয়। হাঁটু প্রসারিত থাকলে তিনি কোনো একটি পা সক্রিয়ভাবে তুলতে কঠিনতা অনুভব করেন। মোটর ও সংবেদনশীল কার্যকারিতা উভয় পাশে স্বাভাবিক। গভীর টেন্ডন প্রতিফলন ২+। বাবিনস্কি সাইন অনুপস্থিত। পেলভিক পরীক্ষা দেখায় যে গর্ভাশয়টি ৩৭ সপ্তাহের গর্ভধারণের আকারের সাথে সামঞ্জস্যপূর্ণ। বুকের স্পর্শকালে কোনো সংবেদনশীলতা নেই। নিম্নলিখিতগুলির মধ্যে কোনটি এই রোগীর উপসর্গের সবচেয়ে সম্ভাব্য ব্যাখ্যা?
A. মেরুদণ্ডের মজ্জা সংকোচন
B. কশেরুকা হাড়ের সংকোচন ভাঙন
C. প্লাসেন্টাল বিচ্ছিন্নতা
D. পেলভিক গিয়ার্ডলিগামেন্টের শিথিলতা
E. রিউমাটয়েড আর্থ্রাইটিস
F. এল৫ র‍্যাডিকুলোপ্যাথি",,,,,
R0145,"A 32-year-old woman comes to her physician because of increasing back pain for the past 10 months. The pain is worse in the morning when she wakes up and improves with activity. She used to practice yoga, but stopped 5 months ago as bending forward became increasingly difficult. She has also had bilateral hip pain for the past 4 months. She has not had any change in urination. She has celiac disease and eats a gluten-free diet. Her temperature is 37.1°C (98.8°F), pulse is 65/min, respirations are 13/min, and blood pressure is 116/72 mmHg. Examination shows the range of spinal flexion is limited. Flexion, abduction, and external rotation of bilateral hips produces pain. An x-ray of her pelvis is shown. Further evaluation of this patient is likely to show which of the following?
A. High levels of rheumatoid factor
B. HLA-B27 positive genotype
C. Presence of anti-dsDNA antibodies
D. High levels of creatine phosphokinase
E. Presence of anti-Ro and anti-La antibodies
F. HLA-DR3 positive genotype","৩২ বছর বয়সী এক নারী তার ডাক্তারের কাছে আসেন কারণ গত ১০ মাস ধরে পিঠের ব্যথা বাড়ছে। এই ব্যথা সকালে যখন তিনি জাগ্রত হন তখন বেশি তীব্র এবং কার্যকলাপের সঙ্গে কমে যায়। তিনি আগে যোগব্যায়াম করতেন, কিন্তু ৫ মাস আগে থেমে গেছেন কারণ সামনে বেঁকতে পারা ক্রমশ কঠিন হয়ে উঠছিল। এছাড়াও গত ৪ মাস ধরে তার দু'পাশের হিপে ব্যথা রয়েছে। মূত্রত্যাগে কোনো পরিবর্তন ঘটেনি। তিনি সিলিয়াক রোগে আক্রান্ত এবং গ্লুটেন-মুক্ত ডায়েট অনুসরণ করেন। তার তাপমাত্রা ৩৭.১ ডিগ্রি সেলসিয়াস (৯৮.৮ ডিগ্রি ফারেনহাইট), নাড়ি ৬৫/মিনিট, শ্বাসের হার ১৩/মিনিট, এবং রক্তচাপ ১১৬/৭২ মিমি পারদ। পরীক্ষায় দেখা যায় যে স্পাইনাল ফ্লেক্সনের পরিসীমা সীমিত। দু'পাশের হিপের ফ্লেক্সন, এবডাকশন ও এক্সটার্নাল রোটেশন ব্যথা সৃষ্টি করে। তার পেলভিসের এক্স-রে দেখানো হয়েছে। এই রোগীর অতিরিক্ত মূল্যায়নে সম্ভবত নিম্নলিখিত কোনটি দেখা যাবে?
A. রিউমাটয়েড ফ্যাক্টরের উচ্চ মাত্রা
B. এইচএলএ-বি২৭ পজিটিভ জিনোটাইপ
C. অ্যান্টি-ডিএসডিএনএ অ্যান্টিবডির উপস্থিতি
D. ক্রিয়েটিন ফসফোকাইনেজের উচ্চ মাত্রা
E. অ্যান্টি-রো এবং অ্যান্টি-লা অ্যান্টিবডির উপস্থিতি
F. এইচএলএ-ডিআর৩ পজিটিভ জিনোটাইপ",,,,,
R0146,"Three days after undergoing an open cholecystectomy, an obese 57-year-old woman has fever, chills, and a headache. She has right-sided chest pain that increases on inspiration and has had a productive cough for the last 12 hours. She had an episode of hypotension after the operation that resolved with intravenous fluid therapy. She underwent an abdominal hysterectomy 16 years ago for multiple fibroids of the uterus. She has smoked one pack of cigarettes daily for 17 years. She appears uncomfortable. Her temperature is 39°C (102.2°F), pulse is 98/min, respirations are 18/min, and blood pressure is 128/82 mm Hg. Inspiratory crackles are heard at the right lung base. The abdomen is soft and nontender. There is a healing surgical incision below the right ribcage. The remainder of the examination shows no abnormalities. Which of the following is the most likely diagnosis?
A. Congestive heart failure
B. Pulmonary embolism
C. Subphrenic abscess
D. Pneumonia
E. Atelectasis
F. Pneumothorax","ওপেন কোলেসিস্টেকটোমি করার তিন দিন পর, ৫৭ বছর বয়সী স্থূল একজন নারী জ্বর, শিহরণ, এবং মাথাব্যথা অনুভব করছেন। তিনি ডান পাশে বুকের ব্যথা পেয়েছেন যা শ্বাস নেওয়ার সময় বাড়ে এবং গত ১২ ঘণ্টায় উৎপাদনশীল কাশি হয়েছে। অপারেশনের পরে রক্তচাপ হ্রাসের একটি ঘটনা ঘটেছিল যা শিরাপথে তরল থেরাপি দিয়ে সমাধান হয়েছে। তিনি ১৬ বছর আগে গর্ভাশয়ের বহু ফাইব্রয়েডের জন্য অ্যাবডোমিনাল হিস্টেরেকটমি করিয়েছিলেন। তিনি ১৭ বছর ধরে প্রতিদিন এক প্যাকেট সিগারেট ধূমপান করেছেন। তিনি অস্বস্তিকর দেখাচ্ছেন। তার তাপমাত্রা ৩৯ ডিগ্রি সেলসিয়াস (১০২.২ ডিগ্রি ফারেনহাইট), পাল্স প্রতি মিনিটে ৯৮, শ্বাসপ্রশ্বাস প্রতি মিনিটে ১৮, এবং রক্তচাপ ১২৮/৮২ মিমি পারদ। ডান ফুসফুসের ভিত্তিতে ইনস্পিরেটরি ক্র্যাকলস শোনা যায়। পেট নরম এবং অসংবেদনশীল। ডান রিবকেজের নিচে একটি নিরাময়প্রাপ্ত সার্জিক্যাল ইনসিশন রয়েছে। পরীক্ষার বাকি অংশে কোনো অস্বাভাবিকতা দেখা যায় না। নিম্নলিখিতগুলির মধ্যে কোনটি সবচেয়ে সম্ভাব্য নির্ণয়?
A. কংজেস্টিভ হার্ট ফেলিওর
B. পালমোনারি এমবোলিজ়ম
C. সাবফ্রেনিক অ্যাবসেস
D. নিউমোনিয়া
E. এটেলেকটাসিস
F. পনিউমোথোর্যাক্স",,,,,
R0149,"A 37-year-old woman comes to the physician because of a 2-week history of palpitations and loose stools. She has had a 2.3-kg (5-lb) weight loss over the past month. She has had no change in appetite. She has no history of serious illness. She works in accounting and has been under more stress than usual lately. She takes no medications. She appears pale. Her temperature is 37.8°C (100.1°F), pulse is 110/min, respirations are 20/min, and blood pressure is 126/78 mm Hg. Cardiopulmonary examination shows no abnormalities. The abdomen is soft and nontender. There is a bilateral hand tremor with outstretched arms and a palpable thyroid nodule in the left lobe. Serum laboratory studies show a thyroid stimulating hormone level of 0.03 μU/mL and a thyroxine level of 28 μg/dL. A radioactive iodine uptake scan shows enhancement in a 3-cm encapsulated nodule in the lower left lobe with decreased uptake in the remaining gland. Which of the following is the most likely diagnosis?
A. Thyroid storm
B. Riedel's thyroiditis
C. Papillary carcinoma
D. Graves' disease
E. Toxic adenoma
F. Goiter
""","৩৭ বছর বয়সী এক নারী রোগীর কাছে দুই সপ্তাহের হৃদকম্পন এবং তরল মলের ইতিহাসে আসেন। তিনি গত মাসে ২.৩ কেজি (৫-পাউন্ড) ওজন হ্রাস করেছেন। তার ক্ষুধায় কোনো পরিবর্তন হয়নি। গুরুতর রোগের কোনো ইতিহাস নেই। তিনি হিসাবরক্ষণ বিভাগে কাজ করেন এবং সম্প্রতি সাধারণের চেয়ে বেশি চাপের মধ্যে ছিলেন। তিনি কোনও ওষুধ গ্রহণ করছেন না। তিনি ফিকে দেখাচ্ছেন। তার তাপমাত্রা ৩৭.৮ ডিগ্রি সেলসিয়াস (১০০.১ ডিগ্রি ফারেনহাইট), নাড়ি প্রতি মিনিটে ১১০, শ্বাসপ্রশ্বাস প্রতি মিনিটে ২০, এবং রক্তচাপ ১২৬/৭৮ মিমি পারদ। কার্ডিওফুসের পরীক্ষায় কোনো অস্বাভাবিকতা দেখা যায়নি। পেট নরম ও ব্যথাহীন। দুই পাশে হাত প্রসারিত অবস্থায় কাঁপুনি রয়েছে এবং বাম লোবে একটি স্পর্শযোগ্য থাইরয়েড গুঁড়ি আছে। সিরাম গবেষণায় থাইরয়েড স্টিমুলেটিং হরমোনের স্তর ০.০৩ মাইক্রোইউনিট/মিলিলিটার এবং থাইরক্সিনের স্তর ২৮ মাইক্রোগ্রাম/ডেসিলি লিটার দেখা গেছে। রেডিওঅ্যাকটিভ আয়োডিন আপটেক স্ক্যানে নিম্ন বাম লোবের একটি ৩-সেন্টিমিটার এনক্যাপসুলেটেড গুঁড়িতে বৃদ্ধি এবং অবশিষ্ট গ্রন্থিতে হ্রাসপ্রাপ্ত আপটেক দেখা গেছে। নিম্নলিখিতগুলির মধ্যে কোনটি সবচেয়ে সম্ভাব্য নির্ণয়?
A. থাইরয়েড স্টর্ম
B. রিডেলস থাইরয়েডাইটিস
C. প্যাপিলারি কার্সিনোমা
D. গ্রেভস রোগ
E. টক্সিক অ্যাডেনোমা
F. গোইটার",,,,,
R0153,"A 3-year-old boy is brought to the physician because of a 1-day history of abdominal pain and frequent urination. His mother reports that the patient has wet his bed overnight and that his urine smelled odd this morning. He has been toilet trained for 4 months and has had very few accidents since then. His last bowel movement was 3 days ago. He was born at term after a normal gestation and has reached all developmental milestones. His parents divorced 4 months ago and the patient's father has moved away. The patient began preschool 6 weeks ago. During this period, he has had two upper respiratory infections that resolved without treatment. His 12-year-old brother has type 1 diabetes mellitus. Vital signs are within normal limits. Physical examination of the abdomen shows mild suprapubic tenderness. Urine dipstick is positive for leukocyte esterase, nitrite, and blood; urinalysis shows white blood cells and gram-negative rods. Which of the following is the most likely predisposing factor for this patient's condition?
A. Social stressors
B. Constipation
C. Posterior urethral valves
D. Respiratory tract infection
E. Family history of diabetes mellitus","একজন ৩ বছর বয়সী ছেলেকে ডাক্তারের কাছে আনা হয়েছে, যেহেতু তিনি একদিন ধরে পেটে ব্যথা ও বারবার মূত্রত্যাগের অভিযোগ করছেন। তার মা জানান যে রোগী রাতে বিছানা ভেজিয়ে ফেলেছেন এবং আজ সকালে তার মূত্রে অদ্ভুত গন্ধ ছিল। তিনি গত ৪ মাস ধরে টয়লেট প্রশিক্ষণপ্রাপ্ত এবং তারপর থেকে খুব কমই দুর্ঘটনা ঘটেছে। তার শেষ মলত্যাগ ছিল ৩ দিন আগে। তিনি স্বাভাবিক গর্ভধারণের পর পূর্ণ সময়ে জন্মগ্রহণ করেন এবং সব বিকাশগত লক্ষ্য অর্জন করেছেন। তার বাবা-মা ৪ মাস আগে বিচ্ছিন্ন হন এবং রোগীর পিতা চলে গেছেন। রোগী ৬ সপ্তাহ আগে প্রি-স্কুলে ভর্তি হয়েছিলেন। এই সময়কালে তিনি দুইটি উপরের শ্বাসযন্ত্র সংক্রমণ পেয়েছেন যা কোনো চিকিৎসা ছাড়াই সেরে গিয়েছে। তার ১২ বছরের ভাই টাইপ ১ ডায়াবেটিসে আছে। জীবনচিহ্নগুলো স্বাভাবিক সীমার মধ্যে রয়েছে। পেটের শারীরিক পরীক্ষায় হালকা সুপ্রাপিউবিক সংবেদনশীলতা দেখা যায়। মূত্র ডিপস্টিক লিউকোসাইট এস্টেরেজ, নাইট্রাইট এবং রক্তের জন্য পজিটিভ দেখায়; মূত্র বিশ্লেষণে সাদা রক্তকণিকা ও গ্রাম-নেগেটিভ রড দেখা যায়। উপরের কোনটি এই রোগীর অবস্থার সবচেয়ে সম্ভাব্য পূর্বপ্রবণ কারণ হতে পারে?
A. সামাজিক চাপ
B. কোষ্ঠকাঠিন্য
C. পোস্টেরিয়র ইউরেথ্রাল ভালভস
D. শ্বাসযন্ত্র সংক্রমণ
E. ডায়াবেটিসের পারিবারিক ইতিহাস",,,,,
R0154,"A 43-year-old woman comes to the physician because of a 3-month history of a painless ulcer on the sole of her right foot. There is no history of trauma. She has been dressing the ulcer once daily at home with gauze. She has a 15-year history of poorly-controlled type 1 diabetes mellitus and hypertension. Current medications include insulin and lisinopril. Vital signs are within normal limits. Examination shows a 2 x 2-cm ulcer on the plantar aspect of the base of the great toe with whitish, loose tissue on the floor of the ulcer and a calloused margin. A blunt metal probe reaches the deep plantar space. Sensation to vibration and light touch is decreased over both feet. Pedal pulses are intact. An x-ray of the right foot shows no abnormalities. Which of the following is the most appropriate initial step in management?
A. Total contact casting of right foot
B. Amputation of the right forefoot
C. Increase frequency of dressing change
D. Intravenous antibiotic therapy
E. Sharp surgical debridement of the ulcer
F. Surgical revascularization of the right foot","একজন ৪৩ বছর বয়সী নারী ডাক্তারের কাছে আসেন কারণ তার ডান পায়ের তলদেশে ব্যথা না থাকা আলসার তিন মাসের ইতিহাস রয়েছে। আঘাতের কোনো ইতিহাস নেই। তিনি বাড়িতে গজ দিয়ে আলসারটি প্রতিদিন একবার ড্রেসিং করছেন। তার ১৫ বছরের ইতিহাস রয়েছে খারাপভাবে নিয়ন্ত্রিত টাইপ ১ ডায়াবেটিস এবং উচ্চ রক্তচাপের। বর্তমান ওষুধগুলোর মধ্যে রয়েছে ইনসুলিন এবং লিসিনোপ্রিল। জীবনচিহ্নগুলো স্বাভাবিক সীমার মধ্যে আছে। পরীক্ষায় দেখা যায় বড় আঙুলের ভিত্তির প্ল্যান্টার দিকের উপর একটি ২ × ২ সেন্টিমিটার আলসার, যার তলদেশে সাদা রঙের ঢিলা টিস্যু এবং কলাসযুক্ত প্রান্ত রয়েছে। একটি নরম ধাতব প্রোব গভীর প্ল্যান্টার স্থানে পৌঁছায়। কম্পন এবং হালকা স্পর্শের অনুভূতি উভয় পায়ে কমে গেছে। পেডাল পালস অক্ষত আছে। ডান পায়ের এক্স-রে কোনো অস্বাভাবিকতা দেখায় না। নিম্নলিখিতগুলোর মধ্যে কোনটি ব্যবস্থাপনার সর্বোত্তম প্রাথমিক পদক্ষেপ হবে?
A. ডান পায়ের সম্পূর্ণ সংস্পর্শ কাস্টিং
B. ডান ফরফুটের অপসারণ
C. ড্রেসিং পরিবর্তনের ফ্রিকোয়েন্সি বাড়ানো
D. শিরাপথে অ্যান্টিবায়োটিক থেরাপি
E. আলসারের তীক্ষ্ণ শল্যচিকিত্সা ডিব্রাইডমেন্ট
F. ডান পায়ের শল্যচিকিত্সা রিভাস্কুলারাইজেশন",,,,,
R0158,"Two hours after undergoing a left femoral artery embolectomy, an obese 63-year-old woman has severe pain, numbness, and tingling of the left leg. The surgery was without complication and peripheral pulses were weakly palpable postprocedure. She has type 2 diabetes mellitus, peripheral artery disease, hypertension, and hypercholesterolemia. Prior to admission, her medications included insulin, enalapril, carvedilol, aspirin, and rosuvastatin. She appears uncomfortable. Her temperature is 37.1°C (99.3°F), pulse is 98/min, and blood pressure is 132/90 mm Hg. Examination shows a left groin surgical incision. The left lower extremity is swollen, stiff, and tender on palpation. Dorsiflexion of her left foot causes severe pain in her calf. Femoral pulses are palpated bilaterally. Pedal pulses are weaker on the left side as compared to the right side. Laboratory studies show:
Hemoglobin 12.1
Leukocyte count 11,300/mm3
Platelet count 189,000/mm3
Serum
Glucose 222 mg/dL
Creatinine 1.1 mg/dL
Urinalysis is within normal limits. Which of the following is the most likely cause of these findings?""
A. Deep vein thrombosis
B. Reperfusion injury
C. Rhabdomyolysis
D. Cholesterol embolism
E. Cellulitis","বাম ফিমোরাল আর্টারি এম্বোলেকটমি করার ২ ঘন্টা পরে, একটি স্থূল ৬৩ বছর বয়সী নারী বাম পায়ের তীব্র ব্যথা, অসাড়তা এবং ঝিনঝিন অনুভূতি পাচ্ছেন। শল্যচিকিৎসাটি কোনো জটিলতা ছাড়া সম্পন্ন হয়েছিল এবং প্রক্রিয়ার পর পারিফেরাল পালসগুলি দুর্বলভাবে স্পর্শযোগ্য ছিল। তার টাইপ ২ ডায়াবেটিস, পেরিফেরাল আর্টারি ডিজিজ, উচ্চ রক্তচাপ এবং হাইপারকোলেস্টেরলেমিয়া রয়েছে। ভর্তির আগে তার ওষুধগুলোর মধ্যে ইন্সুলিন, এনালাপ্রিল, কার্ভেডিলল, অ্যাসপিরিন এবং রোসুভাস্টাটিন অন্তর্ভুক্ত ছিল। তিনি অস্বস্তিকর দেখাচ্ছেন। তার তাপমাত্রা ৩৭.১ ডিগ্রি সেলসিয়াস (৯৯.৩ ডিগ্রি ফারেনহাইট), পাল্স প্রতি মিনিটে ৯৮ এবং রক্তচাপ ১৩২/৯০ মিমি পারদ। পরীক্ষায় বাম গ্রীনের শল্য চিরের কাটা দেখা যায়। বাম নিম্ন অঙ্গটি ফোলাভাবযুক্ত, কঠিন এবং স্পর্শে সংবেদনশীল। তার বাম পা ডোরসিফ্লেক্সন করলে তার ক্যালফে তীব্র ব্যথা হয়। ফিমোরাল পালস দুপাশেই স্পর্শযোগ্য। বাম পাশে পেডাল পালস ডান পাশের তুলনায় দুর্বল। ল্যাবরেটরি ফলাফল দেখায়:
হিমোগ্লোবিন ১২.১
লিউকোসাইট গণনা ১১,৩০০/ঘন মিলিমিটার
প্লেটলেট গণনা ১৮৯,০০০/ঘন মিলিমিটার
সিরাম গ্লুকোজ ২২২ মিলিগ্রাম/ডেসিলিটার
ক্রিয়াটিনিন ১.১ মিলিগ্রাম/ডেসিলিটার
ইউরিনালাইসিস স্বাভাবিক সীমার মধ্যে। নিম্নলিখিতগুলোর কোনটি এই ফলাফলের সবচেয়ে সম্ভাব্য কারণ?
A. ডিপ ভেইন থ্রম্বোসিস
B. রিপারফিউশন ইনজুরি
C. র্যাবডোমায়োলাইসিস
D. কোলেস্টেরল এমবোলিজম
E. সেলুলাইটিস",,,,,
R0161,"A 50-year-old man is brought to the emergency department with progressive retrosternal chest pain and shortness of breath that started the day before. The pain is severe, worsens with inspiration, and radiates to his neck. He has also had a sore throat and neck pain the last 4 days. He remained bed-bound during this time and had poor appetite. One week ago, he underwent an upper endoscopy for peptic ulcer disease. He has type 2 diabetes mellitus, peptic ulcer disease, hyperlipidemia, and hypertension. His only medication is omeprazole. He does not smoke or drink alcohol. He appears in significant distress. His temperature is 39.1°C (102.3°F), pulse is 108/min, respirations are 28/min, and blood pressure is 88/46 mm Hg. The lungs are clear to auscultation. Cardiac examinations shows tachycardia but is otherwise unremarkable. The abdomen is soft and nontender. Oropharyngeal examination is limited because the patient is unable to open his mouth due to pain. His hematocrit is 42%, leukocyte count is 13,800/mm3, and platelet count is 205,000/mm3. The patient is intubated in the emergency department and appropriate treatment is started. Chest x-ray shows a widened mediastinum. Which of the following is most likely to have prevented this patient's condition?
A. Pericardiocentesis
B. Intravenous methylprednisolone administration
C. Intravenous ampicillin-sulbactam administration
D. Blood pressure control
E. Intravenous levofloxacin administration
""","৫০ বছর বয়সী একজন পুরুষকে জরুরি বিভাগে আনা হয়েছে অগ্রগতিশীল রেট্রোস্টার্নাল বুকের ব্যথা এবং শ্বাসকষ্ট নিয়ে, যা এক দিন আগে শুরু হয়েছিল। ব্যথাটি তীব্র, শ্বাস নেওয়ার সঙ্গে বাড়ে, এবং গলায় বিকিরণ করে। তিনি গত ৪ দিনে গলা ব্যথা ও ঘাড়ের ব্যথাও পেয়েছেন। এই সময় তিনি বিছানায় সীমাবদ্ধ ছিলেন এবং ক্ষুধা কম ছিল। এক সপ্তাহ আগে, তিনি পেপটিক আলসার রোগের জন্য উপরের এন্ডোস্কপি করিয়েছিলেন। তার টাইপ ২ ডায়াবেটিস, পেপটিক আলসার রোগ, হাইপারলিপিডেমিয়া এবং উচ্চ রক্তচাপ রয়েছে। তার একমাত্র ওষুধ হল ওমেপ্রাজোল। তিনি ধূমপান বা মদ্যপান করেন না। তিনি উল্লেখযোগ্য কষ্টে দেখা যাচ্ছে। তার তাপমাত্রা ৩৯.১°ডিগ্রি সেলসিয়া (১০২.৩°ডিগ্রি ফারেনহাইট), পাল্স ১০৮/মিনিট, শ্বাসের হার ২৮/মিনিট, এবং রক্তচাপ ৮৮/৪৬ মিমি পারদ। ফুসফুস শোনায় পরিষ্কার। কার্ডিয়াক পরীক্ষায় ট্যাকিকার্ডিয়া দেখা যায় তবে অন্যথা কোনো অস্বাভাবিকতা নেই। পেট নরম ও অসংবেদনশীল। ওরোফ্যারিঞ্জিয়াল পরীক্ষা সীমিত কারণ রোগী ব্যথার কারণে মুখ খুলতে পারছে না। তার হিমাটোক্রিট ৪২%, শ্বেত রক্তকণিকা গণনা ১৩,৮০০/ঘন মিলিমিটার, এবং প্লেটলেট গণনা ২০৫,০০০/ঘন মিলিমিটার। রোগীকে জরুরি বিভাগে শিরাপথে ইনটিউবেট করা হয়েছে এবং উপযুক্ত চিকিৎসা শুরু করা হয়েছে। চেস্ট এক্স-রে দেখায় প্রশস্ত মেডিয়াস্টিনাম। নিম্নলিখিত কোনটি এই রোগীর অবস্থাকে প্রতিরোধ করতে সবচেয়ে সম্ভাব্যভাবে সহায়তা করত?
A. পেরিকার্ডিয়োসেন্টেসিস
B. শিরাপথে মেথাইলপ্রেডনিসোলোন প্রদান
C. শিরাপথে অ্যাম্পিসিলিন-সুলব্যাক্টাম প্রদান
D. রক্তচাপ নিয়ন্ত্রণ
E. শিরাপথে লেভোফ্লোক্সাসিন প্রদান",,,,,
R0162,"A 17-year-old boy is brought to the physician because of progressive right knee pain for the past 3 months. He reports that the pain is worse at night and while doing sports at school. He has not had any trauma to the knee or any previous problems with his joints. His vital signs are within normal limits. Examination of the right knee shows mild swelling and tenderness without warmth or erythema; the range of motion is limited. He walks with an antalgic gait. Laboratory studies show an alkaline phosphatase of 180 U/L and an erythrocyte sedimentation rate of 80 mm/h. An x-ray of the right knee is shown. Which of the following is the most likely diagnosis?
A. Osteoclastoma
B. Ewing sarcoma
C. Chordoma
D. Osteochondroma
E. Chondrosarcoma
F. Osteosarcoma
""","একজন ১৭ বছর বয়সী ছেলে প্রগতিশীল ডান হাঁটু ব্যথার জন্য গত ৩ মাস ধরে চিকিৎসকের কাছে আনা হয়েছে। তিনি জানান যে ব্যথা রাতে এবং স্কুলে খেলাধুলা করার সময় বেশি হয়। হাঁটুর কোনো আঘাত বা তার জয়েন্টের পূর্বে কোনও সমস্যা ছিল না। তার জীবনীগত সূচকগুলো স্বাভাবিক সীমার মধ্যে আছে। ডান হাঁটুর পরীক্ষা দেখায় হালকা ফোলাভাব এবং সংবেদনশীলতা, তাপ বা লালচে রঙ ছাড়া; গতি পরিসীমা সীমিত। তিনি অ্যান্টালজিক গেইটে হাঁটেন। ল্যাবরেটরি পরীক্ষায় আলকালাইন ফসফাটেজের মান ১৮০ ইউনিট/লিটার এবং ইরিথ্রোসাইট সেডিমেন্টেশন রেট ৮০ মিমি/ঘণ্টা দেখা গেছে। ডান হাঁটুর এক্স-রে দেখানো হয়েছে। নিচের বিকল্পগুলির মধ্যে কোনটি সবচেয়ে সম্ভাব্য নির্ণয়?
A. অস্টিওক্লাস্টোমা
B. ইউইং সারকোমা
C. করডোমা
D. অস্টিওকন্ড্রোমা
E. কন্ড্রোসারকোমা
F. অস্টিওসারকোমা",,,,,
R0166,"Please refer to the summary above to answer this question
An 8-year-old boy is brought to the physician by his mother for a well-child examination at a clinic for low-income residents. Although her son's elementary school offers free afterschool programming, her son has not been interested in attending. Both the son's maternal and paternal grandmothers have major depressive disorder. The mother is curious about the benefits of afterschool programming and asks for the physician's input. Based on the study results, which of the following statements best addresses the mother's question?""
""High-quality afterschool programming during childhood promotes long-term adult mental health
Background
High-quality afterschool programming in children has been found to improve standardized test scores, dropout rates, and college attendance. The APPLE (Afterschool Programming for Psychiatric Long-term Endpoints) study seeks to examine the effect of such programs on long-term adult mental health.
Design, Setting, and Participants
Socioeconomically disadvantaged children ages 5-10 were recruited for this study. Participants with a history of intellectual/developmental disability or existing psychiatric illness were excluded. Eligible families were identified by screening government social service agencies in Milwaukee, Wisconsin, and of all qualified families who were invited to participate in free afterschool enrichment activities for their children, 320 children were enrolled. The socioeconomic characteristics of study participants were found to be similar to those of the population being studied.
160 children were randomly assigned to free afterschool enrichment activities and 160 to a waiting list that served as a control; the parents of 12 children declined participation after their children were randomly assigned to the control group. Of the 83 children participating in the study's 20-year follow-up, 62 were in the treatment group and 21 were in the control group.
Interventions
The intervention involved free afterschool programming for the first three years of the study. The programming lasted three hours per day and was held five days per week, consisting of an hour of creative problem-based math/reading instruction supplemented with two hours of music, art, and athletic group activities. Children in the control group were placed on the waiting list for the intervention.
Main Outcomes and Measures
Data on incidence of common DSM 5-validated mental health conditions was collected at the study's 20-year follow-up evaluation and confirmed by chart review.
Results
Table - Association of major depression, ADHD, bipolar disorder, and psychotic disorder at 20-year follow-up of participants who received afterschool enrichment during childhood*.
*Adjusted for income and family history of psychiatric illness.
Major Depressive Disorder Attention Deficit Hyperactivity Disorder Bipolar Disorder (I or II) without Psychosis Any Psychotic Disorder
Hazard Ratio (95% CI) P -value Hazard Ratio (95% CI) P -value Hazard Ratio (95% CI) P -value Hazard Ratio (95% CI) P -value
Control 1.0 [reference] -- 1.0 [reference] -- 1.0 [reference] -- 1.0 [reference] --
Afterschool Enrichment 0.69 (0.59-0.87) < 0.001 0.80 (0.74-0.92) 0.02 0.64 (0.59-1.35) 0.34 0.84 (0.51-1.23) 0.22
Conclusions
This study highlights the potential of high-quality afterschool programming during childhood in promoting long-term adult mental health.
Source of funding: Wisconsin Children's Mental Health Foundation, National Early Childhood Education Coalition""
A. High-quality afterschool programming has a greater effect on reducing ADHD risk in adults than major depressive disorder risk.
B. The patient's family history of psychiatric illness prevents any conclusions from being drawn from the study.
C. High-quality afterschool programming would decrease this patient's risk of developing attention deficit hyperactivity disorder.
D. High-quality afterschool programming for low-income 8-year-olds may correlate with decreased bipolar disorder risk in adults.
E. High-quality afterschool programming would decrease this patient's risk of developing major depressive disorder.
F. High-quality afterschool programming should be free of charge for low-income children to improve adult mental health.
G. High-quality afterschool programming has a greater effect on reducing psychotic disorder risk in adults than bipolar disorder risk.
H. High-quality afterschool programming for low-income 8-year-olds may correlate with decreased ADHD risk in adults.","দয়া করে উপরের সারাংশটি দেখুন এই প্রশ্নের উত্তর দিতে।  
একজন ৮-বছর বয়সী ছেলে তার মায়ের দ্বারা নিম্ন-আয়ের বাসিন্দাদের জন্য একটি ক্লিনিকে ভাল-শিশু পরীক্ষা করার জন্য আনা হয়েছে। যদিও তার সন্তানদের প্রাথমিক বিদ্যালয়ে বিনামূল্যে আফটারস্কুল প্রোগ্রামিং অফার করা হয়, তবুও সে এতে অংশ নিতে আগ্রহী নয়। ছেলেটির মা ও বাবা উভয়ের দাদীমা-দাদি সকলেই প্রধান বিষণ্নতা ব্যাধি (মেজর ডিপ্রেসিভ ডিসঅর্ডার) রোগে আক্রান্ত ছিলেন। মা আফটারস্কুল প্রোগ্রামিংয়ের সুবিধা সম্পর্কে কৌতূহলী এবং ডাক্তারকে তার মতামত জানতে চেয়েছেন। গবেষণা ফলাফলের ভিত্তিতে, নিম্নলিখিত কোন বিবৃতি মায়ের প্রশ্নের সর্বোত্তম উত্তর দেয়?  

""উচ্চ-গুণমানের আফটারস্কুল প্রোগ্রামিং শৈশবে দীর্ঘ-মেয়াদী বয়সকালের মানসিক স্বাস্থ্যের উন্নতি করে।  
পটভূমি  
শিশুদের মধ্যে উচ্চ-গুণমানের আফটারস্কুল প্রোগ্রামিং স্ট্যান্ডার্ডাইজড টেস্ট স্কোর, ড্রপআউট হার এবং কলেজে ভর্তি হওয়ার হার বাড়াতে সহায়তা করে বলে পাওয়া গেছে। অ্যাপল (Afterschool Programming for Psychiatric Long-term Endpoints) গবেষণাটি এমন প্রোগ্রামের দীর্ঘ-মেয়াদী বয়সকালের মানসিক স্বাস্থ্যের উপর প্রভাব পরীক্ষা করার লক্ষ্য রাখে।  
ডিজাইন, সেটিং এবং অংশগ্রহণকারী  
সমাজ-অর্থনৈতিকভাবে অবহেলিত ৫-১০ বছর বয়সের শিশুদের এই গবেষণার জন্য নিয়োগ করা হয়েছিল। বুদ্ধিবৃত্তিক/বিকাশজনিত অক্ষমতা বা বিদ্যমান মানসিক রোগের ইতিহাস থাকা অংশগ্রহণকারীদের বাদ দেওয়া হয়েছে। যোগ্য পরিবারগুলি মিলওয়াকি, উইসকনসিনের সরকারি সামাজিক সেবা সংস্থাগুলির স্ক্রিনিংয়ের মাধ্যমে চিহ্নিত করা হয়েছিল এবং সব যোগ্য পরিবারের মধ্যে যারা তাদের সন্তানদের জন্য বিনামূল্যে আফটারস্কুল সমৃদ্ধিকরণ কার্যক্রমে অংশগ্রহণের আমন্ত্রণ পেয়েছিলেন, ৩২০টি শিশু ভর্তি হয়েছে। গবেষণার অংশগ্রহণকারীদের সমাজ-অর্থনৈতিক বৈশিষ্ট্যগুলি অধ্যয়নকৃত জনসংখ্যার সঙ্গে সাদৃশ্যপূর্ণ পাওয়া গেছে।  
১৬০টি শিশুকে র্যান্ডমভাবে বিনামূল্যে আফটারস্কুল সমৃদ্ধিকরণ কার্যক্রমে এবং ১৬০টি শিশুকে অপেক্ষা তালিকায় (কন্ট্রোল) রাখা হয়; কন্ট্রোল গ্রুপে র্যান্ডমভাবে বরাদ্দ হওয়ার পর ১২টি শিশুর বাবা-মা অংশগ্রহণ প্রত্যাখ্যান করেন। গবেষণার ২০-বছরের ফলো-আপে মোট ৮৩টি শিশু অংশ নেয়, যার মধ্যে ৬২টি চিকিৎসা গোষ্ঠী এবং ২১টি কন্ট্রোল গোষ্ঠীতে ছিল।  
হস্তক্ষেপ  
হস্তক্ষেপের অন্তর্ভুক্তি প্রথম তিন বছর বিনামূল্যে আফটারস্কুল প্রোগ্রামিং ছিল। এই প্রোগ্রামটি প্রতিদিন তিন ঘণ্টা, সপ্তাহে পাঁচ দিন চলত, যার মধ্যে এক ঘণ্টা সৃজনশীল সমস্যাভিত্তিক গণিত/পাঠ নির্দেশনা এবং দুই ঘণ্টা সঙ্গীত, শিল্প ও ক্রীড়া দলীয় কার্যক্রম অন্তর্ভুক্ত ছিল। কন্ট্রোল গোষ্ঠীর শিশুরা হস্তক্ষেপের জন্য অপেক্ষা তালিকায় রাখা হয়েছিল।  
প্রধান ফলাফল এবং মাপ  
২০-বছরের ফলো-আপ মূল্যায়নে সাধারণ DSM ৫-সত্যায়িত মানসিক স্বাস্থ্য অবস্থার ঘটনার তথ্য সংগ্রহ করা হয়েছে এবং চার্ট রিভিউয়ের মাধ্যমে নিশ্চিত করা হয়েছে।  
ফলাফল  
টেবিল - শৈশবে আফটারস্কুল সমৃদ্ধিকরণ গ্রহণকারী অংশগ্রহণকারীদের ২০-বছরের ফলো-আপে প্রধান বিষণ্নতা, এডিএইচডি, বাইপোলার ডিসঅর্ডার এবং সাইকোটিক ডিসঅর্ডারের সম্পর্ক।  
*আয় এবং পারিবারিক মানসিক রোগের ইতিহাস অনুযায়ী সমন্বিত।  

প্রধান ডিপ্রেসিভ ডিজঅর্ডার | অ্যাটেনশন ডেফিসিট হাইপারএক্টিভিটি ডিজঅর্ডার | বাইপোলার ডিসঅর্ডার (I বা II) সাইকোসিস ছাড়া | যেকোনো সাইকোটিক ডিসঅর্ডার  
ঝুঁকি অনুপাত (৯৫% সিআই) পি-ভ্যালু | ঝুঁকি অনুপাত (৯৫% সিআই) পি-ভ্যালু | ঝুঁকি অনুপাত (৯৫% সিআই) পি-ভ্যালু | ঝুঁকি অনুপাত (৯৫% সিআই) পি-ভ্যালু  
কন্ট্রোল ১.০ [রেফারেন্স] — ১.০ [রেফারেন্স] — ১.০ [রেফারেন্স] — ১.০ [রেফারেন্স] —  
আফটারস্কুল সমৃদ্ধিকরণ ০.৬৯ (০.৫৯-০.৮৭) < ০.০০১ | ০.৮০ (০.৭৪-০.৯২) ০.০২ | ০.৬৪ (০.৫৯-১.৩৫) ০.৩৪ | ০.৮৪ (০.৫১-১.২৩) ০.২২  

উপসংহার  
এই গবেষণাটি শৈশবে উচ্চ-গুণমানের আফটারস্কুল প্রোগ্রামিংয়ের দীর্ঘ-মেয়াদী বয়সকালের মানসিক স্বাস্থ্যের উন্নতিতে সম্ভাব্য ভূমিকা তুলে ধরে।  
অর্থায়ন সূত্র: উইসকনসিন চিলড্রেন্স মেন্টাল হেলথ ফাউন্ডেশন, ন্যাশনাল আরলি চাইল্ডহুড এডুকেশন কোয়ালিশন
A. উচ্চ-গুণমানের আফটারস্কুল প্রোগ্রামিং বয়সকালে প্রধান বিষণ্নতা ঝুঁকি কমানোর তুলনায় এডিএইচডি ঝুঁকি হ্রাসে বেশি প্রভাব ফেলে।
B. রোগীর পারিবারিক মানসিক রোগের ইতিহাস গবেষণা থেকে কোনো উপসংহার টানা বাধা দেয়।
C. উচ্চ-গুণমানের আফটারস্কুল প্রোগ্রামিং এই রোগীর এডিএইচডি বিকাশের ঝুঁকি কমাবে।
D. নিম্ন-আয়ের ৮-বছর বয়সী শিশুদের জন্য উচ্চ-গুণমানের আফটারস্কুল প্রোগ্রামিং বয়সকালে বাইপোলার ডিসঅর্ডারের ঝুঁকি হ্রাসের সঙ্গে সম্পর্কিত হতে পারে।
E. উচ্চ-গুণমানের আফটারস্কুল প্রোগ্রামিং এই রোগীর প্রধান বিষণ্নতা বিকাশের ঝুঁকি কমাবে।
F. নিম্ন-আয়ের শিশুদের জন্য বয়সকালে মানসিক স্বাস্থ্যের উন্নতির জন্য উচ্চ-গুণমানের আফটারস্কুল প্রোগ্রামিং বিনামূল্যে হওয়া উচিত।
G. উচ্চ-গুণমানের আফটারস্কুল প্রোগ্রামিং বয়সকালে বাইপোলার ডিসঅর্ডারের তুলনায় সাইকোটিক ডিসঅর্ডার ঝুঁকি হ্রাসে বেশি প্রভাব ফেলে।
H. নিম্ন-আয়ের ৮-বছর বয়সী শিশুদের জন্য উচ্চ-গুণমানের আফটারস্কুল প্রোগ্রামিং বয়সকালে এডিএইচডি ঝুঁকি হ্রাসের সঙ্গে সম্পর্কিত হতে পারে।",,,,,
R0168,"Five days after undergoing right knee arthroplasty for osteoarthritis, a 68-year-old man has severe pain in this right knee preventing him from participating in physical therapy. On the third postoperative day when the dressing was changed, the surgical wound appeared to be intact, slightly swollen, and had a clear secretion. He has a history of diabetes, hyperlipidemia, and hypertension. Current medications include metformin, enalapril, and simvastatin. His temperature is 37.3°C (99.1°F), pulse is 94/min, and blood pressure is 130/88 mm Hg. His right knee is swollen, erythematous, and tender to palpation. There is pain on movement of the joint. The medial parapatellar skin incision appears superficially opened in its proximal and distal part with yellow-green discharge. There is blackening of the skin on both sides of the incision. Which of the following is the next best step in the management of this patient?
A. Surgical debridement
B. Nafcillin therapy
C. Skin grafting
D. Removal of prostheses
E. Vacuum dressing
F. Antiseptic dressing
""","৫ দিন পরে ডান হাঁটুর অস্টিওআর্থরাইটিসের জন্য আর্থ্রোপ্লাস্টি করা একটি ৬৮ বছর বয়সী পুরুষে এই ডান হাঁটে তীব্র ব্যথা দেখা দিচ্ছে যা তাকে শারীরিক থেরাপিতে অংশগ্রহণ থেকে বাধা দেয়। তৃতীয় পোস্ট-অপারেটিভ দিনে যখন ড্রেসিং পরিবর্তন করা হয়েছিল, সার্জিক্যাল ক্ষত অক্ষত, সামান্য ফোলাভাবযুক্ত এবং পরিষ্কার সেক্রেশন ছিল। তার ডায়াবেটিস, হাইপারলিপিডেমিয়া ও উচ্চ রক্তচাপের ইতিহাস রয়েছে। বর্তমান ওষুধগুলির মধ্যে আছে মেটফরমিন, এনালাপ্রিল এবং সিমভাস্টাটিন। তার তাপমাত্রা ৩৭.৩ ডিগ্রি সেলসিয়াস (৯৯.১ ডিগ্রি ফারেনহাইট), পাল্স ৯৪/মিনিট, এবং রক্তচাপ ১৩০/৮৮ মিমি পারদ। তার ডান হাঁটু ফোলাভাবযুক্ত, লালচে এবং স্পর্শে সংবেদনশীল। জয়েন্টের গতি করার সময় ব্যথা আছে। মেডিয়াল পারাপ্যাটেলার ত্বক ছেদন প্রোক্সিমাল ও ডিস্টাল অংশে পৃষ্ঠতলে খোলা দেখা যায়, হলুদ-সবুজ স্রাব সহ। ছেদের উভয় পাশে ত্বকে কালো দাগ রয়েছে। নিম্নলিখিতগুলির মধ্যে কোনটি এই রোগীর ব্যবস্থাপনার পরবর্তী সেরা পদক্ষেপ?
A. সার্জিক্যাল ডিব্রাইডমেন্ট
B. নাফসিলিন থেরাপি
C. ত্বক গ্রাফটিং
D. প্রোস্থেসিস অপসারণ
E. ভ্যাকুয়াম ড্রেসিং
F. অ্যান্টিসেপটিক ড্রেসিং",,,,,
R0169,"A 54-year-old man comes to the physician because of diarrhea that has become progressively worse over the past 4 months. He currently has 4-6 episodes of foul-smelling stools per day. Over the past 3 months, he has had fatigue and a 5-kg (11-lb) weight loss. He returned from Bangladesh 6 months ago after a year-long business assignment. He has osteoarthritis and hypertension. Current medications include amlodipine and naproxen. He appears pale and malnourished. His temperature is 37.3°C (99.1°F), pulse is 76/min, and blood pressure is 140/86 mm Hg. Examination shows pale conjunctivae and dry mucous membranes. Angular stomatitis and glossitis are present. The abdomen is distended but soft and nontender. Rectal examination shows no abnormalities. Laboratory studies show:
Hemoglobin 8.9 g/dL
Leukocyte count 4100/mm3
Platelet count 160,000/mm3
Mean corpuscular volume 110 μm3
Serum
Na+ 133 mEq/L
Cl- 98 mEq/l
K+ 3.3 mEq/L
Creatinine 1.1 mg/dL
IgA 250 mg/dL
Anti-tissue transglutaminase, IgA negative
Stool culture and studies for ova and parasites are negative. Test of the stool for occult blood is negative. Fecal fat content is 22 g/day (N < 7). Fecal lactoferrin is negative and elastase is within normal limits. Which of the following is the most appropriate next step in diagnosis?""
A. CT scan of the abdomen
B. Schilling test
C. IgG against deamidated gliadin peptide
D. Serum lipase
E. Anti-Saccharomyces cerevisiae antibody
F. Enteroscopy
G. Anti-neutrophil cytoplasmic antibody
H. PAS-stained biopsy of small bowel","একজন ৫৪ বছর বয়সী পুরুষ ডায়েরিয়ার কারণে যা গত ৪ মাসে ধীরে ধীরে খারাপ হয়েছে, চিকিৎসকের কাছে আসেন। তিনি বর্তমানে দিনে ৪ থেকে ৬ বার দুর্গন্ধযুক্ত মলত্যাগ করেন। গত ৩ মাসে তিনি ক্লান্তি এবং ৫ কেজি (১১ পাউন্ড) ওজন হ্রাস অনুভব করেছেন। তিনি এক বছরের ব্যবসায়িক মিশনের পর ৬ মাস আগে বাংলাদেশ থেকে ফিরে এসেছেন। তিনি অস্টিওআর্থ্রাইটিস এবং উচ্চ রক্তচাপে আক্রান্ত। বর্তমান ওষুধগুলোর মধ্যে রয়েছে অ্যামলোডিপিন এবং ন্যাপ্রোক্সেন। তিনি ফিকি ও অপুষ্ট দেখাচ্ছেন। তার তাপমাত্রা ৩৭.৩ ডিগ্রি সেলসিয়াস (৯৯.১ ডিগ্রি ফারেনহাইট), পাল্স প্রতি মিনিটে ৭৬, এবং রক্তচাপ ১৪০/৮৬ মিমি পারদ। পরীক্ষায় ফিকে কনজাংটিভা এবং শুষ্ক মুখের ঝিল্লি দেখা যায়। কোণীয় স্টোমাটাইটিস এবং গ্লোসিটিস উপস্থিত আছে। বুকের অংশ ফুলে আছে তবে নরম ও অব্যথিত। রেক্টাল পরীক্ষা কোনো অস্বাভাবিকতা দেখায় না। ল্যাবরেটরি পরীক্ষায় দেখা যায়:
হিমোগ্লোবিন ৮.৯ গ্রাম প্রতি ডেসিলিটার
শ্বেত রক্ত কণিকার সংখ্যা ৪১০০ প্রতি ঘন মিমি
প্লেটলেটের সংখ্যা ১৬০,০০০ প্রতি ঘন মিমি
গড় কর্পাসকুলার ভলিউম ১১০ মাইক্রোমিটার ঘন
সোডিয়াম ১৩৩ মিলিইকুইভ্যালেন্ট/লিটার
ক্লোরাইড ৯৮ মিলিইকুইভ্যালেন্ট/লিটার
পটাশিয়াম ৩.৩ মিলিইকুইভ্যালেন্ট/লিটার
ক্রিয়াটিনিন ১.১ মিলিগ্রাম প্রতি ডেসিলিটার
আইজিএ ২৫০ মিলিগ্রাম প্রতি ডেসিলিটার
অ্যান্টি-টিস্যু ট্রান্সগ্লুটামিনেজ, আইজিএ নেতিবাচক
মল সংস্কৃতি এবং ডিম ও পরজীবীর জন্য করা গবেষণা নেতিবাচক।
অদৃশ্য রক্তের জন্য মলের পরীক্ষাও নেতিবাচক। মল চর্বির পরিমাণ ২২ গ্রাম/দিন (স্বাভাবিক < ৭)। মল ল্যাক্টোফেরিন নেতিবাচক এবং ইলাস্টেজ স্বাভাবিক সীমার মধ্যে। নিম্নলিখিতগুলোর মধ্যে কোনটি নির্ণয়ের সর্বাধিক উপযুক্ত পরবর্তী ধাপ?
A. পেটে সিটি স্ক্যান
B. শিলিং টেস্ট
C. ডিমাইডেটেড গ্লিয়াডিন পেপটাইডের বিরুদ্ধে আইজিজি
D. সিরাম লিপেজ
E. অ্যান্টি-স্যাকারোমাইসেস সেরিভিসিয়া অ্যান্টিবডি
F. এন্টারোস্কপি
G. অ্যান্টি-নিউট্রোফিল সাইটোপ্লাজমিক অ্যান্টিবডি
H. ক্ষুদ্র অন্ত্রের পিএএস-রঙিত বায়োপসি",,,,,
R0173,"A 28-year-old primigravid woman comes to the physician at 27 weeks' gestation with increased urinary frequency, a burning sensation when urinating, flank pain, and nausea. Her pregnancy has been uncomplicated. Glucose tolerance testing performed at 25 weeks' gestation was normal. She is sexually active with her husband. Her only medication is a prenatal vitamin. Her pulse is 90/min, respirations are 16/min, and blood pressure is 125/75 mm Hg. Physical examination shows marked tenderness in the right costovertebral area. Pelvic examination shows a uterus consistent with 27 weeks' gestation. Her urine dipstick is positive for leukocyte esterase and nitrites. The urine is sent for bacterial culture. Which of the following changes most likely contributed to this patient's condition?
A. Decreased ureteral smooth muscle tone
B. Increased body temperature
C. Increased urine concentration
D. Decreased urine volume
E. Increased urinary pH
F. Decreased urine glucose concentration
""","২৮ বছর বয়সী একক গর্ভবতী নারী (প্রাইমিগ্রাভিড) ২৭ সপ্তাহের গর্ভধারণে ডাক্তারের কাছে আসে, যেখানে মূত্রত্যাগের ফ্রিকোয়েন্সি বৃদ্ধি, প্রস্রাব করার সময় জ্বালাপোড়া অনুভূতি, পার্শ্ব ব্যথা এবং বমিভাব রয়েছে। তার গর্ভধারণ কোনো জটিলতা ছাড়া চলেছে। ২৫ সপ্তাহে করা গ্লুকোজ টলারেন্স পরীক্ষা স্বাভাবিক ছিল। তিনি তাঁর স্বামীর সঙ্গে যৌন সক্রিয়। তার একমাত্র ওষুধ হল একটি প্রি-নাটাল ভিটামিন। তার পালস ৯০/প্রতি মিনিট, শ্বাসের হার ১৬/প্রতি মিনিট, এবং রক্তচাপ ১২৫/৭৫ মিমি পারদ। শারীরিক পরীক্ষায় ডান পার্শ্বীয় কস্টোভার্টিব্রাল এলাকায় স্পষ্ট সংবেদনশীলতা দেখা যায়। পেলভিক পরীক্ষা দেখায় গর্ভাশয়টি ২৭ সপ্তাহের গর্ভধারণের সঙ্গে সামঞ্জস্যপূর্ণ। তার মূত্র ডিপস্টিক লিউকোসাইট এসটেরেজ এবং নাইট্রাইটের জন্য পজিটিভ হয়েছে। মূত্রকে ব্যাকটেরিয়াল কালচার করার জন্য পাঠানো হয়। নিম্নলিখিত কোন পরিবর্তনটি সম্ভবত এই রোগীর অবস্থার কারণ হয়েছে?
A. ইউরেটার মসৃণ পেশীর টোন হ্রাস
B. শরীরের তাপমাত্রা বৃদ্ধি
C. মূত্র ঘনত্ব বৃদ্ধি
D. মূত্র পরিমাণ হ্রাস
E. মূত্রের পিএইচ বৃদ্ধি
F. মূত্র গ্লুকোজ ঘনত্ব হ্রাস",,,,,
R0174,"Two days after delivery, a newborn develops a red, irritated eye with yellow discharge. She was born at 39 weeks' gestation to a 28-year-old woman, gravida 1, para 1. Pregnancy and delivery were uncomplicated. The mother had not seen her gynecologist since her first prenatal visit. The newborn's temperature is 37.2°C (99.0°F), pulse is 140/min, respirations are 42/min, and blood pressure is 73/53 mm Hg. Ophthalmic examination shows eyelid edema, conjunctival injection, and copious yellow mucopurulent discharge from the right eye. There is no corneal ulceration or evidence of keratitis. Funduscopic examination is normal. The diagnosis is confirmed and appropriate treatment is administered. Which of the following is most likely to have prevented this patient's condition?
A. Oral erythromycin administered to the infant
B. IV ceftriaxone administered to the infant
C. Topical erythromycin administered to the infant
D. Oral doxycycline administered to the mother
E. Oral amoxicillin administered to the mother","ডেলিভারির দুই দিন পরে, একটি নবজাতক লাল, জ্বালা যুক্ত চোখে হলুদ নিঃসরণ বিকাশ করে। তিনি ৩৯ সপ্তাহের গর্ভধারণে ২৮ বছর বয়সী নারীর কাছে জন্মেছেন, গ্র্যাভিডা ১, প্যারা ১। গর্ভধারণ এবং প্রসব জটিলতা মুক্ত ছিল। মা তার প্রথম প্রি-নাটাল ভিজিটের পর থেকে গাইনেকোলজিস্টকে দেখেননি। নবজাতকের তাপমাত্রা ৩৭.২ ডিগ্রি সেলসিয়াস (৯৯.০ ডিগ্রি ফারেনহাইট), পাল্স হল ১৪০/মিনিট, শ্বাসপ্রশ্বাস প্রতি মিনিটে ৪২, এবং রক্তচাপ ৭৩/৫৩ মিমি পারদ। চক্ষু পরীক্ষায় চোখের পাতা এডেমা, কনজাংটিভাল ইনজেকশন, এবং ডান চোখ থেকে প্রচুর হলুদ মিউকোপিউরুলেন্ট নিঃসরণ দেখা যায়। কর্নিয়াল আলসার বা কেরাটাইটিসের কোনো প্রমাণ নেই। ফান্ডাসকোপিক পরীক্ষা স্বাভাবিক। নির্ণয় নিশ্চিত হয়েছে এবং উপযুক্ত চিকিৎসা প্রদান করা হয়েছে। নিম্নলিখিত কোনটি এই রোগীর অবস্থার প্রতিরোধে সবচেয়ে সম্ভাব্যভাবে সহায়তা করতে পারত?
A. শিশুকে মৌখিক এরিথ্রোমাইসিন প্রদান করা।
B. শিশুকে শিরাপথে সেফট্রায়াক্সোন প্রদান করা।
C. শিশুকে টপিক্যাল এরিথ্রোমাইসিন প্রদান করা।
D. মায়ের জন্য মৌখিক ডক্সিসাইক্লিন প্রদান করা।
E. মায়ের জন্য মৌখিক অ্যামোক্সিসিলিন প্রদান করা।",,,,,
R0176,"A 23-year-old woman is brought to the emergency department by her friend because of a 1-hour episode of confusion. Earlier that night, they were at a dance club, and the patient was very energetic and euphoric. Thirty minutes after arriving, she became agitated and nauseous. She no longer seemed to know where she was or how she got there, and she began talking to herself. She has no major medical illness. She is an undergraduate student at a local college. She does not smoke but drinks 10-14 mixed drinks each week. Her temperature is 38.3°C (100.9°F), pulse is 115/min and regular, respirations are 16/min, and blood pressure is 138/84 mm Hg. She oriented to self but not to time or place. Throughout the examination, she grinds her teeth. Her pupils are 7 mm in diameter and minimally reactive. Her skin is diffusely flushed and diaphoretic. Cardiopulmonary examination shows no abnormalities. Serum studies show:
Na+ 129 mEq/L
K+ 3.7 mEq/L
HCO3- 22 mEq/L
Creatinine 1.2 mg/dL
Glucose 81 mg/dL
Which of the following substances is the most likely cause of this patient's presentation?""
A. Phencyclidine
B. Cocaine
C. Diphenhydramine
D. Acetaminophen
E. Ecstasy
F. Codeine
G. Methamphetamine","একজন ২৩ বছর বয়সী নারীকে তার বন্ধু জরুরি বিভাগে নিয়ে এসেছে কারণ তিনি এক ঘণ্টার বিভ্রান্তির এপিসোডে ছিলেন। সেই রাতের আগে, তারা একটি ড্যান্স ক্লাবে গিয়েছিলেন, এবং রোগী খুবই উদ্যমী ও উচ্ছ্বসিত ছিলেন। পৌঁছানোর ত্রিশ মিনিট পরে, তিনি উত্তেজিত ও বমিভাব অনুভব করেন। তিনি আর জানেন না তিনি কোথায় আছেন বা কীভাবে সেখানে পৌঁছেছেন, এবং নিজে সঙ্গে কথা বলতে শুরু করেন। তার কোনো বড় রোগের ইতিহাস নেই। তিনি স্থানীয় কলেজের স্নাতকোত্তর ছাত্র। তিনি ধূমপান করেন না তবে প্রতি সপ্তাহে ১০-১৪ মিক্সড ড্রিংকস পান করেন। তার তাপমাত্রা ৩৮.৩° ডিগ্রি সেলসিয়া (১০০.৯° ডিগ্রি ফারেনহাইট), পালস ১১৫/মিনিট এবং রেগুলার, শ্বাসপ্রশ্বাস ১৬/মিনিট, এবং রক্তচাপ ১৩৮/৮৪ মিমি পারদ। তিনি নিজে সম্পর্কে সচেতন কিন্তু সময় বা স্থানের ব্যাপারে নয়। পরীক্ষার পুরো সময় তিনি দাঁত ঘষেন। তার পিউপিলের ব্যাস ৭ মিমি এবং সামান্য প্রতিক্রিয়াশীল। তার ত্বক ব্যাপকভাবে লাল ও ঘামযুক্ত। কার্ডিওফুস ফিজিক্যাল পরীক্ষায় কোনো অস্বাভাবিকতা দেখা যায়নি। সিরাম গবেষণায় দেখানো হয়েছে:
সোডিয়াম ১২৯ মিলিইকুইভ্যালেন্ট/লিটার
পটাশিয়াম ৩.৭ মিলিইকুইভ্যালেন্ট/লিটার
বাইকার্বনেট ২২ মিলিইকুইভ্যালেন্ট/লিটার
ক্রিয়াটিনিন ১.২ মিলিগ্রাম/ডেসিলিটার
গ্লুকোজ ৮১ মিলিগ্রাম/ডেসিলিটার
নিম্নলিখিত কোন পদার্থটি এই রোগীর উপসর্গের সবচেয়ে সম্ভাব্য কারণ?
A. ফেন্সাইক্লিডিন
B. কোকেইন
C. ডাইফেনহাইড্রামিন
D. অ্যাসিটামিনোফেন
E. এক্সট্যাসি
F. কোডেইন
G. মেথ্যাম্পেটামিন",,,,,
R0177,"A 62-year-old man comes to the physician for the evaluation of lower back pain and tingling and numbness in his legs for the past 6 months. The pain radiates bilaterally to his buttocks and legs gets worse while standing or walking downhill. Two weeks ago, he had an upper respiratory tract infection that resolved spontaneously. He has hypertension and hypercholesterolemia. His son has ankylosing spondylitis. The patient does not smoke. He drinks 2-3 beers on the weekends. Current medications include enalapril and atorvastatin. He is 180 cm (5 ft 11 in) tall and weighs 90 kg (198 lb); BMI is 27.8 kg/m2. His temperature is 37°C (98.6°F), pulse is 70/min, and blood pressure is 135/85 mm Hg. There is no tenderness to palpation over the lumbar spine. Sensation to pinprick and light touch is decreased over the lower extremities. The patient's gait is unsteady and wide based. Muscle strength is normal. Deep tendon reflexes are 1+ bilaterally. Babinski's sign is absent bilaterally. Further evaluation is most likely to reveal which of the following findings?
A. Positive HLA-B27
B. Increased hemoglobin A1c
C. Positive straight leg raise
D. Albuminocytologic dissociation on CSF analysis
E. Leaning forward relieves the pain
F. Decreased ankle-brachial index","৬২ বছর বয়সী একজন পুরুষ নিম্ন পিঠের ব্যথা এবং তার পায়ে ঝিনঝিনি ও অস্পর্শতা গত ৬ মাস ধরে মূল্যায়নের জন্য ডাক্তারের কাছে আসেন। ব্যথাটি উভয় পাশে তার নিতম্ব এবং পা পর্যন্ত বিস্তৃত হয় এবং দাঁড়িয়ে থাকলে অথবা ঢালু পথে হেঁটে চললে তীব্রতা বৃদ্ধি পায়। দুই সপ্তাহ আগে তিনি একটি উপরের শ্বাসনালী সংক্রমণ থেকে আক্রান্ত হন যা স্বয়ংক্রিয়ভাবে সেরে গিয়েছিল। তার উচ্চ রক্তচাপ এবং উচ্চ কোলেস্টেরল রয়েছে। তার পুত্রের অ্যান্কাইলোসিং স্পন্ডিলাইটিস আছে। রোগী ধূমপান করেন না। তিনি সপ্তাহান্তে ২-৩টি বিয়ার পান করেন। বর্তমান ওষুধের মধ্যে রয়েছে এনালাপ্রিল এবং অ্যাটরভাস্ট্যাটিন। তার উচ্চতা ১৮০ সেমি (৫ ফুট ১১ ইঞ্চি) এবং ওজন ৯০ কেজি (১৯৮ পাউন্ড); BMI হল ২৭.৮ কেজি/মি2। তার তাপমাত্রা ৩৭ ডিগ্রি সেলসিয়া (৯৮.৬ ডিগ্রি ফারেনহাইট), পাল্স প্রতি মিনিটে ৭০, এবং রক্তচাপ ১৩৫/৮৫ মিমি পারদ। লোম্বার মেরুদণ্ডে স্পর্শ করার সময় কোনও নরমত্ব বা ব্যথা দেখা যায় না। নিম্ন অঙ্গগুলিতে পিনপ্রিক এবং হালকা স্পর্শের অনুভূতি কমে গেছে। রোগীর গতি অস্থিতিশীল এবং পায়ের বিস্তৃতি প্রশস্ত। পেশির শক্তি স্বাভাবিক। ডিপ টেন্ডন রিফ্লেক্স উভয় পাশে ১+ আছে। বাবিনস্কি সাইন উভয় পাশে অনুপস্থিত। আরও মূল্যায়নে সম্ভবত নিম্নলিখিত কোনটি প্রকাশ পাবে?
A. ইতিবাচক এইচএলএ-বি২৭
B. বর্ধিত হিমোগ্লোবিন এ১সি
C. ইতিবাচক স্ট্রেইট লেগ রেইজ
D. সিএসএফ বিশ্লেষণে অ্যালবুমিন-সাইটোলজিক বিচ্ছিন্নতা
E. সামনে ঝুঁকলে ব্যথা কমে যায়
F. হ্রাসপ্রাপ্ত অ্যাঙ্কল-ব্র্যাকিয়াল ইনডেক্স",,,,,
R0183,"A 26-year-old woman comes to the emergency department 30 minutes after she was bitten by her neighbor's cat. She has no history of serious illness and takes no medications. She received all recommended immunizations during childhood but has not received any since then. Vital signs are within normal limits. Physical examination shows four puncture wounds on the thenar eminence of the right hand. There is mild swelling but no erythema. There is normal range of motion of her right thumb and wrist. The wound is cleaned with povidone iodine and irrigated with saline. Which of the following is the most appropriate next step in management?
A. Obtain a wound culture
B. Administer oral amoxicillin-clavulanate
C. Close the wound surgically
D. Provide reassurance
E. Order a CT scan of the right hand
F. Close the wound with cyanoacrylate tissue adhesive
G. Administer the rabies vaccine
H. Administer tetanus toxoid and tetanus IV immunoglobulin
I. Administer oral cephalexin","একজন ২৬ বছর বয়সী নারী প্রতিবেশীর বিড়ালের কামড়ে ৩০ মিনিট পরে জরুরি বিভাগে আসেন। তার কোনো গুরুতর রোগের ইতিহাস নেই এবং তিনি কোনও ওষুধ গ্রহণ করেন না। শৈশবে তিনি সমস্ত সুপারিশকৃত টিকাদান পেয়েছেন কিন্তু তারপর থেকে কোনটি পাননি। গুরুত্বপূর্ণ চিহ্নগুলি স্বাভাবিক সীমার মধ্যে রয়েছে। শারীরিক পরীক্ষায় ডান হাতের থেনার ইমিনেন্সে চারটি পাংচার ক্ষত দেখা যায়। হালকা ফোলাভাব আছে তবে কোনো লালভাব নেই। তার ডান বড় আঙুল এবং কব্জির স্বাভাবিক গতি সীমা রয়েছে। ক্ষতটি পোভিডোন আয়োডিন দিয়ে পরিষ্কার করা হয় এবং সালাইনের মাধ্যমে ধোয়া হয়। নিম্নলিখিতগুলোর মধ্যে কোনটি ব্যবস্থাপনার সর্বাধিক উপযুক্ত পরবর্তী পদক্ষেপ?
A. ক্ষতের কালচার নিন
B. মৌখিক অ্যামোক্সিসিলিন-ক্লাভুলানেট দিন
C. শল্যচিকিত্সা দ্বারা ক্ষত বন্ধ করুন
D. আশ্বস্ত করুন
E. ডান হাতে সিটি স্ক্যানের আদেশ দিন
F. সায়ানোঅ্যাক্রিলেট টিস্যু আঠা দিয়ে ক্ষত বন্ধ করুন
G. রেবিস ভ্যাকসিন দিন
H. টেটানাস টক্সয়েড এবং টেটানাস শিরাপথে ইমিউনোগ্লোবুলিন দিন
I. মৌখিক সেফালেক্সিন দিন",,,,,
R0184,"A 42-year-old woman, gravida 3, para 3 comes to the physician because of a 14-month history of prolonged and heavy menstrual bleeding. Menses occur at regular 28-day intervals and last 7 days with heavy flow. She also feels fatigued. She is sexually active with her husband and does not use contraception. Vital signs are within normal limits. Pelvic examination shows a firm, irregularly-shaped uterus consistent in size with a 16-week gestation. Her hemoglobin concentration is 9 g/dL, hematocrit is 30%, and mean corpuscular volume is 92 μm3. Pelvic ultrasound shows multiple intramural masses in an irregularly enlarged uterus. The ovaries appear normal bilaterally. The patient has completed childbearing and would like definitive treatment for her symptoms. Operative treatment is scheduled. Which of the following is the most appropriate next step in management?
A. Progestin-only contraceptive pills
B. Red cell concentrates
C. Danazol
D. Leuprolide
E. Levonorgestrel-releasing intrauterine device
F. Tranexamic acid
G. Methotrexate
H. Estrogen-progestin contraceptive pills","৪২ বছর বয়সী এক নারী, গর্ভধারণ ৩, সন্তান ৩, দীর্ঘস্থায়ী এবং ভারী মাসিক রক্তপাতের ১৪-মাসের ইতিহাসের জন্য ডাক্তারের কাছে আসেন। মাসিক নিয়মিত ২৮-দিনের অন্তরে ঘটে এবং ভারী প্রবাহসহ ৭ দিন স্থায়ী হয়। তিনি ক্লান্তি অনুভব করেন। তিনি স্বামীর সঙ্গে যৌন সক্রিয় এবং গর্ভনিরোধক ব্যবহার করেন না। গুরুত্বপূর্ণ চিহ্নগুলি স্বাভাবিক সীমার মধ্যে রয়েছে। পেলভিক পরীক্ষা দেখায় একটি দৃঢ়, অনিয়মিত-আকৃতির জরায়ু যা ১৬-সপ্তাহের গর্ভধারণের সমান আকারের। তার হিমোগ্লোবিন ঘনত্ব ৯ গ্রাম/ডেসিলিটার, রক্তের লাল কোষের পরিমাণ (হেমাটোক্রিট) ৩০%, এবং গড় কণিকা ভলিউম ৯২ মাইক্রোমিটার ঘন। পেলভিক আল্ট্রাসাউন্ডে অনিয়মিতভাবে বড় হওয়া জরায়ুতে একাধিক ইন্ট্রামুরাল মাসা দেখা যায়। ডিম্বাশয় দুটোই দ্বিপাক্ষিকভাবে স্বাভাবিক দেখায়। রোগী সন্তানধারণ শেষ করেছেন এবং তার উপসর্গের জন্য চূড়ান্ত চিকিৎসা চান। অপারেটিভ চিকিৎসা নির্ধারিত হয়েছে। নিম্নলিখিতগুলির মধ্যে কোনটি ব্যবস্থাপনার সর্বোত্তম পরবর্তী ধাপ হবে?
A. প্রোজেস্টিন-একক গর্ভনিরোধক পিল
B. লাল রক্তকণিকা কনসেনট্রেট
C. ড্যানাজোল
D. লিউপ্রোলাইড
E. লেভোনর্গেস্ট্রেল-মুক্তি ইনট্রা-ইউটেরিন ডিভাইস
F. ট্রানেক্সামিক অ্যাসিড
G. মেথোট্রেক্সেট
H. ইস্ট্রোজেন-প্রোজেস্টিন গর্ভনিরোধক পিল",,,,,
R0187,"Ten days after a motor vehicle collision, a 28-year-old man develops jaundiced skin. Upon initial presentation for his injuries, the patient was taken for an emergency laparotomy, which revealed significant internal hemorrhage from blunt abdominal trauma to the spleen. He required rapid transfusion with a total of 7 units of packed red blood cells. He has recovered well from the procedure until this morning, when he began to develop jaundiced skin and sclerae. He does not have pruritus. He has had no prior surgeries and takes no other medications. He is sexually active with one female partner. Prior to the accident, he drank 4 beers per day. His vital signs are within normal limits. Abdominal examination is limited due to pain. There are no palpable abdominal masses. There is a midline surgical scar with no erythema, purulence, or drainage. He has healing abrasions on the upper left side of his face and bruises over the anterior abdomen. CT scans show a resolving hematoma in the peritoneal cavity. Laboratory studies show:
Hemoglobin 9.7 g/dL
Hematocrit 30%
Leukocyte count 7,000/mm3
Platelet count 135,000/mm3
Serum
Total bilirubin 3.9 mg/dL
Indirect bilirubin 3.7 mg/dL
Direct bilirubin 0.2 mg/dL
Aspartate aminotransferase (AST) 60 U/L
Alanine aminotransferase (ALT) 92 U/L
Which of the following is the most likely cause of this patient's jaundice?""
A. Biliary obstruction
B. Hepatocellular injury
C. Increased formation of bilirubin
D. Intrahepatic cholestasis
E. Impaired conjugation of bilirubin
F. Decreased hepatic uptake of unconjugated bilirubin
""","মোটর যানবাহন সংঘর্ষের ১০ দিন পর, একটি ২৮ বছর বয়সী পুরুষ জন্ডিসযুক্ত ত্বক বিকাশ করে। প্রাথমিকভাবে তার আঘাতের জন্য উপস্থাপনের সময়, রোগীকে জরুরি ল্যাপারোটমি করা হয়েছিল, যেখানে পেটের ধাক্কা দ্বারা প্লীহায় উল্লেখযোগ্য অভ্যন্তরীণ রক্তপাত প্রকাশিত হয়। তার মোট ৭ ইউনিট প্যাকড লাল রক্তকণিকা দ্রুত ট্রান্সফিউশন প্রয়োজন হয়েছিল। তিনি প্রক্রিয়া থেকে ভালভাবে সুস্থ হয়ে উঠেছেন আজ সকালে পর্যন্ত, যখন তিনি জন্ডিসযুক্ত ত্বক এবং স্ক্লেরা বিকাশ করা শুরু করেন। তার চুলকানি নেই। এর আগে তার কোনো শল্যচিকিৎসা হয়নি এবং তিনি অন্য কোনো ওষুধ গ্রহণ করেন না। তিনি এক নারী সঙ্গীর সঙ্গে যৌন সক্রিয়। দুর্ঘটনার আগে, তিনি প্রতিদিন ৪টি বিয়ার পান করতেন। তার গুরুত্বপূর্ণ চিহ্নগুলি স্বাভাবিক সীমার মধ্যে রয়েছে। বেদনা কারণে পেটের পরীক্ষা সীমিত। কোনো স্পর্শযোগ্য পেটের গাঁঠ নেই। মিডলাইন শল্যচিকিৎসা দাগ রয়েছে যার কোনো লালভাব, পিউরুলেন্স বা ড্রেনেজ নেই। তার মুখের উপরের বাম পাশে নিরাময়শীল ঘষা এবং সামনের পেটের উপর রক্তবর্ণ দাগ রয়েছে। CT স্ক্যান পারিটোনিয়াল গহ্বরে সমাধান হচ্ছিল এমন হেমাটোমা দেখায়। ল্যাবরেটরি গবেষণায় দেখা যায়:
হিমোগ্লোবিন ৯.৭ গ্রাম/ডেসিলিটার
হেমাটোক্রিট ৩০%
সাদা রক্ত কণিকা সংখ্যা ৭,০০০/ঘন মিলিমিটার
প্লেটলেট গণনা ১৩৫,০০০/ঘন মিলিমিটার
সিরাম
মোট বিলিরুবিন ৩.৯ মিলিগ্রাম/ডেসিলিটার
অপ্রত্যক্ষ বিলিরুবিন ৩.৭ মিলিগ্রাম/ডেসিলিটার
প্রত্যক্ষ বিলিরুবিন ০.২ মিলিগ্রাম/ডেসিলিটার
অ্যাসপার্টেট অ্যামিনোট্রান্সফারেজ (এএসটি) ৬০ ইউনিট/লিটার
অ্যালানাইন অ্যামিনোট্রান্সফারেজ (এএলটি) ৯২ ইউনিট/লিটার
নিম্নের মধ্যে কোনটি এই রোগীর জন্ডিসের সবচেয়ে সম্ভবত কারণ?
A. পিত্তনালীর বাধা
B. যকৃত কোষীয় আঘাত
C. বিলিরুবিনের উৎপাদন বৃদ্ধি
D. অন্তঃযকৃতি কোলেস্টেসিস
E. বিলিরুবিনের সংযোজন ব্যাহত
F. অসংযুক্ত বিলিরুবিনের যকৃতে শোষণ হ্রাস",,,,,
R0188,"A 36-year-old woman comes to the physician because of an 8-month history of occasional tremor. The tremor is accompanied by sudden restlessness and nausea, which disrupts her daily work as a professional violinist. The symptoms worsen shortly before upcoming concerts but also appear when she goes for a walk in the city. She is concerned that she might have a neurological illness and have to give up her career. The patient experiences difficulty falling asleep because she cannot stop worrying that a burglar might break into her house. Her appetite is good. She drinks one glass of wine before performances """"to calm her nerves"""" and otherwise drinks 2-3 glasses of wine per week. The patient takes daily multivitamins as prescribed. She appears nervous. Her temperature is 36.8°C (98.2°F), pulse is 92/min, and blood pressure is 135/80 mm Hg. Mental status examination shows a full range of affect. On examination, a fine tremor on both hands is noted. She exhibits muscle tension. The remainder of the neurological exam shows no abnormalities. Which of the following is the most likely explanation for this patient's symptoms?""
A. Generalized anxiety disorder
B. Specific phobia
C. Essential tremor
D. Adjustment disorder
E. Panic disorder
F. Social anxiety disorder
G. Atypical depressive disorder","৩৬ বছর বয়সী এক নারী রোগী ৮ মাসের মাঝেমধ্যে কম্পনের ইতিহাস নিয়ে চিকিৎসকের কাছে আসেন। এই কম্পনের সঙ্গে হঠাৎ অস্থিরতা এবং বমি বমি ভাব থাকে, যা তার পেশাদার বায়োলিনবাদক হিসেবে দৈনন্দিন কাজকে ব্যাহত করে। উপসর্গগুলো শীঘ্রই আসন্ন কনসার্টের আগে বাড়ে, তবে শহরে হাঁটতে গিয়েও দেখা যায়। তিনি উদ্বিগ্ন যে তিনি কোনো স্নায়বিক রোগে আক্রান্ত হতে পারেন এবং তার ক্যারিয়ার ত্যাগ করতে হবে। রোগী ঘুমাতে অসুবিধা অনুভব করেন, কারণ তিনি থামাতে পারেন না যে একটি চোর তার বাড়িতে প্রবেশ করতে পারে এই বিষয়ে চিন্তা করা থেকে। তার ক্ষুধা ভাল আছে। তিনি পারফরম্যান্সের আগে এক গ্লাস ওয়াইন পান করেন “তার স্নায়ু শান্ত করতে” এবং অন্যথায় সপ্তাহে ২-৩ গ্লাস ওয়াইন পান করেন। রোগী নির্ধারিত অনুযায়ী দৈনিক মাল্টিভিটামিন নেন। তিনি নার্ভাস দেখাচ্ছেন। তার তাপমাত্রা ৩৬.৮ ডিগ্রি সেলসিয়াস (৯৮.২ ডিগ্রি ফারেনহাইট), পাল্স ৯২ প্রতি মিনিট, এবং রক্তচাপ ১৩৫/৮০ মিমি পারদ। মানসিক অবস্থা পরীক্ষায় পূর্ণ পরিসরের আবেগ দেখা যায়। পরীক্ষায় উভয় হাতে সূক্ষ্ম কম্পন লক্ষ্য করা যায়। তিনি পেশীর টান প্রদর্শন করেন। স্নায়বিক পরীক্ষার বাকি অংশে কোনো অস্বাভাবিকতা দেখা যায় না। নিম্নলিখিতগুলির মধ্যে কোনটি এই রোগীর উপসর্গের সবচেয়ে সম্ভাব্য ব্যাখ্যা?
A. সার্বিক উদ্বেগজনিত ব্যাধি
B. নির্দিষ্ট ভয়
C. আবশ্যিক কম্পন
D. সমন্বয় ব্যাধি
E. প্যানিক ব্যাধি
F. সামাজিক উদ্বেগজনিত ব্যাধি
G. অস্বাভাবিক বিষণ্নতা ব্যাধি",,,,,
R0189,"A 62-year-old man comes to the physician because of worsening involuntary movements of both arms for the past 7 months. He reports that certain daily activities have become more difficult to perform. His father had a similar condition that was treated with medications. The patient appears anxious. Vital signs are within normal limits. Examination shows a low-amplitude tremor bilaterally when the arms are outstretched that worsens when reaching out to grab a pen. Muscle strength and tone is normal bilaterally. Deep tendon reflexes are 2+ bilaterally. On mental status examination, his mood is good. His speech is normal in rate and rhythm. Which of the following is the most appropriate next step in management?
A. Deep brain stimulation
B. Thalamotomy
C. Levodopa and carbidopa therapy
D. Clonazepam therapy
E. Penicillamine therapy
F. Propranolol therapy","একজন ৬২ বছর বয়সী পুরুষ রোগীর কাছে আসেন কারণ গত ৭ মাস ধরে উভয় বাহুর অনৈচ্ছিক নড়াচড়া বাড়ছে। তিনি জানান যে কিছু দৈনন্দিন কাজ সম্পাদন করা আরও কঠিন হয়ে গেছে। তার পিতা একই রকম অবস্থায় ছিলেন যেটি ওষুধের মাধ্যমে চিকিৎসা করা হয়েছিল। রোগী উদ্বিগ্ন দেখাচ্ছেন। জীবনচিহ্নগুলো স্বাভাবিক সীমার মধ্যে রয়েছে। পরীক্ষায় দেখা যায় যে যখন বাহুগুলি প্রসারিত থাকে তখন উভয় পাশে কম তীব্রতার কাঁপুনি রয়েছে যা কলম ধরতে হাত বাড়ালে বেড়ে যায়। পেশীর শক্তি ও টোন উভয় পাশে স্বাভাবিক। গভীর টেন্ডন রিফ্লেক্স উভয় পাশে ২+। মানসিক অবস্থা পরীক্ষায় তার মেজাজ ভাল। তার কথা বলার গতি ও ছন্দ স্বাভাবিক। নিম্নলিখিতগুলির মধ্যে কোনটি ব্যবস্থাপনার সর্বোত্তম পরবর্তী ধাপ হবে?
A. ডিপ ব্রেন স্টিমুলেশন
B. থ্যালামোটমি
C. লেভোডোপা এবং কার্বিডোপা থেরাপি
D. ক্লোনাজেপাম থেরাপি
E. পেনিসিল্যামিন থেরাপি
F. প্রোপ্রানোলল থেরাপি",,,,,
R0190,"A 24-year-old woman, gravida 2, para 1, at 10 weeks' gestation comes to the emergency department for vaginal bleeding, cramping lower abdominal pain, and dizziness. She also has had fevers, chills, and foul-smelling vaginal discharge for the past 2 days. She is sexually active with one male partner, and they use condoms inconsistently. Pregnancy and delivery of her first child were uncomplicated. She appears acutely ill. Her temperature is 38.9°C (102°F), pulse is 120/min, respirations are 22/min, and blood pressure is 88/50 mm Hg. Abdominal examination shows moderate tenderness to palpation over the lower quadrants. Pelvic examination shows a tender cervix that is dilated with clots and a solid bloody mass within the cervical canal. Her serum β-human chorionic gonadotropin concentration is 15,000 mIU/mL. Pelvic ultrasound shows an intrauterine gestational sac with absent fetal heart tones. Which of the following is the most appropriate next step in management?
A. Intravenous clindamycin and gentamicin followed by oral misoprostol
B. Oral clindamycin followed by outpatient follow-up in 2 weeks
C. Intravenous clindamycin and gentamicin followed by suction and curettage
D. Intravenous clindamycin and gentamycin followed by close observation
E. Oral clindamycin followed by suction curettage","২৪ বছর বয়সী এক নারী, গর্ভধারণে গ্যাভিডা ২, প্যারা ১, ১০ সপ্তাহের গর্ভাবস্থায় জরুরি বিভাগে যোনি রক্তপাত, নীচের উদরের ক্র্যাম্পিং ব্যথা এবং মাথা ঘোরা নিয়ে আসেন। তিনি অতিরিক্ত দুই দিন ধরে জ্বর, কাঁপুনি এবং দুর্গন্ধযুক্ত যোনি নিঃসরণও পেয়েছেন। তিনি এক পুরুষ সঙ্গীর সঙ্গে যৌন সক্রিয় এবং তারা কন্ডোম অনিয়মিতভাবে ব্যবহার করেন। প্রথম সন্তানের গর্ভধারণ ও প্রসব কোনো জটিলতা ছাড়াই হয়েছে। তিনি তীব্র অসুস্থ দেখাচ্ছেন। তার শারীরিক তাপমাত্রা ৩৮.৯ ডিগ্রি সেলসিয়াস (১০২ ডিগ্রি ফারেনহাইট), পাল্স ১২০/min, শ্বাসের গতি ২২/min, এবং রক্তচাপ ৮৮/৫০ মিমি পারদ। উদরের পরীক্ষা দেখায় নিম্ন কোয়াড্রান্টে মাঝারি স্পর্শনীয় সংবেদনশীলতা। পেলভিক পরীক্ষায় একটি সংবেদনশীল সার্ভিক্স দেখা যায় যা রক্তের জমাট দিয়ে প্রসারিত এবং সার্ভিক্যাল নালিতে একটি কঠিন রক্তাক্ত ভর রয়েছে। সিরাম বিটা-মানব করিয়নিক গোনাডোট্রোপিন ঘনত্ব ১৫,০০০ আইইউ/মিলিলিটার। পেলভিক আল্ট্রাসাউন্ডে একটি গর্ভাশয়ের ভিতরে গেস্টেশন স্যাক দেখা যায় যার ভ্রূণের হৃদস্পন্দন অনুপস্থিত। নিম্নলিখিতগুলির মধ্যে কোনটি ব্যবস্থাপনার সর্বোত্তম পরবর্তী ধাপ হবে?
A. শিরাপথে ক্লিন্ডামাইসিন এবং জেন্টামাইসিন তারপর মৌখিক মিসোপ্রস্টল
B. মৌখিক ক্লিন্ডামাইসিন তারপর ২ সপ্তাহে বহির্বিভাগীয় অনুসরণ
C. শিরাপথে ক্লিন্ডামাইসিন এবং জেন্টামাইসিন তারপর সাকশন এবং কিউরেটেজ
D. শিরাপথে ক্লিন্ডামাইসিন এবং জেন্টামাইসিন তারপর ঘনিষ্ঠ পর্যবেক্ষণ
E. মৌখিক ক্লিন্ডামাইসিন তারপর সাকশন এবং কিউরেটেজ",,,,,
R0191,"A 16-year-old boy comes to the physician for the evaluation of fatigue over the past month. He reports that his energy levels are low and that he spends most of his time in his room. He also states that he is not in the mood for meeting friends. He used to enjoy playing soccer and going to the shooting range with his father, but recently stopped showing interest in these activities. He has been having difficulties at school due to concentration problems. His appetite is low. He has problems falling asleep. He states that he has thought about ending his life, but he has no specific plan. He lives with his parents, who frequently fight due to financial problems. He does not smoke. He drinks 2-3 cans of beer on the weekends. He does not use illicit drugs. He takes no medications. His vital signs are within normal limits. On mental status examination, he is oriented to person, place, and time. Physical examination shows no abnormalities. In addition to the administration of an appropriate medication, which of the following is the most appropriate next step in management?
A. Recommend family therapy
B. Contact child protective services
C. Recommend alcohol cessation
D. Hospitalization
E. Contact local police
F. Reassure the patient that he will feel better
G. Instruct parents to remove guns from the house","১৬ বছর বয়সী একটি ছেলে গত মাসে ক্লান্তি মূল্যায়নের জন্য ডাক্তারের কাছে আসে। তিনি জানান যে তার শক্তির মাত্রা কম এবং তিনি অধিকাংশ সময় তার ঘরে কাটান। তিনি আরও বলেন যে বন্ধুদের সঙ্গে দেখা করার মনোভাব নেই। তিনি আগে ফুটবল খেলতে ও তাঁর পিতার সাথে শুটিং রেঞ্জে যেতে উপভোগ করতেন, তবে সম্প্রতি এই কার্যকলাপে আগ্রহ হারিয়ে ফেলেছেন। তিনি স্কুলে একাগ্রতার সমস্যার কারণে কঠিন পরিস্থিতির মুখোমুখি হচ্ছেন। তার ক্ষুধা কম। ঘুমাতে সমস্যা হয়। তিনি জানান যে তিনি নিজের জীবন শেষ করার কথা ভেবেছেন, কিন্তু কোনো নির্দিষ্ট পরিকল্পনা নেই। তিনি তাঁর পিতামাতার সঙ্গে থাকেন, যারা আর্থিক সমস্যার কারণে প্রায়ই তর্ক করেন। তিনি ধূমপান করেন না। সপ্তাহান্তে তিনি ২-৩ ক্যান বিয়ার পান করেন। তিনি অবৈধ মাদকের ব্যবহার করেন না। তিনি কোনো ওষুধ গ্রহণ করেন না। তার গুরুত্বপূর্ণ চিহ্নগুলি স্বাভাবিক সীমার মধ্যে রয়েছে। মানসিক অবস্থার পরীক্ষায়, তিনি ব্যক্তি, স্থান এবং সময়ের প্রতি সচেতন। শারীরিক পরীক্ষা কোনও অস্বাভাবিকতা দেখায় না। উপযুক্ত একটি ঔষধ প্রদান করার পাশাপাশি, নিম্নলিখিতগুলির মধ্যে কোনটি ব্যবস্থাপনার সর্বোত্তম পরবর্তী ধাপ?
A. পারিবারিক থেরাপি সুপারিশ করুন
B. শিশু সুরক্ষা পরিষেবার সঙ্গে যোগাযোগ করুন
C. অ্যালকোহল বন্ধ করার পরামর্শ দিন
D. হাসপাতালে ভর্তি করুন
E. স্থানীয় পুলিশের সঙ্গে যোগাযোগ করুন
F. রোগীকে আশ্বস্ত করুন যে তিনি শিগগিরই ভাল বোধ করবেন
G. পিতামাতা কে বাড়ি থেকে বন্দুক সরিয়ে ফেলতে নির্দেশ দিন",,,,,
R0192,"A 68-year-old woman comes to the physician because of a 3-month history of an oozing, red area above the left ankle. She does not recall any trauma to the lower extremity. She has type 2 diabetes mellitus, hypertension, atrial fibrillation, and ulcerative colitis. She had a myocardial infarction 2 years ago and a stroke 7 years ago. She has smoked 2 packs of cigarettes daily for 48 years and drinks 2 alcoholic beverages daily. Current medications include warfarin, metformin, aspirin, atorvastatin, carvedilol, and mesalamine. She is 165 cm (5 ft 4 in) tall and weighs 67 kg (148 lb); BMI is 24.6 kg/m2. Her temperature is 36.7°C (98°F), pulse is 90/min, respirations are 12/min, and blood pressure is 135/90 mm Hg. Examination shows yellow-brown spots and dilated tortuous veins over the lower extremities. The feet and the left calf are edematous. Femoral, popliteal, and pedal pulses are palpable bilaterally. There is a 3-cm (1.2-in) painless, shallow, exudative ulcer surrounded by granulation tissue above the medial left ankle. There is slight drooping of the right side of the face. Which of the following is the most likely cause of this patient's ulcer?
A. Decreased arterial blood flow
B. Peripheral neuropathy
C. Neutrophilic dermatosis
D. Venous insufficiency
E. Chronic pressure
F. Drug-induced microvascular occlusion
G. Vasculitis of small and medium-sized vessels
""","৬৮ বছর বয়সী একজন নারী রোগী ৩ মাসের ইতিহাসে বাম গোড়ালির উপরে লাল, রক্তাক্ত স্থান থেকে তরল বের হওয়ার জন্য ডাক্তারের কাছে আসেন। তিনি নিম্ন অঙ্গের কোনো আঘাত স্মরণ করতে পারেন না। তার টাইপ ২ ডায়াবেটিস মেলিটাস, উচ্চ রক্তচাপ, অ্যাট্রিয়াল ফিব্রিলেশন এবং আলসারজনিত কোলাইটিস রয়েছে। তিনি ২ বছর আগে মায়োকার্ডিয়াল ইনফার্কশন এবং ৭ বছর আগে স্ট্রোকের শিকার হয়েছেন। তিনি ৪৮ বছর ধরে প্রতিদিন ২ প্যাকেট সিগারেট ধূমপান করেন এবং দৈনিক ২টি অ্যালকোহলিক পানীয় গ্রহণ করেন। বর্তমান ওষুধগুলির মধ্যে রয়েছে ওয়ারফারিন, মেটফরমিন, অ্যাসপিরিন, এটরভাস্টাটিন, কার্ভেডিলল এবং মেসালামাইন। তার উচ্চতা ১৬৫ সেন্টিমিটার (৫ ফুট ৪ ইঞ্চি) এবং ওজন ৬৭ কেজি (১৪৮ পাউন্ড); বিএমআই ২৪.৬ কেজি/মি২। শরীরের তাপমাত্রা ৩৬.৭ ডিগ্রি সেলসিয়া (৯৮ ডিগ্রি ফারেনহাইট), নাড়ি ৯০/মিনিট, শ্বাসপ্রশ্বাসের হার ১২/মিনিট এবং রক্তচাপ ১৩৫/৯০ মিমি পারদ। পরীক্ষায় হলুদ-বাদামী দাগ এবং প্রসারিত টরটুইস শিরা নিচের অঙ্গগুলিতে দেখা যায়। পা ও বাম গোডাল ফোলাযুক্ত। ফিমোরাল, পোপলিটিয়াল এবং পেডাল পালস উভয় পাশে স্পর্শযোগ্য। মিডিয়াল বাম গোড়ালি উপরে ৩ সেমি (১.২ ইঞ্চি) ব্যথা-হীন, অগভীর, নিঃসরণযুক্ত আলসার গ্র্যানুলেশন টিস্যু দ্বারা পরিবেষ্টিত। মুখের ডান পার্শ্বে সামান্য ঝোঁক আছে। নিম্নলিখিতগুলির মধ্যে কোনটি এই রোগীর আলসারের সবচেয়ে সম্ভাব্য কারণ?
A. হ্রাসপ্রাপ্ত ধমনী রক্ত প্রবাহ
B. পরিধিবাহী স্নায়ু বিকার
C. নিউট্রোফিলিক ডার্মাটোসিস
D. শিরা অপর্যাপ্ততা
E. দীর্ঘস্থায়ী চাপ
F. ঔষধজনিত মাইক্রোভাসকুলার বাধা
G. ছোট ও মাঝারি আকারের রক্তনালীর ভাস্কুলাইটিস",,,,,
R0194,"A 30-year-old woman, gravida 3, para 1, at 25 weeks' gestation comes to the physician because of mild itching of the vulva and anal region for 2 weeks. She has a history of 2 episodes of vulvovaginal candidiasis last year that both subsided following 1 week of treatment with butoconazole. Vital signs are within normal limits. Pelvic examination shows a uterus consistent in size with a 25-week gestation. There are no signs of vulvar or perianal erythema, edema, or fissures. Microscopy of an adhesive tape that was applied to the perianal region shows multiple ova. Which of the following is the most appropriate next step in management?
A. Praziquantel
B. Ivermectin
C. Albendazole
D. Pyrantel pamoate
E. Supportive therapy","৩০ বছর বয়সী নারী, গ্র্যাভিডা ৩, প্যারা ১, ২৫ সপ্তাহের গর্ভধারণে ২ সপ্তাহ ধরে ভালভা ও গুদের অঞ্চলে হালকা চুলকানি নিয়ে ডাক্তারের কাছে আসেন। গত বছরে তিনি ভ্যাল্ভো-যোনি ক্যান্ডিডিয়াসিসের ২টি এপিসোডের ইতিহাস রয়েছে, যা দুটোই বুটোকোনাজল দিয়ে ১ সপ্তাহের চিকিৎসার পর সেরে গিয়েছিল। জীবনচিহ্ন স্বাভাবিক সীমার মধ্যে রয়েছে। পেলভিক পরীক্ষা দেখায় গর্ভাশয়টি ২৫ সপ্তাহের গর্ভধারণের সঙ্গে সামঞ্জস্যপূর্ণ আকারের। ভালভা বা পারিয়ানাল লালচে ভাব, ফোলাভাব অথবা ফাটলের কোনো চিহ্ন নেই। পারিয়ানাল অঞ্চলে প্রয়োগ করা একটি আঠালো টেপের মাইক্রোস্কোপি দেখায় একাধিক ডিম্বাণু। নিচের কোনটি ব্যবস্থাপনার সর্বোত্তম পরবর্তী পদক্ষেপ হবে?
A. প্রাজিক্যান্টেল
B. আইভারমেকটিন
C. আলবেনডাজল
D. পাইরান্টেল প্যামোয়েট
E. সহায়ক থেরাপি",,,,,
R0195,"Laboratory studies, including serum vitamin B12 (cyanocobalamin), thyroxine (T4), and thyroid-stimulating hormone concentrations, are within normal limits. A lumbar puncture is performed. Cerebrospinal fluid (CSF) analysis is most likely to show which of the following?
A. Antiganglioside GM1 antibodies
B. Increased α-synuclein protein concentration
C. Increased 14-3-3 protein concentration
D. Oligoclonal bands
E. Anti-glutamic acid decarboxylase antibodies
F. Decreased β-amyloid protein concentration","ল্যাবরেটরি গবেষণা, যার মধ্যে সেরাম ভিটামিন বি১২ (সায়ানোকোবালামিন), থাইরক্সিন (টি৪), এবং থাইরয়েড-স্টিমুলেটিং হরমোনের সংকেন্দ্রণ অন্তর্ভুক্ত, স্বাভাবিক সীমার মধ্যে রয়েছে। একটি লাম্বার পাঙ্কচার করা হয়। সেরিব্রোস্পাইনাল ফ্লুইড (সিএসএফ) বিশ্লেষণ সবচেয়ে সম্ভাব্যভাবে নিম্নলিখিত কোনটি দেখাবে?
A. অ্যান্টিগ্যাংলিওসাইড জি এম ১ অ্যান্টিবডি
B. বর্ধিত আলফা-সিনিউক্লেইন প্রোটিনের সংকেন্দ্রণ
C. বর্ধিত ১৪-৩-৩ প্রোটিনের সংকেন্দ্রণ
D. অলিগোক্লোনাল ব্যান্ড
E. অ্যান্টি-গ্লুটামিক অ্যাসিড ডিকার্বক্সিলেজ অ্যান্টিবডি
F. হ্রাসপ্রাপ্ত বেটা-আমাইলয়েড প্রোটিনের সংকেন্দ্রণ",,,,,
R0197,"A 42-year-old woman is brought to the physician by her husband because she cries frequently and refuses to get out of bed. Over the past 3 weeks, she has been feeling sad and tired most of the time. She has difficulty staying asleep at night and often wakes up early in the morning. After losing her job as a waitress 1 month ago, she has been feeling guilty for not contributing to the household income anymore. She would like to find a new position but is unable to decide “what to do with her life”. She was diagnosed with anorexia nervosa at age 18 and has gone to psychotherapy several times since then. Her weight had been stable for the past 5 years; however, within the past 3 weeks, she has had a 2.8-kg (6.2-lb) weight loss. She would like to regain some weight. She is 160 cm (5 ft 3 in) tall and currently weighs 47 kg (104 lb); BMI is 18.4 kg/m2. Her temperature is 36.3°C (97.3°F), pulse is 58/min, and blood pressure is 110/60 mm Hg. Physical examination shows no abnormalities. Mental status examination shows a depressed mood and flat affect. There is no evidence of suicidal ideation. Which of the following drugs is most likely to address both this patient's mood disorder and her desire to gain weight?
A. Bupropion
B. Lithium
C. Fluoxetine
D. Mirtazapine
E. Venlafaxine
F. Olanzapine
G. Topiramate
H. Phenelzine
""","একজন ৪২ বছর বয়সী নারীকে তার স্বামী ডাক্তারের কাছে নিয়ে এসেছে কারণ তিনি প্রায়ই কাঁদেন এবং বিছানা থেকে ওঠতে অস্বীকার করেন। গত ৩ সপ্তাহে, তিনি বেশিরভাগ সময় দুঃখিত ও ক্লান্ত বোধ করছেন। রাতে ঘুমিয়ে থাকতে তাকে কঠিন হয় এবং প্রায়ই সকালে তাড়াতাড়ি জেগে ওঠেন। ১ মাস আগে ওয়েট্রেস হিসেবে তার কাজ হারানোর পর থেকে, তিনি আর গৃহস্থালীর আয়ে অবদান রাখতে না পারার জন্য দোষবোধ করছেন। তিনি নতুন কোনো পদ খুঁজতে চান কিন্তু “তার জীবন দিয়ে কী করা উচিত” তা সিদ্ধান্ত নিতে অক্ষম। ১৮ বছর বয়সে তাকে অ্যানোরেক্সিয়া নার্ভোসা নির্ণয় করা হয়েছিল এবং তখন থেকে তিনি বেশ কয়েকবার সাইকোথেরাপিতে গেছেন। গত ৫ বছর তার ওজন স্থিতিশীল ছিল; তবে গত ৩ সপ্তাহের মধ্যে তিনি ২.৮ কেজি (৬.২ পাউন্ড) ওজন কমিয়েছেন। তিনি কিছু ওজন পুনরুদ্ধার করতে চান। তিনি ১৬০ সেমি (৫ ফুট ৩ ইঞ্চি) লম্বা এবং বর্তমানে ৪৭ কেজি (১০৪ পাউন্ড) ওজনের; বিএমআই ১৮.৪ কেজি/মি২। তার তাপমাত্রা ৩৬.৩ ডিগ্রি সেলসিয়া (৯৭.৩ ডিগ্রি ফারেনহাইট), পাল্স প্রতি মিনিটে ৫৮, এবং রক্তচাপ ১১০/৬০ মিমি পারদ। শারীরিক পরীক্ষায় কোনো অস্বাভাবিকতা দেখা যায়নি। মানসিক অবস্থা পরীক্ষা একটি দুঃখিত মেজাজ এবং সমতল আবেগ প্রকাশ করে। আত্মহত্যার চিন্তার কোনো প্রমাণ নেই। নিম্নের কোন ওষুধটি সম্ভবত এই রোগীর মেজাজজনিত ব্যাধি এবং তার ওজন বাড়ানোর ইচ্ছা উভয়ই সমাধান করবে?
A. বুপ্রোপিয়ন
B. লিথিয়াম
C. ফ্লুওসেটিন
D. মির্টাজাপিন
E. ভেনলাফ্যাক্সিন
F. ওলানজাপিন
G. টোপিরামেট
H. ফেনেলজাইন",,,,,
